id,Material Type,Process Type,call_number,Library Name,Location Name,mms_id,title,ISBN,ISSN,Author,Publisher,Publication Place,Publication Date,Subjects,651$$0,651$$1,Num of Loans Including Pre-Migration (In House),Description,Internal Note 1,Internal Note 2,Internal Note 3,date_acquired,Item Modification Date,predicted_category,confidence,prob_Ancient Western Asia,prob_Central Asia & Siberia,"prob_China, South Asia, & East Asia",prob_Cross-Cultural Studies & Other,prob_Egypt & North Africa,prob_European and Classical Antiquity,prob_The Caucasus & The Western Steppe
31154068975380,Book,,PA3315 .T3 1902,NYU Inst Study Ancient World,Large Collection,990015184760107876,The Tebtunis papyri /,,,"Grenfell, Bernard P. 1869-1926, editor. (Bernard Pyne),",H Frowde Oxford University Press,"London, New York, :",1902-1976.,"Tebtunis (Extinct city); Manuscripts, Greek (Papyri); Egypt--Tebtunis (Extinct city); Manuscripts, Greek (Papyri)--Egypt--Tebtunis (Extinct city); Tebtunis (Extinct city)--Antiquities; Tebtynis/Theodosioupolis?.; Tebtynis/Theodosioupolis?; Tebtynis (Ville ancienne)",https://pleiades.stoa.org/places/737072; https://pleiades.stoa.org/places/737072;,,0,v.2,,,,2024-06-06,2024-06-06,Egypt & North Africa,0.9547714894624676,0.0,0.014918304522851056,0.0,0.0,0.9547714894624676,0.03031020601468151,0.0
31154068975398,Book,,Z7052 .S44 1967,NYU Inst Study Ancient World,Small Collection,990024311610107876,Geschichte des arabischen Schrifttums /,9004020071; 9789004020078; 9004043764; 9789004043763; 9004031316; 9789004031319; 9004020098; 9789004020092; 9004041532; 9789004041530; 9004058788; 9789004058781; 9004061592; 9789004061590; 9004068678; 9789004068674; 9004072616; 9789004072619; 382980055X; ,,"Sezgin, Fuat.",Institut für Geschichte der Arabisch-Islamischen Wissenschaften an der Johann Wolfgang Goethe-Universität; E J Brill,Leiden :,1967-2015.,"Arabic literature--Bio-bibliography.; Manuscripts, Arabic--Catalogs.; Civilization, Arab--Manuscripts--Catalogs.; Civilization, Arab--Sources--Bibliography.; Islamic Empire--History--Sources--Bibliography.; Islamic Empire--History--Manuscripts--Catalogs.; Literature--history; Medicine, Arabic--history; Bibliography; Arabic literature; Civilization, Arab--Manuscripts; Civilization, Arab--Sources; History--Sources; Manuscripts; Manuscripts, Arabic; Islamic Empire; bibliographies.; Bibliographies; Bio-bibliography; Catalogs; History; Literatuur.; Arabic literature--History and criticism.; Arabic literature--Bibliography.; Littérature arabe--biobibliographie.; Civilisation arabe--manuscrits--catalogues.; Civilisation arabe--sources--bibliographie.; Manuscrits arabes--catalogues.; Empire islamique--histoire--sources--bibliographie.; Empire islamique--histoire--manuscrits--catalogues.; Bibliographies.; Abbasid Caliphate.; Umayyad Caliphate.; Littérature arabe--Biobibliographie.; Manuscrits arabes--Catalogues.; Civilisation arabe--Manuscrits--Catalogues.; Civilisation arabe--Sources--Bibliographie.",http://vocab.getty.edu/tgn/6000008; http://vocab.getty.edu/tgn/8711885,,0,Bd.14,,,,2024-06-11,2024-06-11,Ancient Western Asia,0.4926026796430524,0.4926026796430524,0.0,0.030451802014297782,0.02042498915593144,0.029908019835471034,0.4187122776965945,0.007900231654652727
31154068975406,Book,,Z7052 .S44 1967,NYU Inst Study Ancient World,Small Collection,990024311610107876,Geschichte des arabischen Schrifttums /,9004020071; 9789004020078; 9004043764; 9789004043763; 9004031316; 9789004031319; 9004020098; 9789004020092; 9004041532; 9789004041530; 9004058788; 9789004058781; 9004061592; 9789004061590; 9004068678; 9789004068674; 9004072616; 9789004072619; 382980055X; ,,"Sezgin, Fuat.",Institut für Geschichte der Arabisch-Islamischen Wissenschaften an der Johann Wolfgang Goethe-Universität; E J Brill,Leiden :,1967-2015.,"Arabic literature--Bio-bibliography.; Manuscripts, Arabic--Catalogs.; Civilization, Arab--Manuscripts--Catalogs.; Civilization, Arab--Sources--Bibliography.; Islamic Empire--History--Sources--Bibliography.; Islamic Empire--History--Manuscripts--Catalogs.; Literature--history; Medicine, Arabic--history; Bibliography; Arabic literature; Civilization, Arab--Manuscripts; Civilization, Arab--Sources; History--Sources; Manuscripts; Manuscripts, Arabic; Islamic Empire; bibliographies.; Bibliographies; Bio-bibliography; Catalogs; History; Literatuur.; Arabic literature--History and criticism.; Arabic literature--Bibliography.; Littérature arabe--biobibliographie.; Civilisation arabe--manuscrits--catalogues.; Civilisation arabe--sources--bibliographie.; Manuscrits arabes--catalogues.; Empire islamique--histoire--sources--bibliographie.; Empire islamique--histoire--manuscrits--catalogues.; Bibliographies.; Abbasid Caliphate.; Umayyad Caliphate.; Littérature arabe--Biobibliographie.; Manuscrits arabes--Catalogues.; Civilisation arabe--Manuscrits--Catalogues.; Civilisation arabe--Sources--Bibliographie.",http://vocab.getty.edu/tgn/6000008; http://vocab.getty.edu/tgn/8711885,,0,Bd.15,,,,2024-06-11,2024-06-11,Ancient Western Asia,0.4926026796430524,0.4926026796430524,0.0,0.030451802014297782,0.02042498915593144,0.029908019835471034,0.4187122776965945,0.007900231654652727
31154068975414,Book,,Z7052 .S44 1967,NYU Inst Study Ancient World,Small Collection,990024311610107876,Geschichte des arabischen Schrifttums /,9004020071; 9789004020078; 9004043764; 9789004043763; 9004031316; 9789004031319; 9004020098; 9789004020092; 9004041532; 9789004041530; 9004058788; 9789004058781; 9004061592; 9789004061590; 9004068678; 9789004068674; 9004072616; 9789004072619; 382980055X; ,,"Sezgin, Fuat.",Institut für Geschichte der Arabisch-Islamischen Wissenschaften an der Johann Wolfgang Goethe-Universität; E J Brill,Leiden :,1967-2015.,"Arabic literature--Bio-bibliography.; Manuscripts, Arabic--Catalogs.; Civilization, Arab--Manuscripts--Catalogs.; Civilization, Arab--Sources--Bibliography.; Islamic Empire--History--Sources--Bibliography.; Islamic Empire--History--Manuscripts--Catalogs.; Literature--history; Medicine, Arabic--history; Bibliography; Arabic literature; Civilization, Arab--Manuscripts; Civilization, Arab--Sources; History--Sources; Manuscripts; Manuscripts, Arabic; Islamic Empire; bibliographies.; Bibliographies; Bio-bibliography; Catalogs; History; Literatuur.; Arabic literature--History and criticism.; Arabic literature--Bibliography.; Littérature arabe--biobibliographie.; Civilisation arabe--manuscrits--catalogues.; Civilisation arabe--sources--bibliographie.; Manuscrits arabes--catalogues.; Empire islamique--histoire--sources--bibliographie.; Empire islamique--histoire--manuscrits--catalogues.; Bibliographies.; Abbasid Caliphate.; Umayyad Caliphate.; Littérature arabe--Biobibliographie.; Manuscrits arabes--Catalogues.; Civilisation arabe--Manuscrits--Catalogues.; Civilisation arabe--Sources--Bibliographie.",http://vocab.getty.edu/tgn/6000008; http://vocab.getty.edu/tgn/8711885,,0,Bd.16,,,,2024-06-11,2024-06-11,Ancient Western Asia,0.4926026796430524,0.4926026796430524,0.0,0.030451802014297782,0.02042498915593144,0.029908019835471034,0.4187122776965945,0.007900231654652727
31154068975422,Book,,Z7052 .S44 1967,NYU Inst Study Ancient World,Small Collection,990024311610107876,Geschichte des arabischen Schrifttums /,9004020071; 9789004020078; 9004043764; 9789004043763; 9004031316; 9789004031319; 9004020098; 9789004020092; 9004041532; 9789004041530; 9004058788; 9789004058781; 9004061592; 9789004061590; 9004068678; 9789004068674; 9004072616; 9789004072619; 382980055X; ,,"Sezgin, Fuat.",Institut für Geschichte der Arabisch-Islamischen Wissenschaften an der Johann Wolfgang Goethe-Universität; E J Brill,Leiden :,1967-2015.,"Arabic literature--Bio-bibliography.; Manuscripts, Arabic--Catalogs.; Civilization, Arab--Manuscripts--Catalogs.; Civilization, Arab--Sources--Bibliography.; Islamic Empire--History--Sources--Bibliography.; Islamic Empire--History--Manuscripts--Catalogs.; Literature--history; Medicine, Arabic--history; Bibliography; Arabic literature; Civilization, Arab--Manuscripts; Civilization, Arab--Sources; History--Sources; Manuscripts; Manuscripts, Arabic; Islamic Empire; bibliographies.; Bibliographies; Bio-bibliography; Catalogs; History; Literatuur.; Arabic literature--History and criticism.; Arabic literature--Bibliography.; Littérature arabe--biobibliographie.; Civilisation arabe--manuscrits--catalogues.; Civilisation arabe--sources--bibliographie.; Manuscrits arabes--catalogues.; Empire islamique--histoire--sources--bibliographie.; Empire islamique--histoire--manuscrits--catalogues.; Bibliographies.; Abbasid Caliphate.; Umayyad Caliphate.; Littérature arabe--Biobibliographie.; Manuscrits arabes--Catalogues.; Civilisation arabe--Manuscrits--Catalogues.; Civilisation arabe--Sources--Bibliographie.",http://vocab.getty.edu/tgn/6000008; http://vocab.getty.edu/tgn/8711885,,0,Bd.17,,,,2024-06-11,2024-06-11,Ancient Western Asia,0.4926026796430524,0.4926026796430524,0.0,0.030451802014297782,0.02042498915593144,0.029908019835471034,0.4187122776965945,0.007900231654652727
31154068975430,Book,,DS554.98.A5 J45 1991,NYU ISAW Offsite,Offsite Collection,9998667227607876,Angkor and the Khmers : brutality and grace : Cambodia from 9 to 13 century : an unknown civilization introducing itself /,9637592059; 9789637592058,,"Jelen, János.",Gutenberg Pub and Printing; The Authors,Budapest :,1991.,"Angkor Wat (Angkor)--Pictorial works.; Khmer (Southeast Asian people)--Antiquities.; Art, Khmer.; Temples--Cambodia.; Cambodia--Antiquities.; Cambodia--Civilization.; Angkor Wat (Angkor); Antiquities; Art, Khmer; Civilization; Khmer (Southeast Asian people)--Antiquities; Temples; Cambodia; Illustrated works; Beeldende kunsten.; Angkor.; Angkor Wat.; Cambodia.; Angkor Vat (Angkor)--Ouvrages illustrés.; Art khmer.",https://pleiades.stoa.org/places/531398484; https://pleiades.stoa.org/places/835369289; http://vocab.getty.edu/tgn/1000109,https://id.oclc.org/worldcat/entity/E39PBJg4r3TCfqyp68WTMRDH4q;,0,,Bunker,,,2024-06-24,2025-02-11,"China, South Asia, & East Asia",0.850231048917844,0.04723505827321355,0.044749002574623366,0.850231048917844,0.0,0.03900142426228642,0.010762418340732202,0.008021047631300415
31154068975448,Book,,G93 .I74 v.293-294,NYU Inst Study Ancient World,Small Collection,9998670030207876,Litteratur der Türken /,3829812582; 9783829812580; 3829812590; 9783829812597,,"Toderini, Giambattista, 1728-1799, author.",Institute for the History of Arabic-Islamic Science at the Johann Wolfgang Goethe University Frankfurt am Main,Frankfurt :,2008.,Turkey--Early works to 1800.; Turkey; Early works; Asia Minor.; Turkey.; Asie Mineure--Ouvrages avant 1800.,https://pleiades.stoa.org/places/837; https://vocab.getty.edu/tgn/1000144;,https://id.oclc.org/worldcat/entity/E39PBJxmHG9jJjCTM3y4pFRqcP;,0,v.293:2008,,,,2024-06-25,2024-06-25,Ancient Western Asia,0.6283019341747414,0.6283019341747414,0.03786641121142415,0.08812546609204167,0.10386215646562054,0.11116744575830945,0.030676586297862605,0.0
31154068975455,Book,,G93 .I74 v.293-294,NYU Inst Study Ancient World,Small Collection,9998670030207876,Litteratur der Türken /,3829812582; 9783829812580; 3829812590; 9783829812597,,"Toderini, Giambattista, 1728-1799, author.",Institute for the History of Arabic-Islamic Science at the Johann Wolfgang Goethe University Frankfurt am Main,Frankfurt :,2008.,Turkey--Early works to 1800.; Turkey; Early works; Asia Minor.; Turkey.; Asie Mineure--Ouvrages avant 1800.,https://pleiades.stoa.org/places/837; https://vocab.getty.edu/tgn/1000144;,https://id.oclc.org/worldcat/entity/E39PBJxmHG9jJjCTM3y4pFRqcP;,0,v.294:2008,,,,2024-06-25,2024-06-25,Ancient Western Asia,0.6283019341747414,0.6283019341747414,0.03786641121142415,0.08812546609204167,0.10386215646562054,0.11116744575830945,0.030676586297862605,0.0
31154068975463,Book,,G93 .I74 v.295 2008,NYU Inst Study Ancient World,Small Collection,9998670030107876,"The history of the conquest of Egypt, North Africa and Spain, known as Futūḥ Miṣr /",3829812604; 9783829812603,,"Ibn ʻAbd al-Ḥakam, -870 or 871.",Institute for the History of Arabic-Islamic Science at the Johann Wolfgang Goethe University,Frankfurt am Main :,2008.,"Egypt--History--640-1250--Early works to 1800.; Africa, North--History--647-1517--Early works to 1800.; Spain--History--711-1516--Early works to 1800.; North Africa; Egypt; Spain; 640-1517; History; Early works; Ancient Egypt (region); Africa (region); Tarraconensis.; Umayyad Caliphate.; North Africa.; Egypt.; Égypte--Histoire--640-1250--Ouvrages avant 1800.; Afrique du Nord--Histoire--647-1517--Ouvrages avant 1800.",https://pleiades.stoa.org/places/981503; https://pleiades.stoa.org/places/775; https://pleiades.stoa.org/places/981551; http://vocab.getty.edu/tgn/8711885; http://vocab.getty.edu/tgn/7016886; http://vocab.getty.edu/tgn/7016833;,https://id.oclc.org/worldcat/entity/E39QbtfRDwpX7XgppvP7ww3J9c; https://id.oclc.org/worldcat/entity/E39PBJqFTrvj6Mhw6JfTGmqJDq;,0,,,,,2024-06-25,2024-06-25,Egypt & North Africa,0.8020553430620588,0.07240777402643588,0.01810194350660897,0.042128159433562684,0.049651045046698886,0.8020553430620588,0.015655734924634783,0.0
31154068975471,Book,,G93 .I74 v.296 2008,NYU Inst Study Ancient World,Small Collection,9998670029907876,Ibn 'Abdalhakam (d. 257/871) and the Futūḥ Miṣr : texts and studies /,3829812612; 9783829812610,,,Institute for the History of Arabic-Islamic Science at the Johann Wolfgang Goethe University Frankfurt am Main,Frankfurt am Main :,2008.,"Islamic countries--Geography.; Geography; Islamic countries; Ausbreitung; Islam; Ibn-ʻAbd-al-Ḥakam, ʻAbd-ar-Raḥmān Ibn-ʻAbdallāh.; Futūḥ Miṣr wa-'l-Maġrib.; Umayyad Caliphate.; Muslim world.; Ibn ʻAbd al-Ḥakam,--d. 870 or 71.--Futūḥ Miṣr wa-al-Maghrib.; Pays musulmans--Géographie.",http://vocab.getty.edu/tgn/8711885;,https://www.wikidata.org/entity/Q779924;,0,,,,,2024-06-25,2024-06-25,Ancient Western Asia,0.8847409939632436,0.8847409939632436,0.015279244139167859,0.0,0.0419087839245747,0.04485649655535518,0.013214481417658689,0.0
31154068975489,Book,,G93 .I74 v.297 2008,NYU Inst Study Ancient World,Small Collection,9998670029807876,Les atours précieux = Kitāb al-Aʻlāq an-nafīsa /,3829812620; 9783829812627,,"Ibn Rustah, Aḥmad ibn ʻUmar, active 9th century-10th century.",Institute for the History of Arabic-Islamic Science at the Johann Wolfgang Goethe University,Frankfurt am Main :,2008.,"Geography, Arab.; Geography, Medieval.; Geography, Arab; Geography, Medieval; Abbasid Caliphate.; Géographie arabe.; Géographie médiévale.",http://vocab.getty.edu/tgn/6000008,,0,,,,,2024-06-25,2024-06-25,Ancient Western Asia,0.8029542893390361,0.8029542893390361,0.020073857233475902,0.046717340470634826,0.055059722697533904,0.05893242490561733,0.016262365353701996,0.0
31154068975497,Book,,G93 .I74 v.298 2008,NYU Inst Study Ancient World,Small Collection,9998670029607876,"L'Égypte de Murtadi, fils du Gaphiphe /",3829812639; 9783829812634,,"Murtaḍā ibn al-ʻAfīf, 1154 or 1155-1237.",Institute for the History of Arabic-Islamic Science at the Johann Wolfgang Goethe University,Frankfurt am Main :,2008.,Egypt--History--To 1500--Early works to 1800.; Egypt--Antiquities--Early works to 1800.; Pyramids--Early works to 1800.; Egypt--Description and travel--Early works to 1800.; Antiquities; Pyramids; Travel; Egypt; To 1500; Early works; History; Ancient Egypt (region); Egypt.; Égypte--Antiquités--Ouvrages avant 1800.; Pyramides--Ouvrages avant 1800.; Égypte--Descriptions et voyages--Ouvrages avant 1800.; Égypte--Histoire--Jusqu'à 1500--Ouvrages avant 1800.,https://pleiades.stoa.org/places/981503; http://vocab.getty.edu/tgn/7016833;,https://id.oclc.org/worldcat/entity/E39QbtfRDwpX7XgppvP7ww3J9c;,0,,,,,2024-06-25,2024-06-25,Egypt & North Africa,0.8020553430620588,0.07240777402643588,0.01810194350660897,0.042128159433562684,0.049651045046698886,0.8020553430620588,0.015655734924634783,0.0
31154068975505,Book,,G93 .I74 v.299 2008,NYU Inst Study Ancient World,Small Collection,9998670029407876,Sechster Band des Kitâb Bag̊dâd /,3829812647; 9783829812641,,"Ibn Abī Ṭāhir Ṭayfūr, Aḥmad, 819 or 820-893.",Institute for the History of Arabic-Islamic Science at the Johann Wolfgang Goethe University Frankfurt am Main,Frankfurt am Main :,2008.,Baghdad (Iraq)--History--Early works to 1800.; Iraq--Baghdad; Early works; History; Bagdata.,https://pleiades.stoa.org/places/893952,https://id.oclc.org/worldcat/entity/E39PBJd88FjGBr9xYVp9dgHKVC;,0,,,,,2024-06-25,2024-06-25,Ancient Western Asia,0.3708456879529625,0.3708456879529625,0.06373910261691543,0.148338275181185,0.1748272528921109,0.1871239709854398,0.055125710371386326,0.0
31154068975513,Book,,"G93 .I74 v.151, etc.",NYU Inst Study Ancient World,Small Collection,9998670029107876,Texts and studies on the historical geography and topography of Al-Andalus /,9783829811446; 3829811446; 382981268X; 9783829812689; 3829812655; 9783829812658; 3829812663; 9783829812665; 3829812671; 9783829812672,,,Institute for the History of Arabic-Islamic Science at the Johann Wolfgang Goethe University,Frankfurt am Main :,1993-2008.,"Spain--Historical geography.; Spain--Geography.; Spain--Description and travel.; Geography, Arab--Spain.; Names, Geographical--Arabic.; Geography; Geography, Arab; Historical geography; Names, Geographical--Arabic; Travel; Spain; Iberia (modern region/peninsula).; Tarraconensis.; Espagne--Descriptions et voyages.; Géographie arabe--Espagne.",https://pleiades.stoa.org/places/540456066; https://pleiades.stoa.org/places/981551;,https://id.oclc.org/worldcat/entity/E39PBJqFTrvj6Mhw6JfTGmqJDq;,0,v.300 2008 (v.3),,,,2024-06-25,2024-06-25,Ancient Western Asia,0.8550513795813975,0.8550513795813975,0.014766512311849793,0.034365701380304974,0.040502433769645144,0.04335122880543059,0.011962744151371984,0.0
31154068975521,Book,,"G93 .I74 v.151, etc.",NYU Inst Study Ancient World,Small Collection,9998670029107876,Texts and studies on the historical geography and topography of Al-Andalus /,9783829811446; 3829811446; 382981268X; 9783829812689; 3829812655; 9783829812658; 3829812663; 9783829812665; 3829812671; 9783829812672,,,Institute for the History of Arabic-Islamic Science at the Johann Wolfgang Goethe University,Frankfurt am Main :,1993-2008.,"Spain--Historical geography.; Spain--Geography.; Spain--Description and travel.; Geography, Arab--Spain.; Names, Geographical--Arabic.; Geography; Geography, Arab; Historical geography; Names, Geographical--Arabic; Travel; Spain; Iberia (modern region/peninsula).; Tarraconensis.; Espagne--Descriptions et voyages.; Géographie arabe--Espagne.",https://pleiades.stoa.org/places/540456066; https://pleiades.stoa.org/places/981551;,https://id.oclc.org/worldcat/entity/E39PBJqFTrvj6Mhw6JfTGmqJDq;,0,v.301 2008 (v.4),,,,2024-06-25,2024-06-25,Ancient Western Asia,0.8550513795813975,0.8550513795813975,0.014766512311849793,0.034365701380304974,0.040502433769645144,0.04335122880543059,0.011962744151371984,0.0
31154068975539,Book,,"G93 .I74 v.151, etc.",NYU Inst Study Ancient World,Small Collection,9998670029107876,Texts and studies on the historical geography and topography of Al-Andalus /,9783829811446; 3829811446; 382981268X; 9783829812689; 3829812655; 9783829812658; 3829812663; 9783829812665; 3829812671; 9783829812672,,,Institute for the History of Arabic-Islamic Science at the Johann Wolfgang Goethe University,Frankfurt am Main :,1993-2008.,"Spain--Historical geography.; Spain--Geography.; Spain--Description and travel.; Geography, Arab--Spain.; Names, Geographical--Arabic.; Geography; Geography, Arab; Historical geography; Names, Geographical--Arabic; Travel; Spain; Iberia (modern region/peninsula).; Tarraconensis.; Espagne--Descriptions et voyages.; Géographie arabe--Espagne.",https://pleiades.stoa.org/places/540456066; https://pleiades.stoa.org/places/981551;,https://id.oclc.org/worldcat/entity/E39PBJqFTrvj6Mhw6JfTGmqJDq;,0,v.302 2008 (v.5),,,,2024-06-25,2024-06-25,Ancient Western Asia,0.8550513795813975,0.8550513795813975,0.014766512311849793,0.034365701380304974,0.040502433769645144,0.04335122880543059,0.011962744151371984,0.0
31154068975547,Book,,G93 .I74 v.303 2009,NYU Inst Study Ancient World,Small Collection,9998670028607876,Voyages dans le sud de l'Algérie et des états barbaresques de l'ouest et de l'est /,3829812698; 9783829812696,,"ʻAyyāshī, Abū Sālim ʻAbd Allāh ibn Muḥammad, 1628-1679.",Institute for the History of Arabic-Islamic Science at the Johann Wolfgang Goethe University,Frankfurt am Main :,2009.,"Africa, North--Description and travel.; Travelers' writings, Arabic--Africa, North.; Travel; Travelers' writings, Arabic; North Africa; Africa (region); North Africa.; Afrique du Nord--Descriptions et voyages.; Écrits de voyageurs arabes--Afrique du Nord.",https://pleiades.stoa.org/places/775; http://vocab.getty.edu/tgn/7016886;,,0,,,,,2024-06-25,2024-06-25,Ancient Western Asia,0.7922722091808628,0.7922722091808628,0.02104473055636667,0.04897682747663515,0.057722689526034286,0.061782695211351685,0.01820084804874955,0.0
31154068975554,Book,,"G93 .I74 vol.145, etc.",NYU Inst Study Ancient World,Small Collection,990030890250107876,Texts and studies on the historical geography and topography of Africa /,3829812736; 9783829812733; 3829812701; 9783829812702; 382981271X; 9783829812719; 3829812728; 9783829812726,,,Institute for the History of Arabic-Islamic Science at the Johann Wolfgang Goethe University,Frankfurt am Main :,1993-,"Geography, Arab.; Africa--Historical geography.; Geography, Arab; Historical geography; Africa; Africa.; Géographie arabe.; Afrique--Géographie historique.",http://vocab.getty.edu/tgn/7001242;,https://id.oclc.org/worldcat/entity/E39PBJkHrMyfHC67yqRTycbrv3;,0,v.304:2009,,,,2024-06-26,2024-06-26,Ancient Western Asia,0.8326894747603938,0.8326894747603938,0.01704461155765254,0.03966745962508227,0.04675093455813268,0.05003922659127351,0.013808292907465347,0.0
31154068975562,Book,,"G93 .I74 vol.145, etc.",NYU Inst Study Ancient World,Small Collection,990030890250107876,Texts and studies on the historical geography and topography of Africa /,3829812736; 9783829812733; 3829812701; 9783829812702; 382981271X; 9783829812719; 3829812728; 9783829812726,,,Institute for the History of Arabic-Islamic Science at the Johann Wolfgang Goethe University,Frankfurt am Main :,1993-,"Geography, Arab.; Africa--Historical geography.; Geography, Arab; Historical geography; Africa; Africa.; Géographie arabe.; Afrique--Géographie historique.",http://vocab.getty.edu/tgn/7001242;,https://id.oclc.org/worldcat/entity/E39PBJkHrMyfHC67yqRTycbrv3;,0,v.305:2009,,,,2024-06-26,2024-06-26,Ancient Western Asia,0.8326894747603938,0.8326894747603938,0.01704461155765254,0.03966745962508227,0.04675093455813268,0.05003922659127351,0.013808292907465347,0.0
31154068975570,Book,,"G93 .I74 vol.145, etc.",NYU Inst Study Ancient World,Small Collection,990030890250107876,Texts and studies on the historical geography and topography of Africa /,3829812736; 9783829812733; 3829812701; 9783829812702; 382981271X; 9783829812719; 3829812728; 9783829812726,,,Institute for the History of Arabic-Islamic Science at the Johann Wolfgang Goethe University,Frankfurt am Main :,1993-,"Geography, Arab.; Africa--Historical geography.; Geography, Arab; Historical geography; Africa; Africa.; Géographie arabe.; Afrique--Géographie historique.",http://vocab.getty.edu/tgn/7001242;,https://id.oclc.org/worldcat/entity/E39PBJkHrMyfHC67yqRTycbrv3;,0,v.306:2009,,,,2024-06-26,2024-06-26,Ancient Western Asia,0.8326894747603938,0.8326894747603938,0.01704461155765254,0.03966745962508227,0.04675093455813268,0.05003922659127351,0.013808292907465347,0.0
31154068975588,Book,,"G93 .I74 v.158, etc.",NYU Inst Study Ancient World,Small Collection,990030887210107876,Texts and studies on the historical geography and topography of Southern and Western Europe /,3829812744; 9783829812740,,,Institute for the History of Arabic-Islamic Science at the Johann Wolfgang Goethe University,Frankfurt am Main :,1994-,"Europe, Southern--Historical geography.; Europe, Western--Historical geography.; Europe--Historical geography.; Geography, Arab.; Travelers' writings, Arabic--Europe--History and criticism.; Geography--Islamic Empire--History.; Travelers' writings, Arabic; Geography; Geography, Arab; Historical geography; Islamic Empire; Western Europe; Europe; Southern Europe; History; Criticism, interpretation, etc.; Southern Europe.; Western Europe.; Europe.; Europe méridionale--Géographie historique.; Europe--Géographie historique.; Géographie arabe.; Écrits de voyageurs arabes--Europe--Histoire et critique.; Géographie--Empire islamique--Histoire.; Europe de l'Ouest--Géographie historique.",http://vocab.getty.edu/tgn/4003760; http://vocab.getty.edu/tgn/4003761; http://vocab.getty.edu/tgn/1000003;,https://id.oclc.org/worldcat/entity/E39PBJxCxPbbk4CPJDQJb4r6rq;,0,v.307:2009,,,,2024-06-26,2024-06-26,European and Classical Antiquity,0.5768730351012215,0.1660695101048971,0.028543197049279188,0.06642780404195883,0.07828991190659434,0.08379654179604899,0.5768730351012215,0.0
31154068975596,Book,,"G93 .I74 v.160, etc.",NYU Inst Study Ancient World,Small Collection,9998670430107876,Texts and studies on the historical geography and topography of Northern and Eastern Europe /,3829812779; 9783829812771; 3829812752; 9783829812757; 3829812760; 9783829812764,,,Institute for the History of Arabic-Islamic Science at the Johann Wolfgang Goethe University,Frankfurt am Main :,1994-,"Geography, Arab.; Europe, Northern--Historical geography.; Europe, Eastern--Historical geography.; Travelers' writings, Arabic--Europe--History and criticism.; Geography--Islamic Empire--History.; Travelers' writings, Arabic; Geography; Geography, Arab; Historical geography; Islamic Empire; Europe; Eastern Europe; Northern Europe; History; Criticism, interpretation, etc.; Northern Europe.; Eastern Europe.; Géographie arabe.; Europe de l'Est--Géographie historique.; Écrits de voyageurs arabes--Europe--Histoire et critique.; Géographie--Empire islamique--Histoire.; Europe septentrionale--Géographie historique.",http://vocab.getty.edu/tgn/4003757; http://vocab.getty.edu/tgn/4003756;,https://id.oclc.org/worldcat/entity/E39PBJxCxPbbk4CPJDQJb4r6rq;,0,v.308:2009:(vol.4),,,,2024-06-26,2024-06-26,Ancient Western Asia,0.6005227461527191,0.6005227461527191,0.03619221907616834,0.08422916439544631,0.09927008660891887,0.10625238627865935,0.07353339748808804,0.0
31154068975604,Book,,"G93 .I74 v.160, etc.",NYU Inst Study Ancient World,Small Collection,9998670430107876,Texts and studies on the historical geography and topography of Northern and Eastern Europe /,3829812779; 9783829812771; 3829812752; 9783829812757; 3829812760; 9783829812764,,,Institute for the History of Arabic-Islamic Science at the Johann Wolfgang Goethe University,Frankfurt am Main :,1994-,"Geography, Arab.; Europe, Northern--Historical geography.; Europe, Eastern--Historical geography.; Travelers' writings, Arabic--Europe--History and criticism.; Geography--Islamic Empire--History.; Travelers' writings, Arabic; Geography; Geography, Arab; Historical geography; Islamic Empire; Europe; Eastern Europe; Northern Europe; History; Criticism, interpretation, etc.; Northern Europe.; Eastern Europe.; Géographie arabe.; Europe de l'Est--Géographie historique.; Écrits de voyageurs arabes--Europe--Histoire et critique.; Géographie--Empire islamique--Histoire.; Europe septentrionale--Géographie historique.",http://vocab.getty.edu/tgn/4003757; http://vocab.getty.edu/tgn/4003756;,https://id.oclc.org/worldcat/entity/E39PBJxCxPbbk4CPJDQJb4r6rq;,0,v.309:2009:(vol.5),,,,2024-06-26,2024-06-26,Ancient Western Asia,0.6005227461527191,0.6005227461527191,0.03619221907616834,0.08422916439544631,0.09927008660891887,0.10625238627865935,0.07353339748808804,0.0
31154068975612,Book,,G93 .I74 v.310-311,NYU Inst Study Ancient World,Small Collection,9998670430007876,Aš-Šarīf al-Idrīsī (d. c. 560/1165) : texts and studies /,3829812809; 9783829812801; 3829812787; 9783829812788; 3829812795; 9783829812795,,,Institute for the History of Arabic-Islamic Science at the Johann Wolfgang Goethe University,Frankfurt am Main :,2009-,"Idrīsī,--approximately 1100-1166.; Geography, Arab.; Geography, Medieval.; Idrīsī,--approximately 1100-1166; Geography, Arab; Geography, Medieval; Abbasid Caliphate.; Géographie arabe.; Géographie médiévale.",http://vocab.getty.edu/tgn/6000008,,0,v.310:2009:(vol.5),,,,2024-06-26,2024-06-26,Ancient Western Asia,0.8029542893390361,0.8029542893390361,0.020073857233475902,0.046717340470634826,0.055059722697533904,0.05893242490561733,0.016262365353701996,0.0
31154068975620,Book,,G93 .I74 v.310-311,NYU Inst Study Ancient World,Small Collection,9998670430007876,Aš-Šarīf al-Idrīsī (d. c. 560/1165) : texts and studies /,3829812809; 9783829812801; 3829812787; 9783829812788; 3829812795; 9783829812795,,,Institute for the History of Arabic-Islamic Science at the Johann Wolfgang Goethe University,Frankfurt am Main :,2009-,"Idrīsī,--approximately 1100-1166.; Geography, Arab.; Geography, Medieval.; Idrīsī,--approximately 1100-1166; Geography, Arab; Geography, Medieval; Abbasid Caliphate.; Géographie arabe.; Géographie médiévale.",http://vocab.getty.edu/tgn/6000008,,0,v.311:2009:(vol.6),,,,2024-06-26,2024-06-26,Ancient Western Asia,0.8029542893390361,0.8029542893390361,0.020073857233475902,0.046717340470634826,0.055059722697533904,0.05893242490561733,0.016262365353701996,0.0
31154068975638,Book,,G93 .I74 v.312-314,NYU Inst Study Ancient World,Small Collection,9998670429907876,Studies on Islamic history and geography /,3829812841; 9783829812849; 3829812817; 9783829812818; 3829812825; 9783829812825; 3829812833; 9783829812832,,"Minorsky, Vladimir, 1877-1966, author.",Institute for the History of Arabic-Islamic Science at the Johann Wolfgang Goethe University,Frankfurt am Main :,2009.,"Islamic countries--Geography.; Geography, Arab.; Islamic civilization.; Geography; Geography, Arab; Islamic civilization; Islamic countries; Iran.; Muslim world.; Pays musulmans--Géographie.; Géographie arabe.",http://vocab.getty.edu/tgn/7000231;,https://www.wikidata.org/entity/Q779924;,0,v.312:2009:(vol.1),,,,2024-06-26,2024-06-26,Ancient Western Asia,0.8550513795813975,0.8550513795813975,0.014766512311849793,0.034365701380304974,0.040502433769645144,0.04335122880543059,0.011962744151371984,0.0
31154068975646,Book,,G93 .I74 v.312-314,NYU Inst Study Ancient World,Small Collection,9998670429907876,Studies on Islamic history and geography /,3829812841; 9783829812849; 3829812817; 9783829812818; 3829812825; 9783829812825; 3829812833; 9783829812832,,"Minorsky, Vladimir, 1877-1966, author.",Institute for the History of Arabic-Islamic Science at the Johann Wolfgang Goethe University,Frankfurt am Main :,2009.,"Islamic countries--Geography.; Geography, Arab.; Islamic civilization.; Geography; Geography, Arab; Islamic civilization; Islamic countries; Iran.; Muslim world.; Pays musulmans--Géographie.; Géographie arabe.",http://vocab.getty.edu/tgn/7000231;,https://www.wikidata.org/entity/Q779924;,0,v.313:2009:(vol.2),,,,2024-06-26,2024-06-26,Ancient Western Asia,0.8550513795813975,0.8550513795813975,0.014766512311849793,0.034365701380304974,0.040502433769645144,0.04335122880543059,0.011962744151371984,0.0
31154068975653,Book,,G93 .I74 v.312-314,NYU Inst Study Ancient World,Small Collection,9998670429907876,Studies on Islamic history and geography /,3829812841; 9783829812849; 3829812817; 9783829812818; 3829812825; 9783829812825; 3829812833; 9783829812832,,"Minorsky, Vladimir, 1877-1966, author.",Institute for the History of Arabic-Islamic Science at the Johann Wolfgang Goethe University,Frankfurt am Main :,2009.,"Islamic countries--Geography.; Geography, Arab.; Islamic civilization.; Geography; Geography, Arab; Islamic civilization; Islamic countries; Iran.; Muslim world.; Pays musulmans--Géographie.; Géographie arabe.",http://vocab.getty.edu/tgn/7000231;,https://www.wikidata.org/entity/Q779924;,0,v.314:2009:(vol.3),,,,2024-06-26,2024-06-26,Ancient Western Asia,0.8550513795813975,0.8550513795813975,0.014766512311849793,0.034365701380304974,0.040502433769645144,0.04335122880543059,0.011962744151371984,0.0
31154068975661,Book,,G93 .I74 v.315-318,NYU Inst Study Ancient World,Small Collection,9998670429807876,Studies on Islamic geography /,3829812892; 9783829812894; 382981285X; 9783829812856; 3829812868; 9783829812863; 3829812876; 9783829812870; 3829812884; 9783829812887,,"Hammer-Purgstall, Joseph, Freiherr von, 1774-1856, author.",Institute for the History of Arabic-Islamic Science at the Johann Wolfgang Goethe University,Frankfurt am Main :,2009.,"Islamic countries--Geography.; Islamic countries--Description and travel.; Geography, Arab.; Geography; Geography, Arab; Travel; Islamic countries; Muslim world.; Pays musulmans--Géographie.; Pays musulmans--Descriptions et voyages.; Géographie arabe.",,https://www.wikidata.org/entity/Q779924;,0,v.315:2009:(vol.1),,,,2024-06-26,2024-06-26,Ancient Western Asia,0.8550513795813975,0.8550513795813975,0.014766512311849793,0.034365701380304974,0.040502433769645144,0.04335122880543059,0.011962744151371984,0.0
31154068975679,Book,,G93 .I74 v.315-318,NYU Inst Study Ancient World,Small Collection,9998670429807876,Studies on Islamic geography /,3829812892; 9783829812894; 382981285X; 9783829812856; 3829812868; 9783829812863; 3829812876; 9783829812870; 3829812884; 9783829812887,,"Hammer-Purgstall, Joseph, Freiherr von, 1774-1856, author.",Institute for the History of Arabic-Islamic Science at the Johann Wolfgang Goethe University,Frankfurt am Main :,2009.,"Islamic countries--Geography.; Islamic countries--Description and travel.; Geography, Arab.; Geography; Geography, Arab; Travel; Islamic countries; Muslim world.; Pays musulmans--Géographie.; Pays musulmans--Descriptions et voyages.; Géographie arabe.",,https://www.wikidata.org/entity/Q779924;,0,v.316:2009:(vol.2),,,,2024-06-26,2024-06-26,Ancient Western Asia,0.8550513795813975,0.8550513795813975,0.014766512311849793,0.034365701380304974,0.040502433769645144,0.04335122880543059,0.011962744151371984,0.0
31154068975687,Book,,G93 .I74 v.315-318,NYU Inst Study Ancient World,Small Collection,9998670429807876,Studies on Islamic geography /,3829812892; 9783829812894; 382981285X; 9783829812856; 3829812868; 9783829812863; 3829812876; 9783829812870; 3829812884; 9783829812887,,"Hammer-Purgstall, Joseph, Freiherr von, 1774-1856, author.",Institute for the History of Arabic-Islamic Science at the Johann Wolfgang Goethe University,Frankfurt am Main :,2009.,"Islamic countries--Geography.; Islamic countries--Description and travel.; Geography, Arab.; Geography; Geography, Arab; Travel; Islamic countries; Muslim world.; Pays musulmans--Géographie.; Pays musulmans--Descriptions et voyages.; Géographie arabe.",,https://www.wikidata.org/entity/Q779924;,0,v.317:2009:(vol.3),,,,2024-06-26,2024-06-26,Ancient Western Asia,0.8550513795813975,0.8550513795813975,0.014766512311849793,0.034365701380304974,0.040502433769645144,0.04335122880543059,0.011962744151371984,0.0
31154068975695,Book,,G93 .I74 v.315-318,NYU Inst Study Ancient World,Small Collection,9998670429807876,Studies on Islamic geography /,3829812892; 9783829812894; 382981285X; 9783829812856; 3829812868; 9783829812863; 3829812876; 9783829812870; 3829812884; 9783829812887,,"Hammer-Purgstall, Joseph, Freiherr von, 1774-1856, author.",Institute for the History of Arabic-Islamic Science at the Johann Wolfgang Goethe University,Frankfurt am Main :,2009.,"Islamic countries--Geography.; Islamic countries--Description and travel.; Geography, Arab.; Geography; Geography, Arab; Travel; Islamic countries; Muslim world.; Pays musulmans--Géographie.; Pays musulmans--Descriptions et voyages.; Géographie arabe.",,https://www.wikidata.org/entity/Q779924;,0,v.318:2009:(vol.4),,,,2024-06-26,2024-06-26,Ancient Western Asia,0.8550513795813975,0.8550513795813975,0.014766512311849793,0.034365701380304974,0.040502433769645144,0.04335122880543059,0.011962744151371984,0.0
31154068975851,Book,,Q127.I74 I74 v.114 2009,NYU Inst Study Ancient World,Small Collection,9998670428907876,Az-Zīj al-Jāmiʻ. an Arabic astronomical handbook,3829841248; 9783829841245,,"Kūshyār ibn Labbān, approximately 971-approximately 1029.",Institute for the History of Arabic-Islamic Science Johann Wolfgang Goethe University,Frankfurt :,2009,Astronomy--Early works to 1800.; Astronomy; Early works; Abbasid Caliphate.; Astronomie--Ouvrages avant 1800.,http://vocab.getty.edu/tgn/6000008,,0,,,,,2024-06-27,2025-12-09,European and Classical Antiquity,0.7060442083797815,0.07844935648664239,0.01348348314614166,0.15689871297328478,0.03698326805798856,0.0,0.7060442083797815,0.008140970956161002
31154068985348,Book,,CD6172.2.C434 J55 2021,NYU ISAW Offsite,Offsite Collection,9998668330207876,Jilin da xue kao gu yu yi shu bo wu guan guan cang wen wu cong shu.,7573200943; 9787573200945,,,Shanghai gu ji chu ban she,Shanghai :,2021.,Jilin da xue kao gu yu yi shu bo wu guan--Catalogs; Seals (Numismatics)--China--Changchun Shi--Catalogs.; Seals (Numismatics); China--Changchun Shi; Catalogs; Jilin.,http://vocab.getty.edu/tgn/7002372,https://id.oclc.org/worldcat/entity/E39QbtfRFh3YpkFDf43BpMcHbM;,0,,,,,2024-06-17,2025-02-11,"China, South Asia, & East Asia",0.6294507740910996,0.20000729302070774,0.05625205116207405,0.6294507740910996,0.0,0.0,0.11428988172611872,0.0
31154068985793,Book,,DS797.68.B365 B3656 2021,NYU Inst Study Ancient World,Large Collection,9998666827407876,Baoji Guojiaya kao gu fa jue bao gao /,7030700015; 9787030700018,,,Ke xue chu ban she,Beijing :,2021.,Excavations (Archaeology)--China--Baoji Shi.; Tombs--China--Baoji Shi.; Baoji Shi (China)--Antiquities.; Antiquities; Excavations (Archaeology); Tombs; China--Baoji Shi; Baoji.; Guojiaya site.,http://vocab.getty.edu/tgn/8209961;,https://id.oclc.org/worldcat/entity/E39PBJr7XHrYH86qJqDTxhWqwC; http://www.wikidata.org/entity/Q126902976,0,,,,,2024-06-12,2024-06-12,"China, South Asia, & East Asia",0.9286876683796268,0.0,0.014510744818431669,0.9286876683796268,0.0,0.04260035176053334,0.011755540106071225,0.002445694935337015
31154068985835,Book,,DS797.44.B63 B63 2022,NYU ISAW Offsite,Offsite Collection,9998666827207876,Bo'ai Xijincheng /,703058449X; 9787030584496,,,Ke xue chu ban she,Beijing :,2022.,Excavations (Archaeology)--China--Bo'ai Xian.; Historic sites--China--Bo'ai Xian.; Bo'ai Xian (China)--Antiquities.; Xijincheng site.,,http://www.wikidata.org/entity/Q126902825,1,,,,,2024-06-12,2025-02-11,"China, South Asia, & East Asia",0.7735302260941183,0.11251348743187176,0.028782520040711378,0.7735302260941183,0.0,0.05677286063076098,0.01672497786149445,0.011675927941043295
31154068985876,Book,,DS797.84.Q257 X565 2022,NYU Inst Study Ancient World,Large Collection,9998667427507876,Xinjiang Shichengzi yi zhi /,7030737202; 9787030737205; 703076739X; 9787030767394,,,Ke xue chu ban she,Beijing :,2022-2023.,Excavations (Archaeology)--China--Qitai Xian.; Qitai Xian (China)--Antiquities.; Shichengzi Ruins.,,http://www.wikidata.org/entity/Q65053996,0,v.1,,,,2024-06-13,2024-06-13,"China, South Asia, & East Asia",0.925016078586442,0.0,0.021512001827591675,0.925016078586442,0.0,0.033036288520944354,0.011709064285904328,0.008726566779117376
31154068985900,Book,,NK3635.A2 M39 2021,NYU Inst Study Ancient World,Oversize Collection,9998667630207876,Mawangdui Han mu bo shu shu fa xuan.,7501072752; 9787501072750,,,Wen wu chu ban she,Beijing :,2021.,"Chinese language--Writing--Li style.; Calligraphy, Chinese.; Calligraphy, Chinese; Chinese language--Writing--Li style; Mawangdui.; Calligraphie chinoise.",http://vocab.getty.edu/tgn/7030400,,0,v.1,,,,2024-06-14,2024-06-14,"China, South Asia, & East Asia",0.9247018786690862,0.0,0.014448466854204471,0.9247018786690862,0.03963008051438941,0.0,0.01249597133336603,0.008723602628953643
31154068985918,Book,,NK3635.A2 M39 2021,NYU Inst Study Ancient World,Oversize Collection,9998667630207876,Mawangdui Han mu bo shu shu fa xuan.,7501072752; 9787501072750,,,Wen wu chu ban she,Beijing :,2021.,"Chinese language--Writing--Li style.; Calligraphy, Chinese.; Calligraphy, Chinese; Chinese language--Writing--Li style; Mawangdui.; Calligraphie chinoise.",http://vocab.getty.edu/tgn/7030400,,0,v.2,,,,2024-06-14,2024-06-14,"China, South Asia, & East Asia",0.9247018786690862,0.0,0.014448466854204471,0.9247018786690862,0.03963008051438941,0.0,0.01249597133336603,0.008723602628953643
31154068985983,Book,,DS797.77.J566 J577 2022,NYU Inst Study Ancient World,Large Collection,9998667629907876,Jinsha yi zhi : ji si qu kao gu fa jue bao gao = Excavation report on the sacrifice zone of the Jinsha Site /,7501077789; 9787501077786,,,Wen wu chu ban she,Beijing :,2022.,Jinsha Site (China)--Antiquities.; Chengdu (China)--Antiquities.; Excavations (Archaeology)--China--Chengdu.; Chengdu.; Jinsha.; Fouilles (Archéologie)--Chine--Chengdu.,http://vocab.getty.edu/tgn/7001761;,https://www.wikidata.org/entity/Q217618,0,v.1,,,,2024-06-14,2024-06-14,"China, South Asia, & East Asia",0.8744604547884821,0.05465377842428013,0.020336289646243767,0.8744604547884821,0.0,0.031230730528160073,0.011069119680866862,0.008249626931966812
31154068985991,Book,,DS797.77.J566 J577 2022,NYU Inst Study Ancient World,Large Collection,9998667629907876,Jinsha yi zhi : ji si qu kao gu fa jue bao gao = Excavation report on the sacrifice zone of the Jinsha Site /,7501077789; 9787501077786,,,Wen wu chu ban she,Beijing :,2022.,Jinsha Site (China)--Antiquities.; Chengdu (China)--Antiquities.; Excavations (Archaeology)--China--Chengdu.; Chengdu.; Jinsha.; Fouilles (Archéologie)--Chine--Chengdu.,http://vocab.getty.edu/tgn/7001761;,https://www.wikidata.org/entity/Q217618,0,v.2,,,,2024-06-14,2024-06-14,"China, South Asia, & East Asia",0.8744604547884821,0.05465377842428013,0.020336289646243767,0.8744604547884821,0.0,0.031230730528160073,0.011069119680866862,0.008249626931966812
31154068986007,Book,,DS797.77.J566 J577 2022,NYU Inst Study Ancient World,Large Collection,9998667629907876,Jinsha yi zhi : ji si qu kao gu fa jue bao gao = Excavation report on the sacrifice zone of the Jinsha Site /,7501077789; 9787501077786,,,Wen wu chu ban she,Beijing :,2022.,Jinsha Site (China)--Antiquities.; Chengdu (China)--Antiquities.; Excavations (Archaeology)--China--Chengdu.; Chengdu.; Jinsha.; Fouilles (Archéologie)--Chine--Chengdu.,http://vocab.getty.edu/tgn/7001761;,https://www.wikidata.org/entity/Q217618,0,v.3,,,,2024-06-14,2024-06-14,"China, South Asia, & East Asia",0.8744604547884821,0.05465377842428013,0.020336289646243767,0.8744604547884821,0.0,0.031230730528160073,0.011069119680866862,0.008249626931966812
31154068986015,Book,,DS797.77.J566 J577 2022,NYU Inst Study Ancient World,Large Collection,9998667629907876,Jinsha yi zhi : ji si qu kao gu fa jue bao gao = Excavation report on the sacrifice zone of the Jinsha Site /,7501077789; 9787501077786,,,Wen wu chu ban she,Beijing :,2022.,Jinsha Site (China)--Antiquities.; Chengdu (China)--Antiquities.; Excavations (Archaeology)--China--Chengdu.; Chengdu.; Jinsha.; Fouilles (Archéologie)--Chine--Chengdu.,http://vocab.getty.edu/tgn/7001761;,https://www.wikidata.org/entity/Q217618,0,v.4,,,,2024-06-14,2024-06-14,"China, South Asia, & East Asia",0.8744604547884821,0.05465377842428013,0.020336289646243767,0.8744604547884821,0.0,0.031230730528160073,0.011069119680866862,0.008249626931966812
31154068986023,Book,,DS797.77.J566 J577 2022,NYU Inst Study Ancient World,Large Collection,9998667629907876,Jinsha yi zhi : ji si qu kao gu fa jue bao gao = Excavation report on the sacrifice zone of the Jinsha Site /,7501077789; 9787501077786,,,Wen wu chu ban she,Beijing :,2022.,Jinsha Site (China)--Antiquities.; Chengdu (China)--Antiquities.; Excavations (Archaeology)--China--Chengdu.; Chengdu.; Jinsha.; Fouilles (Archéologie)--Chine--Chengdu.,http://vocab.getty.edu/tgn/7001761;,https://www.wikidata.org/entity/Q217618,0,v.5,,,,2024-06-14,2024-06-14,"China, South Asia, & East Asia",0.8744604547884821,0.05465377842428013,0.020336289646243767,0.8744604547884821,0.0,0.031230730528160073,0.011069119680866862,0.008249626931966812
31154068987336,Book,,BR162.3 .G856 2024,NYU ISAW Offsite,Offsite Collection,9998664529907876,"Strange religion : how the first Christians were weird, dangerous, and compelling /",1587436264; 9781587436260; 1587435179; 9781587435171; 9781493444939; 149344493X; 9781493444922; 1493444921,,"Gupta, Nijay K., author.",Brazos Press a division of Baker Publishing Group,"Grand Rapids, Michigan :",[2024],"Church history--Primitive and early church, ca. 30-600.; Christian sociology--History--Early church, ca. 30-600.; Church history; Christian sociology--Early church; Christian sociology; Church history--Primitive and early church; 30-600; History; Religious materials.; Matériel religieux.; Roman Empire.; Église--Histoire--ca 30-600 (Église primitive); Sociologie religieuse--Christianisme--Histoire--ca 30-600 (Église primitive)",http://vocab.getty.edu/tgn/7030347,,0,,,,,2024-06-04,2025-02-11,Ancient Western Asia,0.5295239142789052,0.5295239142789052,0.0,0.0,0.0,0.038864140497534325,0.42361913142312413,0.007992813800436304
31154069000923,Book,,DS797.44.H85 J565 2020,NYU ISAW Offsite,Offsite Collection,9998666827307876,Gong hui ji : Hui Xian kao gu fa jue 70 zhou nian ji gu dai wen ming yan tao hui ji nian wen cui /,7030712684; 9787030712684,,"Ji nian xin Zhongguo Hui Xian kao gu fa jue 70 zhou nian ji gu dai wen ming yan tao hui Xinxiang Shi, China), ( 2020 : author.",Ke xue chu ban she,Beijing :,2022.,"Huixian Shi (Henan Sheng, China)--Antiquities--Congresses.; Excavations (Archaeology)--China--Huixian Shi (Henan Sheng)--Congresses.; Tombs--China--Huixian Shi (Henan Sheng)--Congresses.; Huixian Shi.",http://vocab.getty.edu/tgn/8204817,,0,,,,,2024-06-12,2025-02-11,"China, South Asia, & East Asia",0.9331593560223291,0.0,0.021701380372612305,0.9331593560223291,0.0,0.033327119857940325,0.01181214374711809,0.0
31154069001368,Book,,N7342 .Z53 1995,NYU ISAW Offsite,Offsite Collection,9998667629407876,Zhongguo wen wu jing hua da ci dian /,9787532603756; 753260375X; 9787532603763; 7532603768; 9787532603787; 7532603784; 9787532603770; 7532603776,,,Shang wu yin shu guan (Xianggang); Shanghai ci shu chu ban she,Shanghai Shi : Xianggang :,1995-1996,"Art, Chinese--Catalogs.; Art, Chinese; Catalogs; Li shi wen wu--zhong guo--ci dian.; Gu dai tao ci--zhong guo--ci dian.; China.; Art chinois--Catalogues.",http://vocab.getty.edu/tgn/1000111,,0,v.3,,,,2024-06-14,2025-02-11,"China, South Asia, & East Asia",0.9628601020369019,0.0,0.015044689094326592,0.9628601020369019,0.0,0.0,0.013011623000498676,0.009083585868272659
31154069002143,Book,,NK5750.2.C6 Y8 2021b,NYU Inst Study Ancient World,Large Collection,990094867920107876,Zhongguo gu yu tu jian.,7501066515; 9787501066513,,"Yu, Zhuosi, 1954- author.",Wen wu chu ban she,Beijing :,2021.,"Jade art objects--China--Themes, motives.; Dragons in art.; Dragons in art; China; Ancient China.; Jades--Chine--Thèmes, motifs.; Dragons dans l'art.",http://vocab.getty.edu/tgn/8697463,https://id.oclc.org/worldcat/entity/E39PBJdCqh8h6hJY7PT6MQW4bd;,0,,,,,2024-06-13,2024-06-13,"China, South Asia, & East Asia",0.9247018786690862,0.0,0.014448466854204471,0.9247018786690862,0.03963008051438941,0.0,0.01249597133336603,0.008723602628953643
31154069002150,Book,,NK5750.2.C6 Y8 2021e,NYU Inst Study Ancient World,Large Collection,990094867950107876,Zhongguo gu yu tu jian.,7501066507; 9787501066506,,"Yu, Zhuosi, 1954- author.",Wen wu chu ban she,Beijing :,2021.,"Jade art objects--China--Themes, motives.; China; Ancient China.; Jades--Chine--Thèmes, motifs.",http://vocab.getty.edu/tgn/8697463,https://id.oclc.org/worldcat/entity/E39PBJdCqh8h6hJY7PT6MQW4bd;,0,,,,,2024-06-13,2024-06-13,"China, South Asia, & East Asia",0.8951398258603509,0.0,0.013986559779067983,0.8951398258603509,0.03836313539401504,0.031969279495012534,0.012096484133247987,0.008444715338305197
31154069002168,Book,,NK5750.2.C6 Y8 2021,NYU Inst Study Ancient World,Large Collection,990094292410107876,Zhongguo gu yu tu jian.,7501066493; 9787501066490,,"Yu, Zhuosi, 1954- author.",Wen wu chu ban she,Beijing :,2021.,"Jade art objects--China--Themes, motives.; China; Ancient China.; Jades--Chine--Thèmes, motifs.",http://vocab.getty.edu/tgn/8697463,https://id.oclc.org/worldcat/entity/E39PBJdCqh8h6hJY7PT6MQW4bd;,0,,,,,2024-06-13,2024-06-13,"China, South Asia, & East Asia",0.9247018786690862,0.0,0.014448466854204471,0.9247018786690862,0.03963008051438941,0.0,0.01249597133336603,0.008723602628953643
31154069002176,Book,,NK5750.2.C6 Y8 2021d,NYU Inst Study Ancient World,Large Collection,990094867940107876,Zhongguo gu yu tu jian.,7501066531; 9787501066537,,"Yu, Zhuosi, 1954- author.",Wen wu chu ban she,Beijing :,2021.,"Jade art objects--China--Themes, motives.; Human figure in art.; Human figure in art; China; Ancient China.; Jades--Chine--Thèmes, motifs.; Corps humain dans l'art--Technique.",http://vocab.getty.edu/tgn/8697463,https://id.oclc.org/worldcat/entity/E39PBJdCqh8h6hJY7PT6MQW4bd;,0,,,,,2024-06-13,2024-06-13,"China, South Asia, & East Asia",0.9247018786690862,0.0,0.014448466854204471,0.9247018786690862,0.03963008051438941,0.0,0.01249597133336603,0.008723602628953643
31154069002192,Book,,NK5750.2.C6 Y8 2021c,NYU Inst Study Ancient World,Large Collection,990094867930107876,Zhongguo gu yu tu jian.,7501066485; 9787501066483,,"Yu, Zhuosi, 1954- author.",Wen wu chu ban she,Beijing :,2021.,"Jade art objects--China--Themes, motives.; Animals in art.; Animals in art; China; Ancient China.; Jades--Chine--Thèmes, motifs.",http://vocab.getty.edu/tgn/8697463,https://id.oclc.org/worldcat/entity/E39PBJdCqh8h6hJY7PT6MQW4bd;,0,,,,,2024-06-13,2024-06-13,"China, South Asia, & East Asia",0.9247018786690862,0.0,0.014448466854204471,0.9247018786690862,0.03963008051438941,0.0,0.01249597133336603,0.008723602628953643
31154069002275,Issue,,GN772.32.C6 K36,NYU Inst Study Ancient World,Library 6,9998786549907876,Kao gu Zhongguo zhong da xiang mu cheng guo /,,,,Wen wu chu ban she,Beijing :,2021-,Excavations (Archaeology)--China.; China--Antiquities.; Historic sites--China.; Ancient China.; Imperial China.; Chine--Antiquités.; Lieux historiques--Chine.,http://vocab.getty.edu/tgn/8697463; http://vocab.getty.edu/tgn/8697462;,,0,2022,,,,2024-06-14,2026-03-04,"China, South Asia, & East Asia",0.8755597790463535,0.0,0.020361855326659385,0.8755597790463535,0.03752399053055801,0.0,0.011831888906031806,0.054722486190397095
31154069002283,Issue,,GN772.32.C6 K36,NYU Inst Study Ancient World,Library 6,9998786549907876,Kao gu Zhongguo zhong da xiang mu cheng guo /,,,,Wen wu chu ban she,Beijing :,2021-,Excavations (Archaeology)--China.; China--Antiquities.; Historic sites--China.; Ancient China.; Imperial China.; Chine--Antiquités.; Lieux historiques--Chine.,http://vocab.getty.edu/tgn/8697463; http://vocab.getty.edu/tgn/8697462;,,0,2021,,,,2024-06-14,2026-03-04,"China, South Asia, & East Asia",0.8755597790463535,0.0,0.020361855326659385,0.8755597790463535,0.03752399053055801,0.0,0.011831888906031806,0.054722486190397095
31154069002309,Book,,PL2448 .C3992 2011,NYU Inst Study Ancient World,Large Collection,990039304130107876,Chu di chu tu Zhanguo jian ce he ji /,7501033447; 9787501033447; 7501036268; 9787501036264; 7501063338; 9787501063338; 750106332X; 9787501063321; 7501073090; 9787501073092; 7501083061; 9787501083060,,,Wen wu chu ban she,Beijing :,2011-,"Inscriptions, Chinese--China--Jingmen Shi.; China--History--Warring States, 403-221 B.C.--Sources.; Inscriptions, Chinese--Catalogs.; China--Antiquities.; Antiquities; Inscriptions, Chinese; China; China--Jingmen Shi; 403-221 B.C.; Jingmen.; Imperial China.; China.; Ancient China.; Inscriptions chinoises--Chine--Jingmen (Hubei); Chine--Antiquités.; Chine--Histoire--403-221 av. J.-C. (Royaumes combattants)--Sources.; Inscriptions chinoises--Catalogues.",http://vocab.getty.edu/tgn/8620804; http://vocab.getty.edu/tgn/8697462; http://vocab.getty.edu/tgn/1000111; http://vocab.getty.edu/tgn/8697463;,https://id.oclc.org/worldcat/entity/E39PBJdCqh8h6hJY7PT6MQW4bd;,1,v.5,,,,2024-06-13,2025-09-26,"China, South Asia, & East Asia",0.9846153846153847,0.0,0.015384615384615385,0.9846153846153847,0.0,0.0,0.0,0.0
31154069002341,Book,,DS715 .K3645 2020,NYU ISAW Offsite,Offsite Collection,9998667629807876,Kao gu xue shi ye xia gang kou yu ma tou xue shu yan tao hui lun wen ji /,7573202059; 9787573202055,,"Kao gu xue shi ye xia gang kou yu ma tou xue shu yan tao hui Dongying Shi, China) (2020 :",Shanghai gu ji chu ban she,Shanghai Shi :,2021.,Harbors--China--Congresses.; Wharves--China--Congresses.; Underwater archaeology--China--Congresses.; Historic preservation--China--Congresses.; China--Antiquities--Congresses.; Antiquities; Harbors; Historic preservation; Underwater archaeology; Wharves; China; Conference papers and proceedings; Shandong.; Imperial China.; China.; Ancient China.; Archéologie sous-marine--Chine--Congrès.; Préservation historique--Chine--Congrès.; Chine--Antiquités--Congrès.,http://vocab.getty.edu/tgn/7002085; http://vocab.getty.edu/tgn/8697462; http://vocab.getty.edu/tgn/1000111; http://vocab.getty.edu/tgn/8697463;,https://id.oclc.org/worldcat/entity/E39PBJdCqh8h6hJY7PT6MQW4bd;,0,,,,,2024-06-14,2025-02-11,"China, South Asia, & East Asia",0.9046069094154736,0.0,0.021037369986406363,0.9046069094154736,0.022063583156474966,0.0323073896219812,0.011450720372347767,0.008534027447315788
31154069002358,Book,,DS797.72.T352 K364 2020,NYU ISAW Offsite,Offsite Collection,9998667629707876,Kao gu xue shi ye xia gu dai Tai Shan wen ming xue shu yan tao hui lun wen ji /,7573201893; 9787573201898,,"Kao gu xue shi ye xia gu dai Tai Shan wen ming xue shu yan tao hui Tai'an Shi, China), ( 2020 : author.",Shanghai gu ji chu ban she,Shanghai :,2021.,"Tai Mountains (China)--History--Congresses.; Tai Mountains (China)--Social life and customs--Congresses.; Tai Mountains (China)--Civilization--Congresses.; proceedings (reports); Conference papers and proceedings.; Actes de congrès.; Tai Shan.; Tai, Monts (Chine)--Histoire--Congrès.; Tai, Monts (Chine)--Mœurs et coutumes--Congrès.; Tai, Monts (Chine)--Civilisation--Congrès.",http://vocab.getty.edu/tgn/8679993;,,0,,,,,2024-06-14,2025-02-11,"China, South Asia, & East Asia",0.8998524184484701,0.0,0.04736065360255105,0.8998524184484701,0.0,0.032137586373159645,0.012160167816871218,0.00848917375894783
31154069002515,Book,,NB1280 .Z4464 2021,NYU ISAW Offsite,Offsite Collection,9998667427707876,Han dai hua xiang shi ti bang li shu yi shu yan jiu = Handai huaxiangshi tibang lishu yishu yanjiu /,7564196947; 9787564196943,,"Zheng, Lijun, 1968- author.",Dong nan da xue chu ban she,Nanjing :,2021.,"Relief (Decorative arts)--China--History--Qin-Han dynasties, 221 B.C.-220 A.D.; Intaglios--China--History--Qin-Han dynasties, 221 B.C.-220 A.D.; Chinese language--Writing--Li style.; Calligraphy, Chinese--History--Qin-Han dynasties, 221 B.C.-220 A.D.; Calligraphy, Chinese--Qin-Han dynasties; Chinese language--Writing--Li style; Intaglios--Qin-Han dynasties; Relief (Decorative arts)--Qin-Han dynasties; China; 221 B.C.-220 A.D.; History; Imperial China.; Calligraphie chinoise--Histoire--221 av. J.-C.-220 (Dynasties des Qin et des Han)",https://vocab.getty.edu/tgn/8697462,https://id.oclc.org/worldcat/entity/E39PBJdCqh8h6hJY7PT6MQW4bd;,0,,,,,2024-06-13,2025-02-11,"China, South Asia, & East Asia",0.972494710521254,0.0,0.015195229851894594,0.972494710521254,0.0,0.0,0.012310059626851317,0.0
31154069002556,Book,,PL2447 .L5643 2022,NYU Inst Study Ancient World,Small Collection,9998667427607876,Dong Zhou wang cheng chu tu Zhan guo tong qi ming wen zheng li yu yan jiu /,7501072078; 9787501072071,,"Liu, Yuli (Paleography teacher), author.",Wen wu chu ban she,Beijing :,2022.,"Inscriptions, Chinese--History and criticism.; Bronzes--China--Inscriptions.; Bronzes, Chinese--To 221 B.C.; Bronzes, Chinese; Inscriptions, Chinese; To 221 B.C.; Criticism, interpretation, etc.; Luoyang.; Inscriptions chinoises--Histoire et critique.; Bronzes chinois--Jusqu'à 221 av. J.-C.; Bronzes--Chine--Inscriptions.",http://vocab.getty.edu/tgn/8627225,,0,,,,,2024-06-13,2024-06-13,"China, South Asia, & East Asia",0.9846153846153847,0.0,0.015384615384615385,0.9846153846153847,0.0,0.0,0.0,0.0
31154069002572,Book,,PL2447 .D55 2022,NYU Inst Study Ancient World,Small Collection,9998666827007876,Xi Zhou ming wen shi,7501073422; 9787501073429,,"Ding, Jin, 1962- author.",Wen wu chu ban she,Beijing Shi,2022,"Inscriptions, Chinese.; Bronzes, Chinese--To 221 B.C.; Bronzes; Bronzes, Chinese; Inscriptions, Chinese; To 221 B.C.; Inscriptions; Ancient China.; Inscriptions chinoises.; Bronzes--Inscriptions.; Bronzes chinois--Jusqu'à 221 av. J.-C.",http://vocab.getty.edu/tgn/8697463,,0,,,,,2024-06-12,2024-06-12,"China, South Asia, & East Asia",0.9846153846153847,0.0,0.015384615384615385,0.9846153846153847,0.0,0.0,0.0,0.0
31154069002580,Book,,DS793.L6 C448 2022,NYU Inst Study Ancient World,Small Collection,9998666826907876,Luobubo kao gu yan jiu /,7573201648; 9787573201645,,"Chen, Xiaolu, 1983- author.",Shanghai gu ji chu ban she,Shanghai Shi :,2022.,"Excavations (Archaeology)--China--Lop Nur.; Lop Nur (China)--Antiquities.; Lop, Lake.; Fouilles (Archéologie)--Chine--Lop, Lac.",http://vocab.getty.edu/tgn/8632375,,0,,,,,2024-06-12,2024-06-12,"China, South Asia, & East Asia",0.9244281101586347,0.0,0.02149832814322406,0.9244281101586347,0.0,0.03301528964852266,0.012337252142461352,0.008721019907156931
31154069002705,Book,,GN799.S43 D74 2021,NYU ISAW Offsite,Offsite Collection,9998667427807876,Kao gu xue zhong de qu yu ju luo ren kou /,7307226782; 9787307226784,,"Drennan, Robert D., author.",Wuhan da xue chu ban she,Wuhan :,2021.,"Land settlement patterns, Prehistoric.; Archaeology--Methodology.; Archaeology--Methodology; Land settlement patterns, Prehistoric; Ancient China.; Colonisation intérieure--Types préhistoriques.; Archéologie--Méthodologie.",http://vocab.getty.edu/tgn/8697463,,0,,,,,2024-06-13,2025-02-11,The Caucasus & The Western Steppe,0.706822553130154,0.0,0.02822381722568323,0.06568452008886279,0.07741389867615972,0.06451158223013309,0.057343628649007196,0.706822553130154
31154069002853,Book,,DS797.22.N564 N5639 2022,NYU ISAW Offsite,Offsite Collection,9998666827107876,Ningguo Hui Shan tu dun mu /,7030730070; 9787030730077,,,Ke xue chu ban she,Beijing :,2022.,Ningguo Shi (China)--Antiquities.; Tombs--China--Ningguo Shi.; Excavations (Archaeology)--China--Ningguo Shi.; Antiquities; Excavations (Archaeology); Tombs; Huishan site.,,http://www.wikidata.org/entity/Q126903079,0,,,,,2024-06-12,2025-02-11,"China, South Asia, & East Asia",0.9228593414568681,0.0,0.014419677210263564,0.9228593414568681,0.0,0.042332997314535235,0.011681763815909723,0.008706220202423284
31154069002986,Book,,DS797.54.H455 N4563 2022,NYU Inst Study Ancient World,Large Collection,9998667629607876,Nei Menggu Helinge'er Tuchengzi.,7030733975; 9787030733979,,,Ke xue chu ban she,Beijing :,2022.,Historic sites--China--Horinger Xian--Catalogs.; Excavations (Archaeology)--China--Horinger Xian--Catalogs.; Horinger Xian (China)--Antiquities--Catalogs.; Horinger.; Tuchengzi Ancient City.,http://vocab.getty.edu/tgn/8675528;,http://www.wikidata.org/entity/Q126902775,0,,,,,2024-06-14,2024-06-14,"China, South Asia, & East Asia",0.8725327774330318,0.05453329858956449,0.013633324647391122,0.8725327774330318,0.0,0.04002443933179045,0.011044718701683947,0.008231441296538036
31154069003000,Book,,NB1047.T53 G3678 2022,NYU ISAW Offsite,Offsite Collection,9998667629507876,Gansu zhong xiao shi ku diao cha bao gao.,7030726014; 9787030726018,,,Ke xue chu ban she,Beijing :,2022.,"Stone carving--China--Tianshui Shi.; Sculpture, Chinese--China--Tianshui Shi.; Buddhist sculpture--China--Tianshui Shi.; Tianshui Shi (China)--Antiquities.; Antiquities; Buddhist sculpture; Sculpture, Chinese; Stone carving; China--Tianshui Shi; Qincheng.",http://vocab.getty.edu/tgn/7018061,https://id.oclc.org/worldcat/entity/E39QbtfRxMCtW8cBHXqrMPqRfY;,0,,,,,2024-06-14,2025-02-11,"China, South Asia, & East Asia",0.9628601020369019,0.0,0.015044689094326592,0.9628601020369019,0.0,0.0,0.013011623000498676,0.009083585868272659
31154069003562,Bound Issue,,PJ1001 .L56,NYU ISAW Offsite,Offsite Collection,990035182230107876,Lingua Aegyptia.,,0942-5659,,Widmaier Verlag; Seminar für Ägyptologie und Koptologie Universität Göttingen,Göttingen :,1991-,"Egyptian literature--History and criticism--Periodicals.; Egyptian language; Egyptian literature; Criticism, interpretation, etc.; Periodicals; Periodicals.; Egyptian language--Periodicals.; Egyptology--Periodicals.",,,0,v.31(2023),,,,2024-06-04,2024-06-04,Egypt & North Africa,0.9061522419186653,0.08237747653806048,0.0,0.0,0.0,0.9061522419186653,0.011470281543274244,0.0
31154069003570,Book,,HV6534.C24 C55 2020,NYU Inst Study Ancient World,Small Collection,990080220050107876,We keep the dead close : a murder at Harvard and a half century of silence /,1538746832; 9781538746837; 9781538746844; 1538746840; 1538746859; 9781538746851,,"Cooper, Becky, author.",Grand Central Publishing,New York :,2020.,"Britton, Jane,--1945-1969.; Harvard University--Students.; Murder--Investigation--Massachusetts--Cambridge.; Cold cases (Criminal investigation)--Massachusetts--Cambridge.; Murder victims--Massachusetts--Cambridge--Biography.; Women graduate students--Crimes against--Massachusetts--Cambridge.; Women in higher education--United States--Social conditions.; Sex discrimination in higher education--United States.; Biography.; Biography; Harvard University; True crime.; Cold cases (Criminal investigation); Murder--Investigation; Murder victims; Sex discrimination in higher education; Students; Massachusetts--Cambridge; United States; Biographies; True crime stories; True crime stories.; TRUE CRIME / Murder / General.; SOCIAL SCIENCE / Feminism & Feminist Theory.; EDUCATION / Higher.; Tepe Yahya.; Récits criminels.; Biographies.; Homicide.; Victims of crimes--Biography.; Women in higher education.; Sex discrimination--United States.; Meurtre--Enquêtes--Massachusetts--Cambridge.; Crimes non résolus--Massachusetts--Cambridge.; Victimes d'homicide--Massachusetts--Cambridge--Biographies.; Femmes dans l'enseignement supérieur--États-Unis--Conditions sociales.; Discrimination sexuelle dans l'enseignement supérieur--États-Unis.",https://pleiades.stoa.org/places/29783,,0,,,,,2024-06-04,2024-06-04,European and Classical Antiquity,0.6090002078758261,0.22048700879278077,0.019031256496119565,0.04429092420915099,0.052200017817927956,0.043500014848273295,0.6090002078758261,0.011490569959921247
31154069003596,Book,,NK7177 .J44 2007,NYU ISAW Offsite,Offsite Collection,9998664529707876,Gold treasures of the Cham Kingdoms /,9639823007; 9789639823006,,"Jelen, János.",JelNet,Budapest :,2007-,"Zelnik, István--Art collections--Catalogs.; Goldwork, Cham--Catalogs.; Goldwork--Southeast Asia--Catalogs.; Goldwork--Private collections--Hungary--Catalogs.; Art--Private collections; Goldwork; Goldwork, Cham; Goldwork--Private collections; Hungary; Southeast Asia; catalogs (documents); Catalogs; Catalogs.; Catalogues.; Champa.",http://vocab.getty.edu/tgn/7030374,https://id.oclc.org/worldcat/entity/E39PBJqBtb4QKCYGrVyyWtMQMP;,0,v.1,Bunker,,,2024-06-04,2025-02-11,"China, South Asia, & East Asia",0.6396336206602096,0.058148510969109966,0.009994275322815774,0.6396336206602096,0.027412869456866124,0.02284405788072177,0.20198956441901356,0.0399771012912631
31154069003604,Book,,DG270 .G56 2022,NYU Inst Study Ancient World,Small Collection,9998665328007876,A global crisis? : the Mediterranean world between the 3rd and the 5th century CE = Una crisi globale? : il mondo mediterraneo tra III e V secolo /,8891322709; 9788891322708; 8891322725; 9788891322722,,,"""L'Erma"" di Bretschneider",Roma :,[2022],"Mediterranean Region--History--To 476.; History, Ancient.; Mediterranean Region; Rome (Empire); To 476; History; Römisches Reich; Aufsatzsammlung.; History, Ancient; Rome--History--Empire, 30 B.C.-476 A.D.; Mediterranean Region--History--To 476; Internum Mare.; Roman Empire.; Rome--Histoire--30 av. J.-C.-476 (Empire); Méditerranée, Région de la--Histoire--Jusqu'à 476.; Histoire ancienne.",https://pleiades.stoa.org/places/1043; http://vocab.getty.edu/tgn/7030347;,,0,,,,,2024-06-06,2024-06-06,European and Classical Antiquity,0.9271523178807948,0.0,0.0,0.0,0.039735099337748346,0.033112582781456956,0.9271523178807948,0.0
31154069003612,Book,,DE85 .B47 2023,NYU Inst Study Ancient World,Small Collection,9998665327507876,Vergessen als politische Option : zur Einhegung interner Konflikte in der Antike /,3515135022; 9783515135023,,"Bernstein, Frank, author.",Franz Steiner Verlag,Stuttgart :,[2023],Collective memory--Greece--History.; Collective memory--Rome--History.; Amnesty--Greece--History.; Amnesty--Rome--History.; Greece--Politics and government--To 146 B.C.; Rome--Politics and government--265-30 B.C.; Amnesty; Collective memory; Politics and government; Greece; Rome (Empire); To 30 B.C.; History; Hellas.; Roman Empire.; Greece (ancient); Greece.; Mémoire collective--Grèce--Histoire.; Mémoire collective--Rome--Histoire.; Amnistie--Grèce--Histoire.; Amnistie--Rome--Histoire.; Grèce--Politique et gouvernement--Jusqu'à 146 av. J.-C.; Rome--Politique et gouvernement--265-30 av. J.-C.,https://pleiades.stoa.org/places/696690497; http://vocab.getty.edu/tgn/7030347; http://vocab.getty.edu/tgn/7594735; http://vocab.getty.edu/tgn/1000074;,,0,,,,,2024-06-06,2024-06-06,European and Classical Antiquity,0.630098452883263,0.0,0.009845288326300985,0.0,0.360056258790436,0.0,0.630098452883263,0.0
31154069003620,Book,,DS96.2 .B33 2023,NYU Inst Study Ancient World,Small Collection,9998665327407876,La Babylonie hellénistique /,2251454136; 9782251454139,,,Les Belles lettres,Paris :,2023,"Seleucids--History--Sources.; Babylonia--History--Sources.; Civilization, Assyro-Babylonian--History--Sources.; Cuneiform tablets--Iraq.; Hellenism.; Civilization, Assyro-Babylonian; Cuneiform tablets; Seleucids; Iraq; Middle East--Babylonia; Primary sources.; primary sources.; History; Sources; Seleucid Empire.; Babylonia.; Sources.; Séleucides--Histoire--Sources.; Civilisation assyro-babylonienne--Histoire--Sources.; Tablettes cunéiformes--Irak.; Hellénisme.",https://pleiades.stoa.org/places/45635759; https://pleiades.stoa.org/places/912816,https://id.oclc.org/worldcat/entity/E39PBJtCBPBdMfmXtd4M8cvJXd; https://id.oclc.org/worldcat/entity/E39PBJvCWG6xj8PrpgQbdmHwG3;,0,,,,,2024-06-06,2024-06-06,Ancient Western Asia,0.7497218432589007,0.7497218432589007,0.12859948980838135,0.03585197897688207,0.0,0.04522612026900261,0.03129934672584943,0.009301220960983556
31154069003638,Issue,,DS56 .C67,NYU Inst Study Ancient World,Large Collection,990034044040107876,Contributi e materiali di archeologia orientale /,,1120-9631,,"Università degli studi di Roma ""La Sapienza""",Roma :,1986-,Excavations (Archaeology)--Middle East--Periodicals.; Antiquities; Excavations (Archaeology); Middle East; Periodicals; Periodicals.; Middle East--Antiquities--Periodicals.; Middle East.,http://vocab.getty.edu/tgn/7001526,,0,v.20(2023),,,,2024-06-06,2024-06-06,Ancient Western Asia,0.8514795858091957,0.8514795858091957,0.049532053468124955,0.034222146032522695,0.0,0.043170138343778634,0.01271768940397803,0.008878386942399756
31154069003646,Issue,,DS56 .C67,NYU Inst Study Ancient World,Large Collection,990034044040107876,Contributi e materiali di archeologia orientale /,,1120-9631,,"Università degli studi di Roma ""La Sapienza""",Roma :,1986-,Excavations (Archaeology)--Middle East--Periodicals.; Antiquities; Excavations (Archaeology); Middle East; Periodicals; Periodicals.; Middle East--Antiquities--Periodicals.; Middle East.,http://vocab.getty.edu/tgn/7001526,,0,v.19(2023),,,,2024-06-06,2024-06-06,Ancient Western Asia,0.8514795858091957,0.8514795858091957,0.049532053468124955,0.034222146032522695,0.0,0.043170138343778634,0.01271768940397803,0.008878386942399756
31154069003653,Book,,NK3850 .O454 2024,NYU Inst Study Ancient World,Small Collection,9998652429107876,Die italische Terra Sigillata mit Auflagenverzierung : Katalog der Applikenmotive /,3752006153; 9783752006155; 9783752001037; 3752001038,,"Ohlenroth, Ludwig, author.",Reichert Verlag,Wiesbaden :,2024.,"Pottery, Arretine.; Pottery, Roman.; Pottery, Arretine--Catalogs.; Pottery, Roman--Catalogs.; Italia.; Céramique arétine.; Céramique arétine--Catalogues.",https://pleiades.stoa.org/places/1052,,0,,,,,2024-06-06,2024-06-11,European and Classical Antiquity,0.7423500386640646,0.0824833376293405,0.014176823655042898,0.0329933350517362,0.038885002025260525,0.03240416835438376,0.7423500386640646,0.05670729462017159
31154069003661,Book,,NA6015.2.H37 F35 2006,NYU Inst Study Ancient World,Large Collection,9998665327207876,"The pre-Angkorian temple of Preah Ko : a sourcebook of the history, construction and ornamentation of the Preah Ko style /",9744800852; 9789744800855,,"Falser, Michael S., 1973-",White Lotus Press,Bangkok :,[2006],Preah Ko (Hariharalaya)--History.; Hindu architecture--Cambodia--Hariharalaya (Extinct city)--History.; Preah Ko (Hariharalaya); Hindu architecture.; Cambodia--Hariharalaya (Extinct city); History.; Preah Ko.,(OCoLC)fst01871885; https://pleiades.stoa.org/places/615575177,,0,,Bunker,,,2024-06-06,2024-06-06,European and Classical Antiquity,0.5594336264471657,0.16104907428024468,0.04119860039727189,0.06441962971209786,0.07592313501782963,0.08126329436159135,0.5594336264471657,0.016712639783798975
31154069003679,Book,,NK7183.A1 J553 2012,NYU ISAW Offsite,Offsite Collection,9998666829507876,"Silver and gold in ancient China : March 16 to April 14, 2012.",,,,JJ Lally & Co,New York :,©2012.,"J.J. Lally & Co.--Catalogs.; Goldwork, Ancient--China--Exhibitions.; Goldwork--China--Exhibitions.; Silverwork, Ancient--China--Exhibitions.; Silverwork--China--Exhibitions.; J.J. Lally & Co.; Goldwork; Goldwork, Ancient; Silverwork; Silverwork, Ancient; China; Catalogs; Exhibition catalogs; Imperial China.; Orfèvrerie antique--Chine--Expositions.; Orfèvrerie--Chine--Expositions.; Exhibition catalogues.",http://vocab.getty.edu/tgn/8697462,https://id.oclc.org/worldcat/entity/E39PBJdCqh8h6hJY7PT6MQW4bd;,0,,Bunker,,,2024-06-11,2025-02-11,"China, South Asia, & East Asia",0.8038598030224489,0.0446588779456916,0.012560309422225763,0.8038598030224489,0.03445113441524781,0.028709278679373174,0.025519358826109485,0.050241237688903054
31154069003687,Book,,PJ1063 .D3 2019,NYU Inst Study Ancient World,Reference 4 Collection,9998666828707876,Who was who in Egyptology /,0856982423; 9780856982422,,"Dawson, Warren R. 1888-1968, author. (Warren Royal),",The Egypt Exploration Society,London :,[2019],Egyptologists--Biography--Dictionaries.; Egyptologists; Biographies; Dictionaries; Ancient Egypt (region); Égyptologues--Biographies--Dictionnaires anglais.,https://pleiades.stoa.org/places/981503,,0,,,,,2024-06-11,2024-06-18,Egypt & North Africa,0.8574208349866809,0.10391565506421012,0.0,0.0,0.027879809895275887,0.8574208349866809,0.0,0.010783700053833126
31154069003695,Book,,DS559.92.C5 S88 1994,NYU ISAW Offsite,Offsite Collection,9998666828307876,"Sưu tập hiện vật Champa tại Bảo tàng lịch sử Việt Nam, Thành phó̂ Hò̂ Chí Minh = Champa collection, Viet Nam Historical Museum, Ho Chi Minh City.",,,,Bảo tàng lịch sử Việt Nam,TP. Hò̂ Chí Minh :,1994.,"Bảo tàng lịch sử Việt Nam (Ho Chi Minh City, Vietnam)--Catalogs.; Champā (Kingdom)--Antiquities--Catalogs.; Art--Catalogs.; Bảo tàng lịch sử Việt Nam (Ho Chi Minh City, Vietnam); Antiquities; Art; Asia--Champā (Kingdom); Catalogs; 21.52 history of sculpture.; Plastieken.; Bronzen.; Museumcatalogues (form); Champa.; Art--Catalogues.",http://vocab.getty.edu/tgn/7030374,,0,,Bunker,,,2024-06-11,2025-02-11,"China, South Asia, & East Asia",0.775610088668469,0.07051000806076992,0.1011665333045829,0.775610088668469,0.0,0.035578444434333445,0.009817849223651505,0.0073170763081931035
31154069003703,Book,,DS554.42 .C4713 2001,NYU Inst Study Ancient World,Large Collection,9998666828207876,The customs of Cambodia /,9789748298511; 9748298515,,"Zhou, Daguan, active 1297.",Siam Society,Bangkok :,2001.,Cambodia--Civilization.; Civilization; Cambodia; 15.75 history of Asia.; Landeskunde; Quelle; Gebruiken.; Oudheid.; Kambodscha.; Geschichte 1300.; Cambodia.,http://vocab.getty.edu/tgn/1000109,https://id.oclc.org/worldcat/entity/E39PBJg4r3TCfqyp68WTMRDH4q;,0,,Bunker,,,2024-06-11,2024-06-11,"China, South Asia, & East Asia",0.8248377075346985,0.07498524613951804,0.043412510922878865,0.8248377075346985,0.0,0.037836592088747636,0.011146455507225655,0.0077814878069311175
31154069003711,Book,,NK7978.6.C3 Z44 2001,NYU ISAW Offsite,Offsite Collection,9998666828107876,Heaven and empire : Khmer bronzes from the 9th to the 15th centuries /,9789747534931; 9747534932,,"Zefferys, Marlene L.",White Lotus Press,"Bangkok, Thailand :",©2001.,"Art--Cambodia.; Bronzes--Cambodia.; Art, Khmer--Catalogs.; Buddhist bronzes--Cambodia--Catalogs.; Hindu bronzes--Cambodia--Catalogs.; Art; Art, Khmer; Bronzes; Buddhist bronzes; Hindu bronzes; Cambodia; Catalogs; Khmer-kunst.; Brons.; Plastieken.; Khmer (Empire); Bronzes--Cambodge.; Art khmer--Catalogues.; Bronzes bouddhiques--Cambodge--Catalogues.; Bronzes hindous--Cambodge--Catalogues.; Art--Cambodge.",http://vocab.getty.edu/tgn/8711777,https://id.oclc.org/worldcat/entity/E39PBJg4r3TCfqyp68WTMRDH4q;,0,,Bunker,,,2024-06-11,2025-02-11,"China, South Asia, & East Asia",0.8478819103688517,0.052992619398053234,0.013248154849513308,0.8478819103688517,0.02068004659436224,0.030281496798887562,0.02691688604345561,0.00799888594687596
31154069003729,Book,,N7321 .H47 1993,NYU ISAW Offsite,Offsite Collection,9998666828007876,Heritage of Thai culture /,9744250045,,,Fine Arts Dept,[Bangkok] :,[1993],"Art--Thailand.; Art, Thai--Thailand.; Art; Art, Thai; Thailand; 21.81 history of decorative art.; 73.21 manufacture of tools and utensils (ethnology); Applied arts.; Culture.; Thailand.; Art thaïlandais--Thaïlande.; Art--Thaïlande.",(NL-LeOCL)078688000 http://vocab.getty.edu/tgn/1000142,https://id.oclc.org/worldcat/entity/E39PBJcKHdfFMJFcHGFbMGMgKd;,0,,Bunker,,,2024-06-11,2025-02-11,"China, South Asia, & East Asia",0.8456371599025582,0.0,0.0445072189422399,0.8456371599025582,0.03624159256725249,0.03879069540837423,0.026845624123890733,0.00797770905568451
31154069003737,Book,,G93 .I74 v.292 2008,NYU Inst Study Ancient World,Small Collection,9998667229907876,Ottoman ambassadors to Persia and to Europe and their reports : texts and studies /,3829812574; 9783829812573,,,Institute for the History of Arabic-Islamic Science at the Johann Wolfgang Goethe University Frankfurt am Main,Frankfurt :,2008.,Turkey--Foreign relations.; Diplomatic relations; Turkey; Reisebericht; Gesandter; Osmanisches Reich; Iran; Asia Minor.; Iran.; Europe.; Ottoman Empire.; Turkey.,https://pleiades.stoa.org/places/837; http://vocab.getty.edu/tgn/7000231; http://vocab.getty.edu/tgn/1000003; http://vocab.getty.edu/tgn/7024412; https://vocab.getty.edu/tgn/1000144,https://id.oclc.org/worldcat/entity/E39PBJxmHG9jJjCTM3y4pFRqcP;,0,,,,,2024-06-13,2024-06-18,Ancient Western Asia,0.8294342070240842,0.8294342070240842,0.017279879313001754,0.04021499185571317,0.04739624040137624,0.050729920918904235,0.014944760486920436,0.0
31154069003745,Book,,DS392.2.B57 O44 2020,NYU Inst Study Ancient World,Large Collection,9998667229807876,"Ceramics from the excavations in the historic settlement at Bī̄r-Koṭ-Ghwaṇḍai (Barikot) Swat, Pakistan (1984-1992) /",9693533127; 9789693533125,,"Olivieri, Luca Maria, author.",Sang-e-Meel Publications,Lahore :,2020.,Bīr-koṭ-ghwaṇḍai Site (Pakistan)--Antiquities.; Ceramics--Pakistan--Bīr-koṭ-ghwaṇḍai Site.; Excavations (Archaeology)--Pakistan--Bīr-koṭ-ghwaṇḍai Site.; Antiquities; Ceramics; Excavations (Archaeology); Pakistan--Bīr-koṭ-ghwaṇḍai Site; Bazira.,https://pleiades.stoa.org/places/59740,,0,pt.1,,,,2024-06-13,2024-06-18,Ancient Western Asia,0.7140053792236246,0.7140053792236246,0.1583229319148037,0.044138514352005886,0.0,0.05567931856331018,0.016402826279461647,0.011451029666793979
31154069003752,Book,,DS392.2.B57 O44 2020,NYU Inst Study Ancient World,Large Collection,9998667229807876,"Ceramics from the excavations in the historic settlement at Bī̄r-Koṭ-Ghwaṇḍai (Barikot) Swat, Pakistan (1984-1992) /",9693533127; 9789693533125,,"Olivieri, Luca Maria, author.",Sang-e-Meel Publications,Lahore :,2020.,Bīr-koṭ-ghwaṇḍai Site (Pakistan)--Antiquities.; Ceramics--Pakistan--Bīr-koṭ-ghwaṇḍai Site.; Excavations (Archaeology)--Pakistan--Bīr-koṭ-ghwaṇḍai Site.; Antiquities; Ceramics; Excavations (Archaeology); Pakistan--Bīr-koṭ-ghwaṇḍai Site; Bazira.,https://pleiades.stoa.org/places/59740,,0,pt.2,,,,2024-06-13,2024-06-18,Ancient Western Asia,0.7140053792236246,0.7140053792236246,0.1583229319148037,0.044138514352005886,0.0,0.05567931856331018,0.016402826279461647,0.011451029666793979
31154069003760,Book,,NA6015.A53 M4613 2000,NYU Inst Study Ancient World,Oversize Collection,9998667228007876,A guide to the temple of Banteay Srei at Angkor /,9789747534221; 9747534223,,,White Lotus Press,Bangkok :,©2000.,"Banteay Srei Temple (Cambodia); Architecture, Khmer--Cambodia--Angkor (Extinct city); Relief (Sculpture), Khmer--Cambodia--Angkor (Extinct city); Sculpture, Khmer--Cambodia--Angkor (Extinct city); Buddhist temples--Cambodia--Angkor (Extinct city); Angkor (Extinct city)--Buildings, structures, etc.; Angkor Wat (Angkor); Architecture, Khmer; Buddhist temples; Buildings; Relief (Sculpture), Khmer; Sculpture, Khmer; Cambodia--Angkor (Extinct city); 21.70 religious architecture.; Tempels.; Shivaïsme.; Hindoeïstische kunst.; Banteay Srei.; Angkor Wat.; Angkor.; Angkor Vat (Angkor); Architecture khmère--Cambodge--Angkor (Ville ancienne); Relief (Sculpture) khmer--Cambodge--Angkor (Ville ancienne); Sculpture khmère--Cambodge--Angkor (Ville ancienne); Temples bouddhiques--Cambodge--Angkor (Ville ancienne); Angkor (Ville ancienne)--Constructions.",https://pleiades.stoa.org/places/394186381; https://pleiades.stoa.org/places/835369289; https://pleiades.stoa.org/places/531398484;,,0,,Bunker,,,2024-06-13,2024-06-13,"China, South Asia, & East Asia",0.7809727964996978,0.0,0.012202699945307777,0.7809727964996978,0.033470262707129904,0.03582444020640816,0.13016213274994962,0.007367667891506583
31154069003778,Book,,DS554.98.A5 D86 1988,NYU Inst Study Ancient World,Oversize Collection,9998667227907876,Documents graphiques de la conservation d'Angkor : 1963-1973 /,9782855395456; 2855395453,,"Dumarçay, Jacques.",Ecole française d'Extrême-Orient,Paris :,1988.,"Tombs--Cambodia--Angkor (Extinct city); Angkor (Extinct city)--Buildings, structures, etc.--Conservation and restoration.; Excavations (Archaeology)--Cambodia.; Architecture--Conservation and restoration--Cambodia--Angkor (Extinct city); Architecture--Conservation and restoration; Excavations (Archaeology); Tombs; Cambodia; Cambodia--Angkor (Extinct city); 15.30 archaeology: general.; Necropolen.; Opgravingen.; Grafgiften.; Reports (form); Maps (form); Pictorial works (form); Angkor.; Srah Srang.; Fouilles archéologiques--Cambodge--Angkor (ville ancienne); Dessin d'architecture--Cambodge--Angkor (ville ancienne); Tombes--Cambodge--Angkor (ville ancienne); Architecture--Conservation et restauration--Cambodge--Angkor (ville ancienne); Angkor (ville ancienne); Angkor (ville ancienne)--Dessins et plans.; Tombeaux--Cambodge--Angkor (Ville ancienne); Fouilles (Archéologie)--Cambodge.; Architecture--Conservation et restauration--Cambodge--Angkor (Ville ancienne); Angkor (Ville ancienne)--Constructions--Conservation et restauration.",https://pleiades.stoa.org/places/531398484; https://pleiades.stoa.org/places/100487408;,https://id.oclc.org/worldcat/entity/E39PBJg4r3TCfqyp68WTMRDH4q;,0,,Bunker,,,2024-06-13,2024-06-13,"China, South Asia, & East Asia",0.7607147705259989,0.06915588822963627,0.09922366572078246,0.7607147705259989,0.018554018793317046,0.03489517295990821,0.010279929331432418,0.007176554438924518
31154069003786,Book,,DS554.4 .L86 2001,NYU ISAW Offsite,Offsite Collection,9998667227807876,Inventaire descriptif des monuments du Cambodge.,,,"Lunet de Lajonquière, E. 1861- (Etienne),",CEDORECK Centre de documentation et de recherche sur la civilisation khmère,Phnom Penh :,2001-2003.,Monuments--Cambodia.; Inscriptions--Cambodia.; Cambodia--Antiquities.; Antiquities; Inscriptions; Monuments; Cambodia; Cambodia.; Monuments--Cambodge.; r--z--Monuments--Cambodia.; v--z--Inscriptions--Cambodia.,http://vocab.getty.edu/tgn/1000109,https://id.oclc.org/worldcat/entity/E39PBJg4r3TCfqyp68WTMRDH4q;,0,t.1,Bunker,,,2024-06-13,2025-02-11,"China, South Asia, & East Asia",0.6835773694737902,0.09942943555982403,0.14265962493366055,0.6835773694737902,0.0,0.05017081610816809,0.013844604951367903,0.010318148973189285
31154069003794,Book,,DS554.3 .R425 1994,NYU ISAW Offsite,Offsite Collection,9998667227707876,Recherches nouvelles sur le Cambodge /,9782855396002; 285539600X,,,École française d'Extrême-Orient,Paris :,1994.,Cambodia; 18.90 other Asiatic languages.; 21.62 history of architecture.; Geschichte; Khmer; Kunst; Religiöse Literatur; Sprache; Vor- und Frühgeschichte; Kambodscha; Aufsatzsammlung; Khmer (taal); Taalkunde.; Letterkunde.; Bouwkunst.; Études et enseignement--Cambodge.; Khmer (langue); Cambodge--Civilisation.; Cambodge--Histoire.; Kambodscha.; Khmer.; Cambodia.; Aufsatzsammlung.,http://vocab.getty.edu/tgn/1000109,https://id.oclc.org/worldcat/entity/E39PBJg4r3TCfqyp68WTMRDH4q;,0,,Bunker,,,2024-06-13,2025-02-11,"China, South Asia, & East Asia",0.43157152847275554,0.21578576423637777,0.14601336095136105,0.43157152847275554,0.0,0.10888272507340163,0.07535375893968747,0.02239286232641656
31154069003802,Book,,DS554.98.A5 S73 2009,NYU ISAW Offsite,Offsite Collection,9998667227507876,Angkor /,0711230447; 9780711230446,,"Stanford, David.",Frances Lincoln,London :,2009.,Angkor (Extinct city)--Guidebooks.; Angkor (Extinct city)--Pictorial works.; Cambodia--Angkor (Extinct city); Guidebooks; Illustrated works; Angkor.; Angkor (Ville ancienne)--Guides.; Angkor (Ville ancienne)--Ouvrages illustrés.,https://pleiades.stoa.org/places/531398484;,,0,,Bunker,,,2024-06-13,2025-02-11,"China, South Asia, & East Asia",0.8453200131939224,0.07684727392672022,0.019658604957998194,0.8453200131939224,0.0,0.03877614739421662,0.011423243421539492,0.007974717105603041
31154069003810,Book,,DS556.4 .C62 2003,NYU ISAW Offsite,Offsite Collection,9998667227407876,Cổ vật Việt Nam = Vietnamese antiquities /,,,,Bảo tàng lịch sử Việt Nam; Bộ văn hóa-thông tin Cục bảo tồn bảo tàng,Hà Nội :,2003.,"Vietnam--Antiquities--Catalogs.; Art, Vietnamese--Catalogs.; Antiquities; Art, Vietnamese; Vietnam; Catalogs; Viet Nam.; Viêt-nam--Antiquités--Catalogues.; Art vietnamien--Catalogues.",http://vocab.getty.edu/tgn/1000145;,https://id.oclc.org/worldcat/entity/E39PBJjhFyhTBdYgGbRpV6YwYP;,1,,Beningson,,,2024-06-13,2025-02-11,"China, South Asia, & East Asia",0.729763755510841,0.045610234719427566,0.18244093887771026,0.729763755510841,0.0,0.02606299126824432,0.009237515892542292,0.006884563731234349
31154069003828,Book,,NB1910 .P27 2001,NYU ISAW Offsite,Offsite Collection,9998667227307876,"Cham sculpture of the Tourane Museum, Da Nang, Vietnam : religious ceremonies and superstitions of Champa /",9789747534702; 9747534703,,"Parmentier, Henri.",White Lotus Press,"Bangkok, Thailand :",©2001.,"Musée de Tourane (Đà Nẵng, Vietnam); Sculpture, Cham--Vietnam.; Art, Cham--Vietnam.; Vietnam--Antiquities.; Cham (Southeast Asian people)--Social life and customs.; Cham (Southeast Asian people)--Rites and ceremonies.; Sculpture, Cham.; Musée de Tourane (Đà Nã̆ng, Vietnam); Antiquities; Cham (Southeast Asian people)--Rites and ceremonies; Cham (Southeast Asian people)--Social life and customs; Sculpture, Cham; Vietnam; 21.52 history of sculpture.; Plastieken.; National Museum of Cham sculpture (Da Nang); Viet Nam.; Champa.; Sculpture cham.; Viêt-nam--Antiquités.; Cham (Peuple d'Asie du Sud-Est)--Mœurs et coutumes.; Cham (Peuple d'Asie du Sud-Est)--Rites et cérémonies.",http://vocab.getty.edu/tgn/1000145; http://vocab.getty.edu/tgn/7030374;,https://id.oclc.org/worldcat/entity/E39PBJjhFyhTBdYgGbRpV6YwYP;,0,,Bunker,,,2024-06-13,2025-02-11,"China, South Asia, & East Asia",0.9006515035242332,0.0,0.020945383802889142,0.9006515035242332,0.0,0.04131428915248776,0.028592111222991528,0.008496712297398425
31154069003836,Book,,DS568 .D45 1993,NYU ISAW Offsite,Offsite Collection,9998668428407876,Development of Thai culture.,9789744250063; 9744250062,,,Fine Arts Dept,[Bangkok] :,1993.,Thailand--Civilization.; Civilization; Thailand; 15.75 history of Asia.; Antiquities.; History (form); Special publications (form); Thailand.; Thaïlande--Civilisation.,(NL-LeOCL)078688000 http://vocab.getty.edu/tgn/1000142;,https://id.oclc.org/worldcat/entity/E39PBJcKHdfFMJFcHGFbMGMgKd;,0,,Bunker,,,2024-06-18,2025-02-11,"China, South Asia, & East Asia",0.7050874342716945,0.08546514354808418,0.12262390161246861,0.7050874342716945,0.0229296726592421,0.043124613716923214,0.011900209861125645,0.008869024330461566
31154069003844,Book,,D117 .F55 1970,NYU ISAW Offsite,Offsite Collection,9998668428307876,The fires of faith /,,,,Newsweek,New York :,[1970],Middle Ages.; Middle Ages; history-world 312-1204.; Europe.; Middle East.; Roman Empire.; Moyen Âge.,http://vocab.getty.edu/tgn/1000003; http://vocab.getty.edu/tgn/7001526; http://vocab.getty.edu/tgn/7030347,,0,,Bunker,,,2024-06-18,2025-02-11,European and Classical Antiquity,0.6895990892087501,0.0,0.02154997153777344,0.0,0.27583963568350006,0.0,0.6895990892087501,0.013011303569976417
31154069003851,Book,,DS559.92.C5 M3713 2002,NYU ISAW Offsite,Offsite Collection,9998668428107876,The Champa Kingdom : the history of an extinct Vietnamese culture /,9789747534993; 9747534991,,"Maspero, Georges, 1872-1942.",White Lotus Press,"Bangkok, Thailand :",©2002.,Champā (Kingdom)--History.; Champā (Kingdom)--Civilization.; Civilization; Asia--Champā (Kingdom); History; 15.75 history of Asia.; Koninkrijken.; Champa.; Champa (Reino)--Historia.; Vietnam--Historia.,http://vocab.getty.edu/tgn/7030374;,,1,,Bunker,,,2024-06-18,2025-02-11,"China, South Asia, & East Asia",0.42121709769612875,0.05105661790256106,0.11232455938563433,0.42121709769612875,0.01369811699824809,0.3888157824887342,0.007589497255786104,0.00529832827290728
31154069003869,Book,,DS554.98.A5 G76 1958,NYU ISAW Offsite,Offsite Collection,9998668428007876,Angkor et le Cambodge au XVIe siècle d'après les sources portugaises et espagnoles /,,,"Groslier, Bernard Philippe, author.",Presses Universitaires de France,Paris :,1958.,Angkor (Extinct city); Cambodia--History.; Cambodia; Cambodia--Angkor (Extinct city); History; Angkor.; 16e siècle; 1431-1594; Récits de voyages espagnols; Récits de voyages portugais; Angkor (Cambodge) - découverte; Cambodia.; Camboya--Historia.; Angkor (Ville ancienne); Cambodge--Histoire.,https://pleiades.stoa.org/places/531398484; (RERO)A010043123 http://vocab.getty.edu/tgn/1000109;,https://id.oclc.org/worldcat/entity/E39PBJg4r3TCfqyp68WTMRDH4q;,0,,Bunker,,,2024-06-18,2025-02-11,"China, South Asia, & East Asia",0.7938220788333412,0.07216564353030375,0.07938220788333412,0.7938220788333412,0.0,0.03641385682721749,0.010727325389639747,0.007488887536163596
31154069003877,Book,,BQ4635 .L56 1999,NYU ISAW Offsite,Offsite Collection,9998668427707876,Ruthless compassion : [wrathful deities in early Indo-Tibetan esoteric Buddhist art] /,9780906026519; 0906026512,,"Linrothe, Robert N., 1951-",Serindia Publications,London :,©1999.,Buddhist gods--India--History.; Tantric Buddhism--India--History.; Tantric-Buddhist sculpture--Asia.; Emotions in art.; Buddhist art and symbolism.; Buddhist art and symbolism; Buddhist gods; Emotions in art; Tantric Buddhism; Tantric-Buddhist sculpture; Asia; India; History; 20.51 Buddhist art.; Buddhismus; Esoterik; Kunst; Indien; Boeddhistische kunst.; Schilderkunst.; Plastische kunst.; Esoterisme.; Goden.; Art tantro-bouddhique--Inde.; Art tantro-bouddhique--Chine--Tibet.; Dieux bouddhiques--Inde.; Dieux bouddhiques--Chine--Tibet.; Dieux bouddhiques--Dans l'art.; Bouddhisme tibétain.; Colère--Dans l'art.; Colère--Aspect religieux--Bouddhisme.; Symbolisme bouddhique.; Art bouddhique.; South Asia.; Tibet.; Dieux bouddhiques--Inde--Histoire.; Bouddhisme tantrique--Inde--Histoire.; Sculpture tantro-bouddhique--Asie.,http://vocab.getty.edu/tgn/7000208; http://vocab.getty.edu/tgn/7001319,https://id.oclc.org/worldcat/entity/E39PBJxMpyjKQ9Jtm3jkjPBgKd; https://id.oclc.org/worldcat/entity/E39PBJmdx47cDXrRhBXHtbvPwC;,0,,Bunker,,,2024-06-18,2026-04-14,"China, South Asia, & East Asia",0.9653310599602158,0.0,0.022449559533958507,0.9653310599602158,0.0,0.0,0.012219380505825517,0.0
31154069003885,Book,,NK7176 .M877 2005,NYU ISAW Offsite,Offsite Collection,9998668427307876,Icons in gold : jewelry of India from the collection of the Musée Barbier-Mueller /,9782850568916; 2850568910,,,Musée Barbier-Mueller; Somogy Art Publishers,Paris : Geneva :,[2005],"Jewelry--India, South--Exhibitions.; Gold jewelry--India--Exhibitions.; Gold jewelry--India.; Gold jewelry; Jewelry; India; South India; Exhibition catalogs; India.; Bijoux--Inde (Sud)--Expositions.; Bijoux en or--Inde--Expositions.; Bijoux en or--Inde.; Exhibition catalogues.",https://pleiades.stoa.org/places/50004,https://id.oclc.org/worldcat/entity/E39PBJmdx47cDXrRhBXHtbvPwC;,0,,Bunker,,,2024-06-18,2025-02-11,"China, South Asia, & East Asia",0.8477134466708259,0.05298209041692662,0.013245522604231655,0.8477134466708259,0.036330576285892535,0.03027548023824378,0.011455587117173323,0.007997296666705905
31154069003893,Book,,NK7423.3 .P37 2005,NYU ISAW Offsite,Offsite Collection,9998668929607876,"Identity, beauty, rank and prestige : necklaces from Sumeria to Hawai'i /",,,"Pastorino, Linda.",Sinkiang Gallery,[New York] :,2005.,Necklaces--Exhibitions.; Necklaces.; Exhibition catalogs.; Colliers--Expositions.,,,0,,Bunker,,,2024-06-20,2025-02-11,"China, South Asia, & East Asia",0.5298033385424887,0.13735642110360818,0.008278177164726386,0.5298033385424887,0.30274476488142216,0.0,0.016819153604523452,0.004998144703231026
31154069003901,Book,,DS486.N35 M57 2008,NYU ISAW Offsite,Offsite Collection,9998668828907876,Nālandā /,9788176466325; 8176466328,,"Miśra, Bhāskaranātha.",BR Pub,Delhi :,2008.,"Nālandā Site (India); Nālandā (India)--Civilization.; Buddhist art--India--Nālandā.; Art, Indic--India--Nālandā.; Buddhist architecture--India--Nālandā.; Religious architecture--India--Nālandā.; Idols and images--India--Nālandā.; Buddhist education--India--Nālandā.; Art, Indic; Buddhist architecture; Buddhist art; Buddhist education; Civilization; Idols and images; Religious architecture; India--Nālandā; India--Nālandā Site; Nālanda.",https://pleiades.stoa.org/places/154636892,,0,v.1,Bunker,,,2024-06-20,2025-02-11,"China, South Asia, & East Asia",0.8050475957193415,0.05031547473245884,0.1050062081373054,0.8050475957193415,0.0,0.028751699847119335,0.010879021563774885,0.0
31154069003919,Book,,DS486.N35 M57 2008,NYU ISAW Offsite,Offsite Collection,9998668828907876,Nālandā /,9788176466325; 8176466328,,"Miśra, Bhāskaranātha.",BR Pub,Delhi :,2008.,"Nālandā Site (India); Nālandā (India)--Civilization.; Buddhist art--India--Nālandā.; Art, Indic--India--Nālandā.; Buddhist architecture--India--Nālandā.; Religious architecture--India--Nālandā.; Idols and images--India--Nālandā.; Buddhist education--India--Nālandā.; Art, Indic; Buddhist architecture; Buddhist art; Buddhist education; Civilization; Idols and images; Religious architecture; India--Nālandā; India--Nālandā Site; Nālanda.",https://pleiades.stoa.org/places/154636892,,0,v.2,Bunker,,,2024-06-20,2025-02-11,"China, South Asia, & East Asia",0.8050475957193415,0.05031547473245884,0.1050062081373054,0.8050475957193415,0.0,0.028751699847119335,0.010879021563774885,0.0
31154069003927,Book,,DS486.N35 M57 2008,NYU ISAW Offsite,Offsite Collection,9998668828907876,Nālandā /,9788176466325; 8176466328,,"Miśra, Bhāskaranātha.",BR Pub,Delhi :,2008.,"Nālandā Site (India); Nālandā (India)--Civilization.; Buddhist art--India--Nālandā.; Art, Indic--India--Nālandā.; Buddhist architecture--India--Nālandā.; Religious architecture--India--Nālandā.; Idols and images--India--Nālandā.; Buddhist education--India--Nālandā.; Art, Indic; Buddhist architecture; Buddhist art; Buddhist education; Civilization; Idols and images; Religious architecture; India--Nālandā; India--Nālandā Site; Nālanda.",https://pleiades.stoa.org/places/154636892,,0,v.3,Bunker,,,2024-06-20,2025-02-11,"China, South Asia, & East Asia",0.8050475957193415,0.05031547473245884,0.1050062081373054,0.8050475957193415,0.0,0.028751699847119335,0.010879021563774885,0.0
31154069003935,Book,,NB1015 .D69 2011,NYU Inst Study Ancient World,Large Collection,9998668828807876,The measured art : a proportional analysis of early Khmer sculpture /,9744801719; 9789744801715,,"Dowling, Nancy Scott Hehn.",White Lotus Press,"Bangkok, Thailand :",©2011.,"Sculpture, Khmer.; Sculpture, Khmer; Khmer (Empire); Sculpture khmère.",http://vocab.getty.edu/tgn/8711777,,0,,Bunker,,,2024-06-20,2024-06-20,"China, South Asia, & East Asia",0.7819934915582606,0.0,0.012218648305597822,0.7819934915582606,0.0,0.02792833898422359,0.17048222406174562,0.007377297090172269
31154069003943,Book,,BL315 .M95 1976,NYU ISAW Offsite,Offsite Collection,9998668828707876,Myths /,9780070191938; 007019193X; 070199193X,,,McGraw-Hill Book Company,New York :,[1976],Myth.; Mythology.; mythology (literary genre); myths.; Myth; Mythology; Myths; Myths.; Mythologie; Mythes.; Mythologie.; Mythe.,,,0,,Bunker,,,2024-06-20,2025-02-11,The Caucasus & The Western Steppe,0.612320225230674,0.1422562139424798,0.0,0.05690248557699192,0.06706364371574049,0.07178065841134303,0.049676773122770725,0.612320225230674
31154069003950,Book,,N7314 .V555 2008,NYU Inst Study Ancient World,Large Collection,9998668828607876,Viêt Nam : from myth to modernity /,9810700121; 9789810700126,,,Asian Civilisations Museum,Singapore :,©2008.,"Art, Vietnamese--Exhibitions.; Bronze sculpture--Vietnam--Exhibitions.; Pottery--Vietnam--Exhibitions.; Art, Vietnamese; Bronze sculpture; Pottery; Exhibition catalogs; Kunst; Kultur; Vietnam; Viet Nam.; Art vietnamien--Expositions.; Sculpture en bronze--Viêt-nam--Expositions.",http://vocab.getty.edu/tgn/1000145,https://id.oclc.org/worldcat/entity/E39PBJjhFyhTBdYgGbRpV6YwYP;,0,,Bunker,,,2024-06-20,2024-06-20,"China, South Asia, & East Asia",0.5629957602197496,0.05004406757508885,0.01407489400549374,0.5629957602197496,0.038605423557925685,0.041320789740899054,0.2844610156899787,0.008498049210864144
31154069003968,Book,,PA4037.A5 I55 1985,NYU ISAW Offsite,Offsite Collection,990021673070107876,The Iliad : a commentary /,9780521237093; 0521237092; 9780521281713; 0521281717; 9780521237109; 0521237106; 9780521281720; 0521281725; 9780521237116; 0521237114; 9780521281737; 0521281733; 9780521237123; 0521237122; 9780521281744; 0521281741; 9780521309592; 052130959X; 978052131208,,,Cambridge University Press,Cambridge [England] ; New York :,1985-1993.,"Homer.--Iliad.; Epic poetry, Greek--History and criticism.; Achilles--(Mythological character)--In literature.; Trojan War--Literature and the war.; Epic poetry in Greek--Homer; Greek poetry; Epic poetry",,,0,v.2,Stager,,,2024-06-28,2025-06-05,European and Classical Antiquity,0.9420661715057395,0.0,0.014719783929777179,0.0,0.0,0.04321404456448346,0.9420661715057395,0.0
31154069003976,Book,,HV6507 .B37 2005,NYU Inst Study Ancient World,Small Collection,990011734740107876,Homicide in the biblical world /,9780521834681; 0521834686; 9780521547734; 0521547733,,"Barmash, Pamela, 1966-",Cambridge University Press,"Cambridge, UK ; New York :",2005.,Homicide (Jewish law)--Biblical teaching.; Homicide--Cross-cultural studies.; Electronic books.; Homicide; Homicide (Assyro-Babylonian law); Homicide (Jewish law); Cross-cultural studies; 11.43 Old Testament in relation to other cultures.; Bibel Altes Testament; Mord; Recht; Alter Orient; Moorden.; Wetgeving.; Oude Testament.; Oudheid.; Homicide (Ancient law); Homicide--Biblical teaching.; Levant (region); Homicide (Droit juif)--Enseignement biblique.; Homicide (Droit ancien); Homicide--Études transculturelles.; Homicide (Droit juif); True crime literature.,https://pleiades.stoa.org/places/930907033,,0,,Stager,,,2024-06-28,2024-06-28,Ancient Western Asia,0.7178631916425393,0.7178631916425393,0.017946579791063483,0.041766585695565926,0.04922490456977413,0.041020753808145106,0.03646289227390676,0.09571509221900525
31154069003984,Book,,BS1405.2 .C76 1996,NYU Inst Study Ancient World,Small Collection,990012794720107876,Studies in ancient Yahwistic poetry /,9780802841599; 0802841597,,"Cross, Frank Moore.",William B Eerdmans Pub,"Grand Rapids, MI :",1997.,"Bible. Exodus, XV Criticism, Textual.; Bible. Genesis, XLIX Criticism, Textual.; Bible. Deuteronomy, XXXIII Criticism, Textual.; Bible. Samuel, 2nd, XXII Criticism, Textual.; Bible. Psalms, XVIII Criticism, Textual.; Hebrew poetry, Biblical--History and criticism.; Bible. Exodus, XV; Hebrew poetry, Biblical; Criticism, interpretation, etc.; Bibel Altes Testament; Lyrik; Antigo testamento (história;interpretação); Bíblia (história;interpretação); Levant (region); Bible. Exodus XV Old Testament. Criticism, Textual.; Bible. Genesis XLIX Old Testament. Criticism, Textual.; Bible. Deuteronomy XXXIII Old Testament. Criticism, Textual.; Bible. Samuel, 2nd XXII Old Testament. Criticism, Textual.; Bible. Psalms XVIII Old Testament. Criticism, Textual.; Poésie hébraïque biblique--Histoire et critique.",https://pleiades.stoa.org/places/930907033,,0,,Stager,,,2024-06-28,2024-06-28,Ancient Western Asia,0.9122299128878595,0.9122299128878595,0.0,0.0,0.0,0.046250188726810845,0.03200806711887226,0.009511831266457323
31154069003992,Book,,TP559.M53 M34 2003,NYU Inst Study Ancient World,Small Collection,990009771120107876,Ancient wine : the search for the origins of viniculture /,9780691070803; 0691070806; 0691127840; 9780691127842; 1400849535; 9781400849536,,"McGovern, Patrick E.",Princeton University Press,Princeton :,©2003.,Wine and wine making--Middle East--History.; Viticulture--Middle East--History.; Viticulture; Wine and wine making; Middle East; History; 15.32 prehistoric and protohistoric archaeology.; 49.27 beverages (domestic science); Kultur; Wein; Weinbau; Mittlerer Osten; Naher Osten; Wijnbouw.; Cultuurgeschiedenis.; Wine and wine making--Middle East--To 622.; Drinking customs--Middle East--To 622.; Viticulture--Middle East--To 622.; Middle East--Social life and customs--To 622.; Geschichte; Middle East.; Vin--Moyen-Orient--Histoire.; Viticulture--Moyen-Orient--Histoire.,http://vocab.getty.edu/tgn/7001526,,0,,Stager,,,2024-06-28,2024-06-28,Ancient Western Asia,0.9624539877300614,0.9624539877300614,0.0,0.0,0.0,0.0,0.022110429447852763,0.015435582822085889
31154069004008,Book,,DS554.98.A5 A53 2006,NYU ISAW Offsite,Offsite Collection,9998670929707876,Angkor : göttliches Erbe Kambodschas /,3791360868; 9783791360867; 3791361171; 9783791361178; 3791336975; 9783791336978,,,Prestel,München :,2006.,"Angkor (Extinct city)--Exhibitions.; Sculpture, Khmer--Cambodia--Angkor (Extinct city)--Exhibitions.; Angkor (Extinct city)--Religion--Exhibitions.; Religion; Sculpture, Khmer; Cambodia--Angkor (Extinct city); Exhibition catalogs; Angkor.; Kunst--Angkor--Bonn <2006>--Geschichte 600-1400--Ausstellung; Angkor--Kunst--Geschichte 600-1400--Ausstellung--Bonn <2006>; Angkor (Ville ancienne)--Expositions.; Sculpture khmère--Cambodge--Angkor (Ville ancienne)--Expositions.; Angkor (Ville ancienne)--Religion--Expositions.; Exhibition catalogues.",https://pleiades.stoa.org/places/531398484;,,0,,Bunker,,,2024-06-28,2025-02-11,"China, South Asia, & East Asia",0.8459316133671799,0.0769028739424709,0.019672828217841394,0.8459316133671799,0.0,0.03880420244803578,0.01070799510591367,0.0079804869185583
31154069004024,Book,,G2374.31.G3 A8 2006,NYU ISAW Offsite,Offsite Collection,9998670929607876,The atlas of Cambodia : national poverty and environment maps.,9995081423; 9789995081423,,,Save Cambodia's Wildlife,"Phnom Penh, Cambodia :",2006.,Cambodia--Environmental conditions--Maps.; Cambodia--Economic conditions--Maps.; Cambodia--Social conditions--Maps.; Land use--Cambodia--Maps.; Ecology; Economic history; Land use; Social conditions; atlases.; Atlases; Maps; Atlases.; Atlas.; Cambodia.; Cambodia,http://vocab.getty.edu/tgn/1000109,https://id.oclc.org/worldcat/entity/E39PBJg4r3TCfqyp68WTMRDH4q;,0,,Bunker,,,2024-06-28,2025-02-11,Ancient Western Asia,0.3924815099993088,0.3924815099993088,0.0674577595311312,0.1569926039997235,0.18502699757110272,0.1980411288987338,0.0,0.0
31154069004032,Bound Issue,,DS524 .S68 2004,NYU Inst Study Ancient World,Reference 5 Collection,9998670929507876,"Southeast Asia : a historical encyclopedia, from Angkor Wat to East Timor /",9781576077702; 1576077705; 9781576077719; 1576077713; 9798216016892; 9798216147282,,,ABC-CLIO,"Santa Barbara, Calif. :",©2004.,Southeast Asia--History--Encyclopedias.; Southeast Asia; encyclopedias.; Encyclopedias; History; Encyclopedias.; 5.500.; Südostasien--Geschichte--Wörterbuch; Englisch; Südostasien; Geschichte; Lexikon; Encyclopédies.; Südostasien.; Southeast Asia.; Asie du Sud-Est--Histoire--Encyclopédies.,http://vocab.getty.edu/tgn/7016821;,,0,2004,Bunker,,,2024-06-28,2024-06-28,"China, South Asia, & East Asia",0.7354411375651858,0.06685828523319871,0.14708822751303718,0.7354411375651858,0.0,0.03373583199840302,0.00993839375088089,0.006938123939294206
31154069004040,Book,,DS524 .S68 2004,NYU Inst Study Ancient World,Reference 5 Collection,9998670929507876,"Southeast Asia : a historical encyclopedia, from Angkor Wat to East Timor /",9781576077702; 1576077705; 9781576077719; 1576077713; 9798216016892; 9798216147282,,,ABC-CLIO,"Santa Barbara, Calif. :",©2004.,Southeast Asia--History--Encyclopedias.; Southeast Asia; encyclopedias.; Encyclopedias; History; Encyclopedias.; 5.500.; Südostasien--Geschichte--Wörterbuch; Englisch; Südostasien; Geschichte; Lexikon; Encyclopédies.; Südostasien.; Southeast Asia.; Asie du Sud-Est--Histoire--Encyclopédies.,http://vocab.getty.edu/tgn/7016821;,,0,2004,Bunker,,,2024-06-28,2024-06-28,"China, South Asia, & East Asia",0.7354411375651858,0.06685828523319871,0.14708822751303718,0.7354411375651858,0.0,0.03373583199840302,0.00993839375088089,0.006938123939294206
31154069004057,Book,,DS524 .S68 2004,NYU Inst Study Ancient World,Reference 5 Collection,9998670929507876,"Southeast Asia : a historical encyclopedia, from Angkor Wat to East Timor /",9781576077702; 1576077705; 9781576077719; 1576077713; 9798216016892; 9798216147282,,,ABC-CLIO,"Santa Barbara, Calif. :",©2004.,Southeast Asia--History--Encyclopedias.; Southeast Asia; encyclopedias.; Encyclopedias; History; Encyclopedias.; 5.500.; Südostasien--Geschichte--Wörterbuch; Englisch; Südostasien; Geschichte; Lexikon; Encyclopédies.; Südostasien.; Southeast Asia.; Asie du Sud-Est--Histoire--Encyclopédies.,http://vocab.getty.edu/tgn/7016821;,,0,2004,Bunker,,,2024-06-28,2024-06-28,"China, South Asia, & East Asia",0.7354411375651858,0.06685828523319871,0.14708822751303718,0.7354411375651858,0.0,0.03373583199840302,0.00993839375088089,0.006938123939294206
31154069004065,Book,,BR1720.S48 D45 2023,NYU Inst Study Ancient World,Small Collection,9998670928307876,Shenoute of Atripe and the rise of monastic education in Egypt /,1680534661; 9781680534665; 9781680534672; 168053467X,,"Delhez, Julien, author.",Academica Press,"Washington, DC :",[2023],"Shenute,--Saint,--approximately 348-466.; Coptic Christian saints--Biography.; Ancient Egypt (region); Saints coptes--Biographies.",https://pleiades.stoa.org/places/981503,,0,,,,,2024-06-28,2024-06-28,Ancient Western Asia,0.5010591777404654,0.5010591777404654,0.0,0.0,0.0,0.41935402564115115,0.06135418502944474,0.01823261158893877
31154069004073,Book,,NB960 .E53 2009,NYU ISAW Offsite,Offsite Collection,9998670928107876,Collection vérité : sculptures d'Asie.,2952948046; 9782952948043,,Enchères Rive Gauche (Firm),Enchères Rive Gauche,Paris :,2009.,"Vérité, Paul--Art collections--Catalogs.; Enchères Rive Gauche (Firm)--Catalogs.; Sculpture, Asian--Catalogs.; Art auctions--France--Paris--Catalogs.; Art auctions; Art--Private collections; Sculpture, Asian; France--Paris; catalogs (documents); Catalogs; Catalogs.; Catalogues.; East Asia.; Southeast Asia.; South Asia.; Sculpture asiatique--Catalogues.; Catalogues de vente--France--Paris.",http://vocab.getty.edu/tgn/7031110; http://vocab.getty.edu/tgn/7016821; http://vocab.getty.edu/tgn/7000208,https://id.oclc.org/worldcat/entity/E39QbtfRkKTXcHQJ477vgbjTxc;,0,,Bunker,,,2024-06-28,2025-02-11,"China, South Asia, & East Asia",0.8606013300787215,0.04781118500437342,0.05614792729910796,0.8606013300787215,0.0,0.0,0.027320677145356236,0.008118880472440769
31154069004081,Book,,HQ756 .B34 1979,NYU Inst Study Ancient World,Small Collection,990025705200107876,And they took themselves wives : the emergence of patriarchy in Western civilization /,9780060603601; 0060603607,,"Bakan, David.",Harper & Row,New York :,©1979.,Families--Biblical teaching; Patriarchy; Patriarchaat (sociologie); Bijbel.; Families--Biblical teaching.; Patriarchy.; Levant (region); Insertions (Provenance); Patriarcat (Sociologie); Familles--Enseignement biblique.,https://pleiades.stoa.org/places/930907033,,0,,,,,2024-06-28,2024-06-28,European and Classical Antiquity,0.8513377272629479,0.10641721590786848,0.02660430397696712,0.01564075285221657,0.0,0.0,0.8513377272629479,0.0
31154069004099,Book,,DS554.98.K37 T73 1997,NYU Inst Study Ancient World,Small Collection,990098420860107876,"Sambaur-Prei-Kuk : monuments d'Içanavarma, 615-628 /",,,"Tranet, Michel.",publisher not identified,[Phnom Penh?] :,[1997-1999],"Kâmpóng Thum (Cambodia : Province)--Antiquities.; Hindu temples--Cambodia--Kâmpóng Thum (Province); Architecture, Khmer--Cambodia--Kâmpóng Thum (Province); Cambodia--History--To 800.; Sambor Prei Kuk (Extinct city); Antiquities; Architecture, Khmer; Hindu temples; Cambodia; Cambodia--Kâmpóng Thum (Province); To 800; History; Sambor Prei Kuk.; Kampong Thom.; Cambodia.; Cambodge--Histoire--Jusqu'à 800.",http://vocab.getty.edu/tgn/6005187; http://vocab.getty.edu/tgn/7000824; http://vocab.getty.edu/tgn/1000109;,https://id.oclc.org/worldcat/entity/E39PBJg4r3TCfqyp68WTMRDH4q; https://id.oclc.org/worldcat/entity/E39PBJqjY9YpjXcctJvwfXPCwC;,0,v.3,Bunker,,,2024-06-28,2024-06-28,"China, South Asia, & East Asia",0.8275810531140837,0.05172381581963023,0.04355689753232019,0.8275810531140837,0.020184903734489848,0.03796243362908641,0.011183527744784916,0.007807368425604563
31154069004107,Book,,TN427.G4 A94 1997,NYU ISAW Offsite,Offsite Collection,9998670928007876,Ashanti gold : the African legacy of the world's most precious metal /,9781840281163; 1840281162; 9781840282757; 1840282754; 9781840281194; 1840281197,,"Ayensu, Edward S.",Marshall; Ashanti Goldfields,"Accra, Ghana : London :",1997.,Ashanti Goldfields Co.--History.; Gold mines and mining--Ghana--History.; Ashanti Goldfields Co.; Gold mines and mining; Ghana; History; Goldschmiedekunst; Aschanti.; Ghana.; Sub-Saharan Africa.; Or--Mines et extraction--Histoire.--Ghāna,http://vocab.getty.edu/tgn/1000166;,https://id.oclc.org/worldcat/entity/E39PBJrwWdFrtwYQThrFvRGJXd; https://www.wikidata.org/entity/Q132959,0,,Bunker,,,2024-06-28,2025-02-11,Cross-Cultural Studies & Other,0.3385459338154098,0.0,0.12342820503686817,0.28725109535852955,0.3385459338154098,0.0,0.25077476578919244,0.0
31154069004115,Book,,NB1002 .P27 2011,NYU ISAW Offsite,Offsite Collection,9998670927807876,The elegant image : bronzes from the Indian subcontinent in the Siddharth K. Bhansali collection /,0894941151; 9780894941153; 9380581076; 9789380581071,,"Pal, Pratapaditya.",Exclusively distributed by Variety Book Depot; New Orleans Museum of Art; Marg Foundation,Mumbai : New Orleans : New Delhi :,2011.,"Bhansali, Siddharth K.--Art collections--Catalogs.; Bronze sculpture, Indic--Catalogs.; Sculpture, Ancient--India--Catalogs.; Gods in art--Catalogs.; Goddesses in art--Catalogs.; Idols and images in art--Catalogs.; Bhansali, Siddharth K.; Art--Private collections; Bronze sculpture, Indic; Goddesses in art; Gods in art; Idols and images in art; Sculpture, Ancient; India; catalogs (documents); Catalogs; Catalogs.; Bronzeplastik; Gottesdarstellung; Sammlung; Indien; Religiöse Kunst; Südasien; India.; Catalogues.; Geschichte.; Sculpture en bronze de l'Inde--Catalogues.; Sculpture antique--Inde--Catalogues.; Dieux dans l'art--Catalogues.; Déesses dans l'art--Catalogues.; Idoles et images dans l'art--Catalogues.; Ausstellung--New Orleans (La.)--2011.",https://pleiades.stoa.org/places/50004,https://id.oclc.org/worldcat/entity/E39PBJmdx47cDXrRhBXHtbvPwC;,0,,Bunker,,,2024-06-28,2025-02-11,"China, South Asia, & East Asia",0.8210140500916309,0.0,0.012828344532681732,0.8210140500916309,0.0,0.029321930360415388,0.1368356750152718,0.0
31154069004123,Book,,BS1192.6 .K84 2003,NYU Inst Study Ancient World,Small Collection,990009333830107876,The God of old : inside the lost world of the Bible /,9780743235846; 0743235843; 9780743235853; 0743235851,,"Kugel, James L.",Free Press,New York :,©2003.,"Bible. Old Testament Criticism, interpretation, etc.; Bible. Old Testament Theology.; Bible. Old Testament; God--Biblical teaching; Theology; Criticism, interpretation, etc.; Oude Testament.; God.; Interpretatie.; Bible Theology.; Bible Criticism, interpretation, etc.; God--Biblical teaching.; Levant (region); Dieu--Enseignement biblique.",https://pleiades.stoa.org/places/930907033,,0,,Stager,,,2024-06-28,2024-06-28,Ancient Western Asia,0.9216688277019297,0.9216688277019297,0.0,0.0,0.0,0.03638166425139196,0.03233925711234841,0.009610250934329951
31154069004131,Book,,BL813.O8 T39 1985,NYU Inst Study Ancient World,Small Collection,990003049510107876,"The cults of Ostia : Greek & Roman gods, imperial cult, oriental gods /",9780890051146; 0890051143,,"Taylor, Lily Ross, 1886-1969.",Ares,Chicago :,1985.,"Cults--Italy--Ostia--History.; Ostia (Italy)--Religion.; Gods, Roman.; Gods, Greek.; Emperor worship--Rome.; Cults; Emperor worship; Gods, Greek; Gods, Roman; Religion; Italy--Ostia; Rome (Empire); History; Greece--Religion--Italy--Ostia.; Rome--Religion--Italy--Ostia.; Ostia (Italy)--Religious life and customs.; Cultes--Italie--Ostie (ville ancienne); Religion grecque--Italie--Ostie (ville ancienne); Religion romaine--Italie--Ostie (ville ancienne); Ostia.; Dieux romains.; Dieux grecs.; Culte impérial--Rome.",https://pleiades.stoa.org/places/422995; http://vocab.getty.edu/tgn/7007023,,0,,Stager,,,2024-06-28,2024-06-28,European and Classical Antiquity,0.7016053983422675,0.08770067479278344,0.02192516869819586,0.05102584715216491,0.060137605572194365,0.06436746773782272,0.7016053983422675,0.013237837704571086
31154069076659,Issue,,DJK24 .A75,NYU Inst Study Ancient World,Oak Collection,990003874770107876,"Archaeology, ethnology & anthropology of Eurasia.",,1563-0110,,Elsevier; Institute of Archaeology and Ethnography SB RAS Press,Novosibirsk :,2000-,Anthropology; Archaeology; Civilization; Ethnology; Eurasia; Periodicals; Periodicals.; Archaeology--Eurasia--Periodicals.; Ethnology--Eurasia--Periodicals.; Anthropology--Eurasia--Periodicals.; Eurasia--Civilization--Periodicals.; Eurasiska etniska grupper.; Eurasia.; 39 -- Ethnography.; 903 -- Archaeology.; (*50) -- Soviet Union.; Science periodicials.,http://vocab.getty.edu/tgn/3000006;,,0,v.52:no.1(2024),,,,2024-06-04,2024-09-12,Central Asia & Siberia,0.5280836364240281,0.0,0.5280836364240281,0.0,0.04526431169348812,0.0,0.013369205985418433,0.4132828458970655
31154069076675,Book,,DS231 .M37 2015,NYU Inst Study Ancient World,Small Collection,9998656415307876,ARABI : Arabs recount Arabia before Islam /,9788891307613; 8891307610; 8891307653; 9788891307651; 8891312908; 9788891312907; 8891318914; 9788891318916; 9788891307637; 8891307637; 9788891312938; 8891312932,,"Mascitelli, Daniele, author.","""L'Erma"" di Bretschneider",Roma :,2015-<2019->,Arabian Peninsula--History--To 622--Sources.; Arabian Peninsula; To 622; Sources; History; 15.75 history of Asia.; Arabian Peninsula--History--To 622.; Arabia.; Arabie (Péninsule)--Histoire--Jusqu'à 622.; Arabie (Péninsule)--Histoire--Jusqu'à 622--Sources.,(NL-LeOCL)078435633 https://pleiades.stoa.org/places/29475;,,0,pt.3,,,,2024-06-11,2024-06-11,Ancient Western Asia,0.8000049403422109,0.8000049403422109,0.11533252000356817,0.03215330860705536,0.0,0.04056036636211113,0.01194886468505436,0.0
31154069076683,Issue,,DS56 .K37,NYU Inst Study Ancient World,Oversize Collection,990034495840107876,Kaskal.,,1971-8608,,SARGON Editrice e Libreria,Padova :,2004-,Middle Eastern philology--Periodicals.; Middle East--Antiquities--Periodicals.; Middle East--Civilization--To 622--Periodicals.; Antiquities; Civilization; Middle Eastern philology; Middle East; To 622; Periodicals; Middle East.,http://vocab.getty.edu/tgn/7001526,,0,v.20(2023),,,,2024-06-20,2024-06-20,Ancient Western Asia,0.7262227797228002,0.7262227797228002,0.1515595366378018,0.04225296172932656,0.0,0.053300754475067914,0.015702114156168654,0.010961853278834722
