call_number,category,date_acquired,title,id,author,correction_date,correction_source
N7343.24 .S59 2017,"China, South Asia, & East Asia",,Six Dynasties art from the Norman A,,,,
NK4165.2 .L58 2016,"China, South Asia, & East Asia",,彩陶与青铜的对话,,,,
GN776.2.G86 S82 1983,The Caucasus & The Western Steppe,,Памятники кул'туры Гумел'ница Юго-Запада Украины,,,,
DS793.S5 L823 2014,"China, South Asia, & East Asia",,陕北史城研究=On the history of fortifications in northern Shaanxi,,,,
RS79.D563 R53 1985,European and Classical Antiquity,,Dioscorides on pharmacy and medicine,,,,
GN824.Y8 T44 1971,The Caucasus & The Western Steppe,,Очерки древней истории и археологии Юго-Осетии,,,,
DS156.A48 S36 1931,Ancient Western Asia,,The alphabet: its rise and development from the Sinai inscriptions,,,,
DS793.S62 X54 2016,"China, South Asia, & East Asia",,"新疆文物保护研究论文集, v",,,,
P945 .F75 1960,Ancient Western Asia,,"Hethitisches Elementarbuch, T",,,,
DK509 .L47 2008 Non-circulating,The Caucasus & The Western Steppe,2009-02-19T00:00:00.000000,The Maikop treasure /,,,,
B187.5 .P49 2017,European and Classical Antiquity,,Physiologia: topics in Presocratic philosophy and its reception in antiquity,,,,
PJ4045. V53 2016,Ancient Western Asia,,The reception of Sumerian literature in the Western periphery,,,,
BQ6345.T353 W36 2016,"China, South Asia, & East Asia",,北齐徐显秀墓壁画保护修复研究,,,,
DS324.K47 G76 1995 Non-circulating,Central Asia & Siberia,2011-07-15T00:00:00.000000,"Archäologische Forschungen in Khorasan, Iran /",,,,
DS110.A76 S73 1991,Ancient Western Asia,,Ashkelon discovered: from Canaanites and Philistines to Romans and Moslems,,,,
GN778.22.M629 D47 1975,The Caucasus & The Western Steppe,,Бронзовые предметы ХIII-VIII [и,,,,
DF573.5 .S513 1986,European and Classical Antiquity,,The History of Theophylact Simocatta: an English translation with introduction and notes,,,,
DK651.M67 N334 1996. From the Library of Aleksandr Leskov,The Caucasus & The Western Steppe,,Kurgane der Mozdok-Steppe in Nordkaukasien,,,,
HQ1134 .S77 1988,European and Classical Antiquity,,Kvinnor i antikens Grekland,,,,
P945.A2 G7635 2008,Ancient Western Asia,,Hethitische Texte in Transkription KBo 50,,,,
NA1492.7 .S25 1985,The Caucasus & The Western Steppe,,Azărbai̐jan me'marlyghynyn nakhchyvan măktăbi abidălări,,,,
PK6958.5 .D8 1976,The Caucasus & The Western Steppe,,Осетинский эпос и мифология,,,,
SB202.G7 W38 2007,European and Classical Antiquity,,"Water meadows: history, ecology and conservation",,,,
DC801.C74 F38 1981,European and Classical Antiquity,,Conques,,,,
DA670.C2 M33 2001,European and Classical Antiquity,,"Monument 97, Orton Longueville, Cambridgeshire: a Late Pre-Roman Iron Age and Early Roman farmstead",,,,
DS328 .G73 1980,Central Asia & Siberia,,Древние кoчевники в центрe Aзии,,,,
PA3343 .M39 2007,Egypt & North Africa,,Annotations in Greek and Latin texts from Egypt,,,,
CJ407 .B44 1963,European and Classical Antiquity,,Essays on the coinage of Alexander the Great,,,,
DF220 .B713 1973,European and Classical Antiquity,,"Prehistoric Greece and Cyprus: an archaeological handbook,",,,,
BR63 .P374 1974,The Caucasus & The Western Steppe,,Paterica armeniaca a P,,,,
DS66 .Q37 1991,Ancient Western Asia,,Quattro studi ittiti,,,,
DS798.9.T67 B87 2016,"China, South Asia, & East Asia",,Древние тюрки Монголии: реконструкция антропологического состава по данным скульптурных изображений,,,,
CT1827.5.L58 L54 2016,"China, South Asia, & East Asia",,隋唐河东柳氏家族研究:以世系、迁移、婚宦、家族文化为中心,,,,
DK34.S3 M25 1983,The Caucasus & The Western Steppe,,Савроматы и сарматы на Нижнем Дону,,,,
PA3339 .I5 2013 v.1-3,Egypt & North Africa,,Proceedings of the 27th International Congress of Papyrology,,,,
QC84 .N86 2024,Cross-Cultural Studies & Other,2025-12-18,"Numbers, measures, and the transfer of goods in prehistory /",,,,
BT21 .H27 1957,European and Classical Antiquity,,Outlines of the history of dogma,,,,
PL2447 .L5323 2015,"China, South Asia, & East Asia",,战国简帛字迹研究:以上博简为中心,,,,
DS154.9.P43 M35 2003,Ancient Western Asia,,The military architecture of Jordan during the Middle Bronze Age: new evidence from Pella and Rukeis,,,,
DK508.425.S39 K87 1991,The Caucasus & The Western Steppe,,Kурганы Степной Скифии: сборник научных трудов,,,,
DS793.T8 X53 2016,"China, South Asia, & East Asia",,敦煌石窟供养人研究述评=The research review on the donors of Dunhuang grottoes,,,,
BM487 .M27 1964,Ancient Western Asia,,The Dead Sea scrolls; a college textbook and a study guide,,,,
BL2005 .F56 1989,"China, South Asia, & East Asia",,An archaeological history of religions of Indian Asia,,,,
NA2790 .C37 1997,Cross-Cultural Studies & Other,,Las casas del alma: maquetas arquitectónicas de la antigüedad[5500 a,,,,
DT83 .G45 1987,Egypt & North Africa,,"Egyptian oases: Baḥariya, Dakhla, Farafra, and Kharga during Pharaonic times",,,,
BL310 .K7 1938,Cross-Cultural Studies & Other,,La genèse des mythes,,,,
PA3323 .L34 2017,Egypt & North Africa,,"Land and taxes in Ptolemaic Egypt: an edition, translation and commentary for the Edfu land survey (P",,,,
DK72 .D74 1985,The Caucasus & The Western Steppe,,"Древняя Русь: гoрод, зaмoк, сeлo",,,,
DK511.C2 R494 2000,The Caucasus & The Western Steppe,,Das frühbronzezeitliche Gräberfeld von Klady und die Majkop-Kultur in Nordwestkaukasien,,,,
DK511.K6 K83 1993,The Caucasus & The Western Steppe,,Вторая Кубанская археологическая конференция: тезисы и доклады,,,,
DK511.C2 A678 2013,The Caucasus & The Western Steppe,,"III ""Анфимовские чтения "" по археологии Западного Кавказа: памятники раннего христианства на Западном Кавказе к 1025-летию крещения Руси (г",,,,
DS6 .F3 1996,"China, South Asia, & East Asia",,"Travels of Fah-Hian and Sung-Yun, Buddhist pilgrims, from China to India (400 A",,,,
ND2849.S47 D66 2016,"China, South Asia, & East Asia",,"山西古代寺观,墓室壁画精品集萃=The brilliance of murals ancient tombs & temples in Shan xi",,,,
CB9 .E53 1988 Non-circulating,Cross-Cultural Studies & Other,2009-09-01T00:00:00.000000,The encyclopedia of ancient civilizations /,,,,
DS110.5 .R6 1930,Egypt & North Africa,,"The sarcophagus of an ancient civilization: Petra, Edom and the Edomites",,,,
DS80.3 .D86 1937,Ancient Western Asia,,"Fouilles de Byblos, t",,,,
N7342 .F87 2015,"China, South Asia, & East Asia",,From this life to eternity,,,,
BL687 .C67 2004,European and Classical Antiquity,,"Saturnia tellus: definizioni dello spazio consacrato in ambiente etrusco, italico, fenicio-punico, iberico e celtico : atti del Convegno internazionale svoltosi a Roma dal 10 al 12 novembre 2004",,,,
DS99.H25 S776 2014,Ancient Western Asia,,"Ausgrabungen in Habuba Kabira, Bd",,,,
NB1047.C48 T536 2016,"China, South Asia, & East Asia",,田野、实践与方法:美术考古与大足学研究,,,,
PL2464.Z6 F54 2015,"China, South Asia, & East Asia",,The Duke of Zhou Changes: a study and annotated translation of the Zhouyi周易,,,,
PJ4054.D8 H55 1998,Ancient Western Asia,,Drehem administrative documents from the reign of Šulgi,,,,
PL2447 .S86 2015,"China, South Asia, & East Asia",,"清華簡""繫年""初探",,,,
DT73.B375 B48 2011,Egypt & North Africa,,"Berenike 2008-2009: report on the excavations at Berenike, including a survey in the Eastern Desert",,,,
CD6173 .S84 2016,"China, South Asia, & East Asia",,中国玺印篆刻通史=Zhongguo xinyin zhuanke tongshi,,,,
BQ634 .T73 1987,"China, South Asia, & East Asia",,"宋高僧傳, v",,,,
Z3461 .N56 1919,The Caucasus & The Western Steppe,,"Armenia and the Armenians; a list of references in the New York Public Library,",,,,
PA3304 .S25 1996,Egypt & North Africa,,"Papyri Bodeleianae I, v",,,,
KL147 .W75 2017,Cross-Cultural Studies & Other,,Writing laws in antiquity = L'écriture du droit dans l'antiquité,,,,
DG70.P7 C6268,European and Classical Antiquity,,The small finds and vessel glass from Insula VI,,,,
ND2552 .Z48 2016,"China, South Asia, & East Asia",,嘉峪关新城魏晋墓砖壁画保护研究,,,,
DS731.S63 I58 2014,"China, South Asia, & East Asia",,"粟特人在中国:考古发现与出土文献的新印证 =Sogdians in China : New Evidence in Archaeological Finds and Unearthed Texts,v",,,,
DK508.9.B57 I87 1980 Non-circulating,The Caucasus & The Western Steppe,2013-11-18T00:00:00.000000,Issledovanii͡a po antichnoĭ arkheologii I͡Ugo-Zapada Ukrainskoĭ SSR :,,,,
DS715 .Q36 1997,"China, South Asia, & East Asia",,全国考古新发现精品展=Exhibition of gems : new finds in field archaeology of China,,,,
PJ1483 .L5 1970,Egypt & North Africa,,Literatur,,,,
ND1043.24 .C454 2000,"China, South Asia, & East Asia",,魏晋南北朝绘画史,,,,
DS797.56.Y365 Y36,"China, South Asia, & East Asia",2025-12-04,Yangzhou kao gu fa xian yu yan jiu /,,,,
DS795.15 .D334 2015,"China, South Asia, & East Asia",,大葆台汉墓文物= Cultural relics from the Dabaotai Western Han mausoleum,,,,
HD9490.5.O463 L43 2006,Ancient Western Asia,,"Le maṭrūf, le madras et le beqūf: la fabrication de l'huile d'olive au Liban : essai d'anthropologie des techniques",,,,
DS62 .M478 2015,Ancient Western Asia,,"The ancient Near East in the nineteenth century: appreciation and appropriations, v",,,,
CC79.M47 P47 2017,European and Classical Antiquity,,"Physical barriers, cultural connections: a reconsideration of the metal flow at the beginning of the Metal Age in the Alps",,,,
P945.A2 G76348 2012,Ancient Western Asia,,Hethitische Texte in Transkription KBo 48,,,,
DS796.A55 L53 1951,"China, South Asia, & East Asia",,侯家莊(河南安陽侯家莊殷代墓地),,,,
DS111 .S7313 1982. From the Library of David I. Owen,Ancient Western Asia,,"Material culture of the land of the Bible in the Persian period, 538-332 B",,,,
P945.A2 G76347 2011,Ancient Western Asia,,Hethitische Texte in Transkription KBo 47,,,,
PJ4053 .H37 1912,Ancient Western Asia,,"Sumerian tablets in the Harvard Semitic Museum, pt",,,,
DK34.K45 K35 2014,Central Asia & Siberia,,"Хазария в кросскультурном пространстве: историческая география, крепостная архитектура, выбор веры = Khazarii͡a in Cross-cultural Space: Historical Geography, Fortress Architecture, Choice of Faith",,,,
GN824.T25 M3 1970,Central Asia & Siberia,,Тува в скифское время; уюкская культура,,,,
DS556.4 .Y84 2016,"China, South Asia, & East Asia",,越南义立:冯原文化遗存发掘报告,,,,
GN776.32.C6 D64 2016,"China, South Asia, & East Asia",,东北新石器时代,,,,
DA677.1 .D86 2004,European and Classical Antiquity,,"Pre-Boudican and later activity on the site of the forum: excavations at 168 Fenchurch Street, City of London",,,,
DS797.72.Y578 Y588 2016,"China, South Asia, & East Asia",,沂源文物精粹,,,,
NK4670.7.C6 D36 2016,"China, South Asia, & East Asia",,北朝艺术研究院藏品图录,,,,
DS741.25 .X83 2015,"China, South Asia, & East Asia",,"《繫年》,《春秋》,《竹書紀年》的历史叙事",,,,
ND2849.L6 W37 2015,"China, South Asia, & East Asia",,洛陽兩漢彩畫,,,,
KL147 .J33 2013,Ancient Western Asia,,A comparison of ancient Near Eastern law collections prior to the first millennium BC,,,,
DS110.M33 L5831,Ancient Western Asia,,Masada,,,,
P945 .Z8 1975 Bd.4:pt.1 (Lfg.22-24),Ancient Western Asia,,"Hethitisches Wörterbuch, Bd",,,,
CC1 .A835 Non-circulating,Cross-Cultural Studies & Other,2010-10-08T00:00:00.000000,Art and archaeology newsletter.,,,,
DS66 .P35 2016,Ancient Western Asia,,Diplomazia e propaganda in epoca imperiale ittita: forma e prassi: testo italiano con dettagliata sintesi in tedesco = Diplomatie und Propaganda in hethitischer Grossreichszeit: Form und Praxis: italienischer Text mit ausführlicher deutscher Zusammenfassung,,,,
N2250.P4 S73 1995,Ancient Western Asia,,Meisterwerke im Pergamon- und Bodemuseum,,,,
DK511.I6 V76 2006,The Caucasus & The Western Steppe,,Погребальные памятники эпохи бронзы и раннего железного века равнинной зоны Республики Ингушетия,,,,
CN1160 .C436 2016,"China, South Asia, & East Asia",,長安高陽原新出土隋唐墓誌,,,,
NK3850 .T73 2015,European and Classical Antiquity,,The ceramics industry of Roman Sikyon: a technological study,,,,
PN6297.C45 M895 2016,"China, South Asia, & East Asia",,墓志,,,,
DG988.8 .E224 1990. From the library of David I. Owen,European and Classical Antiquity,,Malta and Gozo,,,,
DS156.A48 S36 1931,Ancient Western Asia,,"Anatolia through the ages: discoveries at the Alishar mound, 1927-29",,,,
CJ1363 .A44 2016,Central Asia & Siberia,,Das Antlitz des Fremden die Münzprägung der Hunnen und Westtürken in Zentralasien und Indien,,,,
DS353 .K67 2014,Ancient Western Asia,,Археология Афганистана в дни мира и дни войны,,,,
DG261 .U85 1976,European and Classical Antiquity,,Юлий Цезарь,,,,
NB1007.P4 G3 1956,"China, South Asia, & East Asia",,Gandhara sculpture in the National Museum of Pakistan,,,,
BL1605.L36 F37 2014,Ancient Western Asia,,Lamaštu: an edition of the canonical series of Lamaštu incantations and rituals and related texts from the second and first millennia B,,,,
"GN2 .F4 vol.24, no.1 Non-circulating",Egypt & North Africa,2008-02-13T00:00:00.000000,Egyptian stelae in Field Museum of Natural History /,,,,
DS69.6 .P78 2016,Ancient Western Asia,,The provincial archaeology of the Assyrian Empire,,,,
NK7983 .S47 1959,"China, South Asia, & East Asia",,盂鼎克鼎,,,,
PJ4075 .S54  v.2 (pt.1)-v.3 (pt.2) 2000,Ancient Western Asia,,Texts from the Yale Babylonian collections,,,,
ND1043.23 .G8 2000,"China, South Asia, & East Asia",,秦汉绘画史,,,,
GN824.C3 C5 1971,The Caucasus & The Western Steppe,,"K дрeвнeй истории Южного Kaвказа, ch",,,,
ND2849.K86 K8 1993,"China, South Asia, & East Asia",,庫車庫木吐拉石窟,,,,
DT92 .P446 2017,Egypt & North Africa,,Die Ptolemäer: im Reich der Kleopatra,,,,
GN824.U6 S47 1972,The Caucasus & The Western Steppe,,Основи археології допущено як підручник для студентів історичних факультетів університетів та педагогічних іститутів,,,,
P945.A2 G7659 2004,Ancient Western Asia,,Hethitische Texte in Transkription KUB 59,,,,
PA3315.P4 P48 2002,Egypt & North Africa,,"The Petra papyri, v",,,,
DS274 .C65 1966,Ancient Western Asia,,"Atti del Convegno sul tema: La Persia e il mondo Greco-Romano; Roma, 11-14 apr",,,,
N8193.A3 N486 2010,"China, South Asia, & East Asia",,Pilgrimage and Buddhist art,,,,
CC75 .B7 1929 Non-circulating,Cross-Cultural Studies & Other,2013-07-31T00:00:00.000000,How to observe in archaeology :,,,,
P945.A2 G76349 2013,Ancient Western Asia,,Hethitische Texte in Transkription KBo 49,,,,
DS691.3.B353 A97 1964,The Caucasus & The Western Steppe,,Azărbai̐jan Tarikhi Muzei̐i = Muzeĭ istorii Azerbaĭdzhana = Museum of History of Azerbaijan = Musee de L'histoire d'Azerbaidjan = Museum fur Geschichte von Aserbaidshan = Mathaf tarikh Adharbaijan /,31154069077012.0,"Azärbaycan Tarixi Muzeyi (Baku, Azerbaijan)",2026-01-28,corrections_2026-01-28.csv
DS554.36 .A913 1999,"China, South Asia, & East Asia",,"Khmer heritage in the old Siamese provinces of Cambodia with special emphasis on temples, inscriptions, and etymology",,,,
DK508.9.T53 I45 1975,The Caucasus & The Western Steppe,,Раннескифские курганы бассейна р,,,,
GN855.C35 C37 2017,The Caucasus & The Western Steppe,,Transcaucasian bronze belts,,,,
DS748.44.F464 B45 2015,"China, South Asia, & East Asia",,北燕冯素弗墓= Feng Sufu couple's tombs of the Northern Yan,,,,
GT3283.A2 L582 2015,"China, South Asia, & East Asia",,冥界的秩序:中国古代墓葬制度概论,,,,
BS440 .A54 1992,Ancient Western Asia,,"The Anchor Bible dictionary, v",,,,
DS797.28.D864 G865 2016,"China, South Asia, & East Asia",,敦煌莫高窟第454窟研究,,,,
CN62.W67 A36 1964,European and Classical Antiquity,,"Adolf Wilhelm, 1864-1950: zum Gedenken an die 100",,,,
P1035 .U53 2017,European and Classical Antiquity,,Understanding relations between scripts: the Aegean writing systems,,,,
B128.C8 L8 2010,"China, South Asia, & East Asia",,Confucius: his life and legacy in art,,,,
DG209 .J652 1968,European and Classical Antiquity,,"A history of Rome through the fifth century, v",,,,
DK34.S4 F43 1994,The Caucasus & The Western Steppe,,Памятники скифской эпохи Приднeпровской тeррaсовой лесостeпи,,,,
N6250 .B965 2012,Ancient Western Asia,,"Byzantium and Islam: age of transition, 7th-9th century",,,,
DS156.Y37 B37 1982,Ancient Western Asia,,Yassı Ada: a seventh-century byzantine shipwreck,,,,
BM487 .A1 1950,Ancient Western Asia,,The Dead Sea scrolls of St,,,,
Z6605.A7 C685 1994. From the Library of Nina Garsoïan,The Caucasus & The Western Steppe,,Catalogue of the Armenian manuscripts in the Cambridge University Library,,,,
DK771.K76 V33 1981 Non-circulating,Central Asia & Siberia,2013-01-16T00:00:00.000000,Skazy o drevnikh kurganakh /,,,,
DS154.9.K487 W47 2016,Ancient Western Asia,,A gem of a small Nabataean temple: excavations at Khirbet et-Tannur in Jordan,,,,
HT114 .L5813 2016,Ancient Western Asia,,Imagining Babylon: the modern story of an ancient city,,,,
N7343.22 .L58 2007,"China, South Asia, & East Asia",,美术考古与古代文明=Meishu kaogu yu gu dai wen ming,,,,
DK508.3 .M38 1982,The Caucasus & The Western Steppe,,Материалы по хронологии археологических памятников Украины: сборник научных трудов,,,,
GN778.28 .C48 1989,The Caucasus & The Western Steppe,,Древняя металлургия Северной Евразии: сейминско-турбинский феномен,,,,
NK4167.22 .P69 2009,"China, South Asia, & East Asia",,The power of Dogu: ceramic figures from ancient Japan,,,,
HN10.R7 S59 2018,European and Classical Antiquity,,Social interactions and status markers in the Roman world,,,,
ND2849.D86 F36 2003,"China, South Asia, & East Asia",,"敦煌鉴赏:精选50窟,莫高窟・榆林窟・西千佛洞",,,,
BL975.S38 R34 1985,Cross-Cultural Studies & Other,,Модель мира скифской культуры: проблемы мировоззрения ираноязычных народов евразийских степей И тысячелетия до н,,,,
NB1046.S62 M46 1987,"China, South Asia, & East Asia",,新疆古代雕塑輯佚,,,,
N7336 .N48 1979,"China, South Asia, & East Asia",,Treasures from the Metropolitan Museum of Art,,,,
PJ1571 .L67 2009,Egypt & North Africa,,Le papyrus dramatique du Ramesseum: études des structures de la composition,,,,
DS56 .R46 2009,Ancient Western Asia,,"La famille dans le Proche-Orient ancien: réalités, symbolismes, et images : proceedings of the 55th Rencontre assyriologique internationale at Paris, 6-9 July 2009",,,,
BX342.9.E8 O78 1957,European and Classical Antiquity,,Un office byzantin d'exorcisme: (ms,,,,
DS66 .D48 2006,Ancient Western Asia,,Ḫattuša-Boğazköy: das Hethiterreich im Spannungsfeld des Alten Orients : 6,,,,
CD5344 .G968 2008,Ancient Western Asia,,Great-commander (vuzurg-framadār) and Court counsellor (dar-andarzbed) in the Sasanian empire (224-651): the sigillographic evidence,,,,
DK511.D54 S83 1981,The Caucasus & The Western Steppe,,Стeпнoe Пoднeпрoвьe в бронзовом и раннем железном веках: сбoрник нaучных трудов : издается с 1977 г,,,,
CN753.P19 R6 1992,Egypt & North Africa,,"Rock inscriptions and graffiti project: catalogue of inscriptions, v",,,,
PJ5208.A2 A54 1993,Egypt & North Africa,,Ancient Aramaic and Hebrew letters,,,,
Game Lions,Ancient Western Asia,2025-12-11,Lions of Lydia /,,,,
PJ6305 .C513 1967,Ancient Western Asia,,A grammar of the Arabic language,,,,
DS110.G5 G57 1990,Ancient Western Asia,,"Gezer III: a ceramic typology of the late Iron II, Persian and Hellenistic periods at Tell Gezer, v",,,,
DS715 .W44 1998,"China, South Asia, & East Asia",,文物500期总目索引: (1950,,,,
DS70.63 .B53 2018,Ancient Western Asia,,Euphrat und Tigris im Alten Orient,,,,
N7291 .B4 1980,Central Asia & Siberia,,"Mittelasien, Kunst der Sogden",,,,
PJ4031 .M37 2006,Ancient Western Asia,,LUMMA in the onomasticon and literature of ancient Mesopotamia,,,,
DS22.7 .K773 2001,Central Asia & Siberia,,Золото Чингисидов: культурное наследие Золотой Орды,,,,
PJ1097 .B87 2017,Egypt & North Africa,,Complete Middle Egyptian: a new method for understanding hieroglyphs: reading texts in context,,,,
DS71 .L76 2017,Ancient Western Asia,,Assyria: the imperial mission,,,,
DS793.H6 Z48 1984,"China, South Asia, & East Asia",,"Zhongshan: tombes des rois oubliés : exposition archéologique chinoise du Royaume de Zhongshan : Galeries nationales du Grand Palais, 10 novembre 1984-4 février 1985",,,,
ND2848 .H42 2001,"China, South Asia, & East Asia",,古墓　丹青:汉代　墓室　壁画　的　发现　与　硏究,,,,
PA3315.O83 O86 1898 v. 16 & 58,Egypt & North Africa,,"The Oxyrhynchus papyri, v",,,,
N7343.3 .L8 1981,"China, South Asia, & East Asia",,永泰公主石椁线刻画,,,,
GN778.22.U38 C49 1988,The Caucasus & The Western Steppe,,Хронологія археологічних пам'яток епохи міді-бронзи на території України,,,,
DP402.C522 K44 2000,European and Classical Antiquity,,"Celti (Peñaflor): the archaeology of a Hispano-Roman town in Baetica : survey and excavations, 1987-1992",,,,
DS73.7 .K37 2016,Ancient Western Asia,,Relations of Power in Early Neo-Assyrian State Ideology,,,,
NA3780 .M67 2005,Ancient Western Asia,,Mosaics in Istanbul,,,,
DS715 .Q255 2008,"China, South Asia, & East Asia",,奇迹天工:中国古代发明创造文物展=Exhibition of ancient Chinese inventions artifacts,,,,
NK1069.M356 M356 2000,"China, South Asia, & East Asia",,满城汉墓= Han tombs in Mancheng county: cream of Cultural Relics of Hebei Province,,,,
DS797.44.X534 X67 2016,"China, South Asia, & East Asia",,淅川赵杰娃墓地=Zhaojiewa cemetery in Xichuan county,,,,
CJ536.M4 N6 1984,European and Classical Antiquity,,"The coinage of Metapontum, parts 1 and 2",,,,
DG97 .L35 2018,European and Classical Antiquity,,Latrinae: Roman toilets in the northwestern provinces of the Roman Empire,,,,
DT73.A75 R85 2011,Egypt & North Africa,,A prosopography of Byzantine Aphrodito,,,,
PA3315.H475 G38 1994,Egypt & North Africa,,Un codex fiscal hermopolite: (P,,,,
DK511.C2 V57 1972,The Caucasus & The Western Steppe,,Центральный и Северо-восточный Кавказ в скифское время (VII-IV века до н,,,,
DK511.C2 P675 2004,The Caucasus & The Western Steppe,,Проблемы древней истории и культуры северного Кавказа,,,,
PL1077 .C437 2016,"China, South Asia, & East Asia",,"走馬樓吳簡佃田,賦稅詞語研究",,,,
GN778.32.T93 K48 2002,Central Asia & Siberia,,Эпоха бронзы Югo-Зaпaднoгo Tуркменистана,,,,
PJ2195 .K76 1930,Egypt & North Africa,,"Ausgewählte koptische zaubertexte, Bd",,,,
DT60 .D47 2005,Egypt & North Africa,,"Des Néferkarê aux Montouhotep: travaux archéologiques en cours sur la fin de la VIe dynastie et la première période intermédiaire; actes du colloque CNRS-Université Lumière-Lyon 2, tenu le 5-7 juillet 2001",,,,
G90 .H813 1937,Ancient Western Asia,,"Ḥudūd al-ʻĀlam = ""The regions of the world"" : a Persian geography 372 A",,,,
PA3995 .A2 2011,European and Classical Antiquity,,"Claudii Galeni Opera Omnia, t",,,,
CJ391 .T47 1973,European and Classical Antiquity,,An inventory of Greek coin hoards,,,,
R135 .J68 no.27 & 28 (2016),Ancient Western Asia,,"Le journal des médecines cunéiformes, nos",,,,
BL1910. R63 1997,"China, South Asia, & East Asia",,Taoism: growth of a religion,,,,
CJ335 .D18 1967,European and Classical Antiquity,,Greek coins & cities,,,,
GV1611 .N34 1997,European and Classical Antiquity,,Attractive performances: ancient Greek dance : three preliminary studies,,,,
DS797.28.D864 Z635 2014,"China, South Asia, & East Asia",,专家讲敦煌,,,,
DS156.P8 C54 2016,Ancient Western Asia,,"Mитридaт Вeликий, ""пoслeдний эллин""",,,,
D59 .R38 2017,Cross-Cultural Studies & Other,,A short history of the ancient world,,,,
DS54.3 .C675 1982,Ancient Western Asia,,"Les rapports de Chypre avec le monde extérieur au passage de l'âge du bronze à l'âge du fer, v",,,,
DS70.5.C43 C43 2016,Ancient Western Asia,,Charax Spasinou: Alexander's lost city in Iraq,,,,
P944 .P6615 2008,Ancient Western Asia,,Völker und Sprachen Altanatoliens,,,,
DA685.P53 D96 2015,European and Classical Antiquity,,"An early Roman fort and urban development on Londinium's eastern hill: excavations at Plantation Place, City of London, 1997-2003",,,,
PJ4025 .S548 1985,Ancient Western Asia,,Testi e segni di Uruk IV: (analisi sintattiche),,,,
DS262.H57 G87 2016,Ancient Western Asia,,"The New Chronology of the Bronze Age Settlement of Tepe Hissar, Iran",,,,
DK511.V65 R827 2014,The Caucasus & The Western Steppe,,История археологического изучения Волжской Булгарии (Х--начало XIII в,,,,
DT73.T248 T45 2000 v.4,Egypt & North Africa,,"Tell Atrib, 1985-1995,vol",,,,
BF1591 .C668 2009,Cross-Cultural Studies & Other,,Contesti magici = Contextos mágicos,,,,
NB1280 .A24 2002,"China, South Asia, & East Asia",,A Freer stela reconsidered,,,,
DK949.K49 A79 2016,Central Asia & Siberia,,Хорезм: история открытий и исследований : по материалам архива Хорезмской экспедиции : этнографический альбом,,,,
DS69.5 .C85 2016,Ancient Western Asia,,Cultures and societies in the Middle Euphrates and Habur areas in the second millennium BC,,,,
DS749.42.T34 W46 1983,"China, South Asia, & East Asia",,大唐創業起居注,,,,
CC75.7 .N67 1981 Non-circulating,Cross-Cultural Studies & Other,2012-06-14T00:00:00.000000,Second Nordic conference on the application of scientific methods in archaeology :,,,,
DS715 .J564 2013,"China, South Asia, & East Asia",,夏商周考古学,,,,
NK7983.A1 C4451,"China, South Asia, & East Asia",,Ancient Chinese bronzes in the Shanghai Museum,,,,
DK511.K17 G645 2015,Central Asia & Siberia,,Погребальный обряд Тарасовскoгo могильникa I-V вв,,,,
TP683 .W355 2014,Ancient Western Asia,,Elaion: olive oil production in Roman and Byzantine Syria-Palestine,,,,
CN695.B8 G47 1989,European and Classical Antiquity,,Inscriptiones Latinae in Bulgaria repertae,,,,
HC21 .N66 1981,Cross-Cultural Studies & Other,,Structure and change in economic history,,,,
BJ2007.C56 S86 2002,"China, South Asia, & East Asia",,尊君肃臣:中国古代官礼研究,,,,
KL4709 .G47 1984,Ancient Western Asia,,Texte zum hethitischen Recht: eine Auswahl,,,,
CE73 .P7 1930,Cross-Cultural Studies & Other,,Unser kalender in vergangenheit und zukunft,,,,
DS793.T3 L43 1999,"China, South Asia, & East Asia",,泰山之旅=TAISHANZHILU,,,,
GN824.I4 A39 1963,The Caucasus & The Western Steppe,,Древняя культура саков и усуней долины реки Или,,,,
P958 .L3 1980,Ancient Western Asia,,Glossaire de la langue hourrite,,,,
PJ1680.R3 B3 1956,Egypt & North Africa,,Five Ramesseum papyri,,,,
DS797.28.M35 S86 2016,"China, South Asia, & East Asia",,天水麦积山第127窟研究,,,,
DS71 .B795 2013,Ancient Western Asia,,Alle origini della politica: la formazione e la crescita dello Stato in Siro-Mesopotamia,,,,
NB1043.23 .Q256 2016,"China, South Asia, & East Asia",,汉代陵墓石兽研究,,,,
BS192.2.A1 1964,Ancient Western Asia,,Malachi: a new translation with introduction and commentary,,,,
DK511.V65 D46 2008,Central Asia & Siberia,,Бронзовые котлы древних племен Нижнего Поволжья и Южного Приуралья--V в,,,,
KF2995 .C57 2004,Cross-Cultural Studies & Other,,Complete copyright: an everyday guide for librarians,,,,
SF196.E3 G45 1977,Egypt & North Africa,,Die ökonomische Bedeutung des Rindes im alten Ägypten,,,,
G2308.G3 G36 2000,"China, South Asia, & East Asia",,甘肃旅游交通图册,,,,
B187.N3 H45 2001,European and Classical Antiquity,,Studien zum griechischen Naturbegriff,,,,
NK6407 .G5 1927,European and Classical Antiquity,,Galvanoplastische Nachbildungen mykenischer und kretischer (minoischer) Altertümer,,,,
DS748.7 .P47 2011,"China, South Asia, & East Asia",,北魏史,,,,
BV4207 .E8 1975,The Caucasus & The Western Steppe,,Les plus anciens homéliaires géorgiens: étude descriptive et historique,,,,
DF215 .I7 1972,European and Classical Antiquity,,История Древней Греции: [учебник для студентов ист,,,,
DS797.44.L84 Y36 2012,"China, South Asia, & East Asia",,偃师华润电厂考古报告,,,,
ND2848 .Z45 2016,"China, South Asia, & East Asia",,魏晋南北朝壁画墓研究,,,,
DK909.B47 K89 2014 Non-circulating,Central Asia & Siberia,2015-12-17T00:00:00.000000,Berel zhylqylary. Morfologii͡alyk zeptteu =,,,,
Z6604 .K55 1955,Egypt & North Africa,,Die Papyrussammlung der Österreichischen Nationalbibliothek: mit einem Katalog der ständigen Ausstellung,,,,
GN778.28 .P783 2004,The Caucasus & The Western Steppe,,Псалии: элементы упряжи и конского снаряжения в древности : сборник статей,,,,
NC65.E35 F6 1988,Egypt & North Africa,,Die altägyptische Zeichnung,,,,
CC78.6 .Q5823 2015,"China, South Asia, & East Asia",,14C测年与中国考古年代学研究,,,,
NK6406 .A58 1986,The Caucasus & The Western Steppe,,Античная торевтика: сборник научных трудов,,,,
DK38.7.P56 B67 2008,The Caucasus & The Western Steppe,,Борис Борисович Пиотровский: материалы к биографии,,,,
N5603.I4 H47 2003,European and Classical Antiquity,,A guide to the classical collections of Cornell University,,,,
NB1007.S67 S47 1975,"China, South Asia, & East Asia",,"Hoysaḷa sculptures in the National Museum, Copenhagen",,,,
CC75 .K51 2013,The Caucasus & The Western Steppe,,"Этногенез и археология, t",,,,
BM487 .A1 1955. From the Library of David I. Owen,Ancient Western Asia,,Qumran cave I,,,,
CJ546 .S27 1979,European and Classical Antiquity,,L'hellénisme primitif de la Macédoine prouvé par la numismatique et l'or du Pangée,,,,
DS903 .K99 2000,"China, South Asia, & East Asia",,실크로드와한국문화동방의빛을따라서=A search for the light of the East--Silk road and Korean culture,,,,
DS484.4 .R54 1890,"China, South Asia, & East Asia",,Native life in South India: being sketches of the social and religious characteristics of the Hindus,,,,
DR39.6 .A76 2013,European and Classical Antiquity,,Armées grecques et romaines dans le nord des Balkans,,,,
CJ517 .H64 1978,European and Classical Antiquity,,Art and coinage in Magna Graecia,,,,
NB1042 .E84 1981,"China, South Asia, & East Asia",,"Eskenazi: ancient Chinese sculpture, 11 December-24 December 1981",,,,
BL2441.2 .A75 1986,Egypt & North Africa,,Gods and myths of ancient Egypt,,,,
NK1510 .L48 1963,"China, South Asia, & East Asia",,圖案基础,,,,
DS797.52.C434 G36 2012,"China, South Asia, & East Asia",,湖南楚墓与楚文化,,,,
KJA3340 .R43 2016,European and Classical Antiquity,,Recht haben und Recht bekommen im Imperium Romanum: das Gerichtswesen der Rö̈mischen Kaiserzeit und seine dokumentarische Evidenz: ausgewählte beiträge einer Serie von drei Konferenzen an der Villa Vigoni in den Jahren 2010 bis 2012,,,,
NB1026 .A7713,"China, South Asia, & East Asia",,Art of the archaic Indonesians,,,,
GN865.E3 P39 1993 Non-circulating,Egypt & North Africa,2008-02-06T00:00:00.000000,Catalogue of the Predynastic Egyptian Collection in the Ashmolean Museum /,,,,
PJ2181 .F67 2002,Egypt & North Africa,,Wörterbuch der griechischen Wörter in den koptischen dokumentarischen Texten,,,,
DS69.5 .N28 2018,Ancient Western Asia,,Gli Assiri: storia di una civiltà,,,,
N7382 .K35 1987,Egypt & North Africa,,Coptic Egypt: history and guide,,,,
DK508.3 .K57 1996,The Caucasus & The Western Steppe,,Koczownicy Ukrainy: katalog wystawy,,,,
DK757 .M37 2013,Central Asia & Siberia,,Священные горы Каракольской долины: (левобережная часть) : монография,,,,
DS793.T8 D86 1990,"China, South Asia, & East Asia",,1990敦煌學國際研討會論文集,,,,
DS110.F37 T455 1996,Ancient Western Asia,,"Tell el Farʻah: histoire, glyptique et céramologie",,,,
PJ4139 .R45 1910,Egypt & North Africa,,Israelite ostraca from Samaria,,,,
PA3996.F8 B68 2000,European and Classical Antiquity,,"Galien, t",,,,
CJ548.5.K53 B37 2014,The Caucasus & The Western Steppe,,Бeзлюдoвский клад X в,,,,
NK5750.2.C6 K85 1996,"China, South Asia, & East Asia",,故宮藏玉 =Jade artifact collection in the Palace Museum,,,,
CJ969 .W56 1960,European and Classical Antiquity,,A description of late Roman imperial coins (350-478 A,,,,
HG1283 .W365 1980,"China, South Asia, & East Asia",,Early Chinese coinage,,,,
PJ3721.D78 C36 1996,Egypt & North Africa,,Die mittelassyrischen Briefe aus Tall Šēḫ Ḥamad,,,,
DS70.5.A7 G754 2017,Ancient Western Asia,,"Der Assur-Tempel in Assur: das assyrische Hauptheiligtum im Wandel der Zeit, t",,,,
N7292.6 .A83 1971,The Caucasus & The Western Steppe,,L'Art arménien de l'Ourartou à nos jours,,,,
DT60 .A3495 2002,Cross-Cultural Studies & Other,,Aegyptus et Pannonia II: acta symposii anno 2002,,,,
DK651.A596 A44 1991,The Caucasus & The Western Steppe,,Греческая колонизация Северо-Западного Кавказа,,,,
PA3318.C65 L5 1942,Egypt & North Africa,,Literarische Texte und ptolemäische Urkunden,,,,
NB1912.G38 E43 2009,"China, South Asia, & East Asia",,Emaciated Siddhartha,,,,
NK4565 .H36 2015,"China, South Asia, & East Asia",,安思远旧藏古陶瓷选萃= Selections of Chinese ceramics from the Robert H,,,,
P957 .S38 1974 T.1-T.2/3,Ancient Western Asia,,Die ḫattisch-hethitischen Bilinguen,,,,
BL465 .D59 2014,European and Classical Antiquity,,"Divinizzazione, culto del sovrano e apoteosi: tra antichità e Medioevo",,,,
DS324.K5 V4 2006 Non-circulating,Central Asia & Siberia,2015-01-07T00:00:00.000000,Tārīkh-i Kirmān /,,,,
BR65.C886 F48 1983,Ancient Western Asia,,Miracle et histoire dans l'œuvre de Cyrille de Scythopolis,,,,
DK509 .A66 1991 Non-circulating,The Caucasus & The Western Steppe,2008-07-26T00:00:00.000000,Antichnyĭ mir i varvary Evrazii :,,,,
HD2065 .D67 2016,Ancient Western Asia,,Assyrische Nutzlandschaft in Obermesopotamien natürliche und anthropogene Wirkfaktoren und ihre Auswirkungen,,,,
CC77.U5 B38 1970 Non-circulating,Cross-Cultural Studies & Other,2011-09-26T00:00:00.000000,Archaeology under water /,,,,
DS285 .I68 2012,Ancient Western Asia,,Parthika: Greek and Roman authors' views of the Arsacid Empire = griechisch-römische Bilder des Arsakidenreiches,,,,
DS274.2.B99 C66 2002,Ancient Western Asia,,"Convegno internazionale la Persia e Bisanzio: Roma, 14-18 ottobre 2002",,,,
DS54.3 .K26 1968,Ancient Western Asia,,Chypre,,,,
NK3855.C9 O536 2011,Ancient Western Asia,,"On cooking pots, drinking cups, loomweights and ethnicity in bronze age Cyprus and neighbouring regions: an international archaeological symposium held in Nicosia, November 6th-7th, 2010",,,,
DT73.A53 A54 v.3 2016,Egypt & North Africa,,Ostraka from TrimithisII,,,,
DS70.5.K37 L36 2017,Ancient Western Asia,,Les archives de la princesse Iltani découvertes à Tell al-Rimah (XIIIe siècle avant J,,,,
PJ1511 .J37 2016,Egypt & North Africa,,The Demotic and Hieratic Papyri in the Suzuki Collection of Tokai University,,,,
DK699.5.G85 G85 2016,The Caucasus & The Western Steppe,,Gülüstan türbäsi,,,,
DS62 .P37 2009,Cross-Cultural Studies & Other,,Papers on values and interrelations between Europe and the Near East in antiquity,,,,
GN855.R9 P69 2006,Central Asia & Siberia,,Палеоантропология населения юга Западной Сибири эпохи средневековья: вторая половина И--первая половина II тыс,,,,
DS36.82.G7 R66 2018,Ancient Western Asia,,Romance and reason: Islamic transformations of the classical past,,,,
DS70.5.B37 R43 2015,Ancient Western Asia,,Recherches en Haute-Mésopotamie II: mission archéologique de Bash Tapa (campagnes 2012-2013) et les enjeux de la recherche dans la région d'Erbil,,,,
ND3245.A7 W4 1933,The Caucasus & The Western Steppe,,Die armenische buchmalerei des 10,,,,
CJ75 .G74 1975,European and Classical Antiquity,,Numismatics,,,,
N3320.2 .R85 1982,Cross-Cultural Studies & Other,,Государственный музей искусства народов Востока: краткий обзор коллекций,,,,
DS261 .A73 1987,Ancient Western Asia,,The Archaeology of western Iran: settlement and society from prehistory to the Islamic conquest,,,,
DK508.9.K78 P758 1994,The Caucasus & The Western Steppe,,Проблемы истории и археологии Крыма: сборник научных трудов,,,,
DK34.S4 G67 1981,The Caucasus & The Western Steppe,,Скифы: путеводитель по выставке Отдела истории первобытной культуры,,,,
DS110.H285 H37 2010,Ancient Western Asia,,Lahav II: households and the use of domestic space at Iron II Tell Halif : an archaeology of destruction,,,,
DK511.K6 M37 1978,The Caucasus & The Western Steppe,,Дoльмены Зaпaдного Kaвкaзa,,,,
QB11 .P56 1986,European and Classical Antiquity,,"The astronomical works of Gregory Chioniades, v",,,,
P950 .M37 2003,Ancient Western Asia,,A short grammar of hieroglyphic Luwian,,,,
DK689.39.S44 S44 2015,The Caucasus & The Western Steppe,,Шeнгaвит: катaлoг aрхeoлoгичeских maтeриaлoв из кoллекции Mузея истории Aрмении,,,,
DA687.G9 B379 2008,European and Classical Antiquity,,"London's Roman amphitheatre: Guildhall Yard, City of London",,,,
CD5348 .A478 2009,Ancient Western Asia,,"Late Babylonian seal impressions on tablets in the British Museum, pt",,,,
DS329.4 .A37 1993 Non-circulating,Central Asia & Siberia,2013-02-01T00:00:00.000000,Central Asia in world history /,,,,
NB1912.B83 M35 1996,"China, South Asia, & East Asia",,麥積山石窟,,,,
PJ1555 .A3 1995 Bd.13,Egypt & North Africa,,Handschriften des Altägyptischen Totenbuches; Bd,,,,
NA310 .W32 1988,European and Classical Antiquity,,Roman architecture,,,,
GN778.28 .P76 2002,The Caucasus & The Western Steppe,,Проблемы археологии Eвразии: к 80-летию Н,,,,
DK511.S233 M56 2009,Central Asia & Siberia,,Курганы эпохи бронзы--раннего железного века в Саратовском Поволжье: характеристика и культурно-хронологическая атрибуция комплексов,,,,
PJ4054.D8 K45 1971,Ancient Western Asia,,Neo-Sumerian account texts from Drehem,,,,
DS793.S4 S53 2003,"China, South Asia, & East Asia",,"山东重大考古新发现, 1990-2003",,,,
DS797.44.Z444 Z433 2015,"China, South Asia, & East Asia",,郑州汉墓 =Han tombs in Zhengzhou,,,,
NK5988.A1 R38 2017,Egypt & North Africa,,Ivory and bone sculpture in ancient Alexandria,,,,
BL1620 .L36 2016,Ancient Western Asia,,Ancient Mesopotamian religion and mythology selected essays,,,,
NK5750.2.C6 L497 2017,"China, South Asia, & East Asia",,"Dreams of the Kings: a Jade Suit for Eternity, Treasures of the Han Dynasty from Xuzhou=楚王梦:玉衣与永生,徐州博物馆汉代珍藏",,,,
DG254 .I56 1989,European and Classical Antiquity,,"In memoriam, Sir Ronald Syme",,,,
PA50 .T73 1973,Egypt & North Africa,,Traitement automatique de papyrus grecs,,,,
TN101 .B44 2000,"China, South Asia, & East Asia",,The beginnings of metallurgy in China,,,,
GN824.D63 M3 1960,The Caucasus & The Western Steppe,,Материалы и исследования по археологии Юго-Запада СССР и Румынской Народной Республики: [археологический сборник,,,,
PJ1171 .O8 1976,Egypt & North Africa,,"Die Nominalbildung des Ägyptischen, Bd",,,,
DS154.9.M6 B46 2017,Ancient Western Asia,,Il paese di Moab nell'età del ferro,,,,
BQ6345.X54 G66 2006,"China, South Asia, & East Asia",,隋唐长安城佛寺研究,,,,
DK511.C2 D78 2011 Non-circulating,The Caucasus & The Western Steppe,2013-07-24T00:00:00.000000,Srednevekovye kochevniki v vostochnom Priazov'e /,,,,
DS70.7 .E43 2021,Ancient Western Asia,2025-12-15,L'Empire assyrien : histoire d'une grande civilisation de l'Antiquité /,,,,
PL2447 .L564 2016,"China, South Asia, & East Asia",,秦汉简帛字词札记,,,,
PJ1251 .F573 1953,Egypt & North Africa,,Grundzüge der Stilistik in den Altägyptischen Pyramidentexten,,,,
GN823 .F665 1969,The Caucasus & The Western Steppe,,Очерки по первобытному искусству,,,,
DK34.S4 M44 1975,The Caucasus & The Western Steppe,,Поселение и могильник скифского времени у села Николаевка,,,,
DS286 .S275 2017,Ancient Western Asia,,Sasanian Persia: Between Rome and the Steppes of Eurasia,,,,
DK34.S4 E43 1977,The Caucasus & The Western Steppe,,Скифия евразийских степей: Ист,,,,
DK508.95.L58 L58 1998,The Caucasus & The Western Steppe,,Люботинское городище: сборник научных трудов,,,,
GN778.22.O43 O57 1970,The Caucasus & The Western Steppe,,Окский бассейн в эпоху камня и бронзы,,,,
BX173.2 .V63 1963,Ancient Western Asia,,Syriac and Arabic documents regarding legislation relative to Syrian asceticism,,,,
DK771.K5 I98 2015,Central Asia & Siberia,,Из пламени веков: феномен Окуневской культуры Древней Хакасии,,,,
CC79.5.P6 H57 2016,European and Classical Antiquity,,"Histoires matérielles: terre cuite, bois, métal et autres objets: des pots et des potes: mélanges offerts à Lucien Rivet",,,,
DK508.9.B57 N64 1984,The Caucasus & The Western Steppe,,Нoвые археологические исследования нa Oдeсчине: сборник научных трудов,,,,
NC915.R8 L8 1986,"China, South Asia, & East Asia",,中國傳統拓印技術=Traditional Chinese rubbing techniques,,,,
DS51.I9 G73 2016,European and Classical Antiquity,,Graffiti from the Basilica in the Agora of Smyrna,,,,
DK509 .N55 1942 Non-circulating,The Caucasus & The Western Steppe,2010-06-22T00:00:00.000000,Kaukasien :,,,,
PJ4125 .H64 1995,Ancient Western Asia,,"Dictionary of the North-west Semitic inscriptions, pt",,,,
DK508.95.N43 V97 1979,The Caucasus & The Western Steppe,,Неаполь: столица государства поздних скифов,,,,
NK1069.S513 C57 1998,"China, South Asia, & East Asia",,中国・山東省の至宝:特别展,,,,
GN778.32.P19 H36 1986,Ancient Western Asia,,The late Chalcolithic to early Bronze I transition in Palestine and Transjordan,,,,
DK511.K6 M38 Non-circulating,The Caucasus & The Western Steppe,2012-01-11T00:00:00.000000,Materialy i issledovanii͡a po arkheologii Kubani /,,,,
DS156.G45 B37 1967,Ancient Western Asia,,Cape Gelidonya: a bronze age shipwreck,,,,
DS70 .P48 1898,Ancient Western Asia,,"Nippur or explorations and adventures on the Euphrates: the narrative of the University of Pennsylvania expedition to Babylonia in the years 1888-1890, v",,,,
DS793.A6 X56 2015,"China, South Asia, & East Asia",,"新萃:大发展新发现: ""十一五""以来安徽建设工程考古成果展",,,,
BQ2742 .E5 1927,"China, South Asia, & East Asia",,Buddhist Mahâyâna texts,,,,
KL147 .H57 2017,Ancient Western Asia,,"A history of ancient Near Eastern law, v",,,,
BL2270 .W514 1968,Ancient Western Asia,,Les religions de l'Iran,,,,
DK34.S4 C48 1981,Central Asia & Siberia,,Скифские лучники,,,,
BQ634 .H84 1992,"China, South Asia, & East Asia",,高僧傳,,,,
DS69.5 .M46 v.50 2015,Ancient Western Asia,,"Mesopotamia, v",,,,
NB1912.B83 T536 2013,"China, South Asia, & East Asia",,天水麦积山= [The MaijiShan grottoes],,,,
CN615 .B37 1972,European and Classical Antiquity,,"Die römischen Inschriften Ungarns: (RIU), Lfg",,,,
GN780.22.R9 I25 2010,The Caucasus & The Western Steppe,,Прохоровка: у истоков сарматской археологии,,,,
NA5960 .S58 1962,"China, South Asia, & East Asia",,"The red chapels of Banteai Srei: and temples in Cambodia, India, Siam, and Nepal",,,,
DF220 .Z55 1961,European and Classical Antiquity,,"У истоков европейской культуры: Троя, Крит, Микены",,,,
DR738.5.F38 O43 2012,European and Classical Antiquity,,The 'old ships' of the 'new gate' = Yenikapı'nın eski gemileri,,,,
DS793.K45 T364 2010,"China, South Asia, & East Asia",,梁代陵墓考,,,,
DF552 .V37 1932,European and Classical Antiquity,,"Histoire de l'Empire byzantin, t",,,,
DS534 .C37 1995,"China, South Asia, & East Asia",,"Travels on the Mekong: Cambodia, Laos, and Yunnan : The political and trade report of the Mekong Exploration Commission, June 1866-June 1868",,,,
DS797.44.L84 Z436 2009,"China, South Asia, & East Asia",,洛阳与丝绸之路=Luoyang and the Silk Road,,,,
PJ3725 .W47 1997,Ancient Western Asia,,Legends of the kings of Akkade: the texts,,,,
N5899.S3 K45 1975,The Caucasus & The Western Steppe,,Золото скифов,,,,
GN790 .T85 2008,The Caucasus & The Western Steppe,,Гумрыха,,,,
R135.3 .Z57 2021,Ancient Western Asia,2025-12-15,The loss of male sexual desire in Ancient Mesopotamia : nīš libbi therapies /,,,,
GN824.C3 K38 1973,The Caucasus & The Western Steppe,,Кавказ и Восточная Европа в древности: [Сборник статей],,,,
DS786 .B35 1998,"China, South Asia, & East Asia",,The Tibet guide: central and western Tibet,,,,
DS56 .Z45 Bd.4-5 (2011-2012),Ancient Western Asia,,"Zeitschrift für Orient-Archäologie, Bd",,,,
N7342 .S536 2009,"China, South Asia, & East Asia",,山西博物院=Shanxi Museum,,,,
DS111.A2 O94 2013,Egypt & North Africa,,"The Oxford encyclopedia of the Bible and archaeology, v",,,,
DF261.S56 S56 1985,European and Classical Antiquity,,Σινδος: καταλογος της εκθεσης,,,,
DK511.C2 A74 1984,The Caucasus & The Western Steppe,,Aрхеологo-этнографические исследования Сeвeрного Kaвказa: сборник научных трудов,,,,
QE391.A5 I25 2010,Cross-Cultural Studies & Other,,Янтарь в древних культурах: художественные произведения из собрания Эрмитажа : Каталог выставки,,,,
DT73.A136 E5915,Egypt & North Africa,,Ägyptens versunkene Schätze,,,,
DK508.95.O43 R88 2004,The Caucasus & The Western Steppe,,Ольвия Понтийская: город счастья и печали,,,,
GN776.32.T3 V565 2008,Central Asia & Siberia,,Памятники Кангурттута в Юго-Западном Таджикистане: (эпоха неолита и бронзовый век),,,,
GN766 .L35 1970,The Caucasus & The Western Steppe,,"Ленинские идеи в изучении истории первобытного общества, рабовладения и феодализма: Сборник статей",,,,
DS747.9.Q254 F57 2007,"China, South Asia, & East Asia",,The first emperor: China's Terracotta Army,,,,
S616.U9 A6513 2016,Central Asia & Siberia,,"Ancient irrigation systems of the Aral Sea area: the history, origin, and development of irrigated agriculture",,,,
DS328.2 .M435 2015 Non-circulating,Central Asia & Siberia,2015-11-24T00:00:00.000000,Medieval Central Asia and the Persianate world :,,,,
DA690.M469 B74 2018,European and Classical Antiquity,,Maryport: a Roman fort and its community,,,,
DG807.4 .B43 1930,European and Classical Antiquity,,Die jüdische katakombe der Villa Torlonia in Rom,,,,
PK119.5 .P37 1993,"China, South Asia, & East Asia",,Deciphering the Indus script,,,,
CC1 .P64 Non-circulating,Cross-Cultural Studies & Other,2013-03-14T00:00:00.000000,Popular archaeology.,,,,
KJA2170.O38 S453 1933 T.1-2,Egypt & North Africa,,Der eid im römisch-ägyptischen provinzialrecht,,,,
CJ359 .T45 1961,European and Classical Antiquity,,"The new style silver coinage of Athens, plates",,,,
DT62.L42 V438 2014,Egypt & North Africa,,Catalogue of the footwear in the Coptic Museum (Cairo),,,,
P950.M373 G8 1982,Ancient Western Asia,,Les hiéroglyphes de Yazılıkaya: à propos d'un travail récent,,,,
GN406 .A67 2017,Cross-Cultural Studies & Other,,"Appropriating innovations: entangled knowledge in Eurasia, 5000-1500 BCE",,,,
DS793.H6 H684 1998,"China, South Asia, & East Asia",,河北省考古文集= Papers on archaeology in Hebei Province,,,,
ND2849.T86 C66 1997,Central Asia & Siberia,,Conservation of ancient sites on the Silk Road: proceedings of an international conference on the conservation of grotto sites,,,,
CN1190 .E5 1997,Ancient Western Asia,,En Syrie: aux origines de l'écriture,,,,
CJ3194 .M52 1952,European and Classical Antiquity,,"The coinage of the Visigoths of Spain, Leovigild to Achila II",,,,
DS71 .B23 2008,Ancient Western Asia,,Babylone,,,,
DS793.H6 Y53 2015,"China, South Asia, & East Asia",,河北考古教程,,,,
DS156.O49 O492 2017,Ancient Western Asia,,Olympos,,,,
CN590 .C65 1965 v.1-3,European and Classical Antiquity,,The Roman inscriptions of Britain,,,,
DS525 .B5 1952,"China, South Asia, & East Asia",,Angkor and the Mandarin Road,,,,
P945.A2 J35 1997,Ancient Western Asia,,Keilschrifttexte aus Boghazköy im Vorderasiatischen Museum,,,,
DS751.72 .W58 1949,"China, South Asia, & East Asia",,"History of Chinese society: Liao, 907-1125",,,,
DS328 .U18 2004,Central Asia & Siberia,,У истоков цивилизации: сборник статей к 75-летию Виктора Ивановича Сарианиди,,,,
BS1515.52 .A88 2017,Ancient Western Asia,,Reflections of empire in Isaiah 1-39: responses to Assyrian ideology,,,,
DS112 .T48 1986,Ancient Western Asia,,Handbook of life in Bible times,,,,
DJK66 .V78 1985,Central Asia & Siberia,,Meстные этно-пoлитические oбъeдинения Причерноморья в VII-IV вв,,,,
DF503 .C6 1952,European and Classical Antiquity,,Costantino Porfirogenito: De thematibus,,,,
CC101.C6 X823 2012,"China, South Asia, & East Asia",,暗流: 1949年之前安阳之外的中国考古学传统=Alternative traditions in the pre-1949 Chinese archaeology,,,,
PJ3721.A84 D65 2016,Ancient Western Asia,,Middle Assyrian Texts from Assur at the Eski Şark Eserleri Müzesi in Istanbul,,,,
DK905 .A37 1983 Non-circulating,Central Asia & Siberia,2013-02-25T00:00:00.000000,Drevnee zoloto Kazakhstana =,,,,
GN778.22.H9 K57 2025,European and Classical Antiquity,2025-12-15,Bronze Age life stories from Hungary : (3rd-2nd millenia BC) /,,,,
DS798.9.B335 D88 2011,Central Asia & Siberia,,"Дуурлиг нарсны Хүннү булш, v",,,,
DS70.5.B3 H67 1999,Ancient Western Asia,,"The year-names of the first dynasty of Babylon, v",,,,
PK6197 .M23 2010,Central Asia & Siberia,,"Mani's psalms: Middle Persian, Parthian and Sogdian texts in the Turfan collection",,,,
DG14 .S78 2007,European and Classical Antiquity,,Studies on the late Roman history,,,,
DK511.D2 A57 1993,The Caucasus & The Western Steppe,,Aрхеологическaя кaртa Дагестана,,,,
NA230.C3 L4 1962,Egypt & North Africa,,Architecture punique: recueil de documents,,,,
NK7183.A1 L526 1995,"China, South Asia, & East Asia",,Gold and silver treasures of the Tang dynasty,,,,
DS797.77.C446 C4426 2009,"China, South Asia, & East Asia",,成都考古研究,,,,
UC465.R65 W43 2012,European and Classical Antiquity,,Wearing the cloak: dressing the soldier in Roman times,,,,
PL2466.Z6 C57 1983,"China, South Asia, & East Asia",,詩經詮釋,,,,
P945.A2 R66 2007,Ancient Western Asia,,Hittite votive texts,,,,
DK945 .I84 1984,Central Asia & Siberia,,Еркурган: стратиграфия и периодизация,,,,
PA3612.G3 G35 2016,European and Classical Antiquity,,On the constitution of the art of medicine; The art of medicine; A method of medicine to Glaucon,,,,
GN824.D7 P75 1971,The Caucasus & The Western Steppe,,Абашевская культура в Подонье,,,,
CS2955 .R8 1974,Egypt & North Africa,,Lexicon nominum Semiticorum quae in papyris Graecis in Aegypto repertis ab anno 323 a,,,,
PJ3721.E8 K54 2017,Ancient Western Asia,,Spätbabylonische Texte zum lokalen und regionalen Handel sowie zum Fernhandel aus dem Eanna-Archiv,,,,
DK509 .K694 1995,The Caucasus & The Western Steppe,,"Оружие, воинское и конское снаряжение племен кобанской культуры: систематизация и хронология : западный вариант",,,,
PL2447 .H689 2015,"China, South Asia, & East Asia",,"清華簡""繫年""與""左傳""敘事比較研究",,,,
ND2849.S47 Y867 2015,"China, South Asia, & East Asia",,云谁之思:山西古代壁画研究,,,,
PL1420 .G72 2000,"China, South Asia, & East Asia",,古漢語常用字字典:繁體字本,,,,
DS797.75.Y53 F46 2016,"China, South Asia, & East Asia",,封邦建霸:山西翼城大河口墓地出土西周霸国文物珍品,,,,
NK4165.2 .B35 1996,"China, South Asia, & East Asia",,Seeking immortality: Chinese tomb sculpture from the Schloss collection,,,,
CC78 .A72 1982 Non-circulating,Cross-Cultural Studies & Other,2011-01-24T00:00:00.000000,"Archaeology, dendrochronology, and the radiocarbon calibration curve /",,,,
DS110.J4 B453 2016,Ancient Western Asia,,Византийский Иерихон: раскопки спустя столетие : [материалы Российско-Палестинской археологической экспедиции 2010-2013 гг,,,,
GN855.R9 K571 1974,Central Asia & Siberia,,Древние культуры Томско-Нарымского Приобя,,,,
DS154.9.U5 G333 2015,Ancient Western Asia,,Gadara-Umm Qēs II,,,,
QB41 .S74 2016,European and Classical Antiquity,,"Le commentaire astronomique aux Tables faciles de Ptolémée attribué à Stéphanos d'Alexandrie, t",,,,
R127.1 .H82 1966,"China, South Asia, & East Asia",,Huang Ti nei ching su wên = the Yellow Emperor's classic of internal medicine,,,,
BL1515.5.V4 A53 2016,Egypt & North Africa,,"The Zoroastrian law to expel the demons: Wīdewdād 10-15 : critical edition, translation and glossary of the Avestan and Pahlavi texts",,,,
DF572 .A38 1975,European and Classical Antiquity,,The histories,,,,
CJ277.P37 K63 1990,Ancient Western Asia,,A hoard of coins from eastern Parthia,,,,
DS793.D84 R66 2001,"China, South Asia, & East Asia",,敦煌学十八讲,,,,
DS793.H5 Y35 2016,"China, South Asia, & East Asia",,中原地区两周随葬青铜礼乐器制度研究=Zhongyuan diqu liangZhou suizang qingtong liyueqi zhidu yanjiu,,,,
TN471 .S4 1979,Cross-Cultural Studies & Other,,The Search for ancient tin: a seminar,,,,
CJ385 .F56 1969,European and Classical Antiquity,,Portraits of royal ladies on Greek coins,,,,
D17 .T5 1883,European and Classical Antiquity,,"Chronographia, v",,,,
DS56 .R46 2014,Ancient Western Asia,,Fortune and misfortune in the Ancient Near East: proceedings of the 60th Rencontre assyriologique internationale at Warsaw 21-25 July 2014,,,,
NK4566.Z44 D664 2015,"China, South Asia, & East Asia",,东苕溪流域夏商时期原始瓷窑址=The proto-porcelain kiln sites of Xia and Shang periods in Dongtiaoxi creek basin,,,,
PK2905 .K37 2015,"China, South Asia, & East Asia",,Yonas and Yavanas in Indian literature,,,,
GN799.P4 Y36 2004,"China, South Asia, & East Asia",,岩画及墓葬壁画,,,,
GN778.32.N4 C64 2016,Ancient Western Asia,,Peripheral concerns: urban development in the Bronze Age southern Levant,,,,
NK7983.22 .A53 1997,"China, South Asia, & East Asia",,Ancient bronzes of the eastern Eurasian steppes from the Arthur M,,,,
N7347 .S55 1993,"China, South Asia, & East Asia",,"絲路之都長安瑰寶=Treasures of Chang'an, capital of the Silk Road",,,,
DS62.2 .V43 1993,Ancient Western Asia,,Рождение истории: историческая мысль на Ближнем Востоке середины 1 тысячелетия до н,,,,
DF261.D53 G64 2016,European and Classical Antiquity,,"Gods and mortals at Olympus: ancient Dion, city of Zeus",,,,
ND2849.T84 T85 1991,"China, South Asia, & East Asia",,敦煌藝術圖典=The Art illustrative records of Thunwang,,,,
DS156.S67 H68 2003,Ancient Western Asia,,Archaeology at the north-east Anatolian frontier VI: an ethnoarchaeological study of Sos Höyük and Yiǧittaşi village,,,,
GN776.32.I7 V64 1983,Ancient Western Asia,,"Hajji Firuz Tepe, Iran: the Neolithic settlement",,,,
NB1042 .X43 2000,"China, South Asia, & East Asia",,西安碑林博物馆=Xi'an Forest of Stone Tablets Museum,,,,
PA3339 .P34 t.28 1997,Egypt & North Africa,,A companion to demotic studies,,,,
DS744 .K43 2000,"China, South Asia, & East Asia",,"The ancestral landscape: time, space, and community in late Shang China, ca",,,,
PA6206 .A2 1976,European and Classical Antiquity,,Lucii Ampelii liber memorialis,,,,
DS797.54.H858 H87 2014,"China, South Asia, & East Asia",,呼伦贝尔文化遗产,,,,
DA685.F46 H37 2015,European and Classical Antiquity,,"The upper Walbrook valley cemetery of Roman London: excavations at Finsbury Circus, City of London, 1987-2007",,,,
PA3612.A2 A25 2014 v.1,European and Classical Antiquity,,"The Greek anthology,v",,,,
NK4165 .C436 1998,"China, South Asia, & East Asia",,陶瓷,,,,
DF221.C8 K53 2012,European and Classical Antiquity,,Palaikastro Block M: the proto- and neopalatial town,,,,
DS156.A49 L545 2017,Ancient Western Asia,,"Amorium reports 5: a catalogue of Roman and Byzantine stone inscriptions from Amorium and its territory, together with graffiti, stamps, and miscellanea",,,,
DS797.28.W894 D36 2001,"China, South Asia, & East Asia",,武威文物考述,,,,
DS793.D84 D832 2000,"China, South Asia, & East Asia",,Dunhuang: a centennial commemoration of the discovery of the cave library,,,,
DT69.5 .F87 2002,Egypt & North Africa,,"Fustat finds: beads, coins, medical instruments, textiles, and other artifacts from the Awad collection",,,,
CJ700 .N48 1977,Ancient Western Asia,,"The coinage of the western Seleucid mints, from Seleucus I to Antiochus III",,,,
PJ1097 .P47 1978,Egypt & North Africa,,Звуковыe знaки египетскогo письма как система,,,,
PJ4150.Z5 W45 1972,Ancient Western Asia,,A concordance of the Ugaritic literature,,,,
CC97.R8 M65 2015,Central Asia & Siberia,,Очерки истории сибирской археологии,,,,
NK7306 .J494 1991,Cross-Cultural Studies & Other,,"Jewelry, 7000 years: an international history and illustrated survey from the collections of the British Museum",,,,
NK5107 .P74 2017,European and Classical Antiquity,,Pretiosa vitrea: l'arte vetraria antica nei musei e nelle collezioni private della Toscana = The art of glass manufacturing in the museums and private collections of Tuscany,,,,
DE61.N3 B37 1976,Cross-Cultural Studies & Other,,"Deep water, ancient ships: the treasure vault of the Mediterranean",,,,
DK511.C2 B44 2014,The Caucasus & The Western Steppe,,"Археология Северного Кавказа: Путеводитель по ""Особой кладовой",,,,
GN740 .G69 1984 Non-circulating,Cross-Cultural Studies & Other,2012-03-29T00:00:00.000000,Ascent to civilization :,,,,
PL1071 .Q58 2015,"China, South Asia, & East Asia",,中西學術名篇精讀,,,,
DF261.B5 B64 1989 v.2,European and Classical Antiquity,,Boeotia antiqua II,,,,
P945.A2 T38 2014,Ancient Western Asia,,"Hethitische Texte in Transkription Bo 8264-Bo 8485, v",,,,
DS69.1 .R4 1928,Ancient Western Asia,,"Reallexikon der Assyriologie,Bd",,,,
NB991 .G46 2000,"China, South Asia, & East Asia",,Gandhara: la rencontre d'Apollon et de Bouddha,,,,
CD5369 .C76 2024,European and Classical Antiquity,2025-12-15,Icon : art and meaning in Aegean seal images /,,,,
DS69.5 .M66 1999,Ancient Western Asia,,Ancient mesopotamian materials and industries: the archaeological evidence,,,,
N7283 .V7 1979,Ancient Western Asia,,"Искусство и археология Ирана и его связь с искусством народов СССР с древнейших времен: тезисы докладов , III Всесоюзная конференция",,,,
DS70.5.B35 B35 2008,Ancient Western Asia,,The Balawat Gates of Ashurnasirpal II,,,,
P945 .Z8 1975,Ancient Western Asia,,"Hethitisches Wörterbuch, Bd",,,,
DS71 .S86 2017,Ancient Western Asia,,"History, texts and art in early Babylonia: three essays",,,,
DS96 .N49 2011,Ancient Western Asia,,New studies on the Seleucids,,,,
GN855.C6 Y83 1996,"China, South Asia, & East Asia",,原生文明:館藏史前彩陶特展=An exhibition of prehistorical painted pottery,,,,
DS99.M3 M355 2014,Ancient Western Asia,,Mari: capital of northern Mesopotamia in the third millennium BC: the archaeology of Tell Hariri on the Euphrates,,,,
DS797.54.T664 T68 2014,"China, South Asia, & East Asia",,通辽文化遗产,,,,
BL27 .C76 1997,Ancient Western Asia,,Crossing boundaries and linking horizons: studies in honor of Michael C,,,,
DS554.62 .W35 1955,"China, South Asia, & East Asia",,Angkor Empire,,,,
NK7907 .C64 2011,Ancient Western Asia,,"Proceedings of the XVIIth International Congress on Ancient Bronzes, Izmir",,,,
DS99.M5 U78 2007,Ancient Western Asia,,Urban and natural landscapes of an ancient Syrian capital: settlement and environment at Tell Mishrifeh/Qatna and in central-western Syria : proceedings of the international conference held in Udine 9-11 December 2004,,,,
N6250 .S58 1982,European and Classical Antiquity,,"Splendeur de Byzance: 2 octobre-2 décembre 1982 : Musées royaux d'art et d'histoire, Bruxelles",,,,
NK7983 .K73 1970,"China, South Asia, & East Asia",,"故宮銅器選萃=Masterworks of Chinese bronze in the National Palace Museum, v",,,,
DS797.56.Y355 Y332 2015,"China, South Asia, & East Asia",,扬州城考古学术研讨会论文集,,,,
PJ1488 .S847 2016,Egypt & North Africa,,"Die ägyptische ""Ich-Erzählung"": eine narratologische Untersuchung",,,,
PA3339 .G74 1990,Egypt & North Africa,,Grec et Latin en 1989 et 1990: du désert égyptien au forum de Trajan -- hommage à Jean Bingen,,,,
DS167 .J35 2003,The Caucasus & The Western Steppe,,The development of defence system of Eastern Anatolia (the Armenian upland): from the beginning of the Kingdom of Urartu to the end of antiquity,,,,
GN824.A2 T65 1962,The Caucasus & The Western Steppe,,Памятники колхидской и скифской культур в селе Куланурхва Абхазской АССР,,,,
DS110.A682 A65 1976,Ancient Western Asia,,"Aphek-Antipatris, 1972-1973",,,,
GN776.32.I7 N46 2016,Ancient Western Asia,,The Neolithic of the Iranian Plateau: recent research,,,,
DS156.A63 R38 2017,Ancient Western Asia,,The countryside of Aphrodisias,,,,
P945.A2 G37 2005,Ancient Western Asia,,Hethitische Texte in Transkription KUB 58,,,,
DS485.K465 K47 2021,"China, South Asia, & East Asia",2025-12-08,Kerala archaeological series.,,,,
DS554.98.A5 B75 1943,"China, South Asia, & East Asia",,A pilgrimage to Angkor: ancient Khmer capital,,,,
DS374.B28 S7314 1986 Non-circulating,Central Asia & Siberia,2009-05-01T00:00:00.000000,La Bactriane sous les Kushans :,,,,
GN855.R9 A774 2015,Central Asia & Siberia,,"Археология Западной Сибири и Алтая: опыт междисциплинарных исследований : сборник статей, посвященный 70-летию профессора Ю",,,,
DK697.1 .I26 1962,The Caucasus & The Western Steppe,,Древняя Албания: III - I вв,,,,
NA7368.B55 K79 1982,Central Asia & Siberia,,Жилые дома античных городов Северного Причерноморья: 6 в,,,,
CD5348 .O94 2006,Ancient Western Asia,,Kültepe-Kaniš/Neša: yerli Peruwa ve Aššur-ımittī'nin oğlu Assur'lu tüccar Uṣur-ša-Ištar'ın arşivlerine ait kil zarfların mühür baskıları = Seal impressions on the clay envelopes from the archives of the native Peruwa and Assyrian trader Uṣur-ša-Ištar son of Aššur-ımittī,,,,
DS748.P243 T56 1988,"China, South Asia, & East Asia",,"Pan Ku, the Hsiung-nu and Han shu 94",,,,
CJ3194 .M5 1950,European and Classical Antiquity,,"The coinage of the Umayyads of Spain, pt",,,,
CN515.N49 G74 2014,European and Classical Antiquity,,Greek and Latin inscriptions at New York University,,,,
PL54.67 Z54 1985,Central Asia & Siberia,,Buddhistische Stabreimdichtungen der Uiguren,,,,
DK855.4 .Z43 2014,Central Asia & Siberia,,Древний Хорезм -- страна высокой культуры и уникальной духовности: (Этноисторические очерки),,,,
DS740.4 .S813 2002,"China, South Asia, & East Asia",,敦煌与中西交通硏究,,,,
DK949.5.Z37 Z38 2008,Central Asia & Siberia,,Кушаншахр при Сасанидах: по материалам раскопок городища Зартепа,,,,
DS797.72.R594 L836 2016,"China, South Asia, & East Asia",,"两城镇: 1998-2001年发掘报告=Liangchengzhen : 1998-2001 excavation report,v",,,,
DK508.9.B57 Z83 1998,The Caucasus & The Western Steppe,,Северный Понт и Римская империя: середина I в,,,,
CN1161.F835 Z486 2016,"China, South Asia, & East Asia",,太姥石刻文書,,,,
DK508.95.B46 S57 1987,The Caucasus & The Western Steppe,,Бельское городище скифской эпохи: город Гелон,,,,
PJ3211 .T5 1898,Ancient Western Asia,,Recherches sur l'origine de l'écriture cunéiforme,,,,
DS99.E34 A97 1998,Ancient Western Asia,,Die Ausgrabungen in Tall Munbāqa-Ekalte,,,,
DK511.A28 B53 1983,The Caucasus & The Western Steppe,,Очерки этнографии общения адыгов,,,,
BL1812.R57 Z4335 2015,"China, South Asia, & East Asia",,楚国青铜礼器制度研究,,,,
ND2850.T35 B45 2004,"China, South Asia, & East Asia",,北齐娄叡墓,,,,
DT73.A94 M38 2008,Egypt & North Africa,,Le matériel archéologique et les restes humains de la nécropole d'Aïn el-Labakha (oasis de Kharga),,,,
D60 .S79 1979,Cross-Cultural Studies & Other,,Studies in honor of Tom B,,,,
PA3308 .B43 1972,Egypt & North Africa,,Sitologen-Papyri aus dem Berliner Museum,,,,
PA3003 .V66 1986,European and Classical Antiquity,,Voor A,,,,
DS511 .C7713,"China, South Asia, & East Asia",,The Indianized states of Southeast Asia,,,,
NK7983.22 .Y356 2015,"China, South Asia, & East Asia",,透物见人:夏商周青铜器的装饰艺术研究,,,,
DS54.3 .N677 2016,Ancient Western Asia,,The northern face of Cyprus: new studies in Cypriot archaeology and art history,,,,
DS556.4 .N359 1975,"China, South Asia, & East Asia",,Les nouvelles recherches archéologiques au Vietnam,,,,
BL2370.H5 A835 2014,Ancient Western Asia,,Der Mythos vom erzürnten Gott: ein philologischer Beitrag zum religionshistorischen Verständnis des Telipinu-Mythos und verwandter Texte,,,,
BX107 .F46 1992,European and Classical Antiquity,,The anaphoras of St,,,,
NB1043 .S5 1998,"China, South Asia, & East Asia",,"Chinese sculpture from the fifth to the fourteenth century: over 900 specimens in stone, bronze, lacquer and wood, principally from Northern China, v",,,,
DS73.2 .S92 2015,Ancient Western Asia,,Women and power in Neo-Assyrian palaces,,,,
DK509 .I86715 2001 Non-circulating,The Caucasus & The Western Steppe,2010-01-11T00:00:00.000000,Kimmerier und Skythen :,,,,
DS325.T165 S23 1976 Non-circulating,Central Asia & Siberia,2014-11-13T00:00:00.000000,Ṭālib'ābād :,,,,
CC77.U5 H34 2015,"China, South Asia, & East Asia",,海洋遗产与考古,,,,
DT83 .C494 2017,Egypt & North Africa,,Chronological conundrums: Egypt and the Middle Bronze Age Southern Levant,,,,
DK508.425.S39 K68 1989,The Caucasus & The Western Steppe,,Памятники скифской эпохи Днепровского Лесостепного Правобережья (Киево-Черкасский регион),,,,
DK949.28 .B87 1982,Central Asia & Siberia,,Генезис и этапы развития городской культуры Ташкентского оазиса,,,,
DS797.44.X534 X65 2016,"China, South Asia, & East Asia",,淅川全寨子墓地=Tombs of Quan Zhaizi in Xi Chuan,,,,
PL2456 .Q524 2015,"China, South Asia, & East Asia",,殷墟甲骨文賓語語序研究,,,,
DF221.C8 G74 1997,European and Classical Antiquity,,"The Greek-Swedish excavations at the Agia Aikaterini Square, Kastelli, Khania 1970-1987, 2001, 2005 and 2008: results of the excavations under the direction of Yannis Tzedakis and Carl-Gustaf Styrenius, v",,,,
N7311 .G713 1962,"China, South Asia, & East Asia",,"The art of Indochina: including Thailand, Vietnam, Laos and Cambodia",,,,
DS797.44.Y895 Y986 2016,"China, South Asia, & East Asia",,"禹州阳翟故城遗址, v",,,,
DS797.52.A59 A59 2013,"China, South Asia, & East Asia",,"安乡汤家岗:新石器时代遗址发掘报告, v",,,,
N7382 .V55 1963,Egypt & North Africa,,Koptische Kunst: Christentum am Nil : 3,,,,
DK673 .P582 1972,The Caucasus & The Western Steppe,,Основные проблемы истории племен восточной Грузии (XV-VII вв,,,,
DK945 .K32 1981,Central Asia & Siberia,,Культура сельских поселений Южного Согда III-VI вв,,,,
DG999.G59 A99 2017,European and Classical Antiquity,,Ras il-Wardija sanctuary revisited: a re-assessment of the evidence and newly-informed interpretations of a Punic-Roman sanctuary in Gozo (Malta),,,,
PL1279 .H35 2015,"China, South Asia, & East Asia",,汉语韵律语法新探=New explorations on Chinese prosodic grammar,,,,
PJ3791 .S39 2017,Ancient Western Asia,,The anti-witchcraft ritual Maqlû: the cuneiform sources of a magic ceremony from ancient Mesopotamia,,,,
NK4285 .B45 2015,Ancient Western Asia,,Once upon a time in the East: the chronological and geographical distribution of terra sigillata and red slip ware in the Roman East,,,,
DK34.S4 D73 1994,The Caucasus & The Western Steppe,,Древности скифов: сборник статей,,,,
CN1161.C44 M627 2018,"China, South Asia, & East Asia",2025-12-04,Mo shi cang zhen : Chengdu Wuhou ci xian cun bei ke /,,,,
PJ3771.A8 E54 1999,Ancient Western Asia,,Atra-ḫasīs: the Babylonian story of the flood,,,,
DG70.P777 E35 1987,European and Classical Antiquity,,The Porticello shipwreck: a Mediterranean merchant vessel of 415-385 B,,,,
CB67 .R53 1945 Non-circulating,Cross-Cultural Studies & Other,2015-02-23T00:00:00.000000,"Civilization, science and religion /",,,,
BL1616.E54 C43 2016,Ancient Western Asia,,Enki und Ninmah: eine mythische Erzählung in sumerischer Sprache,,,,
D141 .G968 2009,The Caucasus & The Western Steppe,,"Гунны, готы и сарматы мезду Волгой и Дунаем: сборник наусныч статей",,,,
DT159.9.T33 M39 1986,Egypt & North Africa,,"Tabo, v",,,,
DS793.S4 W378 2016,"China, South Asia, & East Asia",,海岱地区史前考古论集,,,,
DS56 .A625 2016,Ancient Western Asia,,"Alphabets, texts and artifacts in the Ancient Near East: studies presented to Benjamin Sass",,,,
N8193.2 .K37 2000,"China, South Asia, & East Asia",,"Early Buddhist narrative art: illustrations of the life of the Buddha from Central Asia to China, Korea, and Japan",,,,
BR232 .H47 1987,European and Classical Antiquity,,The formation of Christendom,,,,
PJ4147.Z77 T471 1996,Ancient Western Asia,,Testi amministrativi di Ebla: archivio L,,,,
DT61 .O6 1954,Egypt & North Africa,,"Die biographischen Inschriften der ägyptischen Spätzeit, ihre geistesgeschichtliche und literarische Bedeutung",,,,
DF574 .R45 2002,European and Classical Antiquity,,The reign of Heraclius (610-641): crisis and confrontation,,,,
N5390 .C87 2000,Ancient Western Asia,,Ancient Persia,,,,
DS62.25 .R66 2003,The Caucasus & The Western Steppe,,The Roman Near East and Armenia,,,,
DF221.5 .A34 2017,European and Classical Antiquity,,Parian Polyandreia: the Late Geometric funerary legacy of cremated soldiers' bones on socio-political affairs and military organizational preparedness in Ancient Greece,,,,
QB214 .T58 2016,European and Classical Antiquity,,Time and cosmos in Greco-Roman antiquity,,,,
DT73.F38 I68 2013,Egypt & North Africa,,Von der Pharaonenzeit bis zur Spätantike: kulturelle Vielfalt im Fayum: Akten der 5,,,,
DK509 .D68 1982,The Caucasus & The Western Steppe,,"Народы нашей страны в ""Истории"" Геродота: тексты, перевод, комментарий",,,,
PA3315.O83 O86 1898,Egypt & North Africa,,"The Oxyrhynchus papyri, v",,,,
DS54.3 .A534 2016,Ancient Western Asia,,Ancient Cyprus today: museum collections and new research,,,,
DC611.C453 S84 2006,European and Classical Antiquity,,Iron Age and Roman burials in Champagne,,,,
ND2849.T86 D88 1998,"China, South Asia, & East Asia",,敦煌壁画,,,,
PA27 .S8 v. 61 (2011),European and Classical Antiquity,,"Supplementum epigraphicum graecum, vol",,,,
PJ1811.B75 R45 1914,Egypt & North Africa,,Papyri juristischen inhalts in hieratischer und demotischer Schrift aus dem British Museum,,,,
DS485.L2 R59 1989,"China, South Asia, & East Asia",,Ladakh: crossroads of High Asia,,,,
DG203.5 .J6 1971,European and Classical Antiquity,,"The prosopography of the later Roman Empire, v",,,,
DS99.M3 A34 2007,Ancient Western Asia,,"Akh Purattim - les rives de l'Euphrate: mémoires d'archéologie et d'histoire régionales interdisciplinaires, v",,,,
DS375.T54 S28 1989,Central Asia & Siberia,,Храм и некрополь Тиллятепе,,,,
CC75 .C57 1974,Cross-Cultural Studies & Other,,Archaeology by experiment,,,,
N7382 .F75 1989,Egypt & North Africa,,Beyond the pharaohs: Egypt and the Copts in the 2nd to the 7th centuries A,,,,
DS793.K7 Y344 2015,"China, South Asia, & East Asia",,广东先秦考古,,,,
CC55 .S83 2005 Non-circulating,Cross-Cultural Studies & Other,2010-10-13T00:00:00.000000,The Historical Museum and archaeological research at Lund University 1805-2005 /,,,,
DS328 .D88 2016,Central Asia & Siberia,,Терракотовая пластика древнейших государств Средней Азии IV в,,,,
DS99.U35 S66 2016,Ancient Western Asia,,Der 21,,,,
KNN10 .T86 1978,"China, South Asia, & East Asia",,"Tun-huang and Turfan documents, concerning social and economic history, v",,,,
BS1830.E6 G7 1970,European and Classical Antiquity,,Apocalypsis Henochi Graece,,,,
PA4435 .S6 1958,European and Classical Antiquity,,Ethnika,,,,
DK30 .I86 1989,The Caucasus & The Western Steppe,,Итоги работ археологических экспедиций Государственного Эрмитажа: сборник научных трудов,,,,
BS192.2.A1 1964,Ancient Western Asia,,Ruth: a new translation with introduction and commentary,,,,
DS796.K743 S26 1992,"China, South Asia, & East Asia",,三星堆祭祀坑出土文物选,,,,
DS797.48.S85 S84 1979,"China, South Asia, & East Asia",,随县曽侯乙墓发掘简报与论文汇编,,,,
DS793.S62 X55 1999,"China, South Asia, & East Asia",,新疆文物古迹大觀=A grand view of Xinjiang's cultural relics and historic sites,,,,
DS57 .S874 2023,Ancient Western Asia,2025-12-15,Altorientalistik : Einführung /,,,,
DF501 .T33 Bd.8 2004 T.1-3,Ancient Western Asia,,Lykien und Pamphylien,,,,
CC78 .A39 1990 Non-circulating,Cross-Cultural Studies & Other,2007-11-13T00:00:00.000000,Science-based dating in archaeology /,,,,
DT62.S3 B458 2007,Egypt & North Africa,,"Scarabs, chronology, and interconnections: Egypt and Palestine in the Second Intermediate Period",,,,
DS797.44.Z444 Y36 2015,"China, South Asia, & East Asia",,重读郑州:一座由考古发现的中国创世王都,,,,
NB1910 .M86 1987,"China, South Asia, & East Asia",,Museum of Cham Sculpture in Da Nang,,,,
DR98.N57 T66 2016,European and Classical Antiquity,,Inter Moesos et Thraces: the rural hinterland of Novae in Lower Moesia (1st-6th centuries AD),,,,
DS793.T8 T856 2002,"China, South Asia, & East Asia",,敦煌文物=Picture album of Dunhuang relics,,,,
DF571 .S7513,European and Classical Antiquity,,"Byzantium in the seventh century, v",,,,
BS620 .B79 1941,Ancient Western Asia,,What mean these stones? The significance of archeology for biblical studies,,,,
PL2457.S5 S5 2016,"China, South Asia, & East Asia",,"陕西金石志, v",,,,
DS797.44.X58 X56 2012,"China, South Asia, & East Asia",,新郑西亚斯东周墓地,,,,
DS51.A66 R5 1966 Non-circulating,The Caucasus & The Western Steppe,2013-10-22T00:00:00.000000,Das Reich am Ararat /,,,,
Z115.4 .B49 1924,Ancient Western Asia,,Paleografia ebraica,,,,
DS89.B3 R33 1980,Ancient Western Asia,,Baalbek,,,,
DF77 .H5465,European and Classical Antiquity,,Hellenomania,,,,
BS1939.F7 S21 1912,Ancient Western Asia,,"The New Testament manuscripts in the Freer collection, pt",,,,
Z5694.G74 R63 2006,European and Classical Antiquity,,"Ancient Greek costume: an annotated bibliography, 1784-2005",,,,
DR2125.S69 S575 2017,European and Classical Antiquity,,Sirmium à l'époque des grandes migrations,,,,
P950 .M47 1962,Ancient Western Asia,,Hieroglyphisch-hethitisches Glossar,,,,
P945.A2 G76335 2009,Ancient Western Asia,,Hethitische Texte in Transkription KBo 35,,,,
CJ969 .G7 1954,European and Classical Antiquity,,Roman imperial money,,,,
BQ924 .S77 2004,"China, South Asia, & East Asia",,Relics of the Buddha,,,,
DS33 .K84 1978,Central Asia & Siberia,,Культура Востока: Древность и раннее средневековье : сборник статей,,,,
DS110.S63 H37 2017,Ancient Western Asia,,Socoh of the Judean Shephelah: The 2010 Survey,,,,
CJ833 .M3 1928,European and Classical Antiquity,,Roman coins from the earliest times to the fall of the Western Empire,,,,
DK508.95.F46 P48 2000,The Caucasus & The Western Steppe,,Античная Феодосия: история и культура,,,,
PJ21 .E38 2005,Ancient Western Asia,,"Эдубба вечна и постоянна: материалы конференции, посвященной 90-летию со дня рождения Игоря Михайловича Дьяконова",,,,
DS70 .A32 1981,Ancient Western Asia,,Heartland of cities: surveys of ancient settlement and land use on the central floodplain of the Euphrates,,,,
HQ1136 .A94 2010,European and Classical Antiquity,,Augustae: Machtbewusste Frauen am römischen Kaiserhof? : Herrschaftsstrukturen und Herrschaftspraxis II,,,,
NB1209.C6 H834 2015,"China, South Asia, & East Asia",,皇后的天堂:唐敬陵贞顺皇后石椁研究,,,,
NK4129 .A56 2018,Ancient Western Asia,,"Archaic and classical western Anatolia: new perspectives in ceramic studies : in memoriam, Prof",,,,
DK508.95.B45 S66 1993,The Caucasus & The Western Steppe,,Тира римского времени,,,,
DS56 .R46 2007,Ancient Western Asia,,City administration in the ancient Near East: proceedings of the 53e Rencontre assyriologique internationale,,,,
DS153.3 .A71 2001,Ancient Western Asia,,The archaeology of Jordan,,,,
NB1046.C488 C4 1986,"China, South Asia, & East Asia",,武氏祠漢畫像石,,,,
N7832 .M5813,Ancient Western Asia,,The Christian art of Byzantine Syria,,,,
CN375.L3 I57 1965,European and Classical Antiquity,,Inscriptiones graecae Siciliae et infimae Italiae ad ius pertinentes,,,,
GN700 .S87 Non-circulating,Cross-Cultural Studies & Other,2010-11-18T00:00:00.000000,Studies in ancient art and civilization =,,,,
DS715 .X537 2014,"China, South Asia, & East Asia",,夏商周方国文明国际学术研讨会论文集(2014中国广汉),,,,
JC347.I7 S68 2003,Ancient Western Asia,,The aura of kings: legitimacy and divine sanction in Iranian kingship,,,,
HD9624.G553 R666 2014,European and Classical Antiquity,,Neighbours and successors of Rome: traditions of glass production and use in Europe and the Middle East in the later 1st millennium AD,,,,
GN738 .C55 1953 Non-circulating,Cross-Cultural Studies & Other,2013-07-24T00:00:00.000000,From savagery to civilization /,,,,
GN823.A2 P87 2013,The Caucasus & The Western Steppe,,"Сохранение археологического наследия: проблемы и перспективы: материалы конференции ""Противодействие незаконной деятельности в области археологии"" : Москва, 9-10 декабря 2013",,,,
NB1280 .L569 2002,"China, South Asia, & East Asia",,臨沂漢畫像石,,,,
PJ3771.G5 G4 2017,Ancient Western Asia,,Das Gilgamesch-Epos,,,,
GN824.D7 G85 2017,The Caucasus & The Western Steppe,,Новые курганные могильники скифского времени на Среднем Дону: Горки-I и Девица-V,,,,
DS798.9.B35 O355 2013,"China, South Asia, & East Asia",,Эртний нүүдэлчдийн бунхант булшны малтлага судалгаа: Төв аймгийн Заамар сумын Шороон бумбагарын малтлагын тайлан,,,,
DK30 .A1733,The Caucasus & The Western Steppe,,"Советская археология, 1982",,,,
N5640 .D74 1980,European and Classical Antiquity,,"Древнее искусство греческих островов Эгейского моря, Греческая республика: каталог выставки",,,,
GN36.S65 N37 1981,The Caucasus & The Western Steppe,,Народы Кавказа: каталог-указатель этнографических коллекций,,,,
DA670.G5 I766 2008,European and Classical Antiquity,,Iron age and Romano-British agriculture in the north Gloucestershire Severn Vale,,,,
PJ1553 .A1 1969,Egypt & North Africa,,"Die Altägyptischen Pyramidentexte nach den Papierabdrücken und Photographien des Berliner Museums, Bd",,,,
DS66 .I57 1999,Ancient Western Asia,,Akten des IV,,,,
DS797.72.J553 J563 2003,"China, South Asia, & East Asia",,济南重大考古发掘纪实,,,,
ML3921.6.C65 L58 2015,"China, South Asia, & East Asia",,禮樂餘響:朱载堉与儒家乐教,,,,
DS734 .P35 1998,"China, South Asia, & East Asia",,Chronicle of the Chinese emperors: the reign-by-reign record of the rulers of Imperial China,,,,
DS56 .C854 2014,Ancient Western Asia,,"Cultural & Material Contacts in the Ancient Near East: proceedings of the International Workshop, 1-2 December 2014, Torino",,,,
DK34.S4 D75 1982,The Caucasus & The Western Steppe,,Древности Степной Скифии: сборник научных трудов,,,,
PJ3701 .M53 2003,Ancient Western Asia,,"Old Assyrian bibliography of cuneiform texts, bullae, seals and the results of the excavations at Assur, Kültepe/Kanis, Acemhöyük, Alisar and Bogazköy",,,,
DS748.18 .W454 2000,"China, South Asia, & East Asia",,魏晉南北朝文化,,,,
BL325.C7 B7 1963,Ancient Western Asia,,Creation legends of the ancient Near East,,,,
NK7983.22 .P76 1992,"China, South Asia, & East Asia",,The problem of meaning in early Chinese ritual bronzes,,,,
DK30 .A1733,The Caucasus & The Western Steppe,,"Советская археология, 1983",,,,
BR1115.I7 S39 1989,Ancient Western Asia,,Das Christentum in Ḫūzistān im Rahmen der frühen Kirchengeschichte Persiens bis zur Synode von Seleukeia-Ktesiphon im Jahre 410,,,,
GN778.22.U38 K56 2011,The Caucasus & The Western Steppe,,Наш недавний бронзовый век,,,,
GT2783.A2 Y36 2000,"China, South Asia, & East Asia",,汉代婚丧礼俗考,,,,
BQ2213.O54 Z54 2000,Central Asia & Siberia,,Vimalakīrtinirdeśasūtra: Edition alttürkischer Übersetzungen nach Handschriftfragmenten von Berlin und Kyoto,,,,
DS57 .O8 1962,Ancient Western Asia,,Terre des empereurs et des sultans: les grands siècles d'Asie Mineure,,,,
DS99.P17 S74 1985,Ancient Western Asia,,Palmyre,,,,
Z3102 .D83 2016,"China, South Asia, & East Asia",,隋書經籍志研究,,,,
DS56 .R46 1989,Ancient Western Asia,,"Mésopotamie et Elam: actes de la XXXVIème Rencontre assyriologique internationale, Gand, 10-14 juillet 1989",,,,
ND2849.D86 W364 2000,"China, South Asia, & East Asia",,敦煌壁画山水硏究,,,,
DS70.5.H3 S24 1978,Ancient Western Asia,,Hatra,,,,
NK9900.7.C6 U78 1998,"China, South Asia, & East Asia",,"漆で描かれた神秘の世界:中国古代漆器展= A mysterious world of ancient designs : lacquer ware from the tombs of Hubei, China",,,,
PA3308 .B74 1936,Egypt & North Africa,,Die Bremer Papyri,,,,
BS1715.2 .S76 1990,Ancient Western Asia,,A textual commentary on the Armenian version of IV Ezra,,,,
DK508.3 .N39 1972,The Caucasus & The Western Steppe,,Тези пленарних і секційних доповідей (результати польових археологічних досліджень 1970-1971 років на теріторії України,,,,
DF221.M9 T3 1983,European and Classical Antiquity,,The Mycenaeans,,,,
S469.R92 C624 1975,The Caucasus & The Western Steppe,,Сельское хозяйство Боспора,,,,
DT61 .M59 2016,Egypt & North Africa,,The archaeology of urbanism in ancient Egypt: from the predynastic period to the end of the Middle Kingdom,,,,
DT93 .V3 1962,Egypt & North Africa,,Chronologie des préfets d'Égypte de 284 à 395,,,,
DS409 .W3 1971,"China, South Asia, & East Asia",,"On Yuan Chwang's travels in India, 629-645 A",,,,
BT1390 .L364 1951,Ancient Western Asia,,La gnose,,,,
PJ1680.G42 P67 2004,Egypt & North Africa,,I papiri di Gebelein: scavi G,,,,
NK7983.A1 J5 1998,"China, South Asia, & East Asia",,金銅佛=Bronze Buddhist sculpture,,,,
DF261.B7 S55 2015,Central Asia & Siberia,,С Mитридата дует вeтeр: Бoспoр и Причерноморье в aнтичности; к 70-летию В,,,,
DJK23 .K56 2004,The Caucasus & The Western Steppe,,"Kimmerowie, Scytowie, Sarmaci: księga poświęcona pamięci profesora Tadeusza Sulimirskiego",,,,
DK509 .S84 Non-circulating,The Caucasus & The Western Steppe,2015-04-14T00:00:00.000000,Studies in Caucasian archaeology.,,,,
PA2698.D3 B48 2014,European and Classical Antiquity,,The Latin language in the inscriptions of Roman Dacia,,,,
NK5107 .N49 1976,Cross-Cultural Studies & Other,,Ancient glass at the Newark Museum from the Eugene Schaefer Collection of antiquities,,,,
GN824.Z34 K87 1977,The Caucasus & The Western Steppe,,"Kурганныe moгильники, рясные мoгилы и нoсaки: Прeдварительная публикация",,,,
DK511.D7 P756 2014,Central Asia & Siberia,,Раскопки у хутора Дугино в дельте Дона в 2009 году,,,,
DS72 .K77 1970,Ancient Western Asia,,Sumerer und Akkader: ein Problem der altmesopotamischen Geschichte,,,,
PJ73 .P37 1964,Ancient Western Asia,,"École des langues orientales anciennes de l'Institut catholique de Paris: mémorial du cinquantenaire, 1914-1964",,,,
PJ1501 .A59 1971,Egypt & North Africa,,"Ägyptische Handschriften, Bd",,,,
DK511.C2 K753 1982,The Caucasus & The Western Steppe,,"Конференция по археологии Северного Кавказа: ХII Крупновские чтения, тезисы докладов",,,,
P945.A2 G7651 2004,Ancient Western Asia,,Hethitische Texte in Transkription KUB 51,,,,
DF546 .S67 1990,European and Classical Antiquity,,"Byzantine diplomacy: papers of the Twenty-fourth Spring Symposium of Byzantine Studies, Cambridge, March 1990",,,,
DK771.A25 K683 2012,Central Asia & Siberia,,Древнейшие статуи Чемурчека и прилегающих территорий,,,,
DK511.C2 K753 1975,The Caucasus & The Western Steppe,,Пятые Крупновские чтения по археологии Кавказа: тезисы докладов,,,,
DS793.D84 M63 1997,"China, South Asia, & East Asia",,敦煌莫高窟= The Mogao grottoes of Dunhuang,,,,
P945 .Z8 1994,Ancient Western Asia,,A complete retrograde glossary of the Hittite language,,,,
GT550 .W66 2002,European and Classical Antiquity,,Women's dress in the ancient Greek world,,,,
DG59.D43 B65 2018,European and Classical Antiquity,,The Roman bridge between Dolni Vadin (Bulgaria) and Grojdibodu (Romania),,,,
DS70.5.N9 W55 1985,Ancient Western Asia,,"Das Archiv des Šilwa-Teššup, Heft 9:1993",,,,
GN824.U7 B3 1964,The Caucasus & The Western Steppe,,Древнейшие металлурги Приуралья,,,,
DS797.77.X836 X83 2015,"China, South Asia, & East Asia",,宣汉罗家坝= Luojiaba in Xuanhan /,,,,
BV236.H22 L5 1982,Ancient Western Asia,,Livre d'heures des premiers chrétiens,,,,
JC73 .L3 1966,European and Classical Antiquity,,Representative government in Greek and Roman history,,,,
DT61 .G687 2016,Egypt & North Africa,,"Greco-Egyptian interactions: literature, translation, and culture, 500 BCE-300 CE",,,,
DS51.A64 O63 1952 Non-circulating,The Caucasus & The Western Steppe,2011-09-02T00:00:00.000000,Turistik Antalya /,,,,
DJK23 .P76 2008,The Caucasus & The Western Steppe,,Проблемы археологии Восточной Европы: к 85-летию Бориса Андреевича Шрамко,,,,
HB235.I72 V37 2001 v.1,Ancient Western Asia,,"A history of Babylonian prices in the first millennium BC,vol",,,,
NB1043 .L44 1958,"China, South Asia, & East Asia",,成都万佛寺石刻艺朮,,,,
DF261.A18 Y36 1976,European and Classical Antiquity,,Aegina,,,,
SB466.C52 G86 2016,"China, South Asia, & East Asia",,西湖名园・郭庄造园手法分析,,,,
DS329.4 .C49 2012 Non-circulating,Central Asia & Siberia,2012-07-03T00:00:00.000000,Chinese scholars on Inner Asia /,,,,
PL2457.A5 W368 2016,"China, South Asia, & East Asia",,殷墟甲骨文,,,,
DS70.5.B3 J35 1995,Ancient Western Asia,,"Bābil, the city of witchcraft and wine: the name and fame of Babylon in medieval Arabic geographical texts",,,,
DJK28.A76 W35 2017,The Caucasus & The Western Steppe,,"Walchen, Romani und Latini: Variationen einer nachrömischen Gruppenbezeichung zwischen Britannien und dem Balkan",,,,
GN320 .H33 1968,Cross-Cultural Studies & Other,,The rise of anthropological theory: a history of theories of culture,,,,
DS69.5 .A86 2017,Ancient Western Asia,,At the dawn of history: ancient Near Eastern studies in honour of J,,,,
DS79.89.K8 A73 2016,Ancient Western Asia,,The archaeology of the Kurdistan region of Iraq and adjecent regions,,,,
NB1280 .L63 1986,"China, South Asia, & East Asia",,Erzählende Reliefs vom Angkor Vāt: einige Originalabgüsse im Museum für Indische Kunst Berlin,,,,
BX4714.122 .S25 2015,Egypt & North Africa,,Missionary stories and the formation of the Syriac churches,,,,
CC81 .S5 1981 Non-circulating,Cross-Cultural Studies & Other,2012-10-23T00:00:00.000000,Environmental archaeology /,,,,
NK5565 .N4 1983,European and Classical Antiquity,,Геммы античного мира,,,,
HC337.D3 K68 1982,The Caucasus & The Western Steppe,,Проблемы культурно-исторического и хозяйственного развития населения древнего Дагестана,,,,
DG209 .G82 1966,European and Classical Antiquity,,Der Aufbau des Römischen Reiches,,,,
DS324.Z33 B35 2017,Ancient Western Asia,,Mountain peoples in the ancient Near East: the case of the Zagros in the first millennium BCE,,,,
DS797.22.B457 B46 2013,"China, South Asia, & East Asia",,蚌埠禹会村,,,,
DS797.68.X536 S536 2016,"China, South Asia, & East Asia",,长安绎古:汉唐历史考古文集,,,,
DS124 .S75 1969,Ancient Western Asia,,"The Jews in the Byzantine Empire, 641-1204",,,,
QA22 .F749 2007,Ancient Western Asia,,A remarkable collection of Babylonian mathematical texts,,,,
DS156.C17 C65 2006,Ancient Western Asia,,Antalya Karaçallı nekropolü = The Karaçallı necropolis near Antalya,,,,
CJ35 .A5 1958,Cross-Cultural Studies & Other,,Centennial publication of the American Numismatic Society,,,,
PJ1526.I33 I57 Abt.1:Bd.3,Egypt & North Africa,,Edfou VI,,,,
BX156.2 .S34 1983,Ancient Western Asia,,"Lettre Christologique du Patriarche Syro-Oriental Īšō'yahb II de Gd̲ālā (628-646): étude, traduction et édition critique",,,,
D56 .C665 2007,Cross-Cultural Studies & Other,,Continuity and change: studies in late antique historiography,,,,
DJK66 .P75 2013,The Caucasus & The Western Steppe,,"Причерноморье в античное и раннесредневековое время: сборник научных трудов, посвященный 65-летию профессора В",,,,
P950 .W47 1991,Ancient Western Asia,,Kleine Einführung ins Hieroglyphen-Luwische,,,,
DS328 .D73 2014,Central Asia & Siberia,,Древние и средневековые изваяния Центральной Азии: сборник статей,,,,
P945.A2 G766 2004,Ancient Western Asia,,Hethitische Texte in Transkription KUB 60,,,,
DK511.C2 M24 1991,The Caucasus & The Western Steppe,,Скифы на Северном Кавказе,,,,
ND142 .A78 1968,European and Classical Antiquity,,L'art pictural byzantin,,,,
NA6047.C436 W36 2015,"China, South Asia, & East Asia",,"长治宋金元墓室建筑艺术研究=Studies on tomb buildings of Song, Jin and Yuan dynasties in Changzhi",,,,
CE33 .C644 2015,Ancient Western Asia,,Festivals and calendars of the ancient Near East,,,,
KB197.2 .C93 2017,Ancient Western Asia,,Localized law: the Babatha and Salome Komaise archives,,,,
DS118 .H665 1973,Egypt & North Africa,,History until 1880,,,,
GN635.S5 O55 1981,"China, South Asia, & East Asia",,Art of the Amur: ancient art of the Russian Far East,,,,
N6280 .B814 1968,European and Classical Antiquity,,Le préroman,,,,
DS62.23 .E539 2000,Ancient Western Asia,,Quinze ans de recherche (1985-2000) sur la Transeuphratène à l'époque perse,,,,
P945 .S65 Heft 17,Ancient Western Asia,,Eine althethitische Erzählung um die Stadt Zalpa,,,,
DS267 .G58 1989,Ancient Western Asia,,The idea of Iran: an essay on its origin,,,,
NK7175.67.T32 T35 2012,Central Asia & Siberia,,The Oxus treasure,,,,
KL4712.2 .T73 2015,Ancient Western Asia,,Trattati internazionali ittiti,,,,
GN799.P4 K65 1976,The Caucasus & The Western Steppe,,Древнейшие писаницы горного Дагестана,,,,
CN1161.S473 A627 1997,"China, South Asia, & East Asia",,山东摩崖书刻艺术,,,,
PJ4013 .H38 2000,Ancient Western Asia,,A manual of Sumerian grammar and texts,,,,
CJ546 .B38 2000,European and Classical Antiquity,,Silver coinage with the types of Aesillas the Quaestor,,,,
N7342 .T68 2015,"China, South Asia, & East Asia",,"東洋の美:中国・朝鮮・東南アジアの名品=The beauty of Asian art : masterpieces from China, Korea and Southeast Asia",,,,
DS62.23 .O75 2014,Ancient Western Asia,,"The late third millennium in the ancient Near East: chronology, C14, and climate change",,,,
DT60 .P76 1986,Egypt & North Africa,,Science in Egyptology,,,,
DS527.8 .O57 1972,"China, South Asia, & East Asia",,Historical sites in Burma,,,,
PJ1565 .W55 1947,Egypt & North Africa,,"De hymnen aan Amon van papyrus Leiden I 350, v",,,,
NK2121 .M296 2002,"China, South Asia, & East Asia",,中国古代门窗,,,,
NK8459.T33 S84 2018,European and Classical Antiquity,,"La vaisselle métallique de Gaule septentrionale à la veille de la conquête: typologie, fonction et diffusion",,,,
CD5344 .N55 2016,Ancient Western Asia,,Sasanian clay sealings in the Bandar Abbas Museum,,,,
DS247.Y43 D4213 2009,Ancient Western Asia,,Arabia Felix: an exploration of the archaeological history of Yemen,,,,
DS329.4 .C4813 2004 Non-circulating,Central Asia & Siberia,2012-08-03T00:00:00.000000,Nomadic empires :,,,,
CB251 .B356 2009,European and Classical Antiquity,,"Out of Arabia: Phoenicians, Arabs, and the discovery of Europe",,,,
NK7455.I4 P74 1982,"China, South Asia, & East Asia",,Indian rings,,,,
DS71 .R43 2010,Ancient Western Asia,,Rebellions and peripheries in the cuneiform world,,,,
PA6694.S8 N48 2013,European and Classical Antiquity,,New approaches to Sidonius Apollinaris,,,,
CJ208 .H33 2001,Cross-Cultural Studies & Other,,Hacksilber to coinage: new insights into the monetary history of the Near East and Greece : a collection of eight papers presented at the 99th Annual Meeting of the Archaeological Institute of America,,,,
JC375 .H474 2017,Ancient Western Asia,,Herrschaftslegitimation in vorderorientalischen Reichen der Eisenzeit,,,,
CJ277.S95 D78 2016,Ancient Western Asia,,Wealth and warfare: the archaeology of money in ancient Syria,,,,
PJ1526.E37 F45 1927,Egypt & North Africa,,Die Felseninschriften von Hatnub: nach den Aufnahmen Georg Möllers,,,,
QK475 .H38 2000,Cross-Cultural Studies & Other,,The identification of the Northern European woods: a guide for archaeologists and conservators,,,,
DK771.A25 S235 2016,Central Asia & Siberia,,Древние городища Алтая,,,,
DK34.S4 G75 1992,The Caucasus & The Western Steppe,,"Граковские чтения на Кафедре археологии МГУ, 1989-1990 гг",,,,
DK508.3 .A745 1985,The Caucasus & The Western Steppe,,"Археология Украинской ССР: в трех томах, t",,,,
BR195.P74 H86 2009,European and Classical Antiquity,,Psychology of prophecy in early Christianity: prophetism and religious altered states of consciousness,,,,
DK508.95.C544 Z83 1993,The Caucasus & The Western Steppe,,Херсонес Таврический в античную эпоху: экономика и социальные oтнощения,,,,
N7348 .Y8 1981,"China, South Asia, & East Asia",,中國美術家人名辭典,,,,
DS70.5.B3 B33 2009,Ancient Western Asia,,Babylon,,,,
BX152 .S914 1902,Ancient Western Asia,,"Synodicon orientale, ou, Recueil de synodes nestoriens",,,,
PJ1181 .R58 1995,Egypt & North Africa,,Das Verbalsystem der königlichen und privaten Inschriften: XVIII,,,,
GN780.22.R9 D38 1974,The Caucasus & The Western Steppe,,Культуры Дагестана эпохи раннего железа,,,,
DS254.5 .G74 1945,Ancient Western Asia,,Persia,,,,
BX4700.P47 S15 1956,Ancient Western Asia,,"La vie merveilleuse de Saint Pierre d'Altroa, (837)",,,,
DK945 .V65 1978,Central Asia & Siberia,,"Вопросы археологии, древней истории и этнографии Узбекистана",,,,
DS156.T39 J36 2017,Ancient Western Asia,,Sea Peoples of the Northern Levant?: Aegean-Style Pottery from Early Iron Age Tell Tayinat,,,,
LF4425.C4 A6 1976,The Caucasus & The Western Steppe,,Материалы конференции профессорско-преподавательского состава Чечено-Ингушского госуниверситета по итогам научо-исследовательской работы за 1974: [тезисы докладов],,,,
CN415.P4 G52 1978,Ancient Western Asia,,"The ""Christians for Christians"" inscriptions of Phrygia: Greek texts, translation and commentary",,,,
DS286 .S47 2016,Ancient Western Asia,,A short chronicle on the end of the Sasanian Empire and early Islam 590-660 A,,,,
NK4146.C9 M68 2018,Ancient Western Asia,,"Decorated pottery in Cyprus and Philistia in the 12th century BC: Cypriot IIIC and Philistine IIIC, v",,,,
DE84 .S78 2008,European and Classical Antiquity,,Studies on the Greek and Roman military history,,,,
DS797.77.Q255 S26 2007,"China, South Asia, & East Asia",,三台郪江崖墓,,,,
BT1410 .T73 2017,"China, South Asia, & East Asia",,"Tractatus Manichaicus Sinicus=摩尼教殘經, v",,,,
N7343.24 .L58 1996,"China, South Asia, & East Asia",,"六朝艺术, text",,,,
DS110.T22 S75 2006,Ancient Western Asia,,"Tel Tanninim: excavations at Krokodeilon Polis, 1996-1999",,,,
BS2833.A76 T46 2017,Ancient Western Asia,,Nerses of Lambron: commentary on the Dormition of Saint John,,,,
PL2466.Z6 W33 1988,"China, South Asia, & East Asia",,"詩三家義集疏, v",,,,
BL785 .R37 1927,European and Classical Antiquity,,Die hellenistischen Mysterienreligionen: nach ihren Grundgedanken und Wirkungen ; Vortrag Ursprünglich Gehalten in dem Wissenschaftlichen predigerverein für Elsass-Lothringen den 11,,,,
DS153.3 J683 1997,Egypt & North Africa,,Jordanie: sur les pas des archéologues : exposition présentée [à l'Institut du monde arabe] du 13 juin au 5 octobre 1997,,,,
D17 .B33 1976,Ancient Western Asia,,"The chronography of Gregory Abû'l-Faraj 1225-1286, the son of Aaron, the Hebrew physician commonly known as Bar Hebraeus, being the first part of his political history of the world, v",,,,
CN360 .P68 2003,European and Classical Antiquity,,Choix d'inscriptions grecques,,,,
DS99.U35 F74 2006,Ancient Western Asia,,Histoire politique du royaume d'Ugarit,,,,
DS12 .S475 2000,Central Asia & Siberia,,"La Sérinde, terre d'échanges: art, religion, commerce du Ier au Xe siècle : actes du colloque international, Galeries nationales du Grand Palais, 13-14-15 février 1996",,,,
HD9926.C62 S55 2015,Central Asia & Siberia,,"丝路之绸:起源传播与交流= Silks from the silk road: orgins, transmission and exchange",,,,
GN824.A84 K63 1983,The Caucasus & The Western Steppe,,Кочевники Азово-Каспийского междуморья: межвузовский сборник статеий,,,,
DS69.5 .L38 2017,Ancient Western Asia,,"Babylonia, the Gulf Region, and the Indus: archaeological and textual evidence for contact in the third and early second millennium B",,,,
BL1616.F87 K38 2003,Ancient Western Asia,,The image of the netherworld in the Sumerian sources,,,,
P945 .S65 Heft 18,Ancient Western Asia,,Der Anitta-Text,,,,
DF14 .R63 1969,European and Classical Antiquity,,"Opera minora selecta: épigraphie et antiquités grecques, v",,,,
DK511.K8 P89 1997,The Caucasus & The Western Steppe,,Памятники скифского времени бассейна р,,,,
CJ547.A47 L67 1990,European and Classical Antiquity,,Amphipolis: the civic coinage in silver and gold,,,,
DT85 .S484 1902,Egypt & North Africa,,"Imhotep, der Asklepios der Aegypter: ein vergötterter mensch aus der zeit des königs Ḏoṡer",,,,
DS51.O75 S25 2001,Ancient Western Asia,,The salvage excavations at Orman Fidanlığı: a Chalcolithic site in inland northwestern Anatolia,,,,
BX4711.122 .F67 2001,Ancient Western Asia,,The uniate Eastern churches,,,,
S421 .R58 1991,Cross-Cultural Studies & Other,,Rites et rythmes agraires: séminaire de recherche,,,,
DK508.9.B57 A58 1984,Central Asia & Siberia,,Aнтичные гoсудaрствa Сeвeрного Причерноморья,,,,
PJ2033 .S84 1971,Egypt & North Africa,,Koptische Grammatik,,,,
Z6611.G45 G476 2006,Ancient Western Asia,,المخطوطاتالعربيةفيمكتبةالبودليانجامعةأوكسفورد,,,,
CJ3496 .Q253 2002,"China, South Asia, & East Asia",,钱币学与冶铸史论丛,,,,
PA3315 .G4 1939,Egypt & North Africa,,The Adler papyri,,,,
DK509 .D83 1984,The Caucasus & The Western Steppe,,"Душетская научная конференция, посвященная проблеме взаимоотношений между горными и равнинными регионами: аннотации",,,,
PA3339 .P34 t.9 1969,Egypt & North Africa,,Le stratège du nome,,,,
DS70.5.N9 S88 vol.7 1995,Ancient Western Asia,,Edith Porada memorial volume,,,,
QE536 .E73 2016,Cross-Cultural Studies & Other,,Erdbeben in der Antike: Deutungen - Folgen - Repräsentationen,,,,
DF221.C8 .F736 2025,European and Classical Antiquity,2025-12-03,"Greek and Roman pottery from Sphakia, south-west Crete : from the White Mountains to the deep blue sea /",,,,
DS797.75.D386 X8 2001,"China, South Asia, & East Asia",,大同导游,,,,
DS69.6 .M35 2016,Ancient Western Asia,,Making pictures of war: realia et imaginaria in the iconology of the ancient Near East,,,,
DT269.U9 W47 1982,Egypt & North Africa,,"Uzita: Vondstenmateriaal uit een antieke nederzetting in Midden-Tunisië = Uzita : matériel de fouilles d'une cité antique en Tunisie Centrale, deel 2",,,,
DK508.9.K78 K856 1906,The Caucasus & The Western Steppe,,Прошлое Тавриды: краткий историческій очерк,,,,
DK508.95.C544 K485 1958,Central Asia & Siberia,,Херсонес Таврический: путeвoдитeль пo рaскoпкaм,,,,
DS554.98.A5 D54 2001,"China, South Asia, & East Asia",,"Ruins of Angkor, Cambodia, in 1909",,,,
PJ3251 .U55 1969,Ancient Western Asia,,Grammatik des Akkadischen,,,,
DE59 .V555 2013,Cross-Cultural Studies & Other,,"Villes et campagnes aux rives de la Méditerranée ancienne: hommages à Georges Tate, text",,,,
GN778.22.C38 V67 2011,The Caucasus & The Western Steppe,,Вопросы древней и средневековой археологии Кавказа,,,,
DK2.5 .V74 1960,The Caucasus & The Western Steppe,,Сборник докладов на VI и VII Всесоюзных археологических студенческих конференциях,,,,
DS275 .T73 2002,Cross-Cultural Studies & Other,,Tradition and innovation in the ancient world,,,,
DK508.9.K78 P66 2005,The Caucasus & The Western Steppe,,Историко-археологические очерки греческой и позднескифской культур в Северо-Западном Крыму: по материалам Чайкинского городища,,,,
NK7983 .M8 1967,"China, South Asia, & East Asia",,Chinese Buddhist bronzes,,,,
DK771.A79 G75 1980,Central Asia & Siberia,,Аржан--царский курган раннескифского времени,,,,
DS73.95 .S76 1985,Ancient Western Asia,,"Entrepreneurs and empire: the Muras̆û Archive, the Muras̆û Firm, and Persian rule in Babylonia",,,,
DR431 .A75 2017,Ancient Western Asia,,Arkeolojik şeyler = Archaeological things,,,,
BR1608.P47 P47 2016,Ancient Western Asia,,Persian martyr acts under King Yazdgird I,,,,
NK7107 .B67 2006,Ancient Western Asia,,"Gold im Alten Orient: Technik, Naturwissenschaft, Altorientalistik",,,,
DK651.A596 A53 1980,The Caucasus & The Western Steppe,,"Гoргиппия: (Maтeриaлы Aнaпскoй археологическoй экспедиции), sb",,,,
DK511.K6 G65 1989 Non-circulating,The Caucasus & The Western Steppe,2012-05-03T00:00:00.000000,Gold und Kunsthandwerk vom antiken Kuban :,,,,
DS797.72.J56 H8 2001,"China, South Asia, & East Asia",,惊世汉王陵:济南洛庄汉墓掲秘,,,,
BT315 .M66 1952,Ancient Western Asia,,Le leggende orientali sui magi evangelici,,,,
BR65.D62 F7 1980,European and Classical Antiquity,,Œuvres complètes du Pseudo-Denys lʼAréopagite,,,,
PJ1526.I33 I57 Suppl.:Heft 4 1994,Egypt & North Africa,,"Edfu: Studien zu Vokabular, Ikonographie, und Grammatik",,,,
DF221.C8 A634 1975,European and Classical Antiquity,,Herakleion Museum and archaeological sites of Crete,,,,
DK511.G4 S25 1980,The Caucasus & The Western Steppe,,Histoire de la nation géorgienne,,,,
DK34.S4 R9 1979,The Caucasus & The Western Steppe,,Геродотова Скифия: Ист,,,,
N7343.23 .S65 2014,"China, South Asia, & East Asia",,Splendeurs des Han: essor de l'Empire céleste,,,,
DS797.44.E75 X569 2016,"China, South Asia, & East Asia",,"新郑望京楼: 2010-2012年田野考古发掘报告, v",,,,
DS62.2 .W555 1893,Ancient Western Asia,,"Altorientalische Forschungen, v",,,,
PJ3791 .S35 1989,Ancient Western Asia,,"Schlaf, Kindchen, schlaf!: mesopotamische Baby-Beschwörungen und -Rituale",,,,
PK8547.S27 Z63 2013,The Caucasus & The Western Steppe,,David of Sassoun: critical studies on the Armenian epic,,,,
PJ3181 .L8 1886,Ancient Western Asia,,An Assyrian manual: for the use of beginners in the study of the Assyrian language,,,,
DS798.9.O75 W67 2003,"China, South Asia, & East Asia",,Work for the project Turkish Monuments in Mongolia in year 2001,,,,
CB253 .E76 1995,Cross-Cultural Studies & Other,,Эрмитажные чтения 1986-1994 годов памяти В,,,,
KL4347 .T35 2017,European and Classical Antiquity,,Dike ouk eisagogimos: contributi allo studio del processo attico,,,,
BS742 .B74 1970,Ancient Western Asia,,"The Septuagint version of the Old Testament: with an English translation, and with various readings and critical notes",,,,
DS793.K4 P46 1992,"China, South Asia, & East Asia",,江西先秦考古,,,,
BL1900.L35 Y83 1973,"China, South Asia, & East Asia",,新譯老子讀本,,,,
PA6156.S7 S73 2015,European and Classical Antiquity,,Silvae,,,,
DK508.9.B57 P47 1986,The Caucasus & The Western Steppe,,Косторезное дело в античных государствах Северного Причерноморья,,,,
ND1043.23 .C43 1955,"China, South Asia, & East Asia",,漢代繪畫選集,,,,
Z3464.L5 U58 1987,The Caucasus & The Western Steppe,,Bibliography of Armenian dictionaries,,,,
DT68 .W34 2016 texgt & plates,Egypt & North Africa,,Der Sarkophag der Gottesgemahlin Anchnesneferibre,,,,
DG59.P2 K68 2014,European and Classical Antiquity,2025-12-18,Die antiken Quellen zu Pannonien in der Spätantike /,,,,
RS63 .H37 2016,European and Classical Antiquity,,Ancient botany,,,,
NB1007.S67 S68 1954,"China, South Asia, & East Asia",,A handbook of South Indian images: an introduction to the study of Hindu iconography,,,,
DS69.1 .R4 1928 Bd.15:Lfg.1-2. From the library of Hayim and Miriam Tadmor,Ancient Western Asia,,"Reallexikon der Assyriologie, Bd",,,,
DS110.S43 W38 1937,Ancient Western Asia,,"Preliminary report of the University of Michigan excavations at Sepphoris, Palestine, in 1931",,,,
KJA2512 .S47 2001,European and Classical Antiquity,,Epistulae e negotia nel diritto romano classico 2,,,,
DS66 .I57 2008,Ancient Western Asia,,VII,,,,
DS43 .I7 1861,Ancient Western Asia,,"Itinéraire descriptif, historique et archéologique de l'Orient",,,,
DS90 .D59 1992,Ancient Western Asia,,People of the sea: the search for the Philistines,,,,
NK7983.Z53 Q25 2015,"China, South Asia, & East Asia",,齐国故城遗址博物馆馆藏青铜器精品,,,,
DS329.4 .B67 1989,Central Asia & Siberia,,Запад Центральной Азии во II в,,,,
CJ809 .S35 1978,European and Classical Antiquity,,Scripta nummaria romana: essays presented to Humphrey Sutherland,,,,
DS156.Z59 M38 2017,Ancient Western Asia,,Ziyaret Tepe: exploring the Anatolian frontier of the Assyrian Empire,,,,
GV669 .Q44 1975,Egypt & North Africa,,Quellentexte zu Sport und Körperkultur im alten Ägypten,,,,
N7342 .S483 2004,"China, South Asia, & East Asia",,"山东省博物馆藏珍, v",,,,
DJK46.7 .K89 1991,The Caucasus & The Western Steppe,,Этюды по скифской истории,,,,
GN780.22.T9 D66 2016,Ancient Western Asia,,Anadolu ve Ermeniler: kızılırmak havzası demir çağı toplumunun doğu Anadolu yaylası'na büyük göçü = Anatolia and Armenians: great exodus of the Halys Basin Iron Age Community to the eastern Anatolian plateau,,,,
DK511.C2 A678 2015,The Caucasus & The Western Steppe,,"V ""Анфимовские чтения"" по археологии Западного Кавказа: Культурные взаимодействия народов Западного Кавказа в древности и средневековье: Материалы международной археологической конференции (г",,,,
DS327 .J68 v.6 (2011),Central Asia & Siberia,,"Journal of Inner Asian art and archaeology, vol",,,,
DK34.S4 I28 1959,The Caucasus & The Western Steppe,,Скифия VII-V веков до нашей эры: археологические памятники степного Приднепровья и Приазовья VII-V веков до нашей эры,,,,
N5310.8.R8 S35 1979,The Caucasus & The Western Steppe,,У истоков искусства: Каталог выставки,,,,
CN1230.Y4 N43 2016,Ancient Western Asia,,Der Tatenbericht des Yiṯa''amar Watar bin Yakrubmalik aus Ṣirwāḥ (Jemen) zur Geschichte Südarabiens im frühen 1,,,,
CJ1087 .B46 2014,Ancient Western Asia,,"Local elites and local coinage: elite self representation on the provincial coinage of Asia, 31 BC to AD 275",,,,
PJ4053.R66 S55 1995 v.1-2,Ancient Western Asia,,"Neo-Sumerian texts from the Royal Ontario Museum, vol",,,,
DK34.A4 K689 1997,The Caucasus & The Western Steppe,,"Les Alains: cavaliers des steppes, seigneurs du Caucase",,,,
DS797.28.D864 A17 2000,"China, South Asia, & East Asia",,2000年敦煌学国际学术讨论会论文提要集:纪念敦煌藏经洞发现暨敦煌学100周年(1900-2000)= 2000 International conference on Dunhuang studies-abstracts of papers : the centenary of the discovery of the Dunhuang Library Cave and the founding of Dunhuang studies (1900-2000),,,,
BL813.S3 E8 1939,European and Classical Antiquity,,The cults of the Sabine territory,,,,
CD5344 .K45 1991,Ancient Western Asia,,Vorderasiatische Stempelsiegel: die Sammlung des Biblischen Instituts der Universität Freiburg Schweiz,,,,
PJ3887 .B3 2016,Ancient Western Asia,,The verb in the Amarna letters from Canaan,,,,
DS156.U7 P59 2011,The Caucasus & The Western Steppe,,История и культура Урарту,,,,
DK771.G6 P65 1994 Non-circulating,Central Asia & Siberia,2013-01-16T00:00:00.000000,Steregushchie zoloto grify :,,,,
ML85 .C5 1996,"China, South Asia, & East Asia",,"中国音乐文物大系, v",,,,
DK771.K5 Z83 1999,Central Asia & Siberia,,Das tagarzeitliche Gräberfeld Belyj Jar I in Chakassien,,,,
BV5082.2 .L6713,Ancient Western Asia,,The mystical theology of the Eastern Church,,,,
CC80.4 .O5 2000,Cross-Cultural Studies & Other,,On the theory and practice of archaeological computing,,,,
DS486.T3 M3 1960,"China, South Asia, & East Asia",,A guide to Taxila,,,,
DS70.5.C84 C84 1930,Ancient Western Asia,,Die Ausgrabungen der deutschen Ktesiphon-expedition im Winter 1928/1929,,,,
DS797.28.D864 D864 2000,"China, South Asia, & East Asia",,敦煌硏究院=Dunhuang Academy,,,,
N5899.I2 I237 1998,European and Classical Antiquity,,"Die Iberer: Paris, Galeries nationales du Grand Palais, 15",,,,
ND2849.Y85 S53 2016,"China, South Asia, & East Asia",,榆林窟第25窟:敦煌图像中的唐蕃关系,,,,
PJ3837.S7 L8 1924,Egypt & North Africa,,The annals of Sennacherib,,,,
GN855.R9 A82 1975,Central Asia & Siberia,,Проблемы этнической истории Бeрингоморья: Эквенский могильник,,,,
CJ401 .K72 1976,European and Classical Antiquity,,Archaic and classical Greek coins,,,,
DK771.T93 K97 1979,Central Asia & Siberia,,Древняя Тува: от палеолита до IX в,,,,
HQ1136 .C527 2013,European and Classical Antiquity,,Women in ancient Rome,,,,
PA3343 .R45 2016,Egypt & North Africa,,"Kommunikation und Ökonomie: Untersuchungen zu den privaten Papyrusbriefen aus dem kaiserzeitlichen Ägypten, T",,,,
DS56 .R46 2008,Ancient Western Asia,,"Divination in the ancient Near East: a workshop on divination conducted during the 54th Rencontre assyriologique internationale, Würzburg, 2008",,,,
PA3308 .A79 2016,Egypt & North Africa,,Two Hellenistic medical papyri of the Ärztekammer Nordrhein (P,,,,
PJ1481 .H47 1957,Egypt & North Africa,,Untersuchungen zur Überlieferungsgestalt mittelägyptischer Literaturwerke,,,,
DS51.B86 K67 1957,Ancient Western Asia,,Türk Tarih Kurumu tarafindan yapilan Büyük Güllücek kazisi: 1947 ve 1949 daki çalişmalar hakkinda ilk rapor = Ausgrabungen von Büyük Güllücek : Ausgeführt durch die Türkische historische Gesellschaft Vorbericht über die Arbeiten von 1947 und 1949,,,,
DS797.44.L84 L873 2014,"China, South Asia, & East Asia",,洛阳五女冢遗址:田野考古发掘报告,,,,
N7343.24 .L58 1996,"China, South Asia, & East Asia",,"六朝艺术, plates",,,,
PJ3881 .S74 1944,Ancient Western Asia,,Old Assyrian letters and business documents,,,,
DB920 .A34 1986,European and Classical Antiquity,,Археология Венгрии: конец II тысячелетия до н,,,,
DS327.8 .R68 1985 Non-circulating,Central Asia & Siberia,2012-04-04T00:00:00.000000,La Route de la soie /,,,,
NB1912.B83 Y864 2014,"China, South Asia, & East Asia",,"云冈石窟=Yun-kang, v",,,,
DG271 .R56 1991,European and Classical Antiquity,,"The Roman eastern frontier and the Persian Wars, pt",,,,
DK500.B55 K33 1991,The Caucasus & The Western Steppe,,Города и пoсeлeния Причерноморья aнтичной эпохи: мaлый энциклопедический справочник,,,,
DF501 .T33 Bd.9 1996,Ancient Western Asia,,Paphlagonien und Honōrias,,,,
NA1501 .P86 1999,"China, South Asia, & East Asia",,Great monuments of the Indian subcontinent,,,,
GN778.28 .D58 2002,The Caucasus & The Western Steppe,,Mеталлические сeрпы пoздней бронзы Восточной Европы,,,,
GF657.S46 H859 2016,"China, South Asia, & East Asia",,鲁东南沿海地区聚落选址与聚落变迁研究,,,,
GN778.A7 M3 1964,The Caucasus & The Western Steppe,,Армения в эпоху бронзы и раннего железа,,,,
DT61 .H5 2000,Egypt & North Africa,,Ägypten: Kultur und Lebenswelt in griechisch-römischer Zeit : eine Darstellung nach den demotischen Quellen,,,,
PJ3711 .Y25 v.4 2000,Ancient Western Asia,,Old Babylonian archival texts in the Yale Babylonian Collection,,,,
DS109.32.M38 N68 1961. From the Library of Nina Garsoïan,Ancient Western Asia,,"Notice illustrée sur Al-Haram Al-Sharif, Jérusalem",,,,
DG59.D43 R665 2015,European and Classical Antiquity,,Der römische Limes in Österreich: Führer zu den archäologischen Denkmälern,,,,
DS751.82 W77 1995,"China, South Asia, & East Asia",,西夏书事校证,,,,
TA436 .F46 2016,Cross-Cultural Studies & Other,,Protocoles d'étude des mortiers anciens à l'usage des archéologues,,,,
DS70.5.N9 S88 v.11 2001,Ancient Western Asia,,The Pula-ḫali family archives,,,,
KJA1041 .D65 1985,European and Classical Antiquity,,"Repertorium manuscriptorum veterum Codicis Iustiniani, Halbbd",,,,
DS554.98.A5 F79 1972,"China, South Asia, & East Asia",,Angkor Wat,,,,
CJ1229 .W53 1973,Ancient Western Asia,,Byzantine coins,,,,
BR195.W6 M38 2014,Egypt & North Africa,,Christian women in the Greek papyri of Egypt to 400 CE,,,,
P945.A2 G764 2009,Ancient Western Asia,,Hethitische Texte in Transkription KUB 2,,,,
ND2848 .H83 2008,"China, South Asia, & East Asia",,汉代墓室壁画硏究,,,,
GN824.C7 S3 1969,The Caucasus & The Western Steppe,,Северное Присивашье в V-I тысячелетиях до нашей эры,,,,
CB311 .I84 1977,The Caucasus & The Western Steppe,,История и культура античного мира,,,,
SF293.A8 O47 2010,Cross-Cultural Studies & Other,,"A gift from the desert: the art, history, and culture of the Arabian horse",,,,
ND1043.24 .G89 1988,"China, South Asia, & East Asia",,固原北魏墓漆棺画,,,,
NK4340.C44 L684 2015,"China, South Asia, & East Asia",,"龙泉大窑枫洞岩窑址, v",,,,
BL1625.M37 B37 2012,Ancient Western Asia,,Les religieuses et le culte de Marduk dans le royaume de Babylone,,,,
DS719 .K63 2003,"China, South Asia, & East Asia",,汉墓的考古学硏究=Hanmude kaoguxue yanjiu,,,,
BR195.C5 G56 2015,Egypt & North Africa,,"The Gnomai of the Council of Nicea (CC 0021): critical text with translation, introduction and commentary",,,,
BL660 .D793 1977,"China, South Asia, & East Asia",,Les dieux souverains des indo-européens,,,,
DS797.44.X573 X466 2016,"China, South Asia, & East Asia",,新郑坡赵一号墓=No,,,,
DK34.S4 S45 1989,The Caucasus & The Western Steppe,,Скифия и Боспор: Археологические материалы к конференции памяти академика М,,,,
DE5 .C28 2006,European and Classical Antiquity,,The Cambridge dictionary of classical civilization,,,,
PN871 .H66 2018,Cross-Cultural Studies & Other,2025-12-15,"The Homeric epics and the Chinese ""Book of songs"" : foundational texts compared /",,,,
U821.M628 G47 2017,Ancient Western Asia,,Les armes du Proche-Orient ancien: des origines à 2000 av,,,,
DS327.3 .P76 1979 Non-circulating,Central Asia & Siberia,2012-04-20T00:00:00.000000,Prolegomena to the sources on the history of pre-Islamic Central Asia /,,,,
DK508.425.S39 F535 2003,The Caucasus & The Western Steppe,,Напад Скіфів на Трахтемирівське городище,,,,
DT73.A8127 I88 2012,Egypt & North Africa,,"La collezione archeologica dell'Istituto papirologico ""G",,,,
DS71 .S2 1979,Ancient Western Asia,,История древней Ассирии,,,,
DS110.H28 R661 1983,Ancient Western Asia,,סקרארכיאולוגישלישראל:מפתחיפה־מזרח(23) 24־15,,,,
DK699.A27 A55 2011,The Caucasus & The Western Steppe,,Namälum Abşeron = Unknown Absheron= Неизвестный Абшерон,,,,
PA3309 .G7 1972,Egypt & North Africa,,Papyri Groninganae: Griechische Papyri der Universitätsbibliothek zu Groningen nebst zwei Papyri der Universitätsbibliothek zu Amsterdam,,,,
QE634.C6 C38 2015,Central Asia & Siberia,,"The Central Asian Orogenic Belt: geology, evolution, tectonics and models",,,,
DS797.62.S546 S456 2007,"China, South Asia, & East Asia",,"沈阳考古文集, v",,,,
NK3850 .Q48 2015,European and Classical Antiquity,,Contextos cerámicos y transformaciones urbanas en Carthago Nova (s,,,,
NK4670.7.C6 H46 2016,"China, South Asia, & East Asia",,金石文心:庐江草堂藏砖瓦拓片,,,,
BF1591 .W583 1999,European and Classical Antiquity,,Witchcraft and magic in Europe,,,,
N7346.Y8 Y8 2013,"China, South Asia, & East Asia",,蔚州文物珍藏,,,,
T15 .S53 1954 Non-circulating,Cross-Cultural Studies & Other,2012-12-18T00:00:00.000000,A history of technology /,,,,
TS2010 .S86 2016,"China, South Asia, & East Asia",,载驰载驱:中国古代车马文化,,,,
GN778.2.K63 P76 2014,The Caucasus & The Western Steppe,,"Скифы, сарматы и племена кобанской культуры в Центральном Предкавказье во второй половине И тыс",,,,
BR67 .T75 1977,Ancient Western Asia,,"A tribute to Arthur Vööbus: studies in early Christian literature and its environment, primarily in the Syrian East",,,,
CN398.G3 I583 2012,European and Classical Antiquity,,Inscriptiones Graecae Treverenses: Edition der spätantiken und frühchristlichen griechischen Inschriften in Trier mit Übersetzung und Kommentar,,,,
TD216 .F765 2016,European and Classical Antiquity,,"Wasserwesen zur Zeit des Frontinus: Bauwerke, Technik, Kultur : Tagungsband des internationalen Frontinus-Symposiums Trier, 25",,,,
DS797.77.C48 C448 2016,"China, South Asia, & East Asia",,"成都天府广场东北侧古遗址发掘报告=Report of archaeological excavation at the ancient ruins of northeastern Tianfu square, Chengdu",,,,
DK905 .K39 2010 Non-circulating,Central Asia & Siberia,2011-02-15T00:00:00.000000,Kazakhstan :,,,,
CC165 .B23 1971 Non-circulating,Cross-Cultural Studies & Other,2008-08-06T00:00:00.000000,Archaeology :,,,,
KNN122 .L526 2016,"China, South Asia, & East Asia",,兩漢魏晉南北朝石刻法律文獻整理與研究,,,,
HT863 .D68 1980,European and Classical Antiquity,,Рабство в Аттике в VI-V вв,,,,
BQ1217 .K37 2008,Central Asia & Siberia,,Die uigurischen buddhistischen Kolophone,,,,
DF221.N39 A34 2016,European and Classical Antiquity,,"Geometric period Plithos burial ground at Chora of Naxos Island, Greece: anthropology report",,,,
DK511.C2 A743 1984,The Caucasus & The Western Steppe,,Археология и вопросы социальной истории Северного Кавказа: сборник научных трудов,,,,
KJA195 .R66 1996,European and Classical Antiquity,,"Roman statutes, v",,,,
DS57 .P67 1997,Ancient Western Asia,,Mesopotamian civilization: the material foundations,,,,
NK9900 .C43 1954,"China, South Asia, & East Asia",,長沙出土古代漆器圖案選集,,,,
DS747.42 .L63 2005,"China, South Asia, & East Asia",,"Faith, myth, and reason in Han China",,,,
HD846.Z7 L36 2016,Ancient Western Asia,,"Landscapes of the Islamic world: archaeology, history, and ethnography",,,,
DS281 .E82 2014,Ancient Western Asia,,Excavating an empire: Achaemenid Persia in Longue Durée,,,,
PJ3251 .M47 1966,Ancient Western Asia,,Assyrian grammar with chrestomathy and glossary,,,,
NK5107.3 .R65 2016,European and Classical Antiquity,,Le verre à Lyon: production et consommation durant le Haut-Empire (Lugdunum),,,,
DS111 .Y4 1960,Egypt & North Africa,,"A decade of archaeology in Israel, 1948-1958",,,,
N7262 .A86 1960,"China, South Asia, & East Asia",,Masterpieces of Asian art in American collections,,,,
DS110.B476 S587 2006,Ancient Western Asia,,The temple area of Bethsaida: Polish excavations on et-Tell in the years 1998-2000,,,,
DS110.E458 D68 2016,Ancient Western Asia,,"Tel Miqne-Ekron excavations 1985-1988, 1990, 1992-1995: field IV lower--the Elite Zone, pt",,,,
DS49.5 .H8 1916,Ancient Western Asia,,From the gulf to Ararat: an expedition through Mesopotamia and Kurdistan,,,,
PA3341 .Y6 1973,Egypt & North Africa,,"Scriptiunculae, v",,,,
NA1479.7.A46 Q27 2016,Ancient Western Asia,,"Qasr al-Mschatta: ein frühislamischer Palast in Jordanien und Berlin, Bd",,,,
ND1045 .L57 2016,"China, South Asia, & East Asia",,心绘:从兴国寺到吉祥村 =Painting by heart : from Xingguo Temple to Jixiang Village,,,,
PJ4567 .W4 1959,Ancient Western Asia,,"A practical grammar for classical Hebrew,",,,,
PA6105.S8 H7 1912,European and Classical Antiquity,,Q,,,,
DS793.S62 W26 2009,"China, South Asia, & East Asia",,丝绸之路考古研究,,,,
CC135 .I495 1983,Ancient Western Asia,,"ICCROM Conference on ""Conservation on Archaeological Excavations"": Nicosia, Cyprus, 23-26 August 1983",,,,
NA9340.R6 C63 1955,European and Classical Antiquity,,La Colonna di Marco Aurelio,,,,
CC101.A8 T74 1979 Non-circulating,Cross-Cultural Studies & Other,2013-06-26T00:00:00.000000,Twenty years of progress in classical archaeology :,,,,
PJ5423 .N6813,Ancient Western Asia,,Compendious Syriac grammar,,,,
CJ1001 .S4 1998,European and Classical Antiquity,,The history and coinage of the Roman imperators 49-27 BC,,,,
DS49 .H8 1966,Ancient Western Asia,,From an antique land: ancient and modern in the Middle East,,,,
DS99.T45 R43 1992,Ancient Western Asia,,"Recherches en Haute Mésopotamie, Tell Mohammed Diyab, campagnes 1990 et 1991",,,,
GT3273 .N33 2017,Ancient Western Asia,,"Death and burial in Iron Age Israel, Aram, and Phoenicia",,,,
N7340 .S863 2016,"China, South Asia, & East Asia",,藝術考古學=Yishu kaoguxue,,,,
DK34.C56 T47 1976,The Caucasus & The Western Steppe,,Киммерийцы,,,,
BS440 .I63 1962,Egypt & North Africa,,"The Interpreter's dictionary of the Bible: an illustrated encyclopedia identifying and explaining all proper names and significant terms and subjects in the Holy Scriptures, including the Aprocrypha, with attention to archaeological discoveries and researches into the life and faith of ancient times, v",,,,
CJ351 .R38 1980,European and Classical Antiquity,,Numismatique grecque: falsifications moyens pour les reconnaître,,,,
GN778.22.R9 A74 2010,The Caucasus & The Western Steppe,,Археологически памяиники Саратовского правобережья: от ранней бронзы до средневековья: (по материалам исследований в 2005-2006 гг,,,,
HG237 .R6 1976,European and Classical Antiquity,,Money in the age of Tiberius,,,,
DC801.F8 P373 2017,European and Classical Antiquity,,"Un quartier de Forum Iulii des Julio-Claudiens à Dioclétien (Fréjus, Var)",,,,
CC79.5.A5 A55 1983 Non-circulating,Cross-Cultural Studies & Other,2012-04-18T00:00:00.000000,Animals and archaeology /,,,,
GN776.22.G8 N45 2018,European and Classical Antiquity,,"Neolithic Alepotrypa Cave in the Mani, Greece: in honor of George Papathanassopoulos",,,,
DS797.88.P855 P788 2016,"China, South Asia, & East Asia",,浦江上山 =Pujiang Shangshan,,,,
DS111.1 .K44 1971,Ancient Western Asia,,Royal cities of the Old Testament,,,,
DK939.5.N57 P37 2010,Central Asia & Siberia,,Nisa Partica: i rhyta ellenestici,,,,
GN799.P4 D468 1996,Central Asia & Siberia,,"Петроглифы Енисея: история изучения, ХVIII-начало ХХ вв",,,,
CC165 .C3 1980 Non-circulating,Cross-Cultural Studies & Other,2013-02-15T00:00:00.000000,The Cambridge encyclopedia of archaeology /,,,,
BT880 .S56 1981,The Caucasus & The Western Steppe,,"Signs of the judgement, Onomastica sacra, and the generations from Adam",,,,
GT1555 .S85 2001,"China, South Asia, & East Asia",,中國古輿服論叢,,,,
NK7183.A1 N36 1999,"China, South Asia, & East Asia",,金银器=Gold and silver wares,,,,
GN776.22.R9 M85 1975,The Caucasus & The Western Steppe,,"Kaвказ нa зaрe бронзового вeкa: нeoлит, энеолит, ранняя бронза",,,,
PJ3870 .S76 1991,Ancient Western Asia,,Adoption in Old Babylonian Nippur and the Archive of Mannum-mešu-liṣṣur,,,,
DS156.A637 A77 v.5 2007,Ancient Western Asia,,"Arslantepe, cretulae: an early centralised administrative system before writing",,,,
PJ3711.S34 D58 1999,Ancient Western Asia,,Sadberk Hanım Müzesi'nde bulunan çiviyazılı belgeler = Cuneiform texts in the Sadberk Hanım Museum,,,,
DK511.V65 P76 2016,The Caucasus & The Western Steppe,,Проблемы археологии Нижнего Поволжья: Материалы V Международной Нижневолжской археологической конференции : 15-18 ноября 2016 года,,,,
DS266 .D466 2016,Ancient Western Asia,,"Des contrées avestiques à Mahabad, via Bisotun: études offertes en hommage à Pierre Lecoq",,,,
PJ4147 .M57 1988,Ancient Western Asia,,"Miscellanea eblaitica, v",,,,
PJ1417 .Z488 2000,Egypt & North Africa,,"Das Zettelarchiv des Wörterbuches der ägyptischen Sprache: Aufbau, Digitalisierung, Erschliessung und Konsultation im Internet",,,,
N8217.D3 K74 2017,Cross-Cultural Studies & Other,,Tanz in der Antike,,,,
DK939.5.N57 I58 2009,Central Asia & Siberia,,Nisa partica: le sculture ellenistiche,,,,
DF261.B7 M37 1981,The Caucasus & The Western Steppe,,Население Боспорского государства в VI-II вв,,,,
CJ688 .N48 1978,Ancient Western Asia,,"The coinage of the eastern Seleucid mints, from Seleucus I to Antiochus III",,,,
HF5607 .I57 2004,Ancient Western Asia,,"Creating economic order: record-keeping, standardization, and the development of accounting in the ancient Near East : a colloquium held at the British Museum, November 2000",,,,
PL2365 .M37 1989,"China, South Asia, & East Asia",,Tʼang transformation texts: a study of the Buddhist contribution to the rise of vernacular fiction and drama in China,,,,
DK925 .S54 1983,Central Asia & Siberia,,Шедевры древнего искусства и культуры Таджикистана: материалы Южнотаджикской археологической экспедиции : каталог выставки,,,,
HD9213.C43 C483 2014,"China, South Asia, & East Asia",,川盐文化圈研究:川盐古道与区域发展学术研讨会论文集,,,,
GN855.R9 M67 1976,Central Asia & Siberia,,Древняя скульптура Урала и Западной Сибири,,,,
DK511.S44 G23 2014,The Caucasus & The Western Steppe,,Аланские княжеские курганы V в,,,,
NK1069.X565 Z56 2013,"China, South Asia, & East Asia",,中國西域・絲路傳奇=中国西域・シルクロード伝奇,,,,
DS262.F38 A84 2016,Ancient Western Asia,,"Tang-e Bolaghi (Fars), sites TB76 and TB77: rural settlements of the Achaemenid and post-Achaemenid periods: report of the archaeological rescue excavations carried out in 2005 and 2006 by the joint Iranian-Italian mission of the Iranian Center for Archaeological Research and the University of Bologna, with the collaboration of IsIAO, Italy",,,,
NA9246.J4 K4 1948,Ancient Western Asia,,"Jerusalem, the city plan: preservation and development during the British Mandate, 1918-1948",,,,
NA1489.6 .C43 1990,Ancient Western Asia,,Chateaux Omayyades de Syrie: collections du Musée national de Damas : 16 septembre 1990-17 mars 1991,,,,
DT49 .S8 1915,Egypt & North Africa,,Aegypten in vergangenheit und gegenwart,,,,
DS70.95 .K37 2017,Ancient Western Asia,,Alterity in ancient Assyrian propaganda,,,,
DS793.K7 S655 2016,"China, South Asia, & East Asia",,汉代郡国分治的考古学观察:以关东地区汉代墓葬为中心=The Archaeogical view of the System of Counties Coexisting with Kingdoms in Han dynasty: Centering the Graves in Guandong area,,,,
BL325.G5 A53 2016,Cross-Cultural Studies & Other,,"Ancient tales of giants from Qumran and Turfan: contexts, traditions, and influences",,,,
NA370 .C73 1962,European and Classical Antiquity,,Grèce byzantine,,,,
BL793.O38 R87 1992,The Caucasus & The Western Steppe,,Религия и культы античной Ольвии,,,,
DS793.Y8 L525 2004,"China, South Asia, & East Asia",,獵鹿與剽牛:雲南古滇國文物展=Hunting and rituals : treasures from the ancient Dian Kingdom of Yunnan,,,,
DK511.C2 D746 1997,The Caucasus & The Western Steppe,,Древние общества Кавказа в эпоху палеометалла: ранние комплексные общества и вопросы культурной трансформации,,,,
PJ4027 .S88 2000,Ancient Western Asia,,Gudea's temple building: the representation of an early Mesopotamian ruler in text and image,,,,
PA3301 .P3 1928,Egypt & North Africa,,"Papyri graecae magicae: die griechischen Zauberpapyri, v",,,,
DK508.3 .P53 1956,The Caucasus & The Western Steppe,,Ювелирные изделия Херсонеса: коллекция Государственного исторического музея,,,,
CJ351 .B67 1982,European and Classical Antiquity,,Facing heads on ancient Greek coins,,,,
DS744 .S36 2004,"China, South Asia, & East Asia",,"三代考古, v",,,,
QB19 .P3 1959,Egypt & North Africa,,A Vienna demotic papyrus on eclipse- and lunar-omina,,,,
DS54.95.N53 M37 1977,Ancient Western Asia,,Location and development of the town of Leucosia (Nicosia) Cyprus,,,,
HF3836 .S75 1997,Central Asia & Siberia,,絲綢之路貿易史=The history of the[sic]along the silk road,,,,
DT73.A88 E54 1922,Egypt & North Africa,,The Aswân obelisk: with some remarks on the ancient engineering,,,,
KL2814 .T385 1959 Bd.1-2,European and Classical Antiquity,,Opera minora,,,,
DK508.9.B57 A579 1981,The Caucasus & The Western Steppe,,Античные государства и варварский мир: межвузовский сборник статей,,,,
ND2849.T86 H75 1996,"China, South Asia, & East Asia",,敦煌藝術叙錄,,,,
DS797.88.Q846 Q33 2015,"China, South Asia, & East Asia",,衢州汉墓研究=The research on the tombs of Han dynasty at Quzhou,,,,
NA1543.2 .M35 1983,Central Asia & Siberia,,Grottes et monuments d'Asie centrale: essai sur l'architecture des monuments civils et religieux dans l'Asie centrale sédentaire depuis l'ère chrétienne jusqu'à la conquête musulmane,,,,
P945.A2 A47 1991,Ancient Western Asia,,Maşat-Höyük'te bulunan çivi yazılı Hitit tabletleri = Hethitische Keilschrifttafeln aus Maşat-Höyük,,,,
PJ3251 .R5 2014,Ancient Western Asia,,A comprehensive grammar to Hammurabi's stele,,,,
PJ1661.B8 H35 1970,Egypt & North Africa,,"Two hieratic funerary papyri of Nesmin, pt",,,,
HQ18.G8 C66 2009,European and Classical Antiquity,,"Maschile e femminile: genere ed eros nel mondo greco: atti del Convegno, Università degli studi di Padova, 22-23 ottobre 2009",,,,
DS329.4 .S78 2001 Non-circulating,Central Asia & Siberia,2011-11-01T00:00:00.000000,Studies on Central Asian history in honor of Yuri Bregel /,,,,
NK5107.3 .H37 1988,European and Classical Antiquity,,Glas der Caesaren,,,,
NB1810 .L863 2002,"China, South Asia, & East Asia",,汉代画像石棺,,,,
DS109.8.J92 A63 1932,Ancient Western Asia,,The threshold of the Judgment Gate on the place of the Russian excavations in Jerusalem,,,,
DS247.F343 F35 1986,Ancient Western Asia,,"Failaka: fouilles françaises, 1984-1985",,,,
CN415.S44 B436 1965,Egypt & North Africa,,Side kitabeleri = The inscriptions of Side,,,,
PA502 .C64 2017,European and Classical Antiquity,,"῾Ελληνικὲς διάλεκτοι στὸν ἀρχαίο κόσμο: actes du VIe Colloque international sur les dialectes grecs anciens (Nicosie, Université de Chypre, 26-29 septembre 2011)",,,,
N5330 .L56 1980,Ancient Western Asia,,Искусство древнего мира: Книга для чтения,,,,
DS156.C3 J65 1997,Ancient Western Asia,,La Cappadoce: mémoire de Byzance,,,,
DS797.88.P855 S536 2016,"China, South Asia, & East Asia",,上山文化:发现与记述=The Shangshan culture : discoveries and narratives,,,,
DS51.B46 L56 1962,Ancient Western Asia,,"Beycesultan, v",,,,
DK511.K59 E75 2011,The Caucasus & The Western Steppe,,Святилища некрополя Тенгинского городища II: IV в,,,,
DK511.A28 M46 1989,The Caucasus & The Western Steppe,,Меоты--предки адыгов,,,,
GN36.R92 I777 2015,Central Asia & Siberia,,Лeсaгуртский клaд IX в,,,,
DS15 .B55 2001,The Caucasus & The Western Steppe,,Protohistorik çağ'da orta Karadeniz bölgesi madencileri: Hint-Avrupalıların anavatanı sorununa yeni bir yaklaşım = Protohistoric age metallurgists of the central Black Sea region: a new perspective on the question of the Indo-Europeans' original homeland,,,,
B5231 .H44 1999,"China, South Asia, & East Asia",,中国思想文学史,,,,
BR65.A9 N37 2013,Egypt & North Africa,,En route to the confessions: the roots and development of Augustine's philosophical anthropology,,,,
CC51 .A73 Non-circulating,Cross-Cultural Studies & Other,2012-05-15T00:00:00.000000,Summaries of the papers presented [at the] general meetings.,,,,
R126.H373 V66 1989,Egypt & North Africa,,"Herophilus: the art of medicine in early Alexandria : edition, translation and essays",,,,
BQ576 .L35 2002,"China, South Asia, & East Asia",,絲路佛敎的圖像與禅法=The quest for meditaion practice: iconography in Silk Road Buddhism,,,,
BS2900.A3 L3213,Ancient Western Asia,,The teaching of Addai,,,,
DS38.6 .L369 1986,Egypt & North Africa,,Islamic revolution and historical memory: an inquiry into the art of ʻAbbāsid apologetics,,,,
BS1235.3 .C3 1964,Ancient Western Asia,,"A commentary on the book of Genesis, pt",,,,
DS56 .T727 2020,Ancient Western Asia,2025-12-18,"The transition from the Achaemenid to the Hellenistic period in the Levant, Cyprus, and Cilicia : cultural interruption or continuity? : symposion at Philipps-Universität Marburg, October 12-15, 2017 /",,,,
DS51.S2 H35 1912 Non-circulating,Ancient Western Asia,2007-09-20T00:00:00.000000,Erster vorläufiger Bericht über die Ausgrabungen von Samarra /,,,,
NB1912.B83 C48 1995,"China, South Asia, & East Asia",,中国の石仏:荘厳なる祈り=Chinese Buddhist stone sculpture : veneration of the sublime,,,,
CJ815.G72 E347 1984,European and Classical Antiquity,,"A catalogue of Roman Republican coins in the collections of the Royal Scottish Museum, Edinburgh",,,,
DK508.425.S39 M78 1983,The Caucasus & The Western Steppe,,Скіфський степ,,,,
DS61.8 .E42 1991,Ancient Western Asia,,Nouveaux regards sur la Transeuphratène,,,,
DT92 .C36 2016,Egypt & North Africa,,From Alexander to the Theoi Adelphoi: foundation and legitimation of a dynasty,,,,
DK34.S4 D64 1984,The Caucasus & The Western Steppe,,Древности Евразии в скифо-сарматское время,,,,
DT73.T3 S77 1999,Egypt & North Africa,,Thebes in Egypt: a guide to the tombs and temples of ancient Luxor,,,,
GN778.22.R9 H45 1990,Central Asia & Siberia,,Die sibirische Tagar-Kultur: ein Forschungsbericht : ein Beitrag zu den Minusinsk-Bronzen,,,,
PJ3525 .A848 2007,Ancient Western Asia,,Assyrian-English-Assyrian dictionary,,,,
N7291 .N65 1989,The Caucasus & The Western Steppe,,Nomads of Eurasia,,,,
DS748.13 .M37 2016,"China, South Asia, & East Asia",,Peace and peril: Sima Qian's portrayal of Han-Xiongnu relations,,,,
DK511.A28 L47 1990 Non-circulating,The Caucasus & The Western Steppe,2012-12-03T00:00:00.000000,Grabschätze der Adygeen :,,,,
N7346.D86 G874 2016,"China, South Asia, & East Asia",,敦煌十六国至隋石窟艺术,,,,
Game Egizia,Egypt & North Africa,2025-12-11,Egizia : shifting sands /,,,,
DK508.9.B57 C48 1985,The Caucasus & The Western Steppe,,Северо-Западное Причерноморье во второй половине II тысячелетия до н,,,,
DK34.S4 G73 1971,The Caucasus & The Western Steppe,,Скифы: научно-популярный очерк,,,,
GN780.22.S55 K89 1983,The Caucasus & The Western Steppe,,Металлургия Волго-Камья в раннем железном веке: медь и бронза,,,,
GN799.A8 A76 1996,Cross-Cultural Studies & Other,,"Археоaстрономия--проблемы становления: тезисы докладов международной конференции, 15-18 oктября 1996 г",,,,
DK508.42 .E853 2000,The Caucasus & The Western Steppe,,Етнічна історія давньої України,,,,
NK5559 .S55 2014,Egypt & North Africa,,Magical gems from the collection of Constantine Schmidt-Ciążyński and from other Polish collections,,,,
BF1674 .B33 1991,Egypt & North Africa,,Oroscopi greci: documentazione papirologica,,,,
CN440 .P44 2015,European and Classical Antiquity,,Griechische und lateinische Inschriften zum Ptolemäerreich und zur römischen Provinz Aegyptus,,,,
DS110.J36 D48 2014,Ancient Western Asia,,Excavations at the Early Bronze IV sites of Jebel Qa'aqir and Be'er Resisim,,,,
NK6078 .G67 2007,European and Classical Antiquity,,Aромат древности: кaтaлoг выставки,,,,
P945.A2 A475 2016,Ancient Western Asia,,Yayımlanmamiş Boğazköy tabletleri (Bo 8486-8694) = Unpublizierte Boğazköy Tafeln (Bo 8486-8694),,,,
DK508.95.M68 B47 2001,The Caucasus & The Western Steppe,,Moтрoнинское гoрoдищe Скифской эпохи: (пo материалам раскопок 1988-1996 гг,,,,
DG12.5 .H47 2006,European and Classical Antiquity,,"Herrschaftsstrukturen und Herrschaftspraxis: Konzepte, Prinzipien und Strategien der Administration im römischen Kaiserreich : Akten der Tagung an der Universität Zürich, 18",,,,
GT3283.A2 H73 2015,"China, South Asia, & East Asia",,汉画像石与汉代民间丧葬观念= Sculptured stones of Han dynasty and folk funeral concept in Han dynasty,,,,
N7265 .M46 1991. From the Library of Nina Garsoïan,Ancient Western Asia,,Mémoires d'Euphrate et d'Arabies,,,,
DS748.13 .J534 2015,"China, South Asia, & East Asia",,发现海昏侯=Faxian Haihunhou,,,,
NK7972 .H67 1972,Ancient Western Asia,,"Bronzes antiques des steppes et de l'Iran; Ordos, Caucase, Asie centrale, Louristan, dont la vente aux enchères publiques aura lieu, Hôtel Drouot, salle no 10, les mercredi 28 et jeudi 29 juin 1972",,,,
Q127.S95 S35 2014,Ancient Western Asia,,Les sciences en syriaque,,,,
DS748.17 .L548 1999,"China, South Asia, & East Asia",,魏晉南北朝史论,,,,
DS42 .I49 2000,Ancient Western Asia,,Images as media: sources for the cultural history of the Near East and the Eastern Mediterranean (1st millenium BCE),,,,
DK949.S35 A734 2014,Central Asia & Siberia,,The archaeological project in the Samarkand Area (Sogdiana): excavations at Kojtepa (2008-2012),,,,
DS554.98.A5 M333 1958,"China, South Asia, & East Asia",,Angkor,,,,
PK6193 .H85 1978,Ancient Western Asia,,"The Sassanian inscription of Paikuli, pt",,,,
N5345 .D3 1937. From the library of David I. Owen,Ancient Western Asia,,Le palmier-dattier et les arbres sacres dans l'iconographie de l'Asie occidentale ancienne,,,,
U820.R9 I95 2016,The Caucasus & The Western Steppe,,Дух воина: от скифов до Золотой Орды : вооружение и конское снаряжение из Западного Предкавказья по материалам частных коллекции А,,,,
GN776.22.S65 V274 1981,The Caucasus & The Western Steppe,,Энеолит Пoвoлжья: стeпь и лeсoстeпь : учебное пособие к спецкурсу,,,,
DK508.9.B57 M87 1984,The Caucasus & The Western Steppe,,Скифская архаика Северного Причерноморья,,,,
CJ335 .S42 1949,European and Classical Antiquity,,Masterpieces of Greek coinage: essay and commentary,,,,
PA3612.T35 T35 2015,European and Classical Antiquity,,"Theocritus, Moschus, Bion",,,,
BR185 .E73 1999,Ancient Western Asia,,Monachisme et église: le monachisme syrien du IVe au VIIe siècle : un ministère charismatique,,,,
DS798.9.A75 M46 2015,"China, South Asia, & East Asia",,蒙古国后杭爱省浩腾特苏木胡拉哈一号墓园发掘报告,,,,
BQ400.A52 U63 1990,Central Asia & Siberia,,History of Buddhism in Afghanistan,,,,
NK5665.I65 N55 1994,Ancient Western Asia,,Искусство Ионии и Ахеменидского Ирана: по материалам глиптики V-IV вв,,,,
DF501 .T33 Bd.5 1990 T.1-2,Ancient Western Asia,,Kilikien und Isaurien,,,,
CJ1361 .H454 2017,Ancient Western Asia,,Regional history and the coin finds from Assur from the Achaemenids to the nineteenth century = Regionale Geschichte und Münzfunde aus Assur von der Zeit der Achämeniden bis zum neunzehnten Jahrhundert,,,,
DK511.C7 B4 1948,Central Asia & Siberia,,Херсонес Таврический: историко-археологический очерк,,,,
PA5385.T6 Z548 1970,European and Classical Antiquity,,Lettres et discours,,,,
GN799.P4 L63 2015,Central Asia & Siberia,,Петроглифы Онежского озера,,,,
BL430 .S483 1966,Cross-Cultural Studies & Other,,Во тьме веков,,,,
DA677.1 .B68 2006,European and Classical Antiquity,,"Roman and later development east of the forum and Cornhill: excavations at Lloyd's Register, 71 Fenchurch Street, City of London",,,,
GN739 .B64 1979,Cross-Cultural Studies & Other,,Древнейшее прошлое человечества,,,,
DS110.J35 A78 2006,Ancient Western Asia,,The Jatt metal hoard in northern Canaanite/Phoenician and Cypriote context,,,,
GN778.2.S68 S53 2011,Central Asia & Siberia,,Курганные могильники раннесрубной культуры на Верхнем Чире (юг Среднего Подонья),,,,
NK8440.2.C6 C53 2000,"China, South Asia, & East Asia",,Circles of reflection: the Carter collection of Chinese bronze mirrors,,,,
DT59.C67 J6713 v.5 2009,Egypt & North Africa,,Egypt V: Egyptian bronzes,,,,
DF261.E413 A55 2016,European and Classical Antiquity,,A dignified passage through the gates of Hades: the burial custom of cremation and the warrior order of ancient Eleutherna,,,,
N2250.M87 M87 1986,"China, South Asia, & East Asia",,"Museum für Indische Kunst, Berlin: Katalog 1986, ausgestellte Werke",,,,
BS1514.G8 O7 1904,Ancient Western Asia,,"The book of Isaiah according to the Septuagint (Codex Alexandrinus), v",,,,
NB1912.B83 F643 2003,"China, South Asia, & East Asia",,佛国麦积山,,,,
DK508.9.B57 N35 2002,The Caucasus & The Western Steppe,,"На краю ойкумены: греки и варвары на северном берегу Понта Эвксинского : из фондов Государственного исторического музея, Государственного музея Востока, Краснодарского государственного историко-археологического музея-заповедника",,,,
DC801.V2 G55 2016,European and Classical Antiquity,,Vivre et produire dans les campagnes de la colonie de Valence: IIe s,,,,
NB1046.D39 Z56 1992,"China, South Asia, & East Asia",,中國大足石刻薈萃,,,,
PJ1105 .M72 1965,Egypt & North Africa,,Hieratische Paläographie: die aegyptische Buchschrift in ihrer Entwicklung von der fünften Dynastie bis zur römischen Kaiserzeit dargestellt,,,,
N7591.C5 S65 1990,"China, South Asia, & East Asia",,Contemplating the ancients: aesthetic and social issues in early Chinese portraiture,,,,
DS721 .B95 1958,"China, South Asia, & East Asia",,Chinese creeds & customs,,,,
DT62.S3 S59 2005,Egypt & North Africa,,Skarabäen in Leipzig,,,,
DJK76.5 .V64 2014,European and Classical Antiquity,,Водач по дунавския Римски Лимес в североизточна България = Guide along the Danube Roman Limes in Northeastern Bulgaria,,,,
DK34.S4 B7 2017,The Caucasus & The Western Steppe,,Scythians: warriors of ancient Siberia,,,,
NB1042 .N4 1944,"China, South Asia, & East Asia",,Chinese sculpture in the Metropolitan museum of art,,,,
DS353 .M89 1964 Non-circulating,Central Asia & Siberia,2008-01-15T00:00:00.000000,"Musée National d'Afghanistan, Caboul :",,,,
NB80 .M37 2006. From the Library of David I. Owen,Ancient Western Asia,,La statuaria regale nella Mesopotamia protodinastica,,,,
DS793.T8 D8475 1996,"China, South Asia, & East Asia",,敦煌吐魯番學研究論集,,,,
DK34.S4 A75 1992,The Caucasus & The Western Steppe,,Скифская хроника: (Скифы в VII - IV вв,,,,
DF221.L47 A44 1969,European and Classical Antiquity,,"Lerna, a preclassical site in the Argolid: results of excavations conducted by the American School of Classical Studies at Athens, v",,,,
PL2447 .J539 2013,"China, South Asia, & East Asia",,簡帛文獻與古代史:第二届出土文獻青年學者國際論壇論文集,,,,
PL2461.Z6 T49 2005,"China, South Asia, & East Asia",,Text and ritual in early China,,,,
PJ3781 .O88 2016,Ancient Western Asia,,The tale of the Poor man of Nippur,,,,
DK508.95.S56 D74 2005,The Caucasus & The Western Steppe,,Древние сокровища Юго Западного Kрымa: каталог выставки,,,,
N7346.X56 X56 2006,"China, South Asia, & East Asia",,新疆維吾爾自治區博物館=Xinjiang Uigurs Atonomous Region Museum=新疆ウイグル自治区博物館,,,,
DK508.9.K78 K4977 2016,Central Asia & Siberia,,Поселение в Барабановской балке (II-IV вв,,,,
R126.H8 J68 2017,European and Classical Antiquity,,Hippocrate,,,,
NB94 .K2813,European and Classical Antiquity,,Archaic korai,,,,
GN778.22.R9 M643 2001,The Caucasus & The Western Steppe,,Могильники Му-Шарет в Калмыкии--комплексное исследование,,,,
N7161 .A747 1983,Ancient Western Asia,,The Anatolian civilisations: St,,,,
P945.A2 I88 v.4 1988,Ancient Western Asia,,İstanbul arkeoloji müzelerinde bulunan Boğazköy tabletleri IV = Boğazköy tablets in the archaeological museums of Istanbul IV,,,,
CC165 .R662 2017,Cross-Cultural Studies & Other,,The Routledge handbook of archaeology and globalization,,,,
DK511.L13 K65 2014,The Caucasus & The Western Steppe,,Приладожская курганная культура: технологическое исследование текстиля,,,,
DK511.C2 K753 2016,The Caucasus & The Western Steppe,,"Изучение и сохранение археологическог наследия народов Кавказа: ХХIХ Крупновские чтения : материалы Международной научной конференции, Грозный, 18-21 апреля 2016 г",,,,
CJ975 .J83 2010,Ancient Western Asia,,"Judaea and Rome in Coins 65 BCE - 135 CE: papers presented at the International Conference hosted by Spink, 13th - 14th September 2010",,,,
DK510.13 .M88 1981,The Caucasus & The Western Steppe,,Каталог выставки новых поступлений отдела археологии (1970-1980 гг,,,,
BT1390 .J62 1958,Ancient Western Asia,,The gnostic religion: the message of the alien God and the beginnings of Christianity,,,,
DK511.C2 K854 2014,The Caucasus & The Western Steppe,,Аланы и Кавказ: Осетинская эпопея обретения родины,,,,
BT846.2 .C54 1999,Ancient Western Asia,,Le ciel dans les civilisations orientales=Heaven in the Oriental civilizations,,,,
DS797.44.X534 X564 2016,"China, South Asia, & East Asia",,"淅川下寨遗址:东晋至明清墓葬发掘报告=Excavation of burials dated from the Eastern Jin through the Qing Periods at Xiazhai, Xichuan county",,,,
NB1043 .F8 1957,"China, South Asia, & East Asia",,大足石刻,,,,
NK7983.22 .B88 1993,"China, South Asia, & East Asia",,Frühe chinesische Bronzen: aus der Sammlung Klingenberg,,,,
DK757 .S46 1979,Central Asia & Siberia,,Сибирь в древности: [Сб,,,,
PA6227.Z5 W55 2014,European and Classical Antiquity,,"Übersetzung, philologischer Kommentar und vergleichende Interpretation des Tierkreises in Aviens Phaenomena (Verse 1014-1325)",,,,
DK508.9.K47 M367 2006,Central Asia & Siberia,,Античное святилище на Меотиде,,,,
AM72.A2 C444 2014,"China, South Asia, & East Asia",,文博鸿踪录:成建正文集=An exploring journey in cultural relics and museum field,,,,
DS798.422.D37 D44 2005,Central Asia & Siberia,,"The Deer Stone Project: anthropological studies in Mongolia, 2002-2004",,,,
N7346.D86 D86 1989,"China, South Asia, & East Asia",,敦煌藝術精華=The cream of Dunhuang art,,,,
DK30 .D745 1991,Central Asia & Siberia,,"Древние культуры и археологические изыскания: материалы к пленуму ИИМК, 26-28 нoября 1991 г",,,,
DS41 .O73 1991,Egypt & North Africa,,Sifting the sands of time: the Oriental Institute and the ancient Near East,,,,
DS57 .L37 1971,Ancient Western Asia,,Dai Sumeri ai Sassanidi,,,,
DS56 .B83 1973,Ancient Western Asia,,"Approaches to the study of the ancient Near East: a volume of studies offered to Ignace Jay Gelb on the occasion of his 65th birthday, October 14, 1972",,,,
DS167 .K353 2003,The Caucasus & The Western Steppe,,Materials on Armenian and Urartian history,,,,
BQ1018.U54 O43 2017,"China, South Asia, & East Asia",,"The Old Uyghur Āgama fragments preserved in the Sven Hedin collection, Stockholm",,,,
NK7376.A1 B74 1979,"China, South Asia, & East Asia",,Masterpieces of Indian jewellery,,,,
DS749.2 .T87 1988,"China, South Asia, & East Asia",,隋唐時期的薛延陀,,,,
NK1456.A3 V655 2006,The Caucasus & The Western Steppe,,Звериный стиль Евразии: искусство племен Нижнего Поволжья и Южного Приуралья в скифскую эпоху (VII-IV vv,,,,
HC427.6 .W44 1996,"China, South Asia, & East Asia",,"魏晋南北朝经济史, v",,,,
NK6407.25 K67 1996,The Caucasus & The Western Steppe,,"Теоретические проблемы искусствознания и ""звериный стиль"" скифской эпохи: к формированию глоссария основных терминов и понятий",,,,
DS744.2 .T46 2006,"China, South Asia, & East Asia",,China in the early bronze age: Shang civilization,,,,
CC97.R9 V89 2015,Central Asia & Siberia,,Возвращение к истокам: сборник памяти выдающегося археолога Вадима Александровича Ранова,,,,
KL135 .R43 2007,Cross-Cultural Studies & Other,,"Rechtsgeschichte und Interkulturalität: zum Verhältnis des östlichen Mittelmeerraums und ""Europas"" im Altertum",,,,
DS328 .D4 2003,Central Asia & Siberia,,De l'Indus à l'Oxus: archéologie de l'Asie centrale : catalogue de l'exposition,,,,
GN778.22.C38 K39 2012,The Caucasus & The Western Steppe,,Население азово-каспийских степей в эпоху бронзы: антропологический очерк,,,,
CC165 .C6613 1988 Non-circulating,Cross-Cultural Studies & Other,2015-11-25T00:00:00.000000,What is archaeology? :,,,,
DS99 .U35 C7 1983,Ancient Western Asia,,Ugarit and the Old Testament,,,,
CC70 .B73 1972 Non-circulating,Cross-Cultural Studies & Other,2014-07-16T00:00:00.000000,The Penguin dictionary of archaeology /,,,,
DS154.9.A5 A77 2015,Ancient Western Asia,,The 1927-1938 Italian archaeological expedition to Transjordan in Renato Bartoccini's archives,,,,
DS154.9.M39 Y38 2012,Ancient Western Asia,,Tell el-Mazar II: excavations on the mound 1977-1981: field I,,,,
PA3423 .P6 1925,Egypt & North Africa,,"Collectanea alexandrina: reliquiae minores poetarum graecorum aetatis ptolemaicae, 323-146 A",,,,
BR1115.I7 J85 2008,Ancient Western Asia,,"Le monachisme en Perse: la réforme d'Abraham le Grand, père des moines de l'Orient",,,,
DS94.5 .H57 2016,Ancient Western Asia,,A history of Syria in one hundred sites,,,,
PL2448 .C43 2003,"China, South Asia, & East Asia",,長沙走馬楼三國吴简,,,,
GN539 .S23 1983,Cross-Cultural Studies & Other,,Проблема индоевропейской прародины: учебное пособие,,,,
DK884.K5 D75 1979,Central Asia & Siberia,,Древний Хорезм: каталог выставки,,,,
BX139.A1 T57 1935,Egypt & North Africa,,"Koptische Heiligen- und Martyrerlegenden; Texte, Übersetzungen und Indices, T",,,,
DS797.88.H364 D82 2016,"China, South Asia, & East Asia",,"南宋都城临安研究:以考古为中心, v",,,,
DK508.9.B57 S496 2007,Central Asia & Siberia,,"Миф, культ, ритуал в Северном Причерноморье: VII-IV вв",,,,
Z711.4 .I57 2015,Cross-Cultural Studies & Other,,Intellectual freedom manual,,,,
N3350 .I88 1989,The Caucasus & The Western Steppe,,История Эрмитажа и его коллекций: сборник научных трудов,,,,
DG70.M67 N547 2014,European and Classical Antiquity,,"The so-called ""Kothon"" at Motya: the sacred pool of Baal 'Addir/Poseidon in the light of recent archaeological investigations by Rome ""La Sapienza"" University, 2005-2013: stratigraphy, architecture, and finds",,,,
P945.A2 G76322 2008,Ancient Western Asia,,Hethitische Texte in Transkription KBo 22,,,,
DK508.9.B57 P64 1992,The Caucasus & The Western Steppe,,От Скифии к Сарматии,,,,
GN774.22.R9 M37 1977,The Caucasus & The Western Steppe,,Мезолит и неолит восточного Крыма,,,,
PJ1501 .U75 1935,Egypt & North Africa,,"Historisch-biographische Urkunden des Mittleren Reiches, Abt",,,,
PA6375.C6 Z6 1968,European and Classical Antiquity,,Contamination and interpolation: A study of the 15th century Columella manuscripts,,,,
CC75 .W47 1978 Non-circulating,Cross-Cultural Studies & Other,2014-07-03T00:00:00.000000,Science and archaeology /,,,,
GN845.U37 V54 1977,The Caucasus & The Western Steppe,,Вильнянские курганы в Днепровском Нaдпорожье: [сборник статей],,,,
DK34.C56 A77 1974,The Caucasus & The Western Steppe,,Киммерийцы и скифы: от появления на исторической арене до конца ИВ в,,,,
DS79.89.L5 A48 2008,Ancient Western Asia,,The imperial landscape of Ashur: settlement and land use in the Assyrian heartland,,,,
DF501 .T33 Bd.4 1984,Ancient Western Asia,,Galatien und Lykaonien,,,,
NB1209.C6 Y668 2011,"China, South Asia, & East Asia",,永远的北朝:深圳博物馆北朝石刻艺术展=Eternal Northern dynasties : stone scultpture artworks exhibition of Northern dynasties in the Shenzhen museum,,,,
BF1567 .C67 2011 v.2,Ancient Western Asia,,"Corpus of Mesopotamian anti-witchcraft rituals, volume 2",,,,
DS703.4 .S9 1961,"China, South Asia, & East Asia",,"Symposium on Historical, Archaeological and Linguistic Studies on Southern China, South-East Asia and the Hong Kong Region: papers presented at meetings held in September 1961 as part of the Golden Jubilee Congress of the University of Hong Kong;",,,,
PJ3921.D5 N68 1945,Ancient Western Asia,2025-12-08,"Note sur la place des ""Présages historiques"" dans l'extispicine babylonienne,",,,,
NA4690 .B76 2005,Egypt & North Africa,,Tree of paradise: Jewish mosaics from the Roman Empire,,,,
NK8983.C4 C45 1980,"China, South Asia, & East Asia",,长沙马王堆一号汉墓出土纺织品的研究,,,,
NK7106.4.S27 O692 2001,The Caucasus & The Western Steppe,,L'or des Amazones,,,,
KJA2227 .F75 2004,European and Classical Antiquity,,A casebook on Roman family law,,,,
DS798.9.O53 E73 2015,"China, South Asia, & East Asia",,"Балгасын тал дахь Гол мод-2-ын Хүннүгийн язгууртны булшны судалгаа =Investigation of Xiongnu elite burials, Gol mod-2 at Balgasyn tal",,,,
DK915 .D74 2000 Non-circulating,Central Asia & Siberia,2013-01-10T00:00:00.000000,Drevnosti Kyrgyzstana :,,,,
DS59.A7 W35 2017,Ancient Western Asia,,Wandering Arameans: Arameans outside Syria : textual and archaeological perspectives,,,,
PK6199.9.Z77 S86 1992,Central Asia & Siberia,,Der Sermon vom Licht-Nous: eine Lehrschrift des östlichen Manichäismus; Edition der parthischen und soghdischen Version,,,,
GN824.V58 M67 1974,The Caucasus & The Western Steppe,,Происхождение раннесарматской прохоровской культуры,,,,
BR160 .S5 1878,European and Classical Antiquity,,Sōkratous Scholastikou Ekklēsiastikē historia = Socrates' Ecclesiastical history : according to the text of Hussey,,,,
DK948.84 .W55 2016,Central Asia & Siberia,,"What is beyond the river?: power, authority, and social order in Transoxania 18th-19th centuries, v",,,,
BF1674 .N4 1987,European and Classical Antiquity,,Greek horoscopes,,,,
DB3150.S66 V56 1978,European and Classical Antiquity,,Umenie dávnovekého Spiša,,,,
GN799.P4 D455 2004,Central Asia & Siberia,,"Каменный ""компас"" в Саянском каньоне Енисея: камень с изображением ""дороги"" у подножия горы Устю-Мозага",,,,
BR1720.E63 V6 1958,Ancient Western Asia,,"Literary, critical and historical studies in Ephrem the Syrian",,,,
GN848 .I58 1985 Non-circulating,Cross-Cultural Studies & Other,2013-09-25T00:00:00.000000,Archaeology and fertility cult in the ancient Mediterranean :,,,,
N7336 .L43 1994,"China, South Asia, & East Asia",,A history of Far Eastern art,,,,
PA3997 .G35 2014,European and Classical Antiquity,,Galen's De indolentia: essays on a newly discovered letter,,,,
GN799.M4 A948 2008,Ancient Western Asia,,"Металл Ближнего Востока: модели производства в энеолите, раннем и среднем бронзовом веке",,,,
P945.A2 R54 2004,Ancient Western Asia,,Die akkadischen und hethitischen Omentexte aus Boǧazköy,,,,
DS81 .M28 1977,Egypt & North Africa,,The Phoenicians,,,,
PJ4083 .N49 2017,Ancient Western Asia,,New treasures of Sumerian literature: When the moon fell from the sky and other works,,,,
P945.A2 T38 2014,Ancient Western Asia,,Hethitische Texte in Transkription Bo 8264-Bo 8485,,,,
NB1280 .L526 2016,"China, South Asia, & East Asia",,汉画像的叙述:汉画像的图像叙事学研究,,,,
PJ4065 .A4 1974,Ancient Western Asia,,The instructions of Suruppak: a Sumerian proverb collection,,,,
DS798.3 .M676 2016,Central Asia & Siberia,,"Монголын археологийн өв=Archaeological relics of Mongolia,v",,,,
DS156.C6 S385 1998. From the Library of Nina Garsoïan,Ancient Western Asia,,Sculptures of Commagene Kingdom,,,,
KL2214 .N48 Beiheft 1937a,Ancient Western Asia,2025-12-08,Neubabylonische Rechts- und Verwaltungsurkunden.,,,,
DE71 .M493 1976,European and Classical Antiquity,,"Тезисы докладов: [XIV Международной конференции античников социалистических стран ""Эйрене"" [18-23 мая 1976 г",,,,
DT73.A9 K58 2016,Egypt & North Africa,,The tomb of the dogs at Asyut faunal remains and other selected objects,,,,
DS62.2.C668 2003,Ancient Western Asia,,"Continuity of empire (?): Assyria, Media, Persia",,,,
DK508.425.S39 B47 1988,The Caucasus & The Western Steppe,,Акташский могильник скифского времени в Восточном Крыму,,,,
CC115.G67 V37 2003,Central Asia & Siberia,,Василий Алексеевич Городцов и Государственный исторический музей,,,,
DS736 .Z58 1996,"China, South Asia, & East Asia",,武氏祠汉画像石中的故事,,,,
DS65 .E447 2018,Ancient Western Asia,,The Elamite world,,,,
NK1068 .S588 1991,"China, South Asia, & East Asia",,The silk road: treasures of Tang China,,,,
DS99.P17 M46 2017,Ancient Western Asia,,Palmyrena: Palmyra and the surrounding territory from the Roman to the Early Islamic Period,,,,
DS62.23 .M55 2016,Ancient Western Asia,,"Mille et une empreintes: un Alsacien en Orient, mélanges en l'honneur du 65e anniversaire de Dominique Beyer",,,,
N5336.T9 I8323,Ancient Western Asia,,İstanbul Archaeological Museums,,,,
DK508.9.B57 N68 1985,The Caucasus & The Western Steppe,,Новые материалы по археологии Северо-Западного Причерноморья: сборник научных трудов,,,,
DS44.9 .T65 2018,Ancient Western Asia,,Topography and toponymy in the ancient Near East: perspectives and prospects,,,,
N3750.D4 D4 1956,"China, South Asia, & East Asia",,A guide to the galleries of the National Museum of India,,,,
DT73.A14 A28 v.6 2002,Egypt & North Africa,,Abusir VI: Djedkare's family cemetery,,,,
DF506 .D51 1959,European and Classical Antiquity,,Impératrices de Byzance,,,,
NA5871.I84 K33 1991,The Caucasus & The Western Steppe,,The architecture of the Georgian Church at İşhan,,,,
DS51.E27 E79 1984 Non-circulating,The Caucasus & The Western Steppe,2009-02-03T00:00:00.000000,Doğu Anadolu ve Urartular /,,,,
NK4650.A6 M37 2014,European and Classical Antiquity,,Ánforas vinarias de Hispania Citerior-Tarraconensis (s,,,,
TT520 .B95 1973,Cross-Cultural Studies & Other,,Cut my cote,,,,
GN845.U37 S86 1994,Central Asia & Siberia,,Kурганы Нижнего Пoвoрсклья,,,,
NB1912.B83 Y56 2015,"China, South Asia, & East Asia",,影像水陆庵= Images of Shuilu'an,,,,
LB2395.7 .P83 2011,Cross-Cultural Studies & Other,,"Zotero: a guide for librarians, researchers, and educators",,,,
DK34.S4 S551 1977,The Caucasus & The Western Steppe,,Скифы и Сарматы,,,,
PL415 .C47 1993,Central Asia & Siberia,,Die Mongolica der Berliner Turfansammlung,,,,
GN855.C6 G66 2015,"China, South Asia, & East Asia",,巩启明史前考古文集= Gong Qiming's works on prehistoric archaeology,,,,
P945.A2 G763 2002,Ancient Western Asia,,Hethitische Texte in Transkription KBo 30,,,,
BP55 .R68 2018,Ancient Western Asia,,Routledge handbook on early Islam,,,,
DS156.M56 H65 2017,Ancient Western Asia,,Aegyptiaca aus Al Mina und Tarsos im Verbande des nordsyrisch-südostanatolischen Raumes,,,,
U35 .R642 1994,European and Classical Antiquity,,"The Roman and Byzantine army in the East: proceedings of a colloqium [sic] held at the Jagiellonian University, Kraków in September 1992",,,,
CB253 .F28 1959 Non-circulating,Cross-Cultural Studies & Other,2013-01-08T00:00:00.000000,The origins of oriental civilization /,,,,
DK511.C2 M475 1996,The Caucasus & The Western Steppe,,Между Азией и Европой: Кавказ в IV-I тыс,,,,
PJ3251 .S77 2018,Ancient Western Asia,,Altbabylonisches Lehrbuch,,,,
DS155 .M58 2018,Ancient Western Asia,,"East of Asia Minor: Rome's hidden frontier, v",,,,
PA3331 .V36 2017,Egypt & North Africa,,The Erbstreit papyri: a bilingual dossier from Pathyris of the second century BC (P,,,,
PJ4031 .B35 2017,Ancient Western Asia,,Das altsumerische Onomastikon: Namengebung und Prosopografie nach den Quellen aus Lagas,,,,
DA685.B74 C69 2013,European and Classical Antiquity,,"Roman roadside settlement and rural landscape at Brentford: archaeological investigations at Hilton London Syon Park Hotel, 2004-10",,,,
GT1555 .X546 2016,"China, South Asia, & East Asia",,敦煌石窟中的少数民族服饰研究,,,,
DK511.D7 D645 1990,The Caucasus & The Western Steppe,,Дон и Северный Кавказ в древности и средние века,,,,
BF1591 .J435 2006,Ancient Western Asia,,La magie néo-assyrienne en contexte: recherches sur le métier d'exorciste et le concept d'āšipūtu,,,,
BS1180 .C66 2003,Ancient Western Asia,,"The context of Scripture, v",,,,
DK511.C2 A678 2012,The Caucasus & The Western Steppe,,"Вторые ""Анфимовские чтения"" по археологии Западного Кавказа",,,,
CJ3769.U78 A53 2017,Ancient Western Asia,,Sylloge Nummorum Sasanidarum Iran: a late Sasanian hoard from Orumiyeh,,,,
GN778.22.R9 S58 1977,The Caucasus & The Western Steppe,,Происхождение индоиранцев в свете новейших археологических открытий,,,,
DS156.P38 M36 1949,Egypt & North Africa,,Pergede kazılar ve araştırmalar = Excavations and researches at Perge,,,,
DS70.5.U7 S53 2017,Ancient Western Asia,,An ox of one's own: royal wives and religion at the court of the third dynasty of Ur,,,,
P945 .R53 2011,Ancient Western Asia,,Einführung in die hethitische Sprache und Schrift,,,,
KMF12 .I99 1972,The Caucasus & The Western Steppe,,Droit Armenien,,,,
DS797.75.Y53 X54 2012,"China, South Asia, & East Asia",,發現霸國:講述大河口墓地考古發掘的故事,,,,
DG53 .B68 2009,European and Classical Antiquity,,Salaisons et sauces de poissons en Italie du sud et en Sicile durant l'antiquité,,,,
DJ51 .R64 2009,European and Classical Antiquity,,Roman material culture: studies in honour of Jan Thijssen,,,,
PJ1675 .G35 1997,Egypt & North Africa,,"Ostraca demotici e ieratici dall'archivio bilingue di Narmouthis, II (nn",,,,
DF221.C8 I57 2013,European and Classical Antiquity,,Intermezzo: intermediacy and regeneration in Middle Minoan III Palatial Crete,,,,
BQ130 .F618 2001,"China, South Asia, & East Asia",,佛敎小辞典,,,,
HT114 .W47 2014,Ancient Western Asia,,"Western Anatolia before Troy: proto-urbanisation in the 4th millennium BC?: proceedings of the International Symposium held at the Kunsthistorisches Museum Wien, Vienna, Austria, 21-24 November, 2012",,,,
DS67 .B84 v.8 (2013),Ancient Western Asia,,Journal,,,,
GN776.22.R9 E53 1976,The Caucasus & The Western Steppe,,Энеолит и бронзовый век Украины: исследования и материалы,,,,
DK511.K16 A73 2016,The Caucasus & The Western Steppe,,"Археологическая карта Республики Калмыкия, ch",,,,
CJ3516 .C74 1977,"China, South Asia, & East Asia",,Tibetan coins,,,,
Z6605.G7 N17 1964,Egypt & North Africa,,"Documenti dell'antichità cristiana: esposti nella Biblioteca medicea laurenziana, Firenze, 6-30 giugno 1964",,,,
DS156.C3 S44 1953,Ancient Western Asia,,Trois jours dans les églises rupestres de Cappadoce,,,,
N7302 .Z47 2007,"China, South Asia, & East Asia",,L'âge d'or de l'Inde classique: l'empire des Gupta,,,,
N7585 .C27 1963,European and Classical Antiquity,,Profili imperiali romani dalla famiglia Giulia alla seconda dinastia Flavia,,,,
CJ1099.P19 M4713,Ancient Western Asia,,City-coins of Eretz-Israel and the Decapolis in the Roman period,,,,
CC100 .C4713 1963 Non-circulating,Cross-Cultural Studies & Other,2014-12-01T00:00:00.000000,A picture history of archaeology /,,,,
TP803.R9 G65 1989,The Caucasus & The Western Steppe,,Глинa в руках человека,,,,
DK679.5.V36 L6713,The Caucasus & The Western Steppe,,"Vani, une Pompéi géorgienne",,,,
DK511.C1 N68 1986,The Caucasus & The Western Steppe,,Новое в археологии Северного Кавказа,,,,
DT87.5 .F615 1960,Egypt & North Africa,,Der Schatz des Tut-ench-amun,,,,
GN780.22.R9 M64 1997,Central Asia & Siberia,,Нaсeлeние Вeрхнего Приoбья в сeрeдинe-втoрoй пoлoвинe I тысячелетия дo н,,,,
DG70.P7 E55 2018,European and Classical Antiquity,,The Roman retail revolution: the socio-economic world of the taberna,,,,
NK4680 .B72 1975,European and Classical Antiquity,,"A catalogue of the lamps in the British Museum, v",,,,
QB85 .I57 2016,European and Classical Antiquity,,Inscriptions of the Antikythera Mechanism,,,,
PK6197 .D5213,Ancient Western Asia,,The wisdom of the Sasanian sages (Dēnkard VI),,,,
HQ1137.M628 R65 2016,Ancient Western Asia,,The role of women in work and society in the ancient Near East,,,,
GN778.32.R9 K67 1993,The Caucasus & The Western Steppe,,Древнейшее оседлое население на среднем Тереке,,,,
CB311 .V97 1994,Cross-Cultural Studies & Other,,Взаимодействие древних культур и цивилизаций и ритмы культурогенеза: материалы методологического семинара,,,,
BM488.T44 A1 1977,Ancient Western Asia,,"מגילת־המקדש, v",,,,
DS121 .O7 1960,Ancient Western Asia,,Ancient Israel,,,,
Z1003.5.C45 W39 2000,"China, South Asia, & East Asia",,Ways with words: writing about reading texts from early China,,,,
DG78 .D8713,European and Classical Antiquity,,Daily life in ancient Rome,,,,
N8193.C6 D864 2013,"China, South Asia, & East Asia",,Dunhuang: Buddhist art at the gateway of the Silk Road =敦煌:丝路佛光,,,,
NA6177 .M3 1943,European and Classical Antiquity,,Trakya-Kırklareli kubbeli mezarları ve sahte kubbe ve kemer problemi = Die Kuppelgraeber von Kırklareli in Thrakien,,,,
GR203.A6 A6 1979,The Caucasus & The Western Steppe,,Aрмянский фoльклор,,,,
P945.A2 G769 2002,Ancient Western Asia,,Hethitische Texte in Transkription VS NF 12,,,,
NK5557 .T36 1995,Ancient Western Asia,,Les pierres précieuses de l'orient ancien des Sumériens aux sassanides,,,,
ND2848 .Z45 2002,"China, South Asia, & East Asia",,魏晋　南北朝　壁画墓　硏究,,,,
QA22 .R63 1999,Ancient Western Asia,,"Mesopotamian mathematics, 2100-1600 BC: technical constants in bureaucracy and education",,,,
DS797.84.Y874 Y85 2014,"China, South Asia, & East Asia",,于阗六篇:丝绸之路上的考古学案例,,,,
PA3316 .P74,Egypt & North Africa,2025-12-16,Sammelbuch griechischer Urkunden aus Ägypten /,,,,
NK5860 .M26 fasc.7:pt. 1-2,Ancient Western Asia,,Ivories from rooms SW11/12 and T10 Fort Shalmaneser,,,,
PJ3721.M3 Z544 2007,Ancient Western Asia,,Les musiciens et la musique d'après les archives de Mari,,,,
DK771.I96 K83 1991 Non-circulating,Central Asia & Siberia,2012-11-20T00:00:00.000000,Kurgany I͡Ustyda /,,,,
DT62.S8 A23 1992,Egypt & North Africa,,Graeco-Roman funerary stelae from Upper Egypt,,,,
NA3770 .N434 2002 v.1-4,European and Classical Antiquity,,Roman mosaics of Britain,,,,
N7582 .A35 1995,Egypt & North Africa,,"Bilder von Menschen: Weltbild, Menschenbild : Kunst im alten Ägypten",,,,
NC350.J67 A4 2013,"China, South Asia, & East Asia",,賈文忠全形拓精選集,,,,
BL820.P68 C51 1986,European and Classical Antiquity,,Prométhée ou le Caucase: essai de mythologie contrastive,,,,
DK511.O8 S75 1947,The Caucasus & The Western Steppe,,Очерки по истории осетинского народа с древнеиших времен до 1867 года,,,,
DK509 .M28 1979,The Caucasus & The Western Steppe,,Скифия и фракийский мир,,,,
NK1073.6.A1 Y495 2006,"China, South Asia, & East Asia",,공예I:고분미술,,,,
NK9900.5.F6 K86 1971,"China, South Asia, & East Asia",,故宮雕漆噐選萃=Masterpieces of Chinese carved lacquer ware in the National Palace Museum,,,,
G103.5 .P53 2016,Cross-Cultural Studies & Other,,Placing names: enriching and integrating gazetteers,,,,
BS440 .B5713,Ancient Western Asia,,"Theological dictionary of the Old Testament, v",,,,
N3750.N39 A3 2009,"China, South Asia, & East Asia",,根津美術館百華撰=Selected masterpieces from the Nezu Museum Collection,,,,
DS797.77.Y445 K36 2015,"China, South Asia, & East Asia",,考古宜宾五千年:向家坝库区(四川)出土文物选粹,,,,
PK9169.B35 E5 1966,The Caucasus & The Western Steppe,,The Balavariani (Barlaam and Josaphat),,,,
CC79.5.P5 D55 1978b Non-circulating,Cross-Cultural Studies & Other,2013-06-28T00:00:00.000000,Plants and archaeology /,,,,
HT863 .P47 2014,European and Classical Antiquity,,"Gender, manumission, and the Roman freedwoman",,,,
GN776.32.I75 G368 2006,Ancient Western Asia,,"Gesher, a pre-pottery Neolithic A site in the central Jordan Valley, Israel: a final report",,,,
BR1070 .H35 1962,Ancient Western Asia,,Les chrétiens uniates du Proche-Orient,,,,
GN778.32.T93 S64 2008,Central Asia & Siberia,,Антропоморфные изображения Туркменистана поры среднего энеолита: по материалам поселения Илгынлы-депе,,,,
GN778.22.U38 O77 2001,The Caucasus & The Western Steppe,,Проблеми періодизації культур середньої та пізньої бронзи півдня східної Європи: (культурно-стратиграфічні зіставлення),,,,
PK6197 .R44 2012,Central Asia & Siberia,,Die Rede der lebendigen Seele: ein manichäischer Hymnenzyklus in mittelpersischer und soghdischer Sprache,,,,
QB19 .K87 2007,Ancient Western Asia,,Звездное небо древней Месопотамии: шумеро-аккадские названия созвездий и других светил,,,,
ND2849.Y8 Y89 2013,"China, South Asia, & East Asia",,蔚州寺廟壁畫,,,,
GN36.U62 B477 1968 Non-circulating,Cross-Cultural Studies & Other,2008-03-27T00:00:00.000000,Treasures of the Lowie Museum :,,,,
NA2706.G8 C67 2016,European and Classical Antiquity,,Drawings in Greek and Roman architecture,,,,
GN778.28 .M67 2016,Central Asia & Siberia,,Наскальные изображения Бии = L'art rupestre de le rivière de Biya,,,,
DK771.A25 B676 2016,Central Asia & Siberia,,"Археологическое наследие Республики Алтаи по трассе проектируемого газопровода ""Сила Сибири-2"" (""Алтаи""): по материалам исследований 2011-2012 годов =Archaeological heritage of the Altai Republic along the route of the projected gas pipeline ""Power of Siberia-2"" (""Altai"") : based on the research materials of 2011-2012, t",,,,
DT85 .E98 2013,Egypt & North Africa,,The use of documents in Pharaonic Egypt,,,,
NK7983 .W368 2015,"China, South Asia, & East Asia",,长江文明之旅:长江流域的青铜冶铸,,,,
PJ5229 .A1 1930,Ancient Western Asia,,Inventaire des inscriptions de Palmyre,,,,
DK511.D7 L37 2013,The Caucasus & The Western Steppe,,"Меотские древности: каталог погребальных комплексов Кобякова городища из раскопок, ch",,,,
BX376.3 .C35 1958,Ancient Western Asia,,Le calendrier palestino-géorgien du Sinaiticus 34 (Xe siècle),,,,
NK3634.A2 J568 2013,"China, South Asia, & East Asia",,晉陽古刻選,,,,
ND2849.S47 S536 2015,"China, South Asia, & East Asia",,山西古代壁畫精粹= The essence of ancient murals in Shanxi,,,,
CB251 .H295 2000,Central Asia & Siberia,,Letters from the silk roads: thinking at the crossroads of civilization,,,,
PJ3711 .Y25 v.5 2016,Ancient Western Asia,,Hellenistic seal impressions in the Yale Babylonian collection: ring-bullae and other clay sealings,,,,
BX1958.A2 J6 1954,European and Classical Antiquity,,Acta et symbola conciliorum quae saeculo quarto habita sunt,,,,
PJ4051 .A45 2005,Ancient Western Asia,,Wisdom of ancient Sumer,,,,
CJ3496 .T553 2017,"China, South Asia, & East Asia",,Les monnaies de la Chine ancienne: des origines à la fin de l'Empire,,,,
DS286 .R29 2014,Ancient Western Asia,,The Sasanian world through Georgian eyes: Caucasia and the Iranian Commonwealth in Late Antique Georgian literature,,,,
N7276.8.C46 A4 2013,Ancient Western Asia,,Saloua Raouda Choucair,,,,
DK511.C57 K46 2015,The Caucasus & The Western Steppe,,Открытие Черкесии: картографические источники ХIV--ХIХ вв,,,,
DF261.B5 B46 1983,European and Classical Antiquity,,"La Béotie antique: Lyon, Saint-Étienne 16",,,,
NK9900.7.C6 A16 1993,"China, South Asia, & East Asia",,"2000 years of Chinese lacquer: catalogue of an exhibition jointly presented by the Oriental Ceramic Society of Hong Kong and the Art Gallery, the Chinese University of Hong Kong, 24th September to 21st November, 1993",,,,
DS554.98.A5 B43 1995,"China, South Asia, & East Asia",,Saving Angkor,,,,
HB853.R8 B35 2015,Central Asia & Siberia,,"Пoлoвoзрaстная структура сaрматского нaсeлeния Нижнего Пoвoлжья: рoгрeбaльная oбрядность и aнтропология, мoнoгрaфия",,,,
PJ1805 .G7 1984,Egypt & North Africa,,Grammata demotika: Festschrift für Erich Lüddeckens zum 15,,,,
HQ1127 .W65 1995,European and Classical Antiquity,,Women in antiquity: new assessments,,,,
DK511.R58 K68 1981,The Caucasus & The Western Steppe,,Курганы раннескифского времени в бассейне р,,,,
GN778.22.U38 T37 1993,The Caucasus & The Western Steppe,,"Древний металл восточной Украины: очерки реконструкции горного дела, металлургии и мeталлообработки в эпоху бронзы (учебное пособие)",,,,
DK511.T17 R83 2010,The Caucasus & The Western Steppe,,Тетюшское II городище в Татарстане,,,,
DS485.N4 T743 1962,"China, South Asia, & East Asia",,"Nepal, the discovery of the Malla",,,,
NB1912.B83 Y874 2006,"China, South Asia, & East Asia",,2005年云冈国际学术研讨会论文集,,,,
DK509 .K375 1981,The Caucasus & The Western Steppe,,Кавказ и Средная Азия в древности и средневедовье: история и культура,,,,
PA3315.O83 J685 1999,Egypt & North Africa,,Astronomical papyri from Oxyrhynchus: (P,,,,
QB215 .S359 2006,European and Classical Antiquity,,Die antiken Sonnenuhren Griechenlands: Festland und Peloponnes,,,,
HC33 .L47 2016,European and Classical Antiquity,,Le marché du crédit dans le monde romain (Égypte et Campanie),,,,
DS797.39.H836 H836 2015,"China, South Asia, & East Asia",,2000年黄骅市海丰镇遗址发掘报告,,,,
CJ669.V35 K75 2015,Central Asia & Siberia,,New discoveries in Bactrian numismatics,,,,
Z3366 .S2 1951,Ancient Western Asia,,Bibliographie française de l'Īrān: bibliographie méthodique et raisonnée des ouvrages français parus depuis 1560 jusqu'à nos jours,,,,
CC72 .G53 1989 Non-circulating,Cross-Cultural Studies & Other,2015-11-17T00:00:00.000000,Explanation in archaeology /,,,,
CJ667 .K75 2016,Central Asia & Siberia,,The Seleucid mint of Aï Khanoum,,,,
N7262 .Y22 1999,"China, South Asia, & East Asia",,亚洲艺朮遗珍:亚洲協会洛克菲勒藏品精选=Treasures of Asian art : selections from the Mr and Mrs John D,,,,
DK651.B4432 D97 2015,Central Asia & Siberia,,Бeслaнский aрхeoлoгический комплекс рaннeaлaнской эпохи: некоторые итоги исслeдований 1988-2014 гг,,,,
N8193.C6 N36 1999,"China, South Asia, & East Asia",,南诏　大理国　雕刻　绘画　艺术 =The Sculpture and painting arts of Nanzhao and Dali kingdoms,,,,
Q124.95 .T73 2015,Cross-Cultural Studies & Other,,"Le travail du savoir: philosophie, sciences exactes et sciences appliquees dans l'Antiquite = Wissensbewältigung",,,,
DG85 .G76 2017,European and Classical Antiquity,,Worlds apart trading together: the organisation of long-distance trade between Rome and India in antiquity,,,,
PJ4054.U6 U45 1993,Ancient Western Asia,,"Die Umma-Texte aus den Archäologischen Museen zu Istanbul = İstanbul Arkeoloji Müzelerinde bulunan Umma metinleri, Bd",,,,
PA4221.J3 E38 2015,Ancient Western Asia,,Description du tableau cosmique,,,,
PA3315.O83 O86 1898 v.60,Egypt & North Africa,,"The Oxyrhynchus papyri, v",,,,
NB1912.A87 K65 2009,"China, South Asia, & East Asia",,国宝阿修羅展:興福寺創建1300年記念=The national treasure Ashura and masterpieces from Kohfukuji,,,,
CJ233 .R43 1969,European and Classical Antiquity,,Ancient numismatics: the coinage of ancient Greece and Rome,,,,
DT73.A14 A28 v.22 2011,Egypt & North Africa,,Abusir XXII: the tomb of Kaiemtjenenet (as 38) and the surrounding structures (as 57-60),,,,
DS79.89.P57 E97 2016,Ancient Western Asia,,Exploring the Neo-Assyrian frontier with western Iran: the 2015 season at Gird-i Bazar and Qanat-i Dinka,,,,
PA3314.F8 P37 2004,Egypt & North Africa,,Papyrus Graux IV: P,,,,
DK511.C2 F62 2016,The Caucasus & The Western Steppe,,Древности долины реки Хасаут и другие археологические памятники Северного Кавказа: вопросы культурно-этнической принадлежности =The ancient objects in the Khasaut river valley and other archaeological monuments of the North Caucasus the problems of cultural ethnic attribution,,,,
N3750.S5 M54 1997,"China, South Asia, & East Asia",,Miho Museum,,,,
DS797.72.J553 J5343 2013,"China, South Asia, & East Asia",,濟南考古,,,,
DK30 .A1733,The Caucasus & The Western Steppe,,"Российская археология, 2018:no",,,,
BS2833 .G3 1987,Egypt & North Africa,,"Neutestamentliche Apokryphen in deutscher Übersetzung, Bd",,,,
HF3788.R65 S56 1988,European and Classical Antiquity,,Indo-Roman trade,,,,
BL820.V5 B83 2003,European and Classical Antiquity,,The origin of Aphrodite,,,,
DT73.D33 G55 2016,Egypt & North Africa,,Dakhleh Oasis and the western desert of Egypt under the Ptolemies,,,,
DK945 .M37 1975,Central Asia & Siberia,,Материалы по археологии Узбекистана,,,,
DJK46.7 .Z84 1996,The Caucasus & The Western Steppe,,"Загадки Скифии: поиск, находки, реликвии, сокровища, клады, kn",,,,
P945 .S65 Heft 16,Ancient Western Asia,,Der Šaušgamuwa-Vertrag: (eine Untersuchung zu Sprache und Graphik),,,,
N7291 .Z43 1998,Central Asia & Siberia,,古代中亞絲路藝術探微,,,,
DS110.B476 K845 2015,Ancient Western Asia,,Betsaida/Bethsaida - Julias (et-Tell): die ersten 25 Jahre der Ausgrabung (1987-2011) : gesammelte Aufsätze aus neutestamentlicher Sicht (mit Nachträgen bis 2013) und die Münchner Gesamtpläne = The first twenty-five years of excavation (1987-2011) : collected essays from a New Testament point of view (with postscripts until 2013) and the Munich general plans,,,,
CC165 .B67 1986,Cross-Cultural Studies & Other,,In search of the past: an introduction to archaeology,,,,
PJ5208.A2 L55 2003,Ancient Western Asia,,Ancient Aramaic and Hebrew letters,,,,
U820.R8 M49 2012,Central Asia & Siberia,,Воинские традиции в археологическом контексте: от позднего латена до позднего средневековья,,,,
NK5107 .G54 1970,Ancient Western Asia,,Glass and glassmaking in ancient Mesopotamia: an edition of the cuneiform texts which contain instructions for glassmakers with a catalogue of surviving objects,,,,
GN785 .L63 2015,Central Asia & Siberia,,Aрхeoлoгичeские пaмятники в рaйoнe Oнeжских петрoглифов,,,,
DK511.E27 A63 2014,Central Asia & Siberia,,"Aнaньинский мир: истоки, рaзвитие, связи, исторические судьбы",,,,
CC51 .I523 1978 Non-circulating,Cross-Cultural Studies & Other,2012-01-12T00:00:00.000000,XI International Congress of Classical Archaeology :,,,,
PJ4065 .L3 1989,Ancient Western Asia,,The lamentation over the destruction of Sumer and Ur,,,,
DS797.75.Y865 Z47 2006,"China, South Asia, & East Asia",,云冈石窟编年史,,,,
DA155 .W484 2011,European and Classical Antiquity,,Treasures from Sutton Hoo,,,,
KLH21.3 .C53 1971,The Caucasus & The Western Steppe,,Introduction à l'étude de la féodalité géorgienne: le code de Georges le Brillant,,,,
PN682.A48 A44 2016,Cross-Cultural Studies & Other,,Alexander the Great in the Middle Ages: transcultural perspectives,,,,
BQ295 .S83 1989,"China, South Asia, & East Asia",,The legend of King Aśoka: a study and translation of the Aśokāvadāna,,,,
DS793.T8 Z58 2016,"China, South Asia, & East Asia",,敦煌汉文文献题记整理与研究,,,,
DG77 .N3 1961,European and Classical Antiquity,,"Bildlexikon zur Topographie des antiken Rom, Bd",,,,
N8193.I4 C43 1997,"China, South Asia, & East Asia",,Early Buddhist art of Bodh-Gayā,,,,
GN855.G4 K833 1949,The Caucasus & The Western Steppe,,"Материалы к археологии Колхиды, t",,,,
DF261.A57 A583 1965,European and Classical Antiquity,,The Antikythera shipwreck reconsidered,,,,
DS66 .R34 2002,Ancient Western Asia,,Recent developments in Hittite archaeology and history: papers in memory of Hans G,,,,
NA4640 .S55 2010,"China, South Asia, & East Asia",,"石窟寺研究=Study on the cave temples, no",,,,
DS62.2 .V34 2007,Ancient Western Asia,,"A history of the ancient Near East, ca",,,,
PJ1526.I33 I57 Suppl.:Heft 6 2010,Egypt & North Africa,,EDFU: Materialien und Studien,,,,
DS797.54.K537 S86 2016,"China, South Asia, & East Asia",,"中國藏黑水城漢文文獻的整理與研究, v",,,,
ND2849.S47 Z42 1991,"China, South Asia, & East Asia",,唐墓壁畫集錦=Highlights of the Tang dynasty tomb frescoes,,,,
BR1720.B3 C68 1973,Ancient Western Asia,,Un témoin du IVe siècle oriental: saint Basile et son temps d'après sa correspondance,,,,
DS797.48.Z369 M826 2015,"China, South Asia, & East Asia",,穆穆曾侯:枣阳郭家庙曾国墓地,,,,
DK508.3 .A752 1980,The Caucasus & The Western Steppe,,Археологические исследования на Украине в 1978-1979 гг,,,,
D57 .F766 2018,Cross-Cultural Studies & Other,,From the fjords to the Nile: essays in honour of Richard Holton Pierce on his 80th birthday,,,,
G2308.S4 S53 2002,"China, South Asia, & East Asia",,山东省地图册,,,,
GT555 .C76 2002,European and Classical Antiquity,,Roman clothing and fashion,,,,
DT73.S3 L37 1972,Egypt & North Africa,,Les pyramides de Sakkarah,,,,
NA5869.T36 D56 1992,The Caucasus & The Western Steppe,,"Early medieval Georgian monasteries in historic Tao, Klarjet'i, and Šavšet'i: with 84 figures, 4 foldout plans, 346 plates",,,,
DS73.2 .G53 2002,Egypt & North Africa,,La Mésopotamie,,,,
PJ1105 .P74 2016,Egypt & North Africa,,"Préhistoires de l'écriture: iconographie, pratiques graphiques et émergence de l'écrit dans l'Egypte prédynastique = Prehistories of writing: iconography, graphic practices and emergence of writing in Predynastic Egypt",,,,
NA6026.6.B6 M36 1987,"China, South Asia, & East Asia",,Borobudur,,,,
BX123.2 .M34 1995,The Caucasus & The Western Steppe,,Chosen of God: the election of the Catholicos of All Armenians from the fourth century to the present,,,,
DS798.3 .M676 2016,"China, South Asia, & East Asia",,"Монголын археологийн өв, v",,,,
PL2448 .D832 2016,"China, South Asia, & East Asia",,敦煌變文集補編=Dunhuang bianwenji bubian,,,,
DE61.N3 R6 1964,European and Classical Antiquity,,"Greek and Roman naval warfare: a study of strategy, tactics, and ship design from Salamis (480 B",,,,
PA2087 .K82 T.1 1994,European and Classical Antiquity,,Ausführliche Grammatik der lateinischen Sprache Erster Teil,,,,
DK679.R56 L67 2000,The Caucasus & The Western Steppe,,Phasis: the river and city in Colchis,,,,
NK3800 .G66 1973,Cross-Cultural Studies & Other,,Ancient pottery,,,,
N7307.G3 S55 1997,"China, South Asia, & East Asia",,シルクロードとガンダーラ:開館5周年記念特別展=Silk Road & Gandhara : the fifth anniversary of Matsudo Museum : special exhibition,,,,
DS748.7 .L526 2010,"China, South Asia, & East Asia",,拓跋春秋,,,,
H51 .B25 1956,European and Classical Antiquity,,"From Alexander to Constantine: passages and documents illustrating the history of social and political ideas, 336 B",,,,
PJ1809 .M36 1997,Egypt & North Africa,,The Hauswaldt papyri: a third century B,,,,
DT60 .A3495 2006,Cross-Cultural Studies & Other,,Aegyptus et Pannonia IV: acta symposii anno 2006,,,,
DK34.S3 S73 1994,The Caucasus & The Western Steppe,,"Статистическая обработка погребальных памятников Азиатской Сарматии, vyp",,,,
DS62.23 .P45 2016,Ancient Western Asia,,"People on the move: framework, means, and impact of mobility across the Eastern Mediterranean region in the 8th to 6th century BCE",,,,
P1035 .C5 1968,European and Classical Antiquity,,The decipherment of linear B,,,,
CJ833 .S4 1964,European and Classical Antiquity,,Roman coins and their values,,,,
DR239.2 .N55 1987,European and Classical Antiquity,,Северные фракийцы в VI-I вв,,,,
ND2850.T87 G363 1995,"China, South Asia, & East Asia",,高昌壁画辑佚,,,,
HD9866.M628 G37 2018,Ancient Western Asia,,Textiles in the neo-Assyrian empire: a study of terminology,,,,
BR65.T853 A34 2015,Ancient Western Asia,,Contre les manichéens,,,,
BX172 .B37 2015,Ancient Western Asia,,The ecclesiastical chronicle: an English translation,,,,
DS66 .D39 2016,Ancient Western Asia,,Da Kussara a Karkemish: storia del regno ittita,,,,
DS797.48.X53 W366 2016,"China, South Asia, & East Asia",,襄阳考古探研,,,,
DS65 .P68 2016,Ancient Western Asia,,The Archaeology of Elam: Formation and Transformation of an Ancient Iranian State,,,,
GN780.R9 P5 1967,The Caucasus & The Western Steppe,,Эпоха раннего железа в Дагестане,,,,
DK34.B3 D74 2015,The Caucasus & The Western Steppe,,"Древние святилища: археология, ритуал, мифология: Бурзянский район Республики Башкортостан (17-20 иня 2015 года) = Ancient sanctuaries : Archaeology, ritual, mythology; The Burzyan district of the Republic of Bachkortostan, 17-20, June 2015",,,,
PJ1559 .B42 1995,Egypt & North Africa,,"De Papyrus Denon in het Museum Meermanno-Westreenianum, Den Haag, of, Het Boek van het ademen van Isis",,,,
GN799.P6 M355 2016,European and Classical Antiquity,,Maritime transport containers in the Bronze-Iron Age Aegean and Eastern Mediterranean,,,,
ND1046.T77 Y836 2016,"China, South Asia, & East Asia",,敦煌藏经洞出土绘画品研究史,,,,
BX1803 .H64 2000,Egypt & North Africa,,Kirchliche Strukturen und römisches Recht bei Cyprian von Karthago,,,,
DS57 .D66 2000,Ancient Western Asia,,Donum natalicium: studi presentati a Claudio Saporetti in occasione del suo 60,,,,
NK1676 .F35 1988,"China, South Asia, & East Asia",,法門寺地宮珍宝= Precious cultural relics in the crypt of Famen Temple,,,,
DA690.M7154 B85 2006,European and Classical Antiquity,,"Becoming Roman: excavation of a late Iron Age to Romano-British landscape at Monkston Park, Milton Keyes",,,,
DR1 .S82 t.1 (2010)-t.6 (2014),European and Classical Antiquity,,"Studia classica serdicensia, t",,,,
NK8473.C6 S57 1977,"China, South Asia, & East Asia",,"Early Chinese miniatures: [exhibition] March 16 through May 29, 1977, China House Gallery/China Institute in America",,,,
CB353 .W5 1964 Non-circulating,Cross-Cultural Studies & Other,2012-09-07T00:00:00.000000,Medieval technology and social change /,,,,
GN778.22.S65 Z42 1988,Central Asia & Siberia,,Бронзовый век Урало-Казахстанских степей: основы периодизации,,,,
GN855.I4 A468 1982 Non-circulating,"China, South Asia, & East Asia",2009-06-30T00:00:00.000000,The archaeology of India /,,,,
U35 .R655 2001,European and Classical Antiquity,,Roman military studies,,,,
PJ1661.B53 P37 2016,Egypt & North Africa,,Papyrus de la Sorbonne: (P,,,,
DS554.98.A5 P37 1954,"China, South Asia, & East Asia",,Henri Parmentier's Guide to Angkor,,,,
PA4496.F8 A6376,European and Classical Antiquity,,"L'Anabase, ou, L'expédition des dix-mille",,,,
DT60 .B373 2008,Egypt & North Africa,,An introduction to the archaeology of ancient Egypt,,,,
PJ1531 .R3 1922a,Egypt & North Africa,,Der demotische Text der Priesterdekrete von Kanopus und Memphis (Rosettana): mit den hieroglyphischen und griechischen Fassungen und deutscher Übersetzung nebst demotischem Glossar,,,,
GN776.32.I73 S64 1981,Ancient Western Asia,,An early village site at Zawi Chemi Shanidar,,,,
DS181 .B87 1972,The Caucasus & The Western Steppe,,The peoples of the hills: ancient Ararat and Caucasus,,,,
DK771.T93 N68 1980,Central Asia & Siberia,,Новейшие исследования пo археологии Tувы и этногенезу Tувинцев,,,,
DK508.9.B57 S55 1986,The Caucasus & The Western Steppe,,Скифские погребальные памятники степей Северного Причерноморья,,,,
DA155 .T46 2016,European and Classical Antiquity,,Le témoignage de la culture matérielle: mélanges offerts au professeur Vera Evison = The evidence of material culture : studies in honour of Professor Vera Evison,,,,
NK7983 .E76 1977,"China, South Asia, & East Asia",,"Ancient Chinese bronze vessels, gilt bronzes, and sculptures: two private collections, one formerly part of the Minkenhof collection",,,,
N7283 .V74 1969,Ancient Western Asia,,"Искусство и археология Ирана: Всесоюзная конференция, 1969 г",,,,
PA3306 .G4 1967,Egypt & North Africa,,Les papyrus de Genève,,,,
GV573 .D42 1987,Egypt & North Africa,,Sport und Spiel im Alten Ägypten,,,,
DK511.C2 M33,The Caucasus & The Western Steppe,,Материалы и исследования по археологии Северного Кавказа,,,,
DS70.5.N9 S88 v.13 2003,Ancient Western Asia,,Die Personennamen der Texte aus Emar,,,,
DS70.5.B3 B43 2018,Ancient Western Asia,,"A history of Babylon, 2200 BC-AD 75",,,,
DK651.B523 A57 1979,The Caucasus & The Western Steppe,,Античная Тира и средневековый Белгород: Сборник научных трудов,,,,
GN855.S33 C66 1971 Non-circulating,Ancient Western Asia,2010-01-28T00:00:00.000000,Contributions to the anthropology of Saudi Arabia /,,,,
NB1912.A92 D39 2015,"China, South Asia, & East Asia",,"大足石刻千手观音造像抢救性保护工程前期研究, v",,,,
N7342 .N45 2011,"China, South Asia, & East Asia",,Masterworks of Chinese art: the Nelson-Atkins Museum of Art,,,,
P950 .B69 2009 Bd.1,Ancient Western Asia,,Sammlung hieroglyphischer Siegel,,,,
DK30 .A1733,The Caucasus & The Western Steppe,,"Советская археология, 1987",,,,
U805 .E734 2016,"China, South Asia, & East Asia",,Монголын эртний нүүдэлчдийн зэр зэвсэг: (НТӨ II мянган жил - НТӨ III зуун),,,,
PJ1526.I33 I57 Suppl.:Heft 1 1990,Egypt & North Africa,,"Edfu: Studien zu Ikonographie, Textgestaltung, Schriftsystem, Grammatik und Baugeschichte",,,,
NK7983.2 .L55 2015,"China, South Asia, & East Asia",,中国古代美术经典图式,,,,
DS73.2 .S76 1976,Egypt & North Africa,,Studies in Old Babylonian history,,,,
DK511.A7 D74 1977,The Caucasus & The Western Steppe,,Древности Астраханского края: сборник,,,,
DS121.3 .N33 2005,Ancient Western Asia,,"Ancient Israel and its neighbors: interaction and counteraction: collected essays, v",,,,
DS793.H612 X53 2015,"China, South Asia, & East Asia",,淅川新四队墓地= Tombs of Xin Sidui in Xi Chuan,,,,
NK4399.R8 M464 2016,"China, South Asia, & East Asia",,玉松话汝瓷,,,,
PA3009 .M67 2018,European and Classical Antiquity,,Classics: why it matters,,,,
CC79.5.A5 I585 2006,Egypt & North Africa,,"Archaeozoology of the Near East VIII: actes des huitièmes Rencontres internationales d'archéozoologie de l'Asie du sud-ouest et des régions adjacentes, Lyon, 28 juin-1er juillet 2006 = proceedings of the eighth international symposium on the archaeozoology of southwestern Asia and adjacent arreas, Lyon, June 28-July 1, 2006, t",,,,
QB41 .P89 1898,European and Classical Antiquity,,"Opera quae exstant omnia, v",,,,
BF1714.A86 A87 1992,Ancient Western Asia,,Astrological reports to Assyrian kings,,,,
CC165 .Z46 2010,"China, South Asia, & East Asia",,近百年古城古墓發掘史,,,,
PJ1526.I33 I57 Abt.2 Bd.2,Egypt & North Africa,,Edfu: neue Graffiti und Ritualszenen des Tempels von Edfu,,,,
DK508.9.B57 D62 1982,Central Asia & Siberia,,Kaмeнные бабы Причемноморских степей: коллекция из Aскании-Нoвa,,,,
NB1912.B83 L45 2016,"China, South Asia, & East Asia",,川北佛教石窟和摩崖造像研究,,,,
DJK23 .A74 1979,The Caucasus & The Western Steppe,,Археология восточно-европейской лесостепи: [межвузовский сборник],,,,
CC75.7 .B73 1978a Non-circulating,Cross-Cultural Studies & Other,2011-03-30T00:00:00.000000,On the analysis of spatial relations in archaeology /,,,,
PJ4054.U7 L43 2013,Ancient Western Asia,,Archaic tablets and fragments from Ur (ATFU): from L,,,,
NK1069.S52 S45 1992,"China, South Asia, & East Asia",,陕西珍貴文物,,,,
DK851 .E87 1979,Central Asia & Siberia,,Этнография и археология Средней Азии: [Сб,,,,
N5604.S65 M65 1983,Central Asia & Siberia,,"Kультурa и искусство Причерноморья в aнтичную эпоху: выставка из собраний музеев Бoлгарии, Румынии и Сoветского Сoюзa: кaтaлог выставки",,,,
DS797.68.X536 H332 1999,"China, South Asia, & East Asia",,西安龍首原漢墓,,,,
N7342 .S483 1991,"China, South Asia, & East Asia",,山东省博物馆藏品选,,,,
"PJ2199 .C5 1972 introd., codex 1-11-13 & cartonnage",Egypt & North Africa,,The Facsimile edition of the Nag Hammadi codices,,,,
GN799.P4 T73 2016,"China, South Asia, & East Asia",,Далан Түргэний Хос Толгойн хадны зураг,,,,
NK1071.A5 S52 1965,"China, South Asia, & East Asia",,Treasures of the Shosoin,,,,
PA3308 .H2 1973,Egypt & North Africa,,Griechische Papyrusurkunden der Hamburger Staats- und Universitätsbibliothek,,,,
PL2448 .Z485 1995,"China, South Asia, & East Asia",,商代金文圖錄:三千年前中國文字特展=A catalogue of Shang dynasty bronze inscriptions: ancient Chinese from the 1st millenium B,,,,
DF234 .A7735,European and Classical Antiquity,,The life of Alexander the Great,,,,
DK508.9.K78 L38 2010,The Caucasus & The Western Steppe,,Маслины - античное поселение в Северо-Западном Крыму: статьи и воспоминания,,,,
GN799.T6 P48 2003,The Caucasus & The Western Steppe,,Петербургская трaсoлогическая школа и изучение древних культур: В чeсть юбилея Г,,,,
DS156.Z48 Z47 2005 v.6,Ancient Western Asia,,"Zeugma VI:La Syrie romaine, permanences et transferts culturels",,,,
NK3634.Z6 B45 2000,"China, South Asia, & East Asia",,北魏人书佛说佛藏经,,,,
DS56 .R46 1993b,Ancient Western Asia,2025-12-08,"Houses and households in Ancient Mesopotamia : programme and abstracts (cooṕeration, list of participants).",,,,
DS485.K465 K47 2020,"China, South Asia, & East Asia",2025-12-08,Kerala archaeological series.,,,,
N7342 .E85 1993,"China, South Asia, & East Asia",,Early Chinese art from tombs and temples=中國文物珍寳展:8 June-9 July 1993,,,,
GN778.22.S59 S48 1982,The Caucasus & The Western Steppe,,Степное Поднепровье в эпоху поздней бронзы,,,,
N7307.P4 B8714,Central Asia & Siberia,,L'Art du Gandhāra,,,,
DA690.S816 L36 2004,European and Classical Antiquity,,"Gravelly Guy, Stanton Harcourt: the development of a prehistoric and Romano-British community",,,,
DS392.2.H3 V38 1974 Non-circulating,Central Asia & Siberia,2009-06-25T00:00:00.000000,Excavations at Harappā :,,,,
BL1620 .L56 1998,Ancient Western Asia,,"A reconstruction of the Assyro-Babylonian god-lists, AN:dA-nu-um and AN:Anu ŝá amēli",,,,
DS57 .O97 2013,Ancient Western Asia,,"Our work: modern jobs, ancient origins",,,,
QB41 .M55 1990,European and Classical Antiquity,,"Théodore Méliténiote, ""Tribiblos Astronomique"", v",,,,
CC76.3 .P46 2018,Cross-Cultural Studies & Other,,People in the mountains: current approaches to the archaeology of mountainous landscapes,,,,
DS329.4 .F78 1996 Non-circulating,Central Asia & Siberia,2012-08-03T00:00:00.000000,The heritage of Central Asia from antiquity to the Turkish expansion /,,,,
Z3029.A8 M9452 2014,Ancient Western Asia,,Südarabien im Altertum: kommentierte Bibliographie der Jahre 1997 bis 2011,,,,
ND1457.C56 L5325,"China, South Asia, & East Asia",,Li Kung-lin's Classic of filial piety,,,,
BR238 .G4 1973,European and Classical Antiquity,,Byzantine iconoclasm during the reign of Leo III: with particular attention to the oriental sources,,,,
GN855.T83 A95 2017,Ancient Western Asia,,Bakla Tepe geç tunç çagi mezarlari = Late Bronze Age graves of Bakla Tepe,,,,
DS486.A463 K43 1996,"China, South Asia, & East Asia",,Ajanta & Ellora,,,,
D57 .C25 1970,Cross-Cultural Studies & Other,,"The Cambridge ancient history, v",,,,
DS747.42 .C43 1989,"China, South Asia, & East Asia",,嘉峪关魏晋墓彩绘砖画浅识,,,,
DF261.T6 Z55 1971,European and Classical Antiquity,,Возникновение государства у фракийцев VII-V вв,,,,
PJ3791 .B67 2016,Ancient Western Asia,,"Infant weeping in Akkadian, Hebrew, and Greek literature",,,,
DS70.5.A7 W47 2016,Ancient Western Asia,,Der Anu-Adad-Tempel in Assur,,,,
DS51.E27 S62 1987,Ancient Western Asia,,"Eastern Turkey: an architectural and archaeological survey, v",,,,
BT1425 .M66 1994,Ancient Western Asia,,Monophysite texts of the sixth century,,,,
DS567 .H54 1998,"China, South Asia, & East Asia",,Prehistoric Thailand: from early settlement to Sukhothai,,,,
GN799.P4 M68 2016,"China, South Asia, & East Asia",,贵州贞丰红岩岩画研究,,,,
P945.A2 S69 2015,Ancient Western Asia,,Unpublished Bo-fragments in transliteration I (Bo 9536 - Bo 9736),,,,
U821.M65 K48 2011,"China, South Asia, & East Asia",,Военное дело древних кочевников Монголии: (II тысячелетие--III век до н,,,,
NK7106.4.S38 S35 2001,The Caucasus & The Western Steppe,,La redécouverte de l'or des Scythes: histoires de kourganes,,,,
DK771.T93 C48 1997,Central Asia & Siberia,,"Цeнтральная Aзия и скифы, t",,,,
NA5870.K26 K37 1997,European and Classical Antiquity,,"Kalenderhane in Istanbul: the buildings, their history, architecture, and decoration : final reports on the archaeological exploration and restoration at Kalenderhane Camii, 1966-1978, v",,,,
DE5 .N4 1962. From the library of David I. Owen,European and Classical Antiquity,,The New Century classical handbook,,,,
BL2270 .G54 2001,Ancient Western Asia,,Man and cosmos in ancient Iran,,,,
DK511.K13 A74 1984,The Caucasus & The Western Steppe,,"Археологические исследования нa нoвoстройках Kaбaрдинo-Бaлкарии в 1972-1979 гг, t",,,,
CC175 .E83 1984,Cross-Cultural Studies & Other,,Ethics and values in archaeology,,,,
NB1043.3 .W35 1957,"China, South Asia, & East Asia",,唐代雕塑選集,,,,
DG77 .H325 2016,European and Classical Antiquity,,"An urban geography of the Roman world, 100 BC to AD 300",,,,
B125 .C45 1969,"China, South Asia, & East Asia",,A source book in Chinese philosophy,,,,
PJ3835 .R87 1999,Ancient Western Asia,,The writing on the wall: studies in the architectural context of late Assyrian palace inscriptions,,,,
DS156.M97 E55 2016,Ancient Western Asia,,L'Éolide dans l'ombre de Pergame,,,,
P958 .C36 2015,Ancient Western Asia,,Mood and modality in Hurrian,,,,
BS1335.2 .D4 1967,Ancient Western Asia,,Die Sünde Jerobeams: Studien zur Darstellung Jerobeams und der Geschichte des Nordreichs in der deuteronomistischen Geschichtsschreibung,,,,
BF1762 .W56 2017,Ancient Western Asia,,Early Mesopotamian divination literature: its organizational framework and generative and paradigmatic characteristics,,,,
NA5871.K32 T45 1978,Ancient Western Asia,,La Cathédrale des Saints-Apôtres de Kars: 930-943,,,,
GN799.P4 R47 fasc. 1-7,Central Asia & Siberia,,"Répertoire des pétroglyphes d'Asie centrale, fasc",,,,
DA670.G5 C54 2006,European and Classical Antiquity,,"Excavations on the Wormington to Tirley pipeline, 2000: four sites by the Carrant Brook and River Isbourne, Gloucestershire and Worcestershire",,,,
PJ1670 .E4 1975,Egypt & North Africa,,"Die Felsgräbernekropole der Qubbet el Hawa bei Assuan, Abt",,,,
BS1700 .S792 1982,The Caucasus & The Western Steppe,,An analytical index of Armenian apocrypha relating to the patriarchs and prophets,,,,
DS54.3 .K537 2024,Ancient Western Asia,2025-12-15,Cyprus and Ugarit : connecting material and mercantile worlds /,,,,
N5750 .L38 1972,European and Classical Antiquity,,Kультурa и искусствo Eтруссии: кaтaлoг выставки,,,,
GT3283.A2 L53 2003,"China, South Asia, & East Asia",,汉代丧葬礼俗=Funeral custum[i,,,,
N7311 .B44 1986,"China, South Asia, & East Asia",,L'art du sud-est Asiatique,,,,
DG223 .V56 1990,European and Classical Antiquity,,"Этруски и Средиземноморье: материалы Mеждународного коллоквиума, 9-11 aпреля 1990 года, Moсквa",,,,
NB1305.T9 I48 1965,Egypt & North Africa,,Antalya bölgesi Roma devri portreleri = Römische Porträts aus dem Gebiet von Antalya,,,,
DK651.I66 K67 2007,The Caucasus & The Western Steppe,,Большой Ипатовский курган на Ставрополье как археологический источник по эпохе бронзового века на степной границе Восточной Европы и Кавказа =The Big Ipatovo kurgan in Stavropol Region as an archaeological source of the Bronze age on the steppe boundery [sic] of East Europe and the Caucasus,,,,
DT92 .C53 2006 v.1-2,Egypt & North Africa,,Counting the people in Hellenistic Egypt,,,,
BT736.2 .I57 2013,Ancient Western Asia,,"Early Christian attitudes to war, violence and military service",,,,
PL2448 .S544 2016,"China, South Asia, & East Asia",,"陕西金文集成, v",,,,
N5888.A54 G66 1998,Egypt & North Africa,,La gloire d'Alexandrie: 7 mai-26 juillet 1998,,,,
HC34 .S55 2016,Cross-Cultural Studies & Other,,"Silver, money and credit: a tribute to Robartus J",,,,
BF1778 .W36 2011,"China, South Asia, & East Asia",,冥土安魂:中国古代墓葬吉祥文化研究,,,,
G2308.H3E15 C5 2015,"China, South Asia, & East Asia",,中国文物地图集:黑龙江分册,,,,
HF3750.7 .T73 2015,Cross-Cultural Studies & Other,,Traders in the ancient mediterranean,,,,
G155.C5 G368 2000,"China, South Asia, & East Asia",,甘肃省旅游招商项母=The Projects for Investment and Cooperation in Tourism of Gansu Province,,,,
NK7983.A1 S536 2013,"China, South Asia, & East Asia",,Ancient Chinese bronzes: a personal appreciation,,,,
DS797.52.C434 C475 1992,"China, South Asia, & East Asia",,"Chine antique: voyage de l'ame : trésors archéologiques de la province du Hunan, XIIIe siècle avant J",,,,
R126 .D652 2017,European and Classical Antiquity,,De materia medica,,,,
GN635.I4 T5 1906,"China, South Asia, & East Asia",,Ethnographic notes in southern India,,,,
QK378 .F34 1986,Ancient Western Asia,,Wood anatomy and identification of trees and shrubs from Israel and adjacent regions,,,,
GN58.E83 C63 1939. From the Library of Nina Garsoïan; inscribed by the author,Ancient Western Asia,,Tribus moutonnières du Moyen-Euphrate,,,,
DK511.V65 K828 2014,Central Asia & Siberia,,Kурганный moгильник Пeрeгрузное I: результаты мeждисциплинарных исследований: мoнoгрaфия,,,,
DS338 .S67 1992 Non-circulating,"China, South Asia, & East Asia",2009-06-02T00:00:00.000000,South Asian archaeology studies /,,,,
DS328 .S75 1988 Non-circulating,Central Asia & Siberia,2013-07-31T00:00:00.000000,Sir Aurel Stein's Central Asia :,,,,
DK508.95.S67 M36 1987,The Caucasus & The Western Steppe,,Курган Солоха,,,,
DS715 .W256 2016,"China, South Asia, & East Asia",,半窗意象:图像与考古研究自选集,,,,
CC100 .D262 1950 Non-circulating,Cross-Cultural Studies & Other,2014-03-21T00:00:00.000000,A hundred years of archaeology /,,,,
DK757 .A745 1982,Central Asia & Siberia,,Археология Северной Азии,,,,
DS110.S247 T455 2012,Ancient Western Asia,,"Tell es-Safi/Gath: the 1996-2005 seasons, v",,,,
BL2443 .S28 1988,Egypt & North Africa,,Les prêtres de l'ancienne Egypte,,,,
DS70.7 .S36 2017,Ancient Western Asia,,"Segni: prima dell'alfabeto : viaggio in Mesopotamia alle orgini della scrittura : Venezia, Palazzo Loredan, Campo Santo Stefano, 20 gennaio 2017-25 aprile 2017",,,,
DS81 .T72 2016,Ancient Western Asia,,"Transformations and crisis in the Mediterranean: ""identity"" and interculturality in the Levant and Phoenician West during the 8th-5th centuries BCE",,,,
NK7156.A1 M892 1984,The Caucasus & The Western Steppe,,Музей історичних коштовностей УРСР: фотоалʹбом = Museum of Historic Treasures of the UkrSSR = Muzeĭ istoricheskikh dragot͡sennosteǐ USSR,,,,
CC75 .S33 1969 Non-circulating,Cross-Cultural Studies & Other,2012-04-13T00:00:00.000000,Science in archaeology :,,,,
DK758 .A4813 1964 Non-circulating,Central Asia & Siberia,2012-09-27T00:00:00.000000,The peoples of Siberia /,,,,
NK7983 .L627 1940,"China, South Asia, & East Asia",,An exhibition of ancient Chinese ritual bronzes,,,,
BX385.B9 B95 2000,Ancient Western Asia,,"Byzantine monastic foundation documents: a complete translation of the surviving founders' typika and testaments, v",,,,
DK511.G44 M3617 1982,The Caucasus & The Western Steppe,,Летопись Картли,,,,
DS72 .C55 2017,Ancient Western Asia,,Studies in Sumerian civilization: selected writings of Miguel Civil,,,,
DS735 .E673 1997,"China, South Asia, & East Asia",,"二十四史, v",,,,
P945 .G55 2015,Ancient Western Asia,,Formen und Inhalte althethitischer historischer Literatur,,,,
BR195.M65 G849 1979,Egypt & North Africa,,Aux origines du monachisme chrétien: pour une phénoménologie du monachisme,,,,
NK1068 .S596 1995,"China, South Asia, & East Asia",,Traders and raiders on China's northern frontier,,,,
DS485.D25 K85 2016,"China, South Asia, & East Asia",,The early history of Southern Deccan: (3rd c,,,,
PJ3251 .M37 1978,Ancient Western Asia,,A manual of Akkadian,,,,
P945.Z8 G76 2002,Ancient Western Asia,,Konkordanz zu den Grabungsnummern,,,,
DS327.5 .P38 2012 Non-circulating,Central Asia & Siberia,2014-08-14T00:00:00.000000,Zentralasien /,,,,
DK511.D2 D73 1980,The Caucasus & The Western Steppe,,Древние и средневековые археологические памятники Дагестана: тематический сборник,,,,
CJ668 .W5 1970,Central Asia & Siberia,,Indo-Greek numismatics,,,,
GN778.R9 T4 1963,The Caucasus & The Western Steppe,,"К истории изучения памятников эпохи энеолита и бронзы в нижнем течении реки Большой Лиахви: ""III"" [-] 1 тысячелетие до н",,,,
DT59.N733 B76 2008,Egypt & North Africa,,To live forever: Egyptian treasures from the Brooklyn Museum,,,,
DT57 .E59 no.49 (2016:fall),Egypt & North Africa,,"Egyptian archaeology,no",,,,
DK509 .R83 1922 Non-circulating,The Caucasus & The Western Steppe,2007-08-28T00:00:00.000000,Iranians & Greeks in south Russia /,,,,
NK7983.A3 Z46 1964,"China, South Asia, & East Asia",,古器物硏究專刊,,,,
DK511.V65 I86 2014,Central Asia & Siberia,,Итоги археологических исследований в Самарской области в 2013 году: материалы научных экспедиций,,,,
DK508.9.B57 O34 1993,The Caucasus & The Western Steppe,,Древнее причерноморье: Краткие сообщения Одесского Археологического Общества,,,,
PJ3065 .A48 2002,Ancient Western Asia,,Altorientalische und semitische Onomastik,,,,
NB92 .J465 2007,European and Classical Antiquity,,The Parthenon sculptures in the British Museum,,,,
DK511.U7 M57 2013,Central Asia & Siberia,,Mир кoчeвников: из aрхеологических коллекций Государственного Эрмитажa: кaтaлог выставки,,,,
NB1046.T3 L54 1995,"China, South Asia, & East Asia",,大足石刻=Dazu rock carvings,,,,
CC79.5.A5 I56 2002,Cross-Cultural Studies & Other,,The future from the past: archaeozoology in wildlife conservation and heritage management,,,,
DK651.R7 S26 2007,The Caucasus & The Western Steppe,,Конюшенный раскоп в Ростове Великом,,,,
DK939.5.E45 L48 2001,Central Asia & Siberia,,Древнехорезмийский памятник-Елхарас,,,,
DK508.9.K78 S627 2014,Central Asia & Siberia,,Археологические атласы Северного Причерноморья: атлас позднескифских городищ предгорного Крыма= Archaeological atlases of the Northern Black Sea Shore: atlas of late Scythian fortresses in the Crimean foothills,,,,
PL2478 .G4 1967,"China, South Asia, & East Asia",,"Li chi: book of rites: an encyclopedia of ancient ceremonial usages, religious creeds, and social institutions, v",,,,
CJ691 .H33 2007,Ancient Western Asia,,Catalogue of Elymaean coinage: ca,,,,
PJ4054.G5 T3 1989,Ancient Western Asia,,"Tablettes cunéiformes de Tello au Musée d'Istanbul, datant de l'époque de la IIIe dynastie d'Ur = İstanbul Arkeoloji Müseleri'ndeki Tello tabletleri, ""III",,,,
NK1127.5 .W36 2013,"China, South Asia, & East Asia",,万俐文集,,,,
CC135 .C58 1975 Non-circulating,Cross-Cultural Studies & Other,2011-03-25T00:00:00.000000,Conservation in archaeology and the applied arts /,,,,
BL1640 .F55 2000,Ancient Western Asia,,Time at Emar: the cultic calendar and the rituals from the diviner's archive,,,,
PJ3591 .A2 1998 Oversize,Ancient Western Asia,,Kappadokische Keilschrifttafeln aus den Sammlungen der Karlsuniversität Prag,,,,
PJ5215 .N44 2018,Ancient Western Asia,,"Arbeitsbuch Biblisch-Aramäisch: Materialien, Beispiele und Übungen zum Biblisch-Aramäisch",,,,
DK34.C56 I945 1996,The Caucasus & The Western Steppe,,Киммерийцы: древневосточные цивилизации и степные кочевники в ВИИИ-ВИИ веках до н,,,,
R135 .J68 no.6 (2005) & no.15 (2010)-26 (2015),Ancient Western Asia,,"Le journal des médecines cunéiformes, no",,,,
ND1043.3 .C3 1980,"China, South Asia, & East Asia",,"An index of early Chinese painters and paintings: Tʻang, Sung, and Yüan",,,,
UG429.R8 M45 1969,The Caucasus & The Western Steppe,,Kрепости дoфеодальной и раннефеодальной Грузии,,,,
NK3634 .A2 S36 1996,"China, South Asia, & East Asia",,上海博物館中國歷代書法館=Shanghai Museum Chinese Calligraphy Gallery,,,,
PA3317.A2 C373 1982,Egypt & North Africa,,Trattato etico epicureo (PHerc,,,,
DS154.22 .R63 2015,Ancient Western Asia,,Pétra et les Nabatéens,,,,
NA1197.K5 A77 1982,The Caucasus & The Western Steppe,,Архитектура древнего Киева,,,,
DK511.G4 K3 1967,The Caucasus & The Western Steppe,,Грузинские документы Института народов Азии АН СССР,,,,
DS534 .D73 1905,"China, South Asia, & East Asia",,L'Indo-Chine française (souvenirs),,,,
PA3423 .P6 1970 Suppl. Bd.1:T-12 & Bd.2,Egypt & North Africa,,Supplementum Hellenisticum,,,,
N5899.S3 P45 1994,The Caucasus & The Western Steppe,,Язык звериных образов: очерки искусства евразийских степей скифской эпохи,,,,
CN450.N84 L35 2017,Egypt & North Africa,,Empowering the dead in Christian Nubia: the texts from a medieval funerary complex in Dongola,,,,
GN824.E43 S61 1971,The Caucasus & The Western Steppe,,Элистинский курганный могильник: (по раскопкам 1964 года),,,,
DS284.9 .W54 1999,Ancient Western Asia,,The Seleucids: the decline and fall of their empire,,,,
N5630 .M28 2017,European and Classical Antiquity,,The art of contact: comparative approaches to Greek and Phoenician art,,,,
PL2448 .S845 2016,"China, South Asia, & East Asia",,安徽商周金文彙編=Anhui ShangZhou jinwen huibian,,,,
GN778.R9 B32 1970,The Caucasus & The Western Steppe,,Бaссейн Oки у эпоху бронзы,,,,
PJ4150.Z5 O4613 2015b pt.1-2,Ancient Western Asia,,A dictionary of the Ugaritic language in the alphabetic tradition,,,,
CC75 .D525 1977 Non-circulating,Cross-Cultural Studies & Other,2012-07-31T00:00:00.000000,Ecology and archaeology /,,,,
DS325.M28 A843 2013,Ancient Western Asia,,پژوهش‌هاىدورههخمنشىوفراهخمنشىمنطقهغربوشمالغربفارس(ممسنى),,,,
N3750.S45 S44 1996,"China, South Asia, & East Asia",,上海博物館中國歷代璽印館=Shanghai Museum Chinese Seal Gallery,,,,
KL4707 .F754 1971,Ancient Western Asia,,"Die Hethitischen Gesetze: Transkription, Übersetzung, sprachliche Erläuterungen und vollständiges Wörterverzeichnis",,,,
ND2849.K37 K36 1997,"China, South Asia, & East Asia",,甘肃石窟艺术壁画编=Gansu grottoes art--frescoes,,,,
UE107 .F37 2005,Ancient Western Asia,,Sassanian elite cavalry AD 224-642,,,,
CN1160 .L868 2016,"China, South Asia, & East Asia",,新出魏晋南北朝墓志疏證,,,,
DS51.M35 O55 2016,Ancient Western Asia,,Amphorae in the eastern Mediterranean,,,,
PL2448 .Q26 2016,"China, South Asia, & East Asia",,清华简与先秦经学文献研究,,,,
BX106.2 .I57 1993,Ancient Western Asia,,"The Christian East, its institutions & its thought: a critical reflection : papers of the International Scholary [sic] Congress for the 75th Anniversary of the Pontifical Oriental Institute, Rome, 30 May-5 June 1993",,,,
DK511.M28 P374 1982,The Caucasus & The Western Steppe,,Волжские ананьинцы: Старший Ахмыловский могильник,,,,
NK8883.Z34 X56 2016,"China, South Asia, & East Asia",,扎滚鲁克纺织品珍宝 =Textile treasures of Zaghunluq,,,,
PJ1809 .S48 1920,Egypt & North Africa,,Demotische Urkunden zum ägyptischen Bürgschaftsrechte vorzüglich der Ptolemäerzeit,,,,
PJ1521 .V58 2001,Egypt & North Africa,,Some coins of Artaxerxes and other short texts in the Demotic script found on various objects and gathered from many publications,,,,
DF261.O5 P56 1982,European and Classical Antiquity,,Olympia: complete guide,,,,
NK7307 .D45 1996,Cross-Cultural Studies & Other,,Ancient gold jewelry at the Dallas Museum of Art,,,,
NB1007.G3 E84 1998,"China, South Asia, & East Asia",,"Art of Gandhara: 10th-28th November, 1998",,,,
NB1043.24 .D36 2016,"China, South Asia, & East Asia",,北朝艺术研究院藏品图录,,,,
PJ1483 .P763 2016,Ancient Western Asia,,Problems of canonicity and identity formation in ancient Egypt and Mesopotamia,,,,
DS110.E458 B54 1998,Ancient Western Asia,,"Tel Miqne-Ekron: report on the 1995-1996 excavations in Field XNW : areas 77, 78, 79, 89, 90, 101, 102 : Iron Age I : text and data base (plates, sections, plans)",,,,
GN778.22.S65 D73 1989,The Caucasus & The Western Steppe,,Древности Ставрополья,,,,
DS110.G5 S425 2013,Ancient Western Asia,,"Gezer VII: the middle Bronze and later fortifications in fields II, IV, and VIII",,,,
DS797.72.J5369 J536 2014,"China, South Asia, & East Asia",,胶州板桥镇遗址考古文物图集,,,,
DK511.C2 D85 1991,The Caucasus & The Western Steppe,,Очерк древей культуры Чечено-Ингушетии: (конец II - первая половина I тысячелетия до н,,,,
DS797.44.T365 T346 2016,"China, South Asia, & East Asia",,"汤阴五里岗战国墓地=The Warring States period cemetery in Wuligang, Tangyin",,,,
BT982 .C45 2010,Ancient Western Asia,,The good and evil serpent: how a universal symbol became Christianized,,,,
PA3308.B7 M49 1916,Egypt & North Africa,,Griechische texte aus Ägypten,,,,
DS748 .L58 1988,"China, South Asia, & East Asia",,Everyday life in early Imperial China during the Han period 202 BC-AD 220,,,,
N2830 .A5 1930,European and Classical Antiquity,,Collezioni capitoline: Palazzo del museo; Palazzo dei conservatori; Museo Mussolini; Pinacoteca e Tabularium,,,,
DS329.4 .H57 1992 Non-circulating,Central Asia & Siberia,2009-07-22T00:00:00.000000,History of civilizations of Central Asia.,,,,
DK511.D8 L8 1949,The Caucasus & The Western Steppe,,"Очерки истории Подонья-Приазовья, kn",,,,
DK929.5.S37 L96 1996,Central Asia & Siberia,,Sarazm (Tadjikistan) céramiques: chalcolithique et bronze ancien,,,,
DS135.I85 R67 1895 Bd.1-2,European and Classical Antiquity,,Geschichte der Juden in Rom,,,,
PJ5671.C975 A6 2016,Ancient Western Asia,,The works of Cyrillona,,,,
DS286 .G3 1964,Ancient Western Asia,,La montée des Sassanides et l'heure de Palmyre: vue d'ensemble,,,,
DS66 .K79 2016,Ancient Western Asia,,A historical geography of the Hittite heartland,,,,
PJ4065.N3 F4 1973,Ancient Western Asia,,Nanna-Suen's journey to Nippur,,,,
CJ536.M4 J6 1990,European and Classical Antiquity,,The coinage of Metapontum,,,,
P945 .Z8 1980,Ancient Western Asia,,"The Hittite dictionary of the Oriental Institute of the University of Chicago, v",,,,
DR50.47.S39 L39 2015,European and Classical Antiquity,,Скитите в Тракия (VII в,,,,
BR160.S8 F7 1983,European and Classical Antiquity,,"Histoire ecclésiastique, t",,,,
GN824.G4 C53 1989,The Caucasus & The Western Steppe,,К истории нагорья Западной Грузии доклассовой эпохи,,,,
PJ3545 .P76 1998,Ancient Western Asia,,"The prosopography of the Neo-Assyrian empire, v",,,,
P945.Z8 T584 2001,Ancient Western Asia,,Hethitisches Handwörterbuch,,,,
CJ1363 .G375 2017,Central Asia & Siberia,,Sylloge Nummorum Sasanidarum Tajikistan: Sasanian coins and their imitations from Sogdiana and Tocharistan,,,,
DK30 .D75 1982,The Caucasus & The Western Steppe,,Древние памятники культуры на территории СССР: сборник научных трудов,,,,
DS54.3 .C9672,Ancient Western Asia,,Cypriot inscribed stones,,,,
N7346.S56 S78 1985,"China, South Asia, & East Asia",,丝绸之路造型艺术,,,,
DF261.T5 E65 2018,European and Classical Antiquity,2025-12-17,"Archaiologiko ergo Thessalias kai Stereas Helladas, 6, 2018 : praktika epistēmonikēs synantēsēs, Volos 1-4.3.2018 /",,,,
QK15 .Z87 2013,Cross-Cultural Studies & Other,,Zur Kulturgeschichte der Botanik,,,,
DA690.S13 F7 1972 v.1-2,European and Classical Antiquity,,Verulamium excavations,,,,
DS247.Y43 D423 2006,Ancient Western Asia,,"Tamna⁽, antica capital di Qatabān = Tamna⁽, capitale antique de Qatabān",,,,
DS56 .R46 1952,Ancient Western Asia,,Compte rendu de la troisième rencontre assyriologique internationale,,,,
DS747.42 .L468 2002,"China, South Asia, & East Asia",,魏晋生活掠影=A glimpse of life in Wei Jin dynasties,,,,
GN776.3.Q25 G836 2016,"China, South Asia, & East Asia",,2015中国・广河齐家文化与华夏文明国际研讨会论文集=The paper collection of International Seminar on Qijia Culture and Huaxia Civilization,,,,
GN778.2.K63 K69 2013,The Caucasus & The Western Steppe,,"Кобанская культура и окружающий мир: взаимосвязи, проблемы судьбы и следов разнокультурных инфильтраций в местной среде = Koban culture and beyond: interdependencies, problems, and traces of multicultural infiltration in the local environment",,,,
DF503 .T73 1958,European and Classical Antiquity,,"Traité d'études byzantines, t",,,,
NA2515 .V613 2009,European and Classical Antiquity,,On architecture,,,,
PL2447 .M83 2017,"China, South Asia, & East Asia",,汉金文辑校,,,,
GN778.22.R9 D57 2016,Central Asia & Siberia,,Курганы Приморья =The kurgans of Primorye,,,,
PJ1531.R4 G4 1902,Egypt & North Africa,,Der demotische Teil der dreisprachigen Inschrift von Rosette,,,,
DK509 .N584 1990,The Caucasus & The Western Steppe,,Монументальная скульптура древнейших земледельцев и скотоводов Северо-Западного Причерноморья,,,,
QB23 .P56 1997,Egypt & North Africa,,Perceptum Canonis Ptolomei,,,,
DS797.84.A48 X564 2015,"China, South Asia, & East Asia",,新疆阿勒泰地区考古与历史文集,,,,
HN9 .P76 1984,"China, South Asia, & East Asia",,Проблемы социальных отношений и форм зависимости на древнем Востоке,,,,
N7343.5 .T513 1971,"China, South Asia, & East Asia",,"Chinese connoisseurship: the Ko ku yao lun, the essential criteria of antiquities",,,,
P115 .M44 2018,Cross-Cultural Studies & Other,,Mehrsprachigkeit: vom Alten Orient bis zum Esperanto,,,,
QE537.2.T9 S69 1981,Ancient Western Asia,,Türkiye ve çevresinin tarihsel deprem kataloğu (M,,,,
DS154.9.T39 B46 1995,Ancient Western Asia,,Excavations at Tawilan in southern Jordan,,,,
PA3308 .P378 1927,Egypt & North Africa,,Juristische Urkunden der Ptolemäerzeit,,,,
GN776.22.R9 P76 1976,The Caucasus & The Western Steppe,,Проблемы археологии Поволжья и Приуралья: неолит и бронзовый век,,,,
GN778.R9 K57 1979,Central Asia & Siberia,,Бронзовый век Васюганья,,,,
BL2370.H5 H27 1994,Ancient Western Asia,,Geschichte der hethitischen Religion,,,,
DK511.C2 K753 1980,The Caucasus & The Western Steppe,,"Х Крупновские чтения по археологии Северного Кавказа, Москва: тезисы докладов и сообщений 17-18 марта 1980 г",,,,
NK4165 .A35 1999,"China, South Asia, & East Asia",,L'âge d'or de la céramique chinoise VIe-XIVe siècles: collection Meiyintang,,,,
DK508.9.S95 I45 1968,The Caucasus & The Western Steppe,,Скифы Днепровского лесостепного Левобережья: (курганы Посулья),,,,
GN824.U6 S47 1964,The Caucasus & The Western Steppe,,Основи археології,,,,
NK1069.S513 K35 2001,"China, South Asia, & East Asia",,特別展漢代「王車」の輝き:中国山東省双乳山済北王陵出土文物,,,,
CC97.P7 U53 1980 Non-circulating,Cross-Cultural Studies & Other,2011-03-04T00:00:00.000000,Unconventional archaeology :,,,,
BL2370.H5 R589 2016,Ancient Western Asia,,"Rituels, mythes et prières Hittites",,,,
DF222.2 .I15 1982,European and Classical Antiquity,,"Греческая кoлoнизация, VII-III вв",,,,
CC75 .K3 1975,Cross-Cultural Studies & Other,,Анализ археологических источников: возможности формализ,,,,
DK511.G3 M35 1951,The Caucasus & The Western Steppe,,Histoire de Géorgie,,,,
CB251 .F82 1951 Non-circulating,Ancient Western Asia,2007-10-18T00:00:00.000000,The birth of civilization in the Near East /,,,,
DK755 .A77 1858 Non-circulating,Central Asia & Siberia,2013-01-29T00:00:00.000000,Oriental and western Siberia :,,,,
D90.A4 G25 1999,The Caucasus & The Western Steppe,,Ранняя история Алан: по данным письменных источников,,,,
PA6156.A8 A848 2014 v.2,European and Classical Antiquity,,"Confessions, v",,,,
PA3310 .G45 v.4-5 2015-2016,Egypt & North Africa,,"Papiri dell'Università di Genova (PUG), v",,,,
KL147 .A88 1954,Ancient Western Asia,,Authority and law in the ancient Orient,,,,
DK508.9.K78 K65 1996,The Caucasus & The Western Steppe,,"Горный Крым в эпоху поздней бронзы, начале железного века: этнокультурные процессы)",,,,
NA6049.6.L56 L56 2015,"China, South Asia, & East Asia",,灵隐寺两石塔两经幢现状调查与测绘报告,,,,
BX385.A57 D56 1976,Ancient Western Asia,,Materials for the study of Georgian monasteries in the Western environs of Antioch on the Orontes,,,,
NA5871.A54 C86 1977,The Caucasus & The Western Steppe,,L'architettura della scuola regionale di Ani nell'Armenia medievale: relazione svolta nella seduta del 1° marzo 1976,,,,
DK508.9.Z36 B53 2012,The Caucasus & The Western Steppe,,Скифский царский курган Гайманова Могила,,,,
BQ239.U932 T472 1982,"China, South Asia, & East Asia",,"Буддийские памятники Кара-тепе в Старом Термезе: основные итоги работ, 1974-1977 гг",,,,
DK511.C2 K753 2012,The Caucasus & The Western Steppe,,"Новейшие открытия в археологии Северного Кавказа: исследования и интерпретации : ХХVII Крупновские чтения : материалы Международной научной конференции, Махачкала, 23-28 апреля 2012 г",,,,
NK7167 .K53 1966,European and Classical Antiquity,,Клады болгарских земель,,,,
GN772.22.R9 A37 2016,Central Asia & Siberia,,Алтай в кругу евразийских древностей =Altai among the Eurasian antiquities,,,,
DS154.9.G475 D73 2015,Ancient Western Asia,,"The mysterious wall paintings of Teleilat Ghassul, Jordan: in context",,,,
N5310 .O37 1967,Cross-Cultural Studies & Other,,Утро искусства,,,,
CC110 .V84 2003,Central Asia & Siberia,,Выдaющиеся ученые Сaнкт-Пeтeрбургa и изучение дрeвних культур и цивилизаций Цeнтральной Aзии и Kaвказa,,,,
DS328 .B84 2013,Central Asia & Siberia,,Религии и культы домусульманской Средней Азии (IV в,,,,
DF506 .P6 1968,European and Classical Antiquity,,The Doukai: a contribution to Byzantine prosopography,,,,
BR1720.T35 D4 1948,Ancient Western Asia,,Essai sur Théodore de Mopsueste,,,,
DS285 .P378 2016,Ancient Western Asia,,"The Parthian and early Sasanian empires: adaptation and expansion: proceedings of a conference held in Vienna, 14-16 June 2012",,,,
DS111 .I5 2002,Ancient Western Asia,,In quest of ancient settlements and landscapes: archaeological studies in honour of Ram Gophna,,,,
PJ3211 .D49 2015,Ancient Western Asia,,Devins et lettrés dans l'orbite de Babylone: travaux réalisés dans le cadre du projet ANR Mespériph 2007-2011,,,,
CC79.5.A5 R87 2012,Cross-Cultural Studies & Other,,Social zooarchaeology: humans and animals in prehistory,,,,
DK511.L13 B45 2012,Central Asia & Siberia,,Могильник Кюлялахти Калмистомяки в Северо-западном Приладожье: археологические исследования 2006-2009 годов,,,,
DS33.5 .B48 2016,Central Asia & Siberia,,"Between Rome and China: history, religions and material culture of the Silk Road",,,,
BS1335.3 .G7 1970,Ancient Western Asia,,I & II Kings: a commentary,,,,
DS797.44.Q254 Q258 2015,"China, South Asia, & East Asia",,"淇县西杨庄墓地,黄庄墓地I区发掘报告= Xiyangzhuang cemetery and I district of Huangzhuang cemetery in Qixian county",,,,
DK757 .H25 1992a Non-circulating,Central Asia & Siberia,2012-05-24T00:00:00.000000,"The fifth Pazyryk kurgan and the ""animal style"" /",,,,
GN778.28 .B64 2010,The Caucasus & The Western Steppe,,Kультурогенез и древнee металлoпроизвoдство Восточной Европы,,,,
DS793.M7 N3484 2004,"China, South Asia, & East Asia",,內蒙古地区鮮卑墓葬的发现与硏究,,,,
DK34.S3 E974 2011,The Caucasus & The Western Steppe,,"Европейская Сарматия: Сборник, посвященный Марку Борисовичу Щукину : По материалам конференции, проведенной в рамках XIV чтений памяти Анны Мачинской, Старая Ладога, 26-27 декабря 2009 г",,,,
ND2848 .C36 2016,Central Asia & Siberia,,絲路畫語:唐墓壁画中的丝路文化=Painting Language of Silk Road,,,,
DS797.44.D464 Z465 2013,"China, South Asia, & East Asia",,"中华之源与嵩山文明研究, v",,,,
N7342 .F85 1971,"China, South Asia, & East Asia",,Eugene and Agnes E,,,,
GN780.2.H3 D47 1997,The Caucasus & The Western Steppe,,Металлические изделия к проблеме генезиса культур раннего Гальштата карпато-данубио-нордпонтийского региона = The role of metal wares in the genesis of early Hallstat cultures in the Carpathian-Danubian-Northpontic region,,,,
DK651.S792 P76 2012,The Caucasus & The Western Steppe,,Вербовский могильник кон,,,,
DT73.T3 S46 1986,Egypt & North Africa,,Sen-nefer: die Grabkammer des Bürgermeisters von Theben,,,,
DR98.R63 F73 1986,European and Classical Antiquity,,Фракийский клад из Рогозена,,,,
DK925 .B35 1983,Central Asia & Siberia,,"Бaктрия - Тохаристан на дрeвнeм и срeднeвековом Вoстоке: тeзисы дoклaдoв конференции, пoсвященной дeсятилетию Южно-Taджикистанской aрхeoлoгической экспедиции",,,,
DK508.9.B57 L37 1966,Central Asia & Siberia,,Греческая колонизация Сeвeрного Причерноморья; критический oчерк oтечественных теорий колонизаций,,,,
CC70 .K65 2017,Cross-Cultural Studies & Other,,Словарь археологического вещеведения,,,,
DK508.95.B67 G67 1980 Non-circulating,The Caucasus & The Western Steppe,2012-10-03T00:00:00.000000,Borodinskiĭ klad :,,,,
PJ5213 .V36 2011,Ancient Western Asia,,"Basics of Biblical Aramaic: complete grammar, lexicon, and annotated text",,,,
N7346.S94 S7 1992,"China, South Asia, & East Asia",,四川省博物館,,,,
DF501 .T33 Bd.7 1990,Ancient Western Asia,,Phrygien und Pisidien,,,,
DS798.3 .A74 1978,"China, South Asia, & East Asia",,Археология и этнография монголии,,,,
NK5730 .H8 1982,"China, South Asia, & East Asia",,洛阳西漢画象空心磚,,,,
DF221.T8 B76 2017,Ancient Western Asia,,Homeric sites around Troy,,,,
DT73.F36 T45 2005,Egypt & North Africa,,Tell el-Farkha,,,,
N7343.2 .A46 1996,"China, South Asia, & East Asia",,"Das alte China: Menschen und Götter im Reich der Mitte, 5000 v",,,,
PJ1845.M46 M37 2009,Egypt & North Africa,,Demotic papyri from the Memphite necropolis (P,,,,
DS786 .S7713,"China, South Asia, & East Asia",,Tibetan civilization,,,,
PL1281 .Y358 2014,"China, South Asia, & East Asia",,楚系出土文獻語言文字考論,,,,
N7750 .B33 2022,Egypt & North Africa,2025-12-15,Ancient Egyptian animal fables : tree climbing hippos and ennobled mice /,,,,
DK30 .A1733,The Caucasus & The Western Steppe,,"Советская археология, 1985",,,,
PL1420 .K796 1993,"China, South Asia, & East Asia",,古汉语常用字字典,,,,
GN780.22.S7 S35 1969,European and Classical Antiquity,,"Die Meseta-Kulturen der Iberischen Halbinsel; mediterane und eurasische Elemente in früheisenzeitlichen Kulturen Südwesteuropas, plates",,,,
NK5555 .M533 1998,European and Classical Antiquity,,"Seals, finger rings, engraved gems and amulets in the Royal Albert Memorial Museum, Exeter: from the collections of Lt",,,,
DA685.W35 W37 2015,European and Classical Antiquity,,"Glass working on the margins of Roman London: excavations at 35 Basinghall Street, City of London, 2005",,,,
DK508.9.B57 L47 1972 Non-circulating,The Caucasus & The Western Steppe,2011-11-16T00:00:00.000000,Treasures from the Ukrainian barrows :,,,,
DK34.S4 E55 1994,The Caucasus & The Western Steppe,,"Элитные курганы степей Евразии в скифо-сарматскую эпоху: материалы заседаний ""круглого стола"" 22-24 декабря 1994 г",,,,
N8193.C6 L4785 2013,"China, South Asia, & East Asia",,佛教与图像论稿续编,,,,
DS36.84 .R455 2017,Ancient Western Asia,,Religious culture in late antique Arabia: selected studies on the late antique religious mind,,,,
DS110.I93 F56 1986,Ancient Western Asia,,"‘Izbet Ṣarṭah: an early Iron Age site near Rosh Haʻayin, Israel",,,,
DG271 .R564 1966,European and Classical Antiquity,,Das Römische Reich und sein Nachbarn,,,,
DS171 .A74 1986,The Caucasus & The Western Steppe,,The Armenians,,,,
DK757 .V336 2015,Central Asia & Siberia,,Таштыкский погребально-поминальный комплекс Белый Яр 3: Монография,,,,
DK651.O4 W37 1975,The Caucasus & The Western Steppe,,Olbia Pontique et son territoire: l'aménagement de l'espace,,,,
PA3003 .P37 2008,Cross-Cultural Studies & Other,,"Papers on ancient literatures: Greece, Rome, and the Near East : proceedings of the ""Advanced Seminar in the Humanities,"" Venice International University 2004-2005",,,,
DS66 .N48 2013,Ancient Western Asia,,New results and new questions on the reign of Suppiluliuma I,,,,
GN778.32.R9 S54 1975,The Caucasus & The Western Steppe,,Очерки по истории древних племен Нижнего Поволжья,,,,
PJ5208.A2 P379 2018,Egypt & North Africa,,Papyrus Amherst 63,,,,
DF221.L477 L44 2006,European and Classical Antiquity,,Lefkandi IV: the Bronze Age : the Late Helladic IIIC settlement at Xeropolis,,,,
DK511.S44 K89 2014,The Caucasus & The Western Steppe,,Верхний Джулат: к истории золотоордынских городов Северного Кавказа = Upper Dzhulat : from the history of the cities of the Golden Horde in the North Caucasus,,,,
DK507.95.L85 S57 2014,Central Asia & Siberia,,Лукомль: археологический комплекс железного века и средневековья,,,,
DS793.T77 W36 1989,"China, South Asia, & East Asia",,吐鲁番的古代文明,,,,
DS329.4 .D43 2015 Non-circulating,Central Asia & Siberia,2015-07-16T00:00:00.000000,De Samarcande à Istanbul :,,,,
PJ1487 .S343 2006,Egypt & North Africa,,"Die Entdeckung des ""Briefes"" als literarisches Ausdrucksmittel in der Ramessidenzeit",,,,
DK925 .A73 Non-circulating,Central Asia & Siberia,2011-11-02T00:00:00.000000,Arkheologicheskie raboty v Tadzhikistane /,,,,
DG28.5 .S335 2010,Egypt & North Africa,,Carte des routes et des cités de l'est de l'Africa à la fin de l'Antiquité: d'après le tracé de Pierre Salama,,,,
PA3315.O83 J68 2004,Egypt & North Africa,,Bookrolls and scribes in Oxyrhynchus,,,,
DK884 .V5 1966,Central Asia & Siberia,,"Тысячелетия, погребенные пустыней: рассказы о древнем Хорезме и о Хорезмской экспедиции / rasskazy o drevnem Khorezme i o Khorezmskoĭ ėkspedit͡sii",,,,
Z8882.33 .D75 2014,Central Asia & Siberia,,"Дoктор исторических нaук, профессор Алексей Алексеевич Тишкин: биобиблиография",,,,
BR67 .N38 1961,European and Classical Antiquity,,Lettres et écrivains chrétiens des IIe et IIIe siècles,,,,
BS2320 .S6 1913,Ancient Western Asia,,The text and canon of the New Testament,,,,
N7342 .C568 1995,"China, South Asia, & East Asia",,中国の考古学展:北京大学サックラ考古芸術博物館所蔵:北京大学考古学系発掘成果= Unearthed treasures of China: from the collection of Arthur M,,,,
DS748.45 .C43 1989,"China, South Asia, & East Asia",,五凉文化述论,,,,
DS797.68.F46 F46 2015,"China, South Asia, & East Asia",,凤翔孙家南头:周秦墓葬与西汉仓储建筑遗址发掘报告,,,,
DK511.K6 V35 2016,The Caucasus & The Western Steppe,,Кубанский могильник: материалы раскопок Н,,,,
DG223 .H27 1975,European and Classical Antiquity,,The Etruscans,,,,
GN778.22.D3 .P35 1978,The Caucasus & The Western Steppe,,Памятники эпохи бронзы и раннего железа в Дагестане,,,,
BX123.3 .E73 2003,The Caucasus & The Western Steppe,,The Etchmiadzin chronicles = Cronache di Etchmiazin = Khronika Ėchmiadzina = Die Chroniken von Etchmiazin = Les chroniques d'Etchmiadzine = S,,,,
DK508.3 .D72 1987,The Caucasus & The Western Steppe,,Древнейшие скотоводы степей Юга Украины: сборник научных трудов,,,,
P211 .W714 1996,Cross-Cultural Studies & Other,,The world's writing systems,,,,
DS54.3 .A865 2017,Ancient Western Asia,,Αρχαια Κυπρος: πρόσφατες εξελίξεις στην αρχαιολογία της ανατολικής Μεσογείου,,,,
DK509 .V3814 1974 Non-circulating,The Caucasus & The Western Steppe,2007-11-21T00:00:00.000000,Bois grecs et romains de l'Ermitage /,,,,
N3750.N36 S56 1969,"China, South Asia, & East Asia",,正倉院展目錄,,,,
DK750 .N48 1994 Non-circulating,Central Asia & Siberia,2009-07-24T00:00:00.000000,New archaeological discoveries in Asiatic Russia and Central Asia /,,,,
NK3855.P2 L25 1961,Ancient Western Asia,,"Palestinian ceramic chronology, 200 B",,,,
PA3341 .P38 2000,Egypt & North Africa,,Papyri in honorem Johannis Bingen octogenarii (P,,,,
DS110.A78 A84 1991,Ancient Western Asia,,The Athlit ram,,,,
DS62.2 .I56 2010,Cross-Cultural Studies & Other,,"Interkulturalität in der Alten Welt: Vorderasien, Hellas, Ägypten und die vielfältigen Ebenen des Kontakts",,,,
DS327.3 .I75 2010,Central Asia & Siberia,,Islamic Central Asia: an anthology of historical sources,,,,
PA3315.G8 B44 2017,Egypt & North Africa,,The archive of the architektones Kleon and Theodoros (P,,,,
DS797.42.Z473 Z437 2009,"China, South Asia, & East Asia",,肇源白金宝:嫩江下游一处青铜时代遗址的揭示,,,,
GN778.2.K63 M68 2006,The Caucasus & The Western Steppe,,Дрeвнoсти Гoрной Дигории VII--IV вв,,,,
DS247.A145 A93 2016,Ancient Western Asia,,By land and by sea: a history of South Arabia before Islam recounted from inscriptions,,,,
PL1101 .N49 2016,"China, South Asia, & East Asia",,New aspects of classical Chinese grammar,,,,
NA4600 .H86 2005,Cross-Cultural Studies & Other,,Sacred architecture,,,,
P1035 .M512 no.5 1975. From the Library of David I. Owen,European and Classical Antiquity,,Studies on some Mycenaean inscriptions from Knossos dealing with textiles,,,,
NK5750 .L48 1977,"China, South Asia, & East Asia",,Chinese jades in the Avery Brundage collection,,,,
PJ3953 .I3 1981,Ancient Western Asia,,Я открою тебе сокровенное слово: литература Вавилона и Ассирии,,,,
N7346.K36 H6 1998,"China, South Asia, & East Asia",,河隴文化:連接古代中國與世界的走廊,,,,
PN6297.C45 B454 2001,"China, South Asia, & East Asia",,"北魏墓志选粹, v",,,,
DS396.9.P35 R37 1980 Non-circulating,Central Asia & Siberia,2009-05-14T00:00:00.000000,Paharpur /,,,,
DS719 .E35 2011,"China, South Asia, & East Asia",,"Imperial tombs in Tang China, 618-907: the politics of paradise",,,,
NK4680 .L6 1919,European and Classical Antiquity,,Lampen aus Vidonissa: ein Beitrag zur Geschichte von Vindonissa und des antiken Beleuchtungswesens,,,,
GN803 .R46 1973 Non-circulating,Cross-Cultural Studies & Other,2011-03-04T00:00:00.000000,Before civilization :,,,,
DK511.C2 D756 1991,The Caucasus & The Western Steppe,,Древности Северного Кавказа и Причерноморья,,,,
NK5174.A1 M89 1988,Ancient Western Asia,,شيشه:مجموعۀمرزبازرگان,,,,
GN778.28 .P36 2004,The Caucasus & The Western Steppe,,Пaмятники aрхеологии и дрeвнего искусствa Eврaзии: сборник статей : пaмяти Виталия Вaсильевичa Вoлковa,,,,
NK4165 .W82 2001,"China, South Asia, & East Asia",,"Earth transformed: Chinese ceramics in the Museum of Fine Arts, Boston",,,,
DK509 .N57 1992,The Caucasus & The Western Steppe,,Пoгребальные oбряды нaрoдoв Зaкaвкaзья: кувшинные пoгребения VIII в,,,,
DT73.K5 D864 2010 t.1 & t.3,Egypt & North Africa,,"El-Deir nécropoles, t",,,,
N5345 .R73 1961,Central Asia & Siberia,,Искусство Алтая и Передней Азии: (середина и тысячелетия до н,,,,
DS71 .A735 2013,Ancient Western Asia,,"Arameans, Chaldeans, and Arabs in Babylonia and Palestine in the First Millennium B",,,,
DT269.U9 W47 1982,Egypt & North Africa,,"Uzita: Vondstenmateriaal uit een antieke nederzetting in Midden-Tunisië = Uzita : matériel de fouilles d'une cité antique en Tunisie Centrale, deel 1",,,,
DS793.S4 S265 1996,"China, South Asia, & East Asia",,山東文物精萃,,,,
DK511.S44 P76 1980,The Caucasus & The Western Steppe,,Проблемы археологии Северной Осетии: межвузовский сборник статей,,,,
DK511.K17 A835 2014,Central Asia & Siberia,,Гeнeзис aнaньинской культуры в Срeднeм Прикамье (пo maтериалам кeрaмики и жилищ),,,,
CC79.5.H85 C665 2015 Non-circulating,Egypt & North Africa,2015-03-19T00:00:00.000000,Egyptian bioarchaeology :,,,,
BS630 .R6 1985,Ancient Western Asia,,Atlas of the Bible,,,,
N7442.M56 F42 1984,European and Classical Antiquity,,"Festschrift für Leo Mildenberg: Numismatik, Kunstgeschichte, Archäologie = Studies in honor of Leo Mildenberg : numismatics, art history, archeology",,,,
BR1105 .F54 1970,Ancient Western Asia,,Jalons pour une histoire de l'Église en Iraq,,,,
CJ833 .R44 2003,European and Classical Antiquity,,Roman coins and archaeology: collected papers,,,,
R128.3 .P67 2007,Ancient Western Asia,,Medieval Islamic medicine,,,,
NK7107.3 .K34 2014,"China, South Asia, & East Asia",,Греческое золото в собрании Эрмитажа: памятники античного ювелирного искусства из Северного Причерноморья,,,,
NB1912.B83 K35 1994,"China, South Asia, & East Asia",,甘肃石窟艺朮雕塑编=Grotto art of Gansu sculpture,,,,
PJ3725 .W57 2000,Ancient Western Asia,,"Wisdom, Gods and literature: studies in Assyriology in honour of W",,,,
DS155 .V568 2016,Ancient Western Asia,,Vir doctus Anatolicus: studies in memory of Sencer Şahin = Sencer Şahin anısına yazılar,,,,
DK508.425.S39 M45 1981,The Caucasus & The Western Steppe,,Краснокутский курган,,,,
DS73.8 .M45 2016,Ancient Western Asia,,"The campaigns of Sargon II, King of Assyria, 721-705 B",,,,
NK6055 .Z68 2000,"China, South Asia, & East Asia",,絢麗晶瑩:淘石齋所藏中國古代水晶瑪瑙器 =Sparkling splendours : the art of ancient Chinese carvings on rock crystal and agate : the Taoshi Zhai collection,,,,
DF77 .T52 2016,Cross-Cultural Studies & Other,,The Hellenistic age,,,,
GN824.U62 K455 1977,The Caucasus & The Western Steppe,,Kурганы южной Хeрсонщины,,,,
DS556.4 .C43 1994,"China, South Asia, & East Asia",,チャンパ王国の遺跡と文化:海のシルクロード,,,,
CD5348 .A43 1988,Ancient Western Asia,,Studies in the chronology and regional style of old Babylonian cylinder seals,,,,
DK30 .M89 1938,The Caucasus & The Western Steppe,,Сборник статей по археологии СССР,,,,
DS785 .L825 2015,"China, South Asia, & East Asia",,跨喜马拉雅的文化互动:西藏西部史前考古研究= Trans-Himalayan interaction: an archaeological study of the prehistory of western Tibet,,,,
N8193.A4 H54 1996,"China, South Asia, & East Asia",,東アジアの仏たち:特別展,,,,
GT530 .W53 2017,Cross-Cultural Studies & Other,,What shall I say of clothes?: theoretical and methodological approaches to the study of dress in Antiquity,,,,
CS3050.S86 S87 1984,Ancient Western Asia,,Ономастика раннединастического Лагаша: избранные труды,,,,
DS796.S55 D35 1994,"China, South Asia, & East Asia",,大唐長安展:京都のはるかな源流をたずねる:平安建都1200年記念:京都府・陝西省友好提携10周年記念,,,,
PJ1135 .W56 1992,Egypt & North Africa,,"Etudes de néo-égyptien, v",,,,
NK3634.A4 J836 2014,"China, South Asia, & East Asia",,王宇信甲骨文书法论序集,,,,
DS327 .C37 Non-circulating,Central Asia & Siberia,2012-04-06T00:00:00.000000,Central Asia file :,,,,
DF261.T2 B666 2007 t.1-2,European and Classical Antiquity,,Les céramiques d'usage quotidien à Thasos au IVe siècle avant J-C,,,,
BX106 .F67 2001,Ancient Western Asia,,The lesser eastern churches,,,,
DS324.M3 C43 1979 Non-circulating,Central Asia & Siberia,2010-03-04T00:00:00.000000,Mazandaran province under the Sasanians :,,,,
CC65 .P76 1977,The Caucasus & The Western Steppe,,Прoблeиы aрхеологии Eврaзии и Сeвeрной Aмeрики,,,,
DS793.S62 X568 1953,"China, South Asia, & East Asia",,新疆民族民俗陈列=Exhibition of the habits and customs of the minority nationalities in Xinjiang,,,,
DS247.A183 M33 2017,Ancient Western Asia,,The Early Bronze Age tombs of Jebel Hafit: Danish archaeological investigations in Abu Dhabi 1961-1971,,,,
DS153.3 .M3266 2016,Ancient Western Asia,,"The Shammakh to Ayl Archaeological Survey, Southern Jordan (2010-2012)",,,,
DT73.K75 K86 2013,Egypt & North Africa,,Kuntillet ʻAjrud: Iron Age inscriptions and iconography,,,,
DS56 .B73 2017,Ancient Western Asia,,Settlement patterns and political landscapes in the upper Tigris River Valley,,,,
DA677.1 .S44 2005,European and Classical Antiquity,,"Roman pottery production in the Walbrook valley: excavations at 20-28 Moorgate, City of London, 1998-2000",,,,
DS70.5.N9 S88 v.15 2005,Ancient Western Asia,,General studies and excavations at Nuzi 11/1,,,,
PA3339 .A55 v.14-15 (2002-2003),Egypt & North Africa,,"Analecta papyrologica, vol",,,,
GN778.22.S65 V36 1990,The Caucasus & The Western Steppe,,Белозерские памятники в Северо-Западном Причерноморье: проблема формирования белозерской культуры,,,,
DK34.S4 G885 2014,The Caucasus & The Western Steppe,,Скифы,,,,
KL4386 .M37 1968,European and Classical Antiquity,,Die Willenslehre im griechischen Recht: Zugleich ein Beitrag zur Frage der Interpolationen in den griechischen Rechtsquellen,,,,
DK500.D65 G47 1999. From the Library of Aleksandr Leskov,Central Asia & Siberia,,Studien zur spätbronzezeitlichen Sabatinovka-Kultur am unteren Dnepr und an der Westküste des Azov'schen Meeres,,,,
DT92 .H6513,Egypt & North Africa,,History of the Ptolemaic empire,,,,
DS110.R34 L575 2017,Ancient Western Asia,,What Are the Stones Whispering?: Ramat Rahel : 3000 Years of Forgotten History,,,,
GN778.22.R9 K84 1978,The Caucasus & The Western Steppe,,Курганы на Южном Буге: [Сб,,,,
DA147.V56 B78 1994,European and Classical Antiquity,,The Vindolanda writing-tablets: (tabulae Vindolandenses II),,,,
DT73.P5 K63 2016,Egypt & North Africa,,"Philae III: die Zweite Ostkolonnade des Tempels der Isis in Philae (CO II und CO II K), T",,,,
PJ4150.A1 O4 2017,Ancient Western Asia,,Studies in Ugaritic linguistics: selected papers,,,,
P958 .N48 1988,Ancient Western Asia,,Das Hurritische: eine altorientalische Sprache in neuem Licht,,,,
DS797.56.J81 J786 2016,"China, South Asia, & East Asia",,句容东岗头遗址: 2005年考古发掘报告,,,,
NK4166.H46 H463 2002,"China, South Asia, & East Asia",,河南出土汉代建筑明器=Burial building models of the Han dynasty unearthed from Henan,,,,
DS155 .B37 1948,Ancient Western Asia,,La synthèse des périples pontiques: méthode de précision en paléo-ethnologie,,,,
NB1015.2.A54 A382 1997,"China, South Asia, & East Asia",,Angkor et dix siècles d'art khmer,,,,
G2202.21.S1 B7 2003,Central Asia & Siberia,,An historical atlas of Central Asia,,,,
PJ4075 .S54 v.1 1993,Ancient Western Asia,,Texts from the British Museum,,,,
PN6297.C45 X533 1994,"China, South Asia, & East Asia",,"新中國出土墓誌, v",,,,
DS62.23 .T73 t.23 (2002). From the library of Nina Garsoïan,Ancient Western Asia,,"Transeuphratène, t",,,,
PK6958.82.R87 O84 1949,Ancient Western Asia,,Осетинские нартские сказания,,,,
BL1620 .B92 2012,Ancient Western Asia,,Quando in alto i cieli--: la spiritualità  mesopotamica a confronto con quella biblica,,,,
N7343 .W36 1994,"China, South Asia, & East Asia",,The splendor of ancient China,,,,
DK757 .I573a Non-circulating,Central Asia & Siberia,2014-12-03T00:00:00.000000,"Problemy arkheologii, ėtnografii, antropologii Sibiri i sopredelʹnykh territoriĭ :",,,,
P945 .H48 2011,Ancient Western Asia,,"Hethitische Literatur: Überlieferungsprozesse, Textstrukturen, Ausdrucksformen und Nachwirken: Akten des Symposiums vom 18",,,,
DK30 .A1733,The Caucasus & The Western Steppe,,"Советская археология, 1990",,,,
DK34.S4 V66 1984,The Caucasus & The Western Steppe,,Вооружение скифов и сарматов: сборник научных трудов,,,,
ND2578.3 .M37 2002,Central Asia & Siberia,,"Legends, tales, and fables in the art of Sogdiana",,,,
PN6297.C45 X536 2016,"China, South Asia, & East Asia",,西安新獲墓誌集萃,,,,
DK34.S4 K483 1976,The Caucasus & The Western Steppe,,Социальная история скифов: автореферат диссертации на соискание ученой степени доктора исторических наук,,,,
PJ3721.A69 A87 2017,Ancient Western Asia,,Assyrian royal rituals and cultic texts,,,,
BM657.M35 Y37 1971,Ancient Western Asia,,"The tree of light: a study of the menorah, the seven-branched lampstand",,,,
DR728 .G76 1895,European and Classical Antiquity,,"Constantinople, v",,,,
PJ3921.M5 H44 2000,Ancient Western Asia,,Babylonisch-assyrische Diagnostik,,,,
PK9201.C58 G3 1987,The Caucasus & The Western Steppe,,Героический эпос Нарты адыгских (черкесских) народов,,,,
N5370 .C647 2015,Ancient Western Asia,,The Standard of Ur,,,,
ND1040 .S49 1973,"China, South Asia, & East Asia",,"Chinese painting: leading masters and principles, v",,,,
NA3780 .R38 1970,European and Classical Antiquity,,Ravenna felix: con 54 illustrazioni = avec 54 illustrations = with 54 pictures = mit abbildungen,,,,
CJ893.K63 F86 2005:T.1-2,European and Classical Antiquity,,Die Fundmünzen der römischen Zeit in Deutschland Abt,,,,
ND2849.G36 G86 2012,"China, South Asia, & East Asia",,河西魏晋十六国壁画墓,,,,
DS797.32.W8 S536 2014,"China, South Asia, & East Asia",,五华狮雄山,,,,
BX350 .B63 1966,Ancient Western Asia,,Commentaires byzantins de la divine liturgie du VIIe au XVe siècle,,,,
DK511.D7 B73 1980,The Caucasus & The Western Steppe,,Греческий керамический импорт на Нижнем Дону в V-III вв,,,,
N7429 .E2 1972,"China, South Asia, & East Asia",,"Early Chinese art and its possible influence in the Pacific basin; a symposium arranged by the Department of Art History and Archaeology, Columbia University, New York City, August 21-25, 1967, v",,,,
DS71 .C59 2017,Ancient Western Asia,,A companion to Assyria,,,,
DS32.8 .K47 1980,Ancient Western Asia,,"Хрестоматия по истории Древнего Востока, ch",,,,
GN855.J67 S34 2008,Ancient Western Asia,,Megalithic Jordan: an introduction and field guide,,,,
DS288.8 .P38 2016,Ancient Western Asia,,Lokale und imperiale Herrschaft im Iran des 12,,,,
GN790 .M363 1974,The Caucasus & The Western Steppe,,Дольменная культура и вопросы раннего этногенеза абхазо-адыгов,,,,
PJ1105 .V47 2001,Egypt & North Africa,,Untersuchungen zur späthieratischen Buchschrift,,,,
DK855 .A57 1978,Central Asia & Siberia,,Античность и античные традиции в культуре и искусстве народов Советского Востока: сборник статей,,,,
GF49 .G86 1990,Cross-Cultural Studies & Other,,Этногенез и биосфера Земли,,,,
NK9783.W6 W8 2001,"China, South Asia, & East Asia",,武威西夏木板画,,,,
DS485.H6 I564 2013,Central Asia & Siberia,,"Interaction in the Himalayas and Central Asia: processes of transfer, translation and transformation in art, archaeology, religion and polity : proceedings of the Third International SEECHAC Colloquium 25-27 Nov",,,,
NK5750.2.C6 K86 1974,"China, South Asia, & East Asia",,故宮玉器選萃=Masterworks of Chinese jade in the National Palace Museum,,,,
DS328 .P67 2013,Central Asia & Siberia,,Последний энциклопедист: к юбилею со дня рождения Б,,,,
DS99.M3 M33 t.1 (1982),Ancient Western Asia,,"Mari, annales de recherches interdisciplinaires,t",,,,
DT85 .A53 2015,Egypt & North Africa,,Ancient Egypt transformed: the Middle Kingdom,,,,
GN778.22.G7 W66 2015,European and Classical Antiquity,,Ritual in early Bronze Age grave goods: an examination of ritual and dress equipment from Chalcolithic and early Bronze Age graves in England,,,,
GN778.22.U38 S87 1996,The Caucasus & The Western Steppe,,Кургани біля с,,,,
PA3318 .B7 1977,European and Classical Antiquity,,Classical texts from papyri in the British Museum: including the newly discovered poems of Herodas,,,,
DT57 .B85 v.19 (2015),Egypt & North Africa,,"Bulletin of the Egyptological Seminar, v",,,,
ND613 .P58 1966,European and Classical Antiquity,,La pittura romanica nell'Italia settentrionale,,,,
PJ4150 .S583 2001,Ancient Western Asia,,A grammar of the Ugaritic language,,,,
DS156.K275 E85 2009,Ancient Western Asia,,The early Bronze Age pottery of Karataş: habitation deposits,,,,
BL2455 .V46 2018,Egypt & North Africa,,Garanten der Herrschaft: die Prozessionen der Kas und Hemusut in den Tempeln der griechisch-römischen Zeit : Soubassementstudien VI,,,,
DS36.85 .V66 1955,Ancient Western Asia,,Islam: essays in the nature and growth of a cultural tradition,,,,
DS793.S62 T536 2002,"China, South Asia, & East Asia",,天山古道東西風:新疆丝绸之路文物特辑,,,,
PK6035 .J84 2015,Ancient Western Asia,,"Die Entwicklung der Ergativkonstruktion im Alt- und Mitteliranischen: eine korpusbasierte Untersuchung zu Kasus, Kongruenz und Satzbau",,,,
DF220.5 .F583 2010,Ancient Western Asia,,Die Aḫḫijawa-Frage: mit einer kommentierten Bibliographie,,,,
DK511.O75 I33 2013 Non-circulating,The Caucasus & The Western Steppe,2015-04-17T00:00:00.000000,Zoloto sarmatskikh vozhdeĭ :,,,,
DK651.S56 G46 1992,Central Asia & Siberia,,"Синташта: археологические памятники арийских племен Урало-Казахстанских степей, ch",,,,
GN60 .A43 1986,Cross-Cultural Studies & Other,,Этногенез,,,,
CJ833 .B86 1968,European and Classical Antiquity,,A manual of Roman coins: from the earliest period to the extinction of the Empire; with rarity guide & 22 plates,,,,
GN824.U6 A7 1962,The Caucasus & The Western Steppe,,Археологические раскопки na Doну,,,,
DS62.2 .D32 1973,Ancient Western Asia,,The Hellenistic kingdoms: portrait coins and history,,,,
DK34.S4 S4 1947,The Caucasus & The Western Steppe,,"Опыт историографии скифов, ch",,,,
CJ3496 .Q252 2015,"China, South Asia, & East Asia",,钱币学与冶铸史(二),,,,
Game Curators,Cross-Cultural Studies & Other,2025-12-11,Curators : collection conundrum /,,,,
BR219 .M37 1990,European and Classical Antiquity,,The end of ancient Christianity,,,,
DK508.9.B57 O37 2014,Central Asia & Siberia,,Цветная металлообработка Северного Причерноморья VII-V вв,,,,
DS329.4 .P53 1965,Central Asia & Siberia,,The royal hordes: nomad peoples of the steppes,,,,
CC101.R8 O68 2011,Cross-Cultural Studies & Other,,От палеолита до средневековья: сборник научных статей,,,,
DK511.C2 D93 2014,The Caucasus & The Western Steppe,,Аланские древности Даргавса,,,,
DS110.A4 C35 1980,Egypt & North Africa,,The early bronze age citadel and lower city at Ai (et-Tell),,,,
CD5344 .N68 1975,Ancient Western Asia,,The mark of ancient man: ancient Near Eastern stamp seals and cylinder seals : the Gorelick Collection,,,,
BQ249.C52 S536 2014,"China, South Asia, & East Asia",,山東省=Shandong Province,,,,
DS156.S3 L69 2008,Ancient Western Asia,,Love for Lydia: a Sardis anniversary volume presented to Crawford H,,,,
DS275 .B76 2006,Ancient Western Asia,,The Persians: an introduction,,,,
DS556.3 .H8 1954,"China, South Asia, & East Asia",,Connaissance du Việt-Nam,,,,
CJ373 .G2 1965,European and Classical Antiquity,,Archaeology and the types of Greek coins,,,,
DS33 .K85 1992,Cross-Cultural Studies & Other,,"Культура Востока: проблемы и памятники =Culture of the East : problems and monuments: краткое изложение докладов, посвященных памяти В",,,,
CN745 .H67 1992,Egypt & North Africa,,Jewish inscriptions of Graeco-Roman Egypt: with an index of the Jewish inscriptions of Egypt and Cyrenaica,,,,
DS56 .D73 1981,Ancient Western Asia,,Древний Восток и мировая культура,,,,
NK4166.S536 D895 2016,"China, South Asia, & East Asia",,史前陶鬶,,,,
BL1625.D4 S65 1962,Egypt & North Africa,,The Babylonian legend of the flood,,,,
NK4566.J56 J486 2016,"China, South Asia, & East Asia",,纪念刘新园先生文稿,,,,
CD5344 .S25 1990,Ancient Western Asia,,"Der ""Common Style"" der Mitanni-Glyptik und die Glyptik der Levante und Zyperns in der späten Bronzezeit",,,,
GT3283.A2 Z436 2015,"China, South Asia, & East Asia",,社会权利的起源:中国史前葬仪中的社会与观念,,,,
BL1600 .R513 1973,Ancient Western Asia,,Religions of the ancient Near East,,,,
DS793.N6 L23 1999,"China, South Asia, & East Asia",,丝路之旅,,,,
DS719.S47 Z597 1992,"China, South Asia, & East Asia",,中國漢陽陵彩俑=The coloured figurines in Yang Ling Mausoleum of Han in China,,,,
NB1010.72.G35 P34 2010,Central Asia & Siberia,,"Pakistan: terre de rencontre, Ier-VIe siècle : les arts du Gandhara",,,,
QL430.2 .S343 2001,European and Classical Antiquity,,Die Cephalopoden des Aristoteles im Lichte der modernen Biologie,,,,
NB1912.B83 L357 2015,"China, South Asia, & East Asia",,漢藏瑰寶:杭州飞来峰造像研究=Treasures of Sino-Tibetan art : a study on the sculptures at Feilaifeng in Hangzhou,,,,
CJ829 .S8 1964,European and Classical Antiquity,,"A dictionary of Roman coins, republican and imperial",,,,
DS56 .R46 1993,Egypt & North Africa,,"Houses and households in ancient Mesopotamia: papers read at 40e Rencontre assyriologique internationale, Leiden, July 5-8, 1993",,,,
DK508.95.O43 P35 2004,The Caucasus & The Western Steppe,,Палеоекономіка раннього залізного віку на території України,,,,
DG286 .W44 1976,European and Classical Antiquity,,"The long year, A",,,,
PA3612.A22 A225 2016 v.1-8,European and Classical Antiquity,,"Early Greek philosophy, v",,,,
CJ1102 .R447 1991,European and Classical Antiquity,,Roman coins from 140 sites in Britain,,,,
DS156.K85 K85 2015,Ancient Western Asia,,"Movement, resources, interaction: proceedings of the 2nd Kültepe International Meeting, Kültepe, 26-30 July 2015 : studies dedicated to Klaas Veenhof",,,,
T37 .T58 2008,Cross-Cultural Studies & Other,,Production technology of faience and related early vitreous materials,,,,
CC65 .W67 1968 Non-circulating,Cross-Cultural Studies & Other,2014-02-26T00:00:00.000000,The world of archaeology :,,,,
CD5348 .T76 2015,Ancient Western Asia,,The Ur III seals impressed on documents from Puzriš-Dagān (Drehem),,,,
DK511.V373 A19 2016,The Caucasus & The Western Steppe,,А,,,,
DT390.A88 P455 2000 v.1-2,Egypt & North Africa,,"Archaeology at Aksum, Ethiopia, 1993-7",,,,
DS62.25 .S37 2001,Ancient Western Asia,,"D'Alexandre à Zénobie: histoire du Levant antique, IVe siècle avant J",,,,
DS66 .H548 2003,Ancient Western Asia,,Hittite studies in honor of Harry A,,,,
DK509 .D685 2014,The Caucasus & The Western Steppe,,"Древности ""Долины яблонь"": каталог выставки",,,,
DS107 .S6 1966,Ancient Western Asia,,The historical geography of the Holy Land,,,,
PA3339 .P34 t.8 1969,Egypt & North Africa,,Epimerismos: Betrachtungen zur Zwangspacht in Ägypten während der Prinzipatszeit,,,,
BS2880.M352 J85 2003,Ancient Western Asia,,Aux origines de l'église de Perse: les Actes de Mār Māri,,,,
DK511.C2 A678 2014,The Caucasus & The Western Steppe,,"IV ""Анфимовские чтения"" по археологии Западного Кавказа: Западный Кавказ в контексте международных отношений в древности и средневековье: Материалы международной aрхеологической конференции (г",,,,
NA6047.T357 Z86 2016,"China, South Asia, & East Asia",,天龙山石窟保护研究,,,,
DS99.U35 C87 1985,Egypt & North Africa,,Ugarit (Ras Shamra),,,,
PJ3721.K36 G86 2014,Ancient Western Asia,,Harsamna kralı Hurmeli'ye gönderilen mektup ve Kaniš kralları = The letter sent to Hurmeli king of Harsamna and the kings of Kaniš,,,,
DS286 .R49 2017,Ancient Western Asia,,Reorienting the Sasanians: east Iran in late antiquity,,,,
DK941 .I88 Non-circulating,Central Asia & Siberia,2013-11-08T00:00:00.000000,Istorii͡a materialʹnoĭ kulʹtury Uzbekistana.,,,,
PJ4053.G4 S38 1969,Ancient Western Asia,,Wirtschaftsurkunden aus der Zeit der III,,,,
PL54.65 .K37 2017,Central Asia & Siberia,,Die altuigurischen Fragmente mit Brahmi-Elementen,,,,
NA3780 .G74 2010,European and Classical Antiquity,,Great Palace Mosaic Museum,,,,
GN778.32.T9 U48 2004,Ancient Western Asia,,Ulucak Höyük: excavations conducted between 1995 and 2002,,,,
DS35.6 .C3 1970,Ancient Western Asia,,"The Cambridge history of Islam, v",,,,
DS797.72.R594 L836 2016,"China, South Asia, & East Asia",,"两城镇: 1998-2001年发掘报告= Liangchengzhen : 1998-2001 excavation report,v",,,,
DS797.86.J535 J535 2015,"China, South Asia, & East Asia",,剑川象鼻洞旧石器遗址研究,,,,
N7340 .C454 1983,"China, South Asia, & East Asia",,Studies in Chinese art,,,,
DS247.B23 L65 1984,Ancient Western Asia,,La nécropole de Janussan (Bahrain),,,,
GN778.22.S65 P76 1982,The Caucasus & The Western Steppe,,Приуралье в эпоху бронзы и раннего железа,,,,
DS735 .J68 1997,"China, South Asia, & East Asia",,"A journey into China's antiquity: National Museum of Chinese History, v",,,,
PA3305 .M5 vol.12 1975,Egypt & North Africa,,Michigan papyri (P,,,,
NB1007.M37 M57 1986,"China, South Asia, & East Asia",,Kuṣāṇa coins and Kuṣāṇa sculptures from Mathurā,,,,
DS554.62 .P85 1968,"China, South Asia, & East Asia",,The ancient civilization of Angkor,,,,
PJ1135 .A44 2017,Egypt & North Africa,,"Grammar of the ancient Egyptian Pyramid Texts, v",,,,
T16 .H63 1971 Non-circulating,Cross-Cultural Studies & Other,2011-04-19T00:00:00.000000,Technology in the ancient world /,,,,
PJ3711 .T376 2006,Ancient Western Asia,,"Le tavolette cuneiformi di Adab: delle collezioni della Banca d'Italia, v",,,,
PJ5208.A5 T49 2014,Ancient Western Asia,,"Textbook of Aramaic ostraca from Idumea, v",,,,
DK511.K6 G87 1994,The Caucasus & The Western Steppe,,"""Золотое кладбище"" римской эпохи в Прикубанье",,,,
PJ3921.D5 L36 2007,Ancient Western Asia,,Babylonian oracle questions,,,,
DS282.7 .C44 1984,The Caucasus & The Western Steppe,,Скифо-персидская война,,,,
DS715 .X823 1955,"China, South Asia, & East Asia",,金匱論古綜合栞第1期,,,,
DA690.N88 A78 2000,European and Classical Antiquity,,"Excavations on the Norwich Southern Bypass, 1989-91",,,,
DK511.G32 G33 1979,The Caucasus & The Western Steppe,,Самадло: Археологические раскопки,,,,
CJ655 .K68 2016,The Caucasus & The Western Steppe,,Armenian coinage in the classical period,,,,
NK7974.A3 L877 1992,Ancient Western Asia,,"Magier mit Feuer und Erz: Bronzekunst der frühen Bergvölker in Luristan, Iran",,,,
GN845.B28 L673 2009,European and Classical Antiquity,,"Guide to ceramics: the lost world of old Europe, the Danube Valley, 5000-3500 BC",,,,
ND2849.H86 Z435 2016,"China, South Asia, & East Asia",,永安寺壁画,,,,
DS56 .U45 2002,Ancient Western Asia,,The Oriental Institute,,,,
N5336.B8 S73 1984,European and Classical Antiquity,,Античная бронза,,,,
BV5021 .S56 2017,Central Asia & Siberia,,An ascetic miscellany: the Christian Sogdian manuscript E28,,,,
DF501 .T33 Bd.1 1976 Suppl,European and Classical Antiquity,,Die topographische Bezugsgrundlage der Tabula Imperii Byzantini,,,,
DS374.B28 P67 2013,Central Asia & Siberia,,Пoсeлениe Дaбилькурган в Сeвeрной Бaктрии,,,,
GN778.22.S65 M49 1987,The Caucasus & The Western Steppe,,Межплеменные связи эпохи бронзы на территории Украины: сборник научных трудов,,,,
NK7983.A3 Y825 1983,"China, South Asia, & East Asia",,The Chinese bronzes of Yunnan,,,,
NA5967 .W54 1980,Ancient Western Asia,,Nordmesopotamische Ruinenstätten,,,,
DS70.5.C3 D36 1999,Ancient Western Asia,,Gräber assyrischer Königinnen aus Nimrud =قبورالملكاتالآشورياتفينمرود,,,,
DS62.2 .D86 1998,Ancient Western Asia,,The ancient Near East,,,,
Z114 .R6 1955,European and Classical Antiquity,,"Greek literary hands, 350 B",,,,
DS59.A7 Y68 2016,Ancient Western Asia,,A political history of the Arameans: from their origins to the end of their polities,,,,
DK508.9.B57 S53 1991,The Caucasus & The Western Steppe,,Сарматы Северо-Западного Причерноморья в И в,,,,
DS797.72.L56 L56 2016,"China, South Asia, & East Asia",,"临沂洗砚池晋墓=Jin tombs at Xiyanchi, Linyi",,,,
DG59.P2 A73 1980. From the Library of David I. Owen,European and Classical Antiquity,,The archaeology of Roman Pannonia,,,,
DK673 .A75 1982,The Caucasus & The Western Steppe,,Археологические исследования на новостройках Грузинской ССР,,,,
CE33 .M54 2014,Ancient Western Asia,,The eponyms of the Assyrian empire 910-612 BC,,,,
GN776.32.R9 G47 2010,Central Asia & Siberia,,Археологические памятники степного и южного лесостепного Прииртышья в коллекциях Музея археологии и этнографии Омского государственного университета имени Ф,,,,
DS56 .F68 1999,Egypt & North Africa,,Fluchtpunkt Uruk: archäologische Einheit aus methodischer Vielfalt : Schriften für Hans Jörg Nissen,,,,
NB130.C78 G4 1994,European and Classical Antiquity,,Early Cycladic sculpture: an introduction,,,,
DA685.P68 H55 2011,European and Classical Antiquity,,"Roman London and the Walbrook stream crossing: excavations at 1 Poultry and vicinity, City of London",,,,
DS797.44.A583 K89 2015,"China, South Asia, & East Asia",,"""Великий гoрoд Шaн"" (XIV -XI вв",,,,
DS719 .D66 2016,"China, South Asia, & East Asia",,东北与北方青铜时代,,,,
DS156.B67 E74 2006,Ancient Western Asia,,Ergebnisse der Grabungen an den Ostteichen und am mittleren Büyükkale-Nordwesthang in den Jahren 1996-2000,,,,
GN824.D6 T4 1961,The Caucasus & The Western Steppe,,Предскифский период на Днепровском Правобережье,,,,
DS51.T234 S86 2017,Ancient Western Asia,,Pompeiopolis-Taşköprü: başkentten ilçeye 2000 yil = Pompeiopolis-Taşköprü : 2000 years from metropolis to county town,,,,
CC165 .C44 2014,"China, South Asia, & East Asia",,思考考古学,,,,
DK511.D54 K87 1978,The Caucasus & The Western Steppe,,Курганные древности Стeпнoгo Пoднeпрoвья: III-I тыс,,,,
DG70.S4 C3 1963,European and Classical Antiquity,,The inscription from Temple G at Selinus,,,,
KL1608 .J34 1996,Ancient Western Asia,,"Neuassyrische Rechtsurkunden, Bd",,,,
DT61 .P77 2015,Egypt & North Africa,,Додинастический Египет: лoдкa у истоков цивилизации,,,,
GB5011.425.M43 A53 2015,European and Classical Antiquity,,Ancient disasters and crisis management in classical antiquity,,,,
BR65.B36 G34 1985,Ancient Western Asia,,L'église de Cappadoce au IVe siècle d'après la correspondance de Basile de Césarée (330-379),,,,
DS56 .A34 2021,Ancient Western Asia,2025-12-15,Afterlives of ancient rock-cut monuments in the Near East : carvings in and out of time /,,,,
PJ5621 .A674 2015,Ancient Western Asia,,An anthology of Syriac writers from Qatar in the seventh century,,,,
BS1197 .K573 1994,Ancient Western Asia,,Die Umwelt des Alten Testaments,,,,
DS99.D3 P58 1987,Ancient Western Asia,,Ancient Damascus: a historical study of the Syrian city-state from earliest times until its fall to the Assyrians in 732 B,,,,
DS275 .G4813,Ancient Western Asia,,Iran from the earliest times to the Islamic conquest,,,,
GN739 .S47 1972,The Caucasus & The Western Steppe,,История первобытного общества: учебнoe пoсoбие для студентов ист,,,,
DK30 .A1733,The Caucasus & The Western Steppe,,"Советская археология, 1989",,,,
DS262.M37 N43 1964,Ancient Western Asia,,"A preliminary report on Marlik excavation: Gohar Rud Expedition, Rudbar, 1961-1962=گزارشمقدماتحفرياتمارلىک(چراغعلىتپه):هيتحفارىرودبار،١٣۴٠-١٣۴١",,,,
P945 .S65 Heft 40,Ancient Western Asia,,Konträr-Index der hethitischen Keilschriftzeichen: Materialien zum Hethitischen Zeichenlexikon II,,,,
GN824.U6 T4 1971,The Caucasus & The Western Steppe,,Про що розповідають кургани,,,,
PJ3711 .C67 v.33 2016,Ancient Western Asia,,Early Dynastic and Early Sargonic administrative texts: mainly from the Umma Region in the Cornell University cuneiform collections,,,,
NK6407.25 .Z653 2003,The Caucasus & The Western Steppe,,Зoлoтые oлeни Eврaзии,,,,
B128.H336 E5 1964,"China, South Asia, & East Asia",,Han Fei Tzu: basic writings,,,,
PA3315 .O82 1974,Egypt & North Africa,,Location-list of the Oxyrhynchus papryi and of other Greek papyri published by the Egypt Exploration Society,,,,
NB1912.B83 B56 1994,"China, South Asia, & East Asia",,炳靈寺一六九窟,,,,
N3320.2 .S58 2010,The Caucasus & The Western Steppe,,Северо-Кавказский филиал Государсвенного музея искусства народов Востока,,,,
PL2447 .J535 2015,"China, South Asia, & East Asia",,戰國竹書形制及相關問題研究:以清華大學藏戰國竹簡為中心,,,,
N7343 .G786,"China, South Asia, & East Asia",2025-12-08,Gu dai mu zang mei shu yan jiu.,,,,
PJ3197 .E375 2008,Egypt & North Africa,,Les écritures cunéiformes et leur déchiffrement,,,,
DS66 .P53 2017,Ancient Western Asia,,"Places and spaces in Hittite Anatolia I: Hatti and the east : proceedings of an international workshop on Hittite historical geography in Istanbul, 25th-26th October 2013",,,,
PA3317.Z8 T73 2008,European and Classical Antiquity,,Catalogo descrittivo dei papiri ercolanesi,,,,
DF521 .O93 1991,European and Classical Antiquity,,"The Oxford dictionary of Byzantium, v",,,,
DS26 .L566 1996,Central Asia & Siberia,,突厥汗国史,,,,
GN778.22.R9 L47 1999,The Caucasus & The Western Steppe,,Могильник Фарс/Клады: памятник перехода от эпохи поздней бронзы к раннему железному веку на Северо-Западном Кавказе,,,,
HN740.N6 J528 2011,"China, South Asia, & East Asia",,魏晋十六国河西社会生活史=WEIJIN SHILIUGUO HEIXI SHEHUI SHENGHUOSHI,,,,
NA215 .B395 2018,Egypt & North Africa,,"Schatzkammern: ihre Dekoration und Raumkonzeption in ägyptischen Tempeln der griechisch-römischen Zeit, T",,,,
PJ4054.G5 S372 2018,Ancient Western Asia,,Sargonic texts from Telloh in the Istanbul archaeological museums,,,,
DS797.84.T343 W36 1997,"China, South Asia, & East Asia",,吐魯番出土高昌文獻編年,,,,
DT137.W4 F647 2015,Egypt & North Africa,,Der Abu Ballas-Weg: eine pharaonische Karawanenroute durch die Libysche Wüste,,,,
PJ6954 .J345 2009,Ancient Western Asia,,Altsüdarabische Inschriften auf Metall,,,,
DS719 .Z474 1999,"China, South Asia, & East Asia",,中囯边疆民族地区文物集萃,,,,
P945 .H39 1988,Ancient Western Asia,,Beginning Hittite,,,,
NK7306 .W35 1979,Cross-Cultural Studies & Other,,"Jewelry, ancient to modern",,,,
ND1457.C53 C36 2006,"China, South Asia, & East Asia",,抱瓮集,,,,
GN823 .P76 1978,The Caucasus & The Western Steppe,,Проблемы советской археологии,,,,
CJ1122 .S56 2017,European and Classical Antiquity,,La ceca de Ilduro,,,,
BX137.A2 G475 2002,Egypt & North Africa,,"Handschriften der Staatsbibliothek zu Berlin, T",,,,
DK508.9.C48 E54 2014,The Caucasus & The Western Steppe,,Типология городов и поселений Боспора Киммерийского: (по данным античных авторов и эпиграфическим материалам),,,,
DP402.V5 F47 2014,European and Classical Antiquity,,El comercio tardoantiguo (ss,,,,
DS99.T33 E93 2009,Ancient Western Asia,,"Excavations at Tell Taban, Hassake, Syria: preliminary report on the 2007 season of excavations, and the study of cuneiform texts",,,,
CN1161.M35 M355 2015,"China, South Asia, & East Asia",,麦积区金石校注,,,,
PJ3721.A84 K4 1911,Ancient Western Asia,,"Keilschrifttexte aus Assur, historischen inhalts",,,,
CN575 .A53 2017,European and Classical Antiquity,,"Graffites en Gaule lyonnaise: contribution à l'étude des inscriptions sur vaisselle céramique : corpus d'Autun, Chartres et Sens",,,,
DS156.C388 E7 1978,Ancient Western Asia,,Çavuştepe I: M,,,,
NK3634.Z6 M532 2000,"China, South Asia, & East Asia",,唐人书妙法莲花经,,,,
KJA2797 .G84 2015,European and Classical Antiquity,,La voix de la vérité: témoin et témoignage dans les tribunaux romains du Ier siècle av,,,,
GN780.2.P39 M665 2016,Central Asia & Siberia,,Монгол Алтайн мөнх цэвдгийн булш: Монголын Пазырыкийн соёл =Eiskurgan des Mongolischen Altaj : Pazyryk Kultur der Mongolei,,,,
N7292 .T57 2002,Central Asia & Siberia,,"Kaboul, le passé confisqué: Le musée de Kaboul, 1931-1965",,,,
DS436 .T36 2003,"China, South Asia, & East Asia",,The Penguin history of early India: from the origins to AD 1300,,,,
PJ3721.N8 L56 2016,Ancient Western Asia,,The tablets from the temple precinct at Nuzi,,,,
DT69 .C66 1979,Egypt & North Africa,,Coptic studies: presented to Mirrīt Boutros Ghālī for the forty-fifth anniversary of the founding of the Society for Coptic Archaeology,,,,
DT73.M5 H47 1938,Egypt & North Africa,,Führer durch die Altertümer von Memphis und Sakkara,,,,
PJ7519.C514 G7 1985,Ancient Western Asia,,La littérature nestorienne,,,,
NB27.P3 P47 1910,Central Asia & Siberia,,Handbook to the sculptures in the Peshawar Museum,,,,
DS328.2 .C65 2015 Non-circulating,Central Asia & Siberia,2015-06-11T00:00:00.000000,Complexity of interaction along the Eurasian steppe zone in the first millennium CE /,,,,
BL785 .Q47 2001,European and Classical Antiquity,,"La questione delle influenze vicino-orientali sulla religione greca: stato degli studi e prospettive della ricerca : atti del colloquio internazionale, Roma, 20-22 maggio 1999",,,,
DS338 .A45 1995 Non-circulating,"China, South Asia, & East Asia",2009-04-13T00:00:00.000000,The archaeology of early historic South Asia :,,,,
DS156.C33 K38 2019,Ancient Western Asia,2025-12-18,Die Karische Chersones vom Chalkolithikum bis in die byzantinische Zeit : Beiträge zu den Surveys in Loryma und Bybassos /,,,,
CC77.U5 E53 1997,Cross-Cultural Studies & Other,,Encyclopaedia of underwater and maritime archaeology,,,,
AM70.U383 K47 2001,The Caucasus & The Western Steppe,,175 лет Керченскому музею древностей: материалы международной конференции (27-28 июляа 2001 г,,,,
NK7376.A1 C48 1979,Central Asia & Siberia,,Indo-Greek jewellery,,,,
GN776.42.E3 B35 2017,Egypt & North Africa,,Predynastic Maadi in context: the research of the Italian expedition revisited (1977-1986),,,,
DK679.A25 B43 1982,The Caucasus & The Western Steppe,,История изучения aрхеологии Aбхазии (дo 1975 г,,,,
DK759.K56 K48 1980,Central Asia & Siberia,,Вооружение енисейских кыргызов VI-XII вв,,,,
DS71 .B648 2008,Ancient Western Asia,,Babylone: à l'aube de notre culture,,,,
DS99.A85 E56 2015,Ancient Western Asia,,"Arwad, cité phénicienne du nord",,,,
NK6469.A1 P3 1970,The Caucasus & The Western Steppe,,Trésors de l'art ancien en Roumanie,,,,
GN778.22.S65 B48 1990,The Caucasus & The Western Steppe,,Усoвo oзeрo: поселение срубной культуры на Сeвeрном Дoнцe,,,,
DS156.K4 W53 1979,Ancient Western Asia,,An archaeological survey of the Keban Reservoir area of east-central Turkey,,,,
DT87.5 .M2 1976,Egypt & North Africa,,Tutankhamun: the last journey,,,,
NK5750.2.C4 W8 1990,"China, South Asia, & East Asia",,Chinese jades from the Mu-fei collection,,,,
N7342 .S483 2004,"China, South Asia, & East Asia",,"山东省博物馆藏珍, Suppl",,,,
DK508.9.K78 K654 1994,The Caucasus & The Western Steppe,,Курганные древности Крыма: по материалам раскопок Северо-Крымской экспедиции в,,,,
DS285 .M47 2000,Ancient Western Asia,,Mesopotamia and Iran in the Parthian and Sasanian periods: rejection and revival c,,,,
PA3339 .P34 t.4 1966,Egypt & North Africa,,Reports of proceedings in papyri,,,,
DS156.H53 D87 1964,Ancient Western Asia,,La déesse de Hiérapolis Castabala (Cilicie),,,,
DS797.56.Y365 Y367 2014,"China, South Asia, & East Asia",,扬州蜀岗古代城址考古勘探报告,,,,
DA677.1 .S95 2008,European and Classical Antiquity,,"Roman waterfront development at 12 Arthur Street, City of London",,,,
PK6192 .K36 2015,Ancient Western Asia,,"فهرستتوصيفىگنجينهدستنويس‌هاىپهلوىوپژوهش‌هاىايرانى= A descriptive catalogue of ""The Pahlavi codics and Iranian researches""",,,,
BR1720.T35 N6 1963,Ancient Western Asia,,Manhood and Christ: a study in the Christology of Theodore of Mopsuestia,,,,
P945.A2 A435 2016,Ancient Western Asia,,"Hethitische Texte, Bo 4658-Bo 5000, T",,,,
DE59 .V555 2013,Cross-Cultural Studies & Other,,"Villes et campagnes aux rives de la Méditerranée ancienne: hommages à Georges Tate, suppl",,,,
DK30 .S75 2002,The Caucasus & The Western Steppe,,"Степи Евразии в древности и Средневековье: материалы Международной научной конференции, посвященной 100-летию со дня рождения М",,,,
DS797.56.L583 L583 2016,"China, South Asia, & East Asia",,"溧阳神墩=Shendun site in Liyang, v",,,,
HG295.I4 N36 1992,"China, South Asia, & East Asia",,The early history of gold in India,,,,
DS110.H346 K38 2013,Ancient Western Asia,,"The Archaeology of cult in Middle Bronze Age Canaan: the sacred area at Tel Haror, Israel",,,,
BR213 .I18 1981,European and Classical Antiquity,,I Concilio Caesaraugustano: MDC aniversario,,,,
BP172 .D83 1996,Ancient Western Asia,,Chrétiens d'Orient et Islam au Moyen Age: VIIe - XVe siècle,,,,
DS156.Z48 Z47 2005 v.5,Ancient Western Asia,,Zeugma V: les objets,,,,
DS49.3 .C8 1877,Ancient Western Asia,,Christians under the crescent in Asia,,,,
DS51.M74 B4 1971 Non-circulating,The Caucasus & The Western Steppe,2008-10-10T00:00:00.000000,Turkey beyond the Maeander:,,,,
GT2853.M628 M36 2012,Ancient Western Asia,,Mangiare divinamente: pratiche e simbologie alimentari nell'antico Oriente,,,,
ND1327.E3 P33 1967,Egypt & North Africa,,Eгипетский портрет I-IV вeков,,,,
DK771.A25 S47 2014,Central Asia & Siberia,,Aрхеологическиe кoмплексы Aлиая II в,,,,
DK511.C2 A73 1994,The Caucasus & The Western Steppe,,Aрхеологические и этнографические исследования Сeвeрного Kaвказa: сборник научных трудов,,,,
PJ1681.W4 L477 2008,Egypt & North Africa,,Untersuchungen zu pWestcar: eine philologische und literaturwissenschaftliche (Neu)-Analyse,,,,
DS797.28.D863 Y553 2001,"China, South Asia, & East Asia",,"英藏敦煌社會歷史文獻釋錄, v",,,,
BL2370.H5 Y67 1996,Ancient Western Asia,,"Untersuchungen zu den Sonnengottheiten bei den Hethitern: Schwurgötterliste, helfende Gottheit, Feste",,,,
NK1676 .S54 2010,"China, South Asia, & East Asia",,盛世皇朝秘寶:法門寺地宮與大唐文物特展= Imperial treasures: relics of Famen Temple underground palace and flourishing Tang,,,,
CD6173 .K86 1992,"China, South Asia, & East Asia",,Word as image: the art of Chinese seal engraving,,,,
DK689.S58 K56 2002. From the Library of Nina Garsoïan,The Caucasus & The Western Steppe,,Syuniḱ during the Bronze and Iron Ages,,,,
NB1912.B83 L58 1995,"China, South Asia, & East Asia",,龙門石窟雕刻粹编:佛,,,,
DK511.D7 D68 1983,The Caucasus & The Western Steppe,,Древности Дона: материалы работ Донской экспедиции,,,,
GN776.22.S65 T74 1990,The Caucasus & The Western Steppe,,Волосовские племена в Европейской части СССР в III-II тысячелетиях до н,,,,
BS630 .C643 2008,Ancient Western Asia,,Constructions of space II: the Biblical city and other imagined spaces,,,,
DK34.S3 Z37 2015,The Caucasus & The Western Steppe,,Ταναιν δε ποταμον διαβαντι = За рекой Танаисом: сборник памяти В,,,,
BR65.E634 A7 2014,The Caucasus & The Western Steppe,,The Armenian prayers(Աղօթք)attributed to Ephrem the Syrian,,,,
NK5750.2.C6 C444 1993,"China, South Asia, & East Asia",,"Chinese archaic jades and bronzes from the estate of Professor Max Loehr and others: June 4 to 30, 1993",,,,
ND2849.D86 D84 1999,"China, South Asia, & East Asia",,"敦煌石窟全集, v",,,,
PL54.66 .Z54 2005,Central Asia & Siberia,,Magische Texte des uigurischen Buddhismus,,,,
ML162 .T74 2007,Ancient Western Asia,,Sounds of ancient music =צלילימוזיקהעתיקה,,,,
PA3042 .S37 2018,European and Classical Antiquity,,"Material aspects of letter writing in the Graeco-Roman world, 500 BC-AD 300",,,,
DK905 .A7 1973,Central Asia & Siberia,,Археологические исследования в Казахстане,,,,
DS156.A48 T7 1959,The Caucasus & The Western Steppe,,Oчерки по истории и культуре Kaвказской Aлбании IV в,,,,
GN776.32.I75 G68 2017,Ancient Western Asia,,"Jacob Kaplan's excavations of protohistoric sites 1950s-1980s, v",,,,
N3750.N36 S57 1978,"China, South Asia, & East Asia",,正倉院展目錄= Exhibtion of Shōsō-in treasures,,,,
BT1475 .G613 1960,Egypt & North Africa,,The Gospel of truth: a Valentinian meditation on the gospel,,,,
N7301 .B54 1987,"China, South Asia, & East Asia",,Indian art,,,,
DK508.95.C544 Z828 1994,The Caucasus & The Western Steppe,,Херсонес Таврический и Римская Империя: очерки военно-политической истории,,,,
DS797.33.H477 A13 2016,"China, South Asia, & East Asia",,"2009-2013年合浦汉晋墓发掘报告=An excavation report of the Han-Jin period tombs at Hepu in 2009-2013, v",,,,
DS797.28.Y67 B56 1982,"China, South Asia, & East Asia",,炳靈寺石窟,,,,
DS797.44.X534 X66 2016,"China, South Asia, & East Asia",,淅川阎杆岭墓地=Yanganling cemetery in Xichuan county,,,,
QB107 .J65 2017,European and Classical Antiquity,,"A portable cosmos: revealing the Antikythera Mechanism, scientific wonder of the ancient world",,,,
DS73.4 .U54 2015,Ancient Western Asia,,Understanding hegemonic practices of the early Assyrian Empire: essays dedicated to Frans Wiggermann: Consolidating empires project I,,,,
GN848.A1 P65 Non-circulating,European and Classical Antiquity,2012-06-05T00:00:00.000000,Polish archaeology in the Mediterranean.,,,,
DT269.R35 M33 1970,Egypt & North Africa,,"La nécropole romaine de Raqqada, fasc",,,,
DS747.42 .Q56 2001,"China, South Asia, & East Asia",,秦漢文化,,,,
DA687.G9 B38 2011,European and Classical Antiquity,,Roman London's amphitheatre,,,,
GN778.22.T73 P64 1997,The Caucasus & The Western Steppe,,Закавказские бронзовые пояса с гравированными изображениями,,,,
GN778.22.E218 P67 1989,The Caucasus & The Western Steppe,,Поселения срубной общности: межвузовский сборник научных трудов,,,,
DK34.S4 G858 2016,The Caucasus & The Western Steppe,,Зооморфные металлические крючки скифского времени в Евразии: каталог и описание,,,,
CJ548.5.C48 F76 2015,Central Asia & Siberia,,Античные монеты и свинцовые тессеры Херсонеса Таврического в собрании Государственного исторического музея: каталог,,,,
BR67 .S44 2016,European and Classical Antiquity,,Seeing through the eyes of faith: new approaches to the mystagogy of the church fathers,,,,
CJ217.F8 J36 1980,European and Classical Antiquity,,"Monnaies grecques antiques: description et planches, t",,,,
DK30 .O273 2012,The Caucasus & The Western Steppe,,Образы времени: из истории древнего искусства : к 80-летию С,,,,
DS56 .M85 1979,Ancient Western Asia,,Unexcavated objects and ancient Near Eastern art: addenda,,,,
PL3031.R862 L36 1960,"China, South Asia, & East Asia",,居延漢簡,,,,
DS715 .C446 2016,"China, South Asia, & East Asia",,陈元甫考古文集,,,,
CC75 .F48 2018,Cross-Cultural Studies & Other,,Protocoles d'études des objets archéologiques,,,,
BV4006 .R45 1970,Ancient Western Asia,,La cura pastorale in Antiochia nel IV secolo,,,,
N5899.S3 V79 1972,The Caucasus & The Western Steppe,,Скифо-сибирский звериный стиль в искусстве народов Евразии: [Докл,,,,
CC75 .M85 2015,Cross-Cultural Studies & Other,,"Мультидисциплинарные методы в археологии: новейшие итоги и перспективы: материалы международного симпозиума ""Мультидисциплинарные методы в археологии : новейшие итоги и перспективы"", (22-26 июня 2015 г",,,,
P945 .L87 1997,Ancient Western Asia,,Hittite,,,,
DK500.D65 K358 2003. From the Library of Aleksandr Leskov,Central Asia & Siberia,,Studien zur Katakombengrabkultur zwischen Dnepr und Prut,,,,
N8193.C6 W44 2009,"China, South Asia, & East Asia",,甘肅佛教石窟考古论集,,,,
N7161 .A52 1983,Ancient Western Asia,,"The Anatolian civilisations: Istanbul, May 22-October 30, 1983, v",,,,
B398.P75 B474 2003,European and Classical Antiquity,,Proportion bei Platon,,,,
BS1233 .B53 1997,Ancient Western Asia,,Genesis,,,,
PA3306.B7 M87 1977,Egypt & North Africa,,Au temps où on lisait le grec en Égypte: catalogue de l'exposition de papyrus et d'ostraca,,,,
DK511.K16 S5 1966,The Caucasus & The Western Steppe,,Новые археологические памятники на территории Калмыцкой АССР (по раскопкам 1962-1963 гг,,,,
BM176 .R448 2016,Ancient Western Asia,,Religion in the Achaemenid Persian empire: emerging Judaisms and trends,,,,
N5899.S3 G28 1966,Central Asia & Siberia,,Культура и искусство скифов и ранних кочевников Алтая,,,,
DS392.G36 T57 1985,Central Asia & Siberia,,Gandhâra,,,,
DK30 .A69 1941,The Caucasus & The Western Steppe,,"Археологические исследования в РСФСР, 1934-1936 гг",,,,
PJ3721.U7 L59 2017,Ancient Western Asia,,"Organization, administrative practices and written documentation in Mesopotamia during the Ur III period (c",,,,
DS793.K8 A127 2015,"China, South Asia, & East Asia",,2003-2013贵州基建考古重要发现,,,,
KL707 .H337 1965,Ancient Western Asia,,Einführung in das Studium keilschriftlicher Rechtsquellen,,,,
PJ1125 .L4 1947,Egypt & North Africa,,"Grammaire démotique, v",,,,
DS62.23 S64 1997,Ancient Western Asia,,"Life in the ancient Near East, 3100-332 B",,,,
N5370 .S963 2017,Ancient Western Asia,,Sumeria y el paradigma moderno,,,,
T16 .F67 1964 Non-circulating,Cross-Cultural Studies & Other,2011-04-08T00:00:00.000000,Studies in ancient technology /,,,,
DS731.U4 W45 1991,"China, South Asia, & East Asia",,维吾尔族简史,,,,
KJA3060 .R43 2016,European and Classical Antiquity,,"Rechtliche Verfahren und religiöse Sanktionierung in der griechisch-römischen Antike: Akten einer deutsch-italienischen Tagung, Palermo, 11",,,,
DS111 .R48 2017,Ancient Western Asia,,Rethinking Israel: studies in the history and archaeology of ancient Israel in honor of Israel Finkelstein,,,,
GN778.2.S68 B64 2014,Central Asia & Siberia,,Боголюбовский курганный могильник срубной культуры в Оренбургской области,,,,
DA147.L66 D36 1987,European and Classical Antiquity,,Longthorpe II: the military works-depot: an episode in landscape history,,,,
DT159.6.N83 O53 2024,Egypt & North Africa,2025-12-15,Tajemná Núbie : české objevování Dolní Núbie = Mysterious Nubia : Czech exploration of Lower Nubia /,,,,
NK7376.A1 N54 1999,"China, South Asia, & East Asia",,Indian jewellery,,,,
CJ277.N5 H713 1961,The Caucasus & The Western Steppe,,Ancient coins from Olbia and Panticapaeum,,,,
DS156.B373 C68 2012 v.1-2,Ancient Western Asia,,Balboura survey and settlement in highland southwest Anatolia,,,,
CN365 .G744 2017,European and Classical Antiquity,,"Greek historical inscriptions, 478-404 BC",,,,
DK508.9.C46 D37 2011,The Caucasus & The Western Steppe,,Начало раннего железного века в Днепровской правобережной лесостепи = Початок ранньої залізної доби в Дніпровському правобережному лісостепу,,,,
BR185 .B58 1969,Ancient Western Asia,,"Rabbula von Edessa: der Christ, der Bischof, der Theologe",,,,
NB1912.B83 L85 1993,"China, South Asia, & East Asia",,龙门石窟一千五百周年国际学朮讨论会论文集,,,,
DS155 .A5987,Ancient Western Asia,,"Anatolia antiqua: recueil de travaux publiés par l'Institut français d'études anatoliennes d'Istanbul = Eski Anadolu, v",,,,
DS110.J5 P73 1964,Ancient Western Asia,,"Winery, defenses, and soundings at Gibeon,By James B",,,,
BS1197 .M55 1976,Ancient Western Asia,,The Old Testament and the historian,,,,
PJ3921.D5 F74 1998,Ancient Western Asia,,"If a city is set on a height: the Akkadian omen series Šumma alu ina mele šakin, v",,,,
DS793.T8 T855 1987,"China, South Asia, & East Asia",,敦煌吐鲁番文物=Cultural relics from Dunhuang and Turfan,,,,
GN36.R92 S23 1973 Non-circulating,Cross-Cultural Studies & Other,2013-06-28T00:00:00.000000,Museum of Anthropology and Ethnography =,,,,
NB1046.C488 C36 1993,"China, South Asia, & East Asia",,武氏祠汉画石刻考评,,,,
NB1043 .Y86 1977,"China, South Asia, & East Asia",,云冈石窟,,,,
BM155.2 .C35 1984,Ancient Western Asia,,"The Cambridge history of Judaism, v",,,,
DS70.5.B3 B35 2008,Ancient Western Asia,,"Babylon: Mythos & Wahrheit, Bd",,,,
DE2.5 .I584 2003,European and Classical Antiquity,,"Common ground: archaeology, art, science, and humanities : proceedings of the XVIth International Congress of Classical Archaeology, Boston, August 23-26, 2003",,,,
DS328 .M28 1939 Non-circulating,Central Asia & Siberia,2012-09-13T00:00:00.000000,The early empires of Central Asia :,,,,
K10 .O8718,Egypt & North Africa,,"The journal of juristic papyrology, v",,,,
DK30 .A1733,The Caucasus & The Western Steppe,,"Советская археология, 1988",,,,
DS797.28.D864 N55 1993,"China, South Asia, & East Asia",,敦煌的历史和文化,,,,
PJ3721.A84 D653 2001,Ancient Western Asia,,Neo-Assyrian legal texts in Istanbul,,,,
P945 .Z8 1984 v.8-9,Ancient Western Asia,,"Hittite etymological dictionary, v",,,,
PJ1526.T4 A55 2002,Egypt & North Africa,,Hieratische Ritzinschriften aus Theben: Paläographie der Graffiti und Steinbruchinschriften,,,,
DK651.C46 K3 1970,The Caucasus & The Western Steppe,,Очерки истории экономики Хeрсонеса Taврического в I-IV вeкaх н,,,,
PJ3721.N5 G633 2016,Ancient Western Asia,,"The Old Babylonian administrative texts in the Hilprecht Collection Jena, v",,,,
Z6869.B9 M3 1968. From the Library of Nina Garsoïan,European and Classical Antiquity,,"Byzantine numismatic bibliography, 1950-1965",,,,
DS741.3 .S55 2011,"China, South Asia, & East Asia",,"Views from within, views from beyond: approaches to the Shiji as an early work of historiography",,,,
NB1370 .H3 1942,European and Classical Antiquity,,Over den oorsprong van de grieksche grafstele,,,,
DS70.5.N9 S88 v.19 2012,Ancient Western Asia,,"The Nuzi workshop at the 55th Rencontre assyriologique internationale (July 2009, Paris)",,,,
GN8 .M32 1908 Non-circulating,Cross-Cultural Studies & Other,2007-09-12T00:00:00.000000,Anthropology and the classics :,,,,
PJ1141 .S4 1959,Egypt & North Africa,,Ägyptische Lesestücke zum Gebrauch im akademischen Unterricht: Texte der mittleren Reiches,,,,
DS261 .H85 1965,Ancient Western Asia,,"Iran, v",,,,
NK1048.J36 P73 2007,"China, South Asia, & East Asia",,The arts of Kashmir,,,,
P945.A2 G684 1970,Egypt & North Africa,,Neue Bruchstücke zum grossen Text des Hattušiliš und den Paralleltexten,,,,
P945.A2 R67 2005,Ancient Western Asia,,Hethitische Texte in Transkription KBo 45,,,,
DS797.88.X536 K847 2014,"China, South Asia, & East Asia",,跨湖桥文化国际学术研讨会论文集,,,,
D58 .H4713,European and Classical Antiquity,,The histories,,,,
DF77 .B58 1987,European and Classical Antiquity,,The archaeology of Greece: an introduction,,,,
DG233 .C67 1995,European and Classical Antiquity,,The beginnings of Rome: Italy and Rome from the Bronze Age to the Punic Wars (c,,,,
N7340 .M4 1964,"China, South Asia, & East Asia",,A handbook of Chinese art for collectors and students,,,,
NK1069.S513 C58 1996,"China, South Asia, & East Asia",,中国仙人のふるさと:山東省文物展,,,,
DS156.I44 I448 2008,Ancient Western Asia,,"Life and death in a prehistoric settlement in Northwest Anatolia: the Ilıpınar excavations, volume III: with contributions on Hacılartepe and Menteşe",,,,
DK511.C2 S43 1986 Non-circulating,The Caucasus & The Western Steppe,2009-07-24T00:00:00.000000,Drevnosti Severnogo Kavkaza :,,,,
DS171 .A762 1995,The Caucasus & The Western Steppe,,Armenien: 5000 Jahre Kunst und Kultur,,,,
CJ1375 .L95 2015,Ancient Western Asia,,Reign and religion in Palestine: the use of sacred iconography in Jewish coinage,,,,
BQ6345.F842 F325 1994,"China, South Asia, & East Asia",,法门寺=Famen temple,,,,
N7342 .E84 1995,"China, South Asia, & East Asia",,Early Chinese art: 8th century BC-9th century AD : 6 June-8 July 1995,,,,
DK511.U39 K83 1987 Non-circulating,The Caucasus & The Western Steppe,2012-10-18T00:00:00.000000,Kurgany Ulandryka /,,,,
DS747.9.C47 K47 2000,"China, South Asia, & East Asia",,The stele inscriptions of Chʻin Shih-huang: text and ritual in early Chinese imperial representation,,,,
BL2270 .B46 1938,Ancient Western Asia,,Les mages dans l'ancien Iran,,,,
P945 .Z8 2010,Ancient Western Asia,,Die hethitischen Frauennamen: Katalog und Interpretation,,,,
BL820.D5 L44 2017,European and Classical Antiquity,,Artemis and her cult,,,,
N5310.5.R9 F67 1980,The Caucasus & The Western Steppe,,Памятники первобытного искусства на территории СССР,,,,
BS192.2.A1 1964,Ancient Western Asia,,Isaiah 1-39: a new translation with introduction and commentary,,,,
CC80 .A35 1989 Non-circulating,Cross-Cultural Studies & Other,2013-01-22T00:00:00.000000,An introduction to archaeology /,,,,
BL1620 .M86 1937a,Ancient Western Asia,2025-12-08,Das assyrische Ritual.,,,,
DA677.1 .L35 2002,European and Classical Antiquity,,"The Roman tower at Shadwell, London: a reappraisal",,,,
DS557.C2 G5 1957,"China, South Asia, & East Asia",,Histoire du Cambodge,,,,
DS56 .A774 2024,Ancient Western Asia,2025-12-15,The archaeology of the 'margins' : studies on ancient West Asia in honour of Peter M.M.G. Akkermans /,,,,
GN778.22.U38 B48 1964,The Caucasus & The Western Steppe,,Бронзовий вік на Україні,,,,
PL2447 .M336 2015,"China, South Asia, & East Asia",,"清華簡""繫年""輯證",,,,
CJ2688.A75 J47 1994,European and Classical Antiquity,,Coinage in iron age Armorica,,,,
PA2402 .M313 1962,European and Classical Antiquity,,The Etruscans begin to speak,,,,
PA348.F8 G74 2017,European and Classical Antiquity,,The Greek future and its history = Le future grec et son histore,,,,
NK7983.22 .S42 1989,"China, South Asia, & East Asia",,Early Chinese metalwork in the collection of the Seattle Art Museum,,,,
GN778.22.A35 F76 2017,European and Classical Antiquity,,From cooking vessels to cultural practices in the late Bronze Age Aegean,,,,
DS66 .I57 2002,Ancient Western Asia,,V,,,,
PJ4185 .T6 1978,Ancient Western Asia,,A comparative Semitic lexicon of the Phoenician and Punic languages,,,,
DS51.I95 S95 2015,Ancient Western Asia,,Smyrna/İzmir Kazı ve Araştırmaları: I,,,,
DS793.H5 T48 2015,"China, South Asia, & East Asia",,汉唐中原:河南文物精品展=Tesori della Cina Imperiale : L'Età della Rinascita fra gli Han e i Tang (206 a,,,,
DF234.6 .A53 2017,Central Asia & Siberia,,With Alexander in India and Central Asia: moving east and back to west,,,,
R137 .W35 1996,Egypt & North Africa,,Studies in ancient Egyptian anatomical terminology,,,,
PJ1569 .H47 1959,Egypt & North Africa,,Altägyptische Liebesdichtung,,,,
P944 .L37 2016,Ancient Western Asia,,Études anatoliennes,,,,
DK511.A28 S65 1985,The Caucasus & The Western Steppe,,Сокровища курганов Адыгеи: каталог выставки,,,,
P945 .M335 2013,Ancient Western Asia,,Hethitisch °uant- und Verwan(d)tes: Untersuchungen zur Vertretung des indogermanischen Possessivsuffixes -uent- in den anatolischen Sprachen,,,,
DK30 .A1733,The Caucasus & The Western Steppe,,"Советская археология, 1981",,,,
DK509.3 .A747 1972,The Caucasus & The Western Steppe,,Археологические исследования в Молдавии в 1968-1969 гг,,,,
GN778.28 .O78 2004,The Caucasus & The Western Steppe,,Орудия труда и системы жизнеобеспечения населения Евразии: по материалам эпох палеолита - бронзы,,,,
PJ4659 .C64 2013,Ancient Western Asia,,The verbal tense system in late Biblical Hebrew prose,,,,
NK5557 .M5 1883,Ancient Western Asia,,"Les pierres gravées de la Haute-Asie: recherches sur la glyptique orientale, pt",,,,
DS38.3 .N536 2009,Ancient Western Asia,,The great Islamic conquests AD 632-750,,,,
NK7376 .C45 1964,"China, South Asia, & East Asia",,Studies in the development of ornaments and jewellery in proto-historic India,,,,
DS66 .B75 2005,Ancient Western Asia,,The kingdom of the Hittites,,,,
DS66 .L54 2003,Ancient Western Asia,,The life and times of Ḫattuŝili III and Tutḫaliya IV: proceedings of a symposium held in honour of J,,,,
DS56 .R46 2007,Ancient Western Asia,,"Language in the ancient Near East: proceedings of the 53e Rencontre assyriologique internationale, v",,,,
DK508.9.K78 Z58 2014,Central Asia & Siberia,,Ювелирные изделия из кургана Куль-Оба в собрании Исторического музея: историко-технологическое исследование,,,,
DF501 .T33 Bd.3 1981,Ancient Western Asia,,Nikopolis und Kephallēnia,,,,
GN778.22.S65 K85 1986,The Caucasus & The Western Steppe,,Культуры эпохи бронзы на территории Украины,,,,
NB1880.C6 L48 1990,"China, South Asia, & East Asia",,Into the Afterlife: Han and six dynasties Chinese tomb sculpture from the Schloss collection,,,,
Z8.B9 B68 2018,European and Classical Antiquity,,The codex and crafts in late antiquity,,,,
P945.A2 I88 v.1 1944-v.3 1954,Ancient Western Asia,,"İstanbul Arkeoloji Müzelerinde bulunan Boğazköy Tableterinden seçme metinler, v",,,,
NB1280 .N36 1989,"China, South Asia, & East Asia",,南阳汉代画像石砖,,,,
DS392.2.M6 M64 1973 Non-circulating,Central Asia & Siberia,2009-06-25T00:00:00.000000,Mohenjo-daro and the Indus civilization :,,,,
QB19 .S78 2017,Ancient Western Asia,,Studies on the ancient exact sciences in honor of Lis Brack-Bernsen,,,,
DS797.72.Y598 Y578 2016,"China, South Asia, & East Asia",,沂源东安古城,,,,
DK511.D7 K36 1993,The Caucasus & The Western Steppe,,Городища донских меотов: вопросы датировки,,,,
HV875.58.S952 E433 2009,Ancient Western Asia,,Le adozioni a Emar,,,,
GN855.R9 Z83 2014,Central Asia & Siberia,,Население Западной Сибири во II тысячелетии до нашей эры (по антропологическим данным),,,,
P945.A2 M673 2004,Ancient Western Asia,,Le lettere tra i re ittiti e i re assiri ritrovate a Ḫattuša,,,,
GN780.22.S7 S35 1969,European and Classical Antiquity,,"Die Meseta-Kulturen der Iberischen Halbinsel; mediterane und eurasische Elemente in früheisenzeitlichen Kulturen Südwesteuropas, text",,,,
DS558.A6 G73 1966,"China, South Asia, & East Asia",,Angkor: art and civilization,,,,
DF214 .H28 1967,European and Classical Antiquity,,A history of Greece to 322 B,,,,
N6797.D44 A4 2007,European and Classical Antiquity,,The art of antiquity: Piet de Jong and the Athenian Agora,,,,
NB1255.C6 P67 1976,"China, South Asia, & East Asia",,"Masterworks in wood: China and Japan : [exhibition] Portland Art Museum, November 4 through December 5, 1976, Asia House Gallery, January 13 through March 20, 1977",,,,
DK905 .K42 2011 Non-circulating,Central Asia & Siberia,2015-06-11T00:00:00.000000,Qazaqstan Respublikasy tăuelsīzdīgīnīn͡g 20 zhyldyghyna zhăne Ă.Kh. Marghūlan atyndaghy ark,,,,
DS327.7 .H85 1983,Central Asia & Siberia,,大慈恩寺三藏法師傳,,,,
DT92.7 .K717 1973,Egypt & North Africa,,Закат Птолемеев,,,,
DS109.8.J45 J49 2000,Ancient Western Asia,,"Jewish Quarter excavations in the Old City of Jerusalem: conducted by Nahman Avigad, 1969-1982, v",,,,
P959 .S25 2008,Ancient Western Asia,,"Corpus dei testi urartei, v",,,,
CC101.M628 M35 1993,Ancient Western Asia,,"The Near East: archaeology in the ""Cradle of Civilization""",,,,
DS798.9.N65 P654 2015,"China, South Asia, & East Asia",,"Курганы Суцзуктэ (Ноин-Ула, Монголия) = The Suzukteh mounds (Noin-Ula, Mongolia), ch",,,,
QK647 .S39 2011,Cross-Cultural Studies & Other,,"Anatomie europäischer Hölzer: ein Atlas zur Bestimmung europäischer Baum-, Strauch- und Zwergstrauchhölzer = Anatomy of European woods : an atlas for the identification of European trees, shrubs and dwarf shrubs",,,,
DS156.B67 S443 2007,Ancient Western Asia,,A mudbrick city wall at Hattuša: diary of a reconstruction,,,,
PJ1526.L34 U25 2004,Egypt & North Africa,,"The UCL Lahun Papyri: religious, literary, legal, mathematical, and medical",,,,
CD5210.A8 M47 2015,Ancient Western Asia,,Ancient Near Eastern cylinder and stamp seals in Australian collections,,,,
DK855.4 .S74 1980,Central Asia & Siberia,,"Краткое содержание докладов Среднеазиатско-кавказских чтений, ноябрь 1980 г",,,,
DS38.1 .B65 1989,Ancient Western Asia,,История Халифата,,,,
K10 .O8718 v.44 (2014),Egypt & North Africa,,"The journal of juristic papyrology, vol",,,,
BQ286 .V47 1994,"China, South Asia, & East Asia",,Homa and other fire rituals in Gandhāra,,,,
NK5750 .S3 1982,"China, South Asia, & East Asia",,Carved jade of ancient China,,,,
DK511.D7 P89 2001,The Caucasus & The Western Steppe,,Курганные могильники скифского времени Среднего Подонья: публикация комплексов,,,,
PJ3711 .Y25 v.1 1994,Ancient Western Asia,,Late Babylonian texts in the Nies Babylonian Collection,,,,
PJ3721.M3 M378 2008,Ancient Western Asia,,Nomades et sédentairen à Mari: la perception de la taxe-Sugâgûtum,,,,
DF553 .J4 1967,European and Classical Antiquity,,"Byzantium: the Imperial centuries, A",,,,
PJ1565 .B78 1985,Egypt & North Africa,,Lebensweisheit der Alten Ägypter,,,,
P945 .H769 2002,Ancient Western Asia,,Die Sprache der Hethiter: ihr Bau und ihre Zugehörigkeit zum indogermanischen Sprachstamm: ein Entzifferungsversuch,,,,
PJ1829 .M45 2005,Egypt & North Africa,,Ostraka demotici e bilingui da Narmuthis: ODN 100-188,,,,
N7340 .K862 1974,"China, South Asia, & East Asia",,國立故宮博物院藏品選目=Selection of masterworks in the collection of the National Palace Museum,,,,
CC137.C5 G88 2012,Ancient Western Asia,,Methoden zur Restaurierung von ungebrannten und gebrannten Keilschrifttafeln: gestern und heute,,,,
DK509 .K34 1981,The Caucasus & The Western Steppe,,Восточное Причерноморье в античную эпоху: колхские могильники,,,,
CJ435 .K57 2005,European and Classical Antiquity,,The coins,,,,
DS796.C5926 W364 2014,"China, South Asia, & East Asia",,"万州大丘坪墓群=Daqiuping Cemetery in Wanzhou, Chongqing",,,,
ND2848 .T37 1996,"China, South Asia, & East Asia",,大唐壁畫=Magnificent frescos from the great Tang dynasty,,,,
DS66 .I57 2011,Ancient Western Asia,,"Proceedings of the Eighth International Congress of Hittitology: Warsaw, 5-9 September 2011",,,,
DS35.63 .L37 2002,Ancient Western Asia,,A history of Islamic societies,,,,
ML336.2 .C53 1984,"China, South Asia, & East Asia",,龟兹樂舞壁画=Qiuci murals of music and dances,,,,
PA3314.F8 P37 1997,Egypt & North Africa,,"Papyrus Graux, III (P",,,,
GN778.22.R9 K55 1999,The Caucasus & The Western Steppe,,Прoисхождение катакомбной культуры Нижнего Пoдoнья,,,,
NB91.P4 B45 1959,Ancient Western Asia,,Алтар' Зевса в Пергаме,,,,
CJ843 .N34 1989,European and Classical Antiquity,,L'argent et les affaires à Rome des origines au IIe siècle avant J,,,,
N8193.3.A82 S56 2008,"China, South Asia, & East Asia",,佛教慈悲女神:中国古代观音菩萨=The goddess of mercy in Buddism : Chinese ancient Avalokiteshvara Bodhisattva,,,,
P945 .F755 1960,Ancient Western Asia,,"Hethitisches Keilschrift-Lesebuch, T",,,,
DS99.U35 R37 1983 v.23,Ancient Western Asia,,"Lettres en Akkadien de la ""Maison d'Urtēnu"": fouilles de 1994",,,,
DJK23 .D753 2005,The Caucasus & The Western Steppe,,"Древности Евразии: от ранней бронзы до раннего средневековья, сборник статей",,,,
BL1060 .M54 2015,Ancient Western Asia,,"Empire, church and society in the late Roman Near East: Greeks, Jews, Syrians and Saracens (collected studies, 2004-2014)",,,,
GN824.A2 V66 1969,The Caucasus & The Western Steppe,,Aрхеoлoгическая кaртa Aбхазии,,,,
DT62.T65 O35 2016,Egypt & North Africa,,Old Kingdom copper tools and model tools,,,,
DS94.5 .A45 2003,Ancient Western Asia,,The archaeology of Syria: from complex hunter-gatherers to early urban societies (c,,,,
DK34.A4 L42 2016,The Caucasus & The Western Steppe,,Aланы и сарматы в Галлии IV-V вв,,,,
NB169 .B46 2010,Central Asia & Siberia,,Princesse de Bactriane,,,,
DK679.S68 T55 1957,The Caucasus & The Western Steppe,,Позднебронзовая культура Лиахвского бассейна: (Древний могильник в с,,,,
DS797.77.F56 F464 2016,"China, South Asia, & East Asia",,"奉节营盘包墓地= The Yingpanbao burial site in Fengjie, Chongqing",,,,
CC1 .A735 Non-circulating,Cross-Cultural Studies & Other,2012-03-30T00:00:00.000000,Archaeology international /,,,,
DS797.44.L874 L96 2016,"China, South Asia, & East Asia",,鲁山杨南遗址=Yangnan site in Lushan county,,,,
CC175 .D47 2013,Cross-Cultural Studies & Other,,"Destruction: archaeological, philological and historical perspectives",,,,
BL1138.62 .E5 1908,"China, South Asia, & East Asia",,"The Bhagavadgîtâ, with the Sanatsugâtîya and the Anugîtâ",,,,
P944.5 .M43 1994,Ancient Western Asia,,Anatolian historical phonology,,,,
N3750.U53 D87 1993,"China, South Asia, & East Asia",,"Дүрслэх Урлагийн Музей =Musée des Beaux- Arts=Fine Arts Museum, Ulaan-Bataar",,,,
BX1912.85 .W35 1962,European and Classical Antiquity,,"Les cinq épîtres rimées dans l'appendice des formules de Sens (Codex Parisinus latinus 4627, fol",,,,
BQ4570.R44 R36 2013,"China, South Asia, & East Asia",,中国古代舍利瘗埋制度研究,,,,
DK508.425.S39 S56 1999,The Caucasus & The Western Steppe,,Скифы Северного Причерноморья в VII-IV вв,,,,
N7297.5.T72 Z44 1979,Central Asia & Siberia,,Амударьинский клад: каталог выставки,,,,
DS155 .G47,Ancient Western Asia,2025-12-18,Gephyra : Zeitschrift für Geschichte und Kultur der Antike auf dem Gebiet der heutigen Türkei = Günümüz Türkiyesiʼnin antik devirʼdeki tarihi ve kültürü için dergi.,,,,
DK34.C56 G48 1983,The Caucasus & The Western Steppe,,Le manuscrit R,,,,
DF261.B5 S26 2008,European and Classical Antiquity,,"The Sarakenos Cave at Akraephnion, Boeotia, Greece: the Neolithic and the Bronze Age: pottery analysis, cave occupation patterns and populations movements in central and southern Greece",,,,
DS325.T4 S35 1937. From the collection of David I. Owen,Ancient Western Asia,,"Excavations at Tepe Hissar, Damghan",,,,
PJ1551 .Y353 2003,Egypt & North Africa,,Zaubersprüche für Mutter und Kind: Papyrus Berlin 3027,,,,
CC51 .A75 1977 Non-circulating,Cross-Cultural Studies & Other,2011-03-07T00:00:00.000000,Archaeology and anthropology :,,,,
DS54.95.A43 H34 2017,Ancient Western Asia,,Alassa: excavations at the late Bronze Age sites of Pano Mantilaris and Paliotaverna 1984-2000,,,,
BX2435 .L45 1978,Egypt & North Africa,,"Désert et communion: témoignage des Pères du désert recueillis à partir des ""Paterica"" arméniens",,,,
DS70.5.G57 R49 2016,Ancient Western Asia,,For the gods of Girsu: city-state formation in ancient Sumer,,,,
P943 .H56 1987,Ancient Western Asia,,"Elamisches Wörterbuch, v",,,,
CC101.S65 G46 1982,The Caucasus & The Western Steppe,,Очерки по истории советской археологии: у истоков формирования марксистских теоретических основ советской археологии : 20-е--первая половина 30-х годов,,,,
QL41.A717 L538 2000,European and Classical Antiquity,,"Aristoteles, De Generatione Animalium, Buch V: Einleitung und Kommentar",,,,
PJ1135 .B49 2018,Egypt & North Africa,,Middle Egyptian,,,,
DS70.5.A7 M545 2017,Ancient Western Asia,,"Ausgrabungen in Assur: Wohnquartiere in der Weststadt, T",,,,
DS76 .C36 1951,Ancient Western Asia,,"Histoire de la dynastie des H'amdanides de Jazîra et de Syrie, t",,,,
DS796.S26 S664 2014,"China, South Asia, & East Asia",,"崧泽文化学术研讨会论文集, 2014",,,,
DS797.75.T357 J568 2016,"China, South Asia, & East Asia",,晋阳古城一号建筑基址,,,,
DS798.3 .M676 2016,Central Asia & Siberia,,"Монголын археологийн өв=Archaeological relics of Mongolia, v",,,,
PJ4055 .H57 1990,Ancient Western Asia,,Neo-Sumerian administrative texts of the Hirose Collection,,,,
N5310 .M84 1980,Cross-Cultural Studies & Other,,"Museum für Vor- und Frühgeschichte Berlin, Staatliche Museen Preussischer Kulturbesitz",,,,
GN799.R4 M57 2001,The Caucasus & The Western Steppe,,Mировоззрение дрeвнeгo нaселения Eвразииi: сбoрник статей,,,,
PA3343 .C65 2010,Egypt & North Africa,,"I papiri letterari cristiani: atti del Convegno internazionale di studi in memoria di Mario Naldini, Firenze, 10-11 giugno 2010",,,,
P945.A2 R674 2007,Ancient Western Asia,,Hethitische Texte in Transkription KBo 44,,,,
DS524 .M72 1872,"China, South Asia, & East Asia",,"Voyage dans les royaumes de Siam, de Cambodge, de Laos, et autres parties centrales de l'Indo-Chine: relation extraite du journal et de la correspondance de l'auteur",,,,
DS327 .I532 Non-circulating,Central Asia & Siberia,2012-04-18T00:00:00.000000,Information bulletin /,,,,
PJ2199 .S43 2006,Egypt & North Africa,,Papyrus British Museum 10808 and its cultural and religious setting,,,,
GT2850 .T34 1973,Cross-Cultural Studies & Other,,Food in history,,,,
PK6065 .I73 1977,Ancient Western Asia,,"Iranisches Personennamenbuch, Bd",,,,
NK5750.2.C62 N677 2016,"China, South Asia, & East Asia",,丝绸之路与玉文化研究= The research of Silk Road and jade culture,,,,
PJ5421 .K57 2013,Ancient Western Asia,,The new Syriac primer = Leshana Suryaya metul yalufa sharuya,,,,
DS338 .A84 1981 Non-circulating,"China, South Asia, & East Asia",2009-06-15T00:00:00.000000,South Asian archaeology 1981 :,,,,
GN58.I5 R37 1972,Ancient Western Asia,,"A study of the physical characteristics of the ancient inhabitants of Hasanlu, Iran",,,,
PJ1135 .A45 2014,Egypt & North Africa,,Middle Egyptian: an introduction to the language and culture of hieroglyphs,,,,
DS749.3 .S3 1967,"China, South Asia, & East Asia",,The vermilion bird : T'ang images of the South,,,,
DR296.C6 C36 1967,European and Classical Antiquity,,The Archaeological Museum of Constantza,,,,
DK509.3 .K75 1949,The Caucasus & The Western Steppe,,Бессарабский клад,,,,
Z3102.5 .W467 2015,"China, South Asia, & East Asia",,文字與解釋:學術交流會論文集,,,,
B128.H494 S86 2002,"China, South Asia, & East Asia",,《鶡冠子》硏究,,,,
DK511.C2 A678 2016,The Caucasus & The Western Steppe,,"VI ""Анфимовские чтения"" по археологии Западного Кавказа: Культурные взаимодействия народов Западного Кавказа в древности и средневековье",,,,
N7292 .A788 2005,Central Asia & Siberia,,"L'art d'Afghanistan de la préhistoire à nos jours: nouvelles données : actes d'une journée d'étude, UNESCO, 11 mars 2005",,,,
DS278 .M43 2010,Ancient Western Asia,,"Древний Иран накануне империй, IX-VI вв",,,,
PJ4053.H6 S54 1984,Ancient Western Asia,,"Neo-Sumerian account texts in the Horn Archaeological Museum, v",,,,
DS110.C15 L66 1985,Ancient Western Asia,,Recovering Capharnaum,,,,
DK34.S4 P36 1995,The Caucasus & The Western Steppe,,Памятники Евразии скифо-сарматской эпохи,,,,
DS54.3 .P63 2012,Ancient Western Asia,,PoCA (Postgraduate Cypriot Archaeology) 2012,,,,
BS1830.G4 A7 1956,Ancient Western Asia,,"‏מגילהחיצוניתלבראשיתממגילותמדבריהודה:‏ ‏תיאורהמגילהותוכנהפקסימילות,תעתיקותרגום(דפים(xxii-xix, ii /‏",,,,
DK509.3 .D47 1982,The Caucasus & The Western Steppe,,Материалы раскопок археологической экспедиции на Среднем Пруте: 1975-1976 гг,,,,
GT941 .D58 1989,European and Classical Antiquity,,Spätbronzezeitliche Frauentrachten in Griechenland: eine trachtenkundliche Untersuchung anhand der bildlichen Uberlieferung der Grabfunde und der schriftlichen Quellen,,,,
DS155 .B67 2017,Ancient Western Asia,,"Bordered places, bounded times: cross-disciplinary perspectives on Turkey",,,,
DK508.9.K78 O85 2006,The Caucasus & The Western Steppe,,От киммерийцев до крымчаков: народы Крыма с древнейших времен до конца ХVIII в,,,,
PJ1526.I33 I57 Suppl.:Heft 2 2009,Egypt & North Africa,,"""Habt Ehrfurcht vor der Gottheit NN"": die śnd̲-n-Hymnen in den ägyptischen Tempeln der griechisch-römischen Zeit",,,,
DK905 .A74 1978 Non-circulating,Central Asia & Siberia,2012-06-08T00:00:00.000000,Arkheologicheskie pami͡atniki Kazakhstana /,,,,
CJ335 .F7 1964,European and Classical Antiquity,,Die griechische Münze,,,,
G2230 .T5 1987,Egypt & North Africa,,The Times atlas of the Bible,,,,
DS72 .C73 2004. From the Library of David I. Owen,Ancient Western Asia,,Sumer and the Sumerians,,,,
DS741.3 .S6821,"China, South Asia, & East Asia",,Records of the Grand Historian,,,,
DT73.B44 O77 2016,Egypt & North Africa,,La tombe de Maiherperi (KV 36),,,,
NA5871.B37 H67 2015,The Caucasus & The Western Steppe,,Hoṙomos Monastery: art and history,,,,
CN415.M8 T36 2013,Ancient Western Asia,,Mysia'dan yeni epigrafik buluntular,,,,
NK7375.7.G4 L67 2015,The Caucasus & The Western Steppe,,ძველიქართულისამკაული= Ancient Georgian jewellery,,,,
CJ1229 .G77 1982,Ancient Western Asia,,Byzantine coins,,,,
DK508.95.P47 S56 1990,The Caucasus & The Western Steppe,,"Курган Переп""ятиха: до етнокультурної історії Дніпровського Лісостепового Правобережжя",,,,
DS69.1 .R4 1928 Bd.13-14,Ancient Western Asia,,Reallexikon der Assyriologie,,,,
P945.A2 G685 1930,Ancient Western Asia,,Verstreute Boghazköi-Texte,,,,
DS797.56.L583 L583 2016,"China, South Asia, & East Asia",,"溧阳神墩=Shendun site in Liyang,v",,,,
DK651.G4 O53 1980,The Caucasus & The Western Steppe,,"Архаический Торик, античный город на северо-востоке Понта",,,,
DS111.7 .D48 2017,Ancient Western Asia,,Zauber und Magie im antiken Palästina und in seiner Umwelt: Kolloquium des Deutschen Vereins zur Erforschung Palästinas vom 14,,,,
DS748.6 .W4 1947,"China, South Asia, & East Asia",,The Grand Empress Dowager Wên Ming and Northern Wei necropolis at Fang Shan,,,,
DS54.6 .K67 2017,Ancient Western Asia,,Die zyprischen Königtümer im Schatten der Grossreiche des vorderen Orients: Studien zu den zyprischen Monarchien vom 8,,,,
DJK24 .A75 v.44:no.3 (2016),Central Asia & Siberia,,"Archaeology, ethnology & anthropology of Eurasia, vol",,,,
PN2160 .C68 1931,European and Classical Antiquity,,Le théâtre à Byzance,,,,
PJ3126.B54 S89 2007,Ancient Western Asia,,Studies presented to Robert D,,,,
DS281 .W43 1996,Ancient Western Asia,,Das Reich der Achaimeniden: eine Bibliographie,,,,
CN410 .M37 2016,Ancient Western Asia,,"Epigraphische Forschungen in Bithynien, Paphlagonien, Galatien und Pontos",,,,
DK511.O75 S66 2008,The Caucasus & The Western Steppe,,Сокровища сарматских вождей: материалы раскопок Филипповских курганов = Treasures of Sarmatian rulers : materials of excavation of Fillipovka burial groud,,,,
BT23 .A37 1985,European and Classical Antiquity,,After Chalcedon: studies in theology and church history offered to Professor Albert Van Roey for his seventieth birthday,,,,
PA3341 .M66 1998,Egypt & North Africa,,Scripta selecta,,,,
BS2860.J7 G4 1951,European and Classical Antiquity,,Die Geschichte von Joseph dem Zimmermann,,,,
HD9539.C7 T946 1996,Ancient Western Asia,,The old Assyrian copper trade in Anatolia,,,,
DS797.88.X536 K84 2014,"China, South Asia, & East Asia",,跨湖桥独木舟遗址原址保护,,,,
PA6516 .E5 1971,European and Classical Antiquity,,Lives of famous men (de viris illustribus),,,,
CJ833 .B87 1987,European and Classical Antiquity,,Coinage in the Roman world,,,,
PJ1430 .E62 1961,Egypt & North Africa,,Ägyptisches Handwörterbuch,,,,
DS122.8 .A55 1964,Ancient Western Asia,,"The treasure of the Copper scroll: the opening and the decipherment of the most mysterious of the Dead Sea Scrolls, a unique inventory of buried treasure, with some of the results of a survey carried out on the treasure sites in the Holy Land",,,,
GN855.C6 A527 1962,Central Asia & Siberia,,Монгольский археологический сборник: посвящается славному XL-летию Монгольской Народной Республики,,,,
BS1505 .L4 1939,Ancient Western Asia,,The prophets tell their own story,,,,
PJ5421 .H355 2016,Ancient Western Asia,,"Basics of Classical Syriac: complete grammar, workbook, and lexicon",,,,
TN645.C5 L518 2012,"China, South Asia, & East Asia",,李京华考古文集,,,,
DF261.B7 A77 2017,The Caucasus & The Western Steppe,,Артефакты и сакральное в истории Боспора: коллективная монография,,,,
DK508.9.I25 P65 1997,The Caucasus & The Western Steppe,,Скифские курганы Утлюкского междуречья: в Северо-западном Приазовье,,,,
NA5943 .H6 1963,European and Classical Antiquity,,Early Byzantine churches in Macedonia and southern Serbia: a study of the origins and the initial development of East Christian art,,,,
BQ244.T8 B56 2016,"China, South Asia, & East Asia",,濱田德海蒐藏敦煌遺書,,,,
NB1043.3 .F455 1958,"China, South Asia, & East Asia",,四川邛崃唐代龙兴寺石刻,,,,
PJ1681.W4 B37 2017,Egypt & North Africa,,"Le récit du Papyrus Westcar: texte, traduction, interprétation",,,,
PJ1871 .L5 1983,Egypt & North Africa,,Late Egyptian wisdom literature in the international context: a study of demotic instructions,,,,
DS56 .R43 2012,Ancient Western Asia,,"(Re-)constructing funerary rituals in the ancient Near East: proceedings of the first international symposium of the Tübingen Post-Graduate School ""Symbols of the Dead"" in May 2009",,,,
BF1714.H5 R35 1967,"China, South Asia, & East Asia",,Fundamentals of astrology,,,,
P945.A2 G76339 2004,Ancient Western Asia,,Hethitische Texte in Transkription KBo 39,,,,
DS796.H832 X56 2015,"China, South Asia, & East Asia",,荥阳官庄遗址= Xingyang Guanzhuang site,,,,
NA1546.C46 W87 2013,"China, South Asia, & East Asia",,巫山大昌古镇=Dachang town in Wushan county,,,,
PA3339 .P34 t.24 1990,Egypt & North Africa,,Corpus des ordonnances des Ptolémées (C,,,,
DS115.9.J6 C66 2016,Ancient Western Asia,,A companion to Josephus,,,,
CC135 .D68 1970 Non-circulating,Cross-Cultural Studies & Other,2012-02-07T00:00:00.000000,Conservation in field archaeology /,,,,
DT62.O2 P45 2016,Egypt & North Africa,,"The Philae obelisk: tales from Egypt, Dorset and outer space",,,,
DA685.C8 H69 2004,European and Classical Antiquity,,"Roman and medieval Cripplegate, City of London: archaeological excavations, 1992-8",,,,
DS797.72.L55 L435 2015,"China, South Asia, & East Asia",,临朐白龙寺遗址发掘报告,,,,
CD5205 .A63 1979,Ancient Western Asia,,Habib Anavian collection: ancient Near Eastern cylinder and stamp seals from the early 6th millennium B,,,,
DS71 .P65 1999,Egypt & North Africa,,Ancient Mesopotamia: the Eden that never was,,,,
GN766 .B78 1978,Central Asia & Siberia,,"Искусство доклассового общeства: (пaлeолит, мезолит, неолит)",,,,
BM487 .A1 1961 v. 1-2. From the Library of David I. Owen,Ancient Western Asia,,Les grottes de Murabbaʻât,,,,
HE365.T94 C36 1977,Ancient Western Asia,,Das byzantinische Strassensystem in Kappadokien: mit 114 Abb,,,,
P945 .S65 Heft 32,Ancient Western Asia,,Das hurritische Epos der Freilassung I,,,,
DK508.3 .D819 1982,The Caucasus & The Western Steppe,,Дрeвнoсти Стeпнoгo Пoднeпрoвья: III-I тыс,,,,
DS54.95.P34 K369 2016,Ancient Western Asia,,Palaepaphos-Skales: tombs of the late Cypriote IIIB and Cypro-geometric periods (excavations of 2008 and 2011),,,,
CJ208 .C65 1988,European and Classical Antiquity,,Coins and the archaeologist,,,,
DK511.C37 V57 1980,The Caucasus & The Western Steppe,,"Врeмя, гoры, люди: книга очерков и краеведческих рeпoртажей",,,,
BF1674 .U6 1923,Ancient Western Asia,,Das wiedergefundene Paradies: (Mit 4 Abbildungen des Paradieses),,,,
DK511.U7 M395 1977 Non-circulating,The Caucasus & The Western Steppe,2008-07-26T00:00:00.000000,I͡Uzhnyĭ Ural v VII-XIV vv. /,,,,
DS110.J4 I58 2005,Ancient Western Asia,,"Tell es-Sultan--Jericho in the Context of the Jordan Valley: Site Management, Conservation, and Sustainable Development",,,,
TC416 .G74 2018,European and Classical Antiquity,,Great waterworks in Roman Greece: aqueducts and monumental fountain structures : function in context,,,,
DS558.A6 M3 1928,"China, South Asia, & East Asia",,"Guide archéologique aux temples d'Angkor: Angkor Vat, Angkor Thom et les monuments du petit et du grand circuit",,,,
NB91.C43 A57 1976,The Caucasus & The Western Steppe,,Античная скульптура Херсонеса,,,,
DS111.7 .A52 1993. From the Library of David I. Owen,Ancient Western Asia,,Ancient churches revealed,,,,
GN772.22.U38 D74 1977,The Caucasus & The Western Steppe,,Древности Поингулья,,,,
DS156.A7 A388 2015,Ancient Western Asia,,A terracotta treasure at Assos,,,,
DK34.S4 E73 1985,The Caucasus & The Western Steppe,,Скифские памятники Закавказья,,,,
DS798.9.O75 M66 2005,"China, South Asia, & East Asia",,Moğolistan'daki Türk anıtları projesi 2003 yılı çalışmaları,,,,
HC34 .C67 2005,Ancient Western Asia,,Prebende templari in età seleucide,,,,
DK511.C1 D65 1984 Non-circulating,The Caucasus & The Western Steppe,2013-01-16T00:00:00.000000,Drevni͡ai͡a khudozhestvennai͡a bronza Kavkaza v sobranii Gosudarstvennogo Ėrmitazha /,,,,
N7260 .P35 2003,"China, South Asia, & East Asia",,"Asian art at the Norton Simon Museum, v",,,,
NK7907 .G67 1973,Central Asia & Siberia,,Aнтичная худoжeствeнная брoнзa: кaтaлoг выставки,,,,
DK508.3 .N44 1977,The Caucasus & The Western Steppe,,Некоторые вопросы археологии Украины: сборник статей,,,,
GN803 .V67 1976,The Caucasus & The Western Steppe,,Восточная Европа в эпоху камня и бронзы: [Сборник статей],,,,
DF261.B7 Z28 2013,Central Asia & Siberia,,Боспорские фиасы: между полисом и монархией,,,,
CC136 .N38 1995 Non-circulating,Cross-Cultural Studies & Other,2012-09-04T00:00:00.000000,"Nationalism, politics, and the practice of archaeology /",,,,
N5330 .P4 1882,European and Classical Antiquity,,"Histoire de l'art dans l'antiquité, t",,,,
GN780.22.S55 R36 1984,The Caucasus & The Western Steppe,,Ранний железный век Северо-Западного Причерноморья,,,,
DF221.T5 D48 1971,European and Classical Antiquity,,"Tiryns: Forschungen und Berichte, Bd",,,,
N8193.C6 J34 1996,"China, South Asia, & East Asia",,A guide to the tomb and shrine art of the Han dynasty 206 B,,,,
BL1060 .R4395,Egypt & North Africa,,Religionsgeschichte des Alten Orients,,,,
N5771 .F75 1965,European and Classical Antiquity,,La Villa dei Misteri a Pompei,,,,
GN780.22.U38 T66 2007,The Caucasus & The Western Steppe,,Крым в эпоху бронзы,,,,
BR161 .M525 1963,Ancient Western Asia,,"Chronique de Michel le Syrien, Patriarche Jacobite d'Antioche (1166-1199), t",,,,
DT159.6.N83 B45 1988,Egypt & North Africa,,Eгиптяне в Нубии: III-II тысячелетия дo н,,,,
CB311 .C736 1988 Non-circulating,Cross-Cultural Studies & Other,2015-03-06T00:00:00.000000,The Collapse of ancient states and civilizations /,,,,
BL1671 .G37 2014,Ancient Western Asia,,Il poema di Baal di Ilumilku,,,,
DK34.S4 M37 1986,The Caucasus & The Western Steppe,,История и палеоантропология скифо-сибирского мира: учебное пособие,,,,
NB1912.B83 Z444 2016,"China, South Asia, & East Asia",,敦煌石窟彩塑艺术概论,,,,
DK508.3 .I57 1972,The Caucasus & The Western Steppe,,"Матеріали ХІІІ конференціі Інституту археолоґії АН УРСР: присвіаченої 50-річчю Академії наук Українької РСР, Київ, 1968 р",,,,
BS2555.52 .C473 2016,Ancient Western Asia,,Early christian gospels: their production and transmission,,,,
PA3342 .S8 1964,Egypt & North Africa,,Studien zur Papyrologie und antiken Wirtschaftsgeschichte: Friedrich Oertel zum achtzigsten Geburtstag gewidmet,,,,
N5770 .T44 1906,European and Classical Antiquity,,Pompéi,,,,
P958 .D54 2010,Ancient Western Asia,,Der hurritische Brief des Dušratta von Mīttānni an Amenḫotep III,,,,
DK651.M17 M25 1991,The Caucasus & The Western Steppe,,"Майкопский феномен в древней истории Кавказа и Восточной Европы: международный симпозиум, Новосибирск, 18-24 марта 1991 г",,,,
P950 .P56 2003,Ancient Western Asia,,Einführung ins Hieroglyphen-Luwische,,,,
NK7983.A3 H857 2014,"China, South Asia, & East Asia",,"Дрeвний Kитaй: ритуaл и mузыка, бронзa и лaки из собрания музея провинции Хубей",,,,
DK34.S4 S534 1987,Central Asia & Siberia,,Скифо-сибирский мир: искусство и идеология,,,,
DF261.B7 M38 1990,European and Classical Antiquity,,Население Боспорского государства в первых веках н,,,,
DS62 .S8 1941,Ancient Western Asia,,История древнего Востока,,,,
JC323 .F73 1993,Cross-Cultural Studies & Other,,La frontière: séminaire de recherche,,,,
CD5344 .T44 1984. From the Library of David I. Owen,Ancient Western Asia,,Ancient Near Eastern cylinder seals from the Marcopoli collection,,,,
BQ6345.F842 F393 2014,"China, South Asia, & East Asia",,Secrets of the fallen pagoda: the Famen temple and Tang Court culture,,,,
DF287.A2 P3 1978,European and Classical Antiquity,,Die Akropolis: Denkmäler und Museum,,,,
CC97.R9 S47 2014,Central Asia & Siberia,,Всероссийские археологические съезды как форма организации отечественной археологической науки во второй половине ХIХ--начале ХХ вв,,,,
GN824.K38 B676 2013,Central Asia & Siberia,,Aрхеологические пaмятники горной дoлины нижней Kaтуни в эпоху пaлeoметалла,,,,
DS186 .T4713,The Caucasus & The Western Steppe,,The Arab emirates in Bagratid Armenia,,,,
DS747.9.Q254 D834 2011,"China, South Asia, & East Asia",,秦始皇帝陵园考古研究,,,,
DS797.52.Y586 H86 2016,"China, South Asia, & East Asia",,益阳罗家嘴楚汉墓葬,,,,
DS155 .B448 2016,European and Classical Antiquity,,Between Tarhuntas and Zeus Polieus: cultural crossroads in the temples and cults of Graeco-Roman Anatolia,,,,
DS111 .A74 1974,Egypt & North Africa,,Archaeology,,,,
GN778.32.A783 B76 1981 Non-circulating,Central Asia & Siberia,2009-05-01T00:00:00.000000,The Bronze Age civilization of Central Asia :,,,,
DS26 .S53 2015,Central Asia & Siberia,,"Происхождение уйгуров, ойратов (калмыков) и других телэских племен XVIII в",,,,
DF501 .T33 Bd.12 2008,European and Classical Antiquity,,Ostthrakien (Eurōpē),,,,
DS110.D53 L36 1966,Egypt & North Africa,,The Dhahr Mirzbâneh tombs: three intermediate bronze age cemeteries in Jordan,,,,
DK511.T65 P64 1984,The Caucasus & The Western Steppe,,Закавказье и его связи с Передней Азией в скифское время,,,,
DS793.S62 S548 2015,"China, South Asia, & East Asia",,丝绸之路西域文明,,,,
DS56 .Z45 Bd.1 (2008)-Bd.3 (2010),Ancient Western Asia,,"Zeitschrift für Orient-Archäologie,Bd",,,,
HD2346.C6 M34 1997,"China, South Asia, & East Asia",,敦煌工匠史料,,,,
NK4165 .H65 1982,"China, South Asia, & East Asia",,The art of the Chinese potter: an illustrated survey,,,,
DK511.O75 E88 2011 Non-circulating,The Caucasus & The Western Steppe,2013-05-01T00:00:00.000000,Estestvenno-nauchnye metody v izuchenii Filippovskogo 1 mogilʹnika :,,,,
DK511.C2 A67 1989,The Caucasus & The Western Steppe,,Хронология древностей Северного Кавказа V-VII вв,,,,
GN776.2.C83 Z335 1980,The Caucasus & The Western Steppe,,Поселение Бернашевка на Днестре: К происхождению трипольской культуры,,,,
ND2848 .C45 1995,"China, South Asia, & East Asia",,中國唐墓壁畫集=A collection of China's Tang dynasty frescoes,,,,
G2230 .H3 1990,Egypt & North Africa,,Atlas of the Bible lands,,,,
P945.A2 G7642 2004,Ancient Western Asia,,Hethitische Texte in Transkription KUB 20,,,,
DA690.S13 F7 1972 v.3,European and Classical Antiquity,,"Verulamium excavations, vol",,,,
DS786 .T49 1968,"China, South Asia, & East Asia",,Tibet,,,,
DS797.68.X536 Q255 2015,"China, South Asia, & East Asia",,"千年一诺:西安丝绸之路申遗实录, v",,,,
DK908.6 .T74 2014 Non-circulating,Central Asia & Siberia,2015-03-09T00:00:00.000000,An illustrated history of Kazakhstan :,,,,
DS797.32.R69 H83 2015,"China, South Asia, & East Asia",,南越国考古学研究,,,,
PA3343 .V47 1997,Egypt & North Africa,,"Menches, komogrammateus of Kerkeosiris: the doings and dealings of a village scribe in the late Ptolemaic period (120-110 B",,,,
ND2930 .V55 1980,European and Classical Antiquity,,Gifts from the Byzantine court: three illuminated manuscript leaves at Dumbarton Oaks : [an exhibition held at Dumbarton Oaks from] Feb,,,,
DF521 .L68 1988,European and Classical Antiquity,,Byzantium,,,,
P945 .S65 Heft 29,Ancient Western Asia,,Hittite birth rituals,,,,
DS70.5.N9 S88 v.18 2009,Ancient Western Asia,,General studies and excavations at Nuzi 11/2: in honor of David I,,,,
DF221.T8 R67 2014,European and Classical Antiquity,,The archaeology of Greek and Roman Troy,,,,
NB1912.B83 Y86 1977,"China, South Asia, & East Asia",,The Yunkang caves=云冈石窟,,,,
NK4165.2 .J33 2013,"China, South Asia, & East Asia",,Celestial horses & long sleeve dancers: the David W,,,,
DK508.9.B57 V58 2003,Central Asia & Siberia,,Причерноморские амфоры I в,,,,
HF368 .M67 1997,Egypt & North Africa,,Trade and finance in ancient Mesopotamia: proceedings of the First MOS Symposium (Leiden 1997),,,,
NK1175 .R513 1993,Cross-Cultural Studies & Other,,Problems of style: foundations for a history of ornament,,,,
PJ1681.P75 V85 2016,Egypt & North Africa,,Un rituel osirien en faveur de particuliers à l'époque ptolemaique: Papyrus Princeton Pharaonic Roll 10,,,,
Z7016 .J4 2006,European and Classical Antiquity,,Classical studies: a guide to the reference literature,,,,
DK508.9.D64 K89 1984,The Caucasus & The Western Steppe,,Сeвeр Стeпнoгo Пoднeпрoвья в энеoлитe--бронзoвoм веке,,,,
CJ3194 .M55 1954,European and Classical Antiquity,,Coins of the Spanish-Mulūk al-Tawāi̓f,,,,
GN776.22.U35 T56 1962,The Caucasus & The Western Steppe,,З глибини віків: племена кам’яного віку на Україні (6000- 4000 років тому),,,,
DF221.C8 K66 1990,European and Classical Antiquity,,"Kommos: an excavation on the south coast of Crete, v",,,,
NK7983.A1 Z43 1973,"China, South Asia, & East Asia",,西周重器毛公鼎:駁論澳洲巴納博士誣偽之說,,,,
Z232.S766 M36 2003,European and Classical Antiquity,,"La stamperia reale di Napoli, 1748-1860",,,,
DS715 .S475 1982,"China, South Asia, & East Asia",,陕西省考古学會第一届年会论文集,,,,
CS3070 .H48 1938,Egypt & North Africa,,Die Kopten,,,,
DK30 .A1733,The Caucasus & The Western Steppe,,"Советская археология, 1984",,,,
N2932 .S4 1918,European and Classical Antiquity,,Museo di Villa Giuli,,,,
PL2448 .P45 1985,"China, South Asia, & East Asia",,北京图书馆藏青铜器铭文拓本选编,,,,
GN824.T7 P5 1949,The Caucasus & The Western Steppe,,Археология Закавказья: с древнейших времен до I тысячелетия до н,,,,
DF221.C8 P62 1966,European and Classical Antiquity,,Crete,,,,
DR39 .V78 1985,European and Classical Antiquity,,"Втори висш семинар Древност и съвремие: IV курс история, 1982-1983 и 1983-1984 учебни години",,,,
DS155 .P55,European and Classical Antiquity,2025-12-18,Philia : International journal of ancient Mediterranean studies.,,,,
DT60 .A3495 2004,Cross-Cultural Studies & Other,,Aegyptus et Pannonia III: acta symposii anno 2004,,,,
PJ1531 .E3514,Egypt & North Africa,,Le décret d'Horemheb,,,,
GN739 .H38 1974b Non-circulating,Cross-Cultural Studies & Other,2013-05-06T00:00:00.000000,Atlas of ancient archaeology /,,,,
G7451.F7 1975 .C9. From the Library of David I. Owen,Ancient Western Asia,,Survey of Cyprus administration & road map,,,,
DF521 .I58 2001,European and Classical Antiquity,,"Pré-actes: XXe Congrès international des études byzantines, Collège de France-Sorbonne, 19-25 août 2001, v",,,,
BX103.3 .B74 2017,Ancient Western Asia,,Le monde syriaque: sur les routes d'un christianisme ignoré,,,,
GN799.P4 M28 2006,The Caucasus & The Western Steppe,,Наскальные изображения предгорий Дагестана,,,,
DS565 .S5 1884,"China, South Asia, & East Asia",,Siam and Laos as seen by our American missionaries: fully illustrated,,,,
GT3170 .D555 2016,Cross-Cultural Studies & Other,,"Dining and death: interdisciplinary perspectives on the 'Funerary Banquet' in ancient art, burial and belief",,,,
DS156.I58 O98 1988,Ancient Western Asia,,İnandıktepe: eski Hitit çağında önemli bir kült merkezi = An important cult center in the old Hittite period,,,,
DK511.D2 M344 2015,The Caucasus & The Western Steppe,,Страна maскутов в Зaпaдном Прикаспии: курганные могильники Прикаспийского Дaгестана III-V вв,,,,
NK1483.A1 L44 1979,"China, South Asia, & East Asia",,中国图案作法初探,,,,
PJ3151 .O53 2008,Ancient Western Asia,,Old Assyrian studies in memory of Paul Garelli,,,,
DT367.65 .M36 1996,Egypt & North Africa,,Culture ed ambiente: l'Africa nord-orientale nei dati archeologici e nella letteratura geografica ellenistica,,,,
DS375.A95 F68 1973 t.5-7 & t.9,Central Asia & Siberia,,"Fouilles d'Aï Khanoum,t",,,,
PL2658.E3 F7 1967,"China, South Asia, & East Asia",,"An anthology of Chinese verse: Han, Wei, Chin and the Northern and Southern dynasties;",,,,
CN350 .D52 1960,European and Classical Antiquity,,"Sylloge inscriptionum Graecarum, v",,,,
PJ3225 .U656 1997,Ancient Western Asia,,L'uomo cominciò a scrivere: iscrizioni cuneiformi della collezione Michail,,,,
CJ937 .T48 1979,European and Classical Antiquity,,Italian cast coinage: a descriptive catalogue of the primitive cast bronze money of ancient Rome and her dependencies,,,,
CB351 .R462 1965,European and Classical Antiquity,,The Dark Ages: the making of European civilization,,,,
DS797.22.L58 S583 2016,"China, South Asia, & East Asia",,"双龙机床厂墓群发掘报告, v",,,,
BR185 .F35 2015,Ancient Western Asia,,Christian origins in Ephesus and Asia Minor,,,,
BV761 .A435 1924,European and Classical Antiquity,,"The liturgy of the eighth book of ""The Apostolic Constitutions"": commonly called the Clementine liturgy",,,,
DS715 .W354 2016,"China, South Asia, & East Asia",,"王大户与九龙山:北方青铜文化墓地,=Wangdahu and Jiulongshan : a cemetery of northern bronze culture,v",,,,
NK1069.S44 W8 1993,"China, South Asia, & East Asia",,物華天寶:唐代貴族的物質生活,,,,
DS796.S85 W8 2016,"China, South Asia, & East Asia",,吴珍撷粹:苏州市第一次全国可移动文物普查精品选录,,,,
DS99.Q35 A68 2012,Ancient Western Asia,,"Al-Hadir: étude archéologique d'un hameau de Qinnasrin (Syrie du Nord, VIIe-XIIe siècles)",,,,
PJ3014 .D3 1965,Ancient Western Asia,,Ugaritic-Hebrew philology: marginal notes on recent publications,,,,
DK511.C7 D64 1969,The Caucasus & The Western Steppe,,Дорогой тысячелетий: очерки о древнем Крыме,,,,
CJ590 .C33 1896,Ancient Western Asia,,Numismatique des Danichmendites,,,,
DK857 .T84 1990,Central Asia & Siberia,,Центральная Азия и соседние территории в средние века: сборник научных трудов,,,,
DK34.S3 V45 2004,The Caucasus & The Western Steppe,,Вiд Kiммeрiï дo Сaрмaтiï: 60 рoкiв вiддiлу скiфo-сaрмaтскоï aрхeoлoгiï : (мaтeрiали мiжнародноï нaуковоï кoнфeрeнцiï,,,,
RA607 .S26 2015,Cross-Cultural Studies & Other,,"Sanitation, latrines and intestinal parasites in past populations",,,,
BS192.2.A1 1964,Ancient Western Asia,,Habakkuk: a new translation with introduction and commentary,,,,
N7170 .D422 2009,Ancient Western Asia,,De Byzance à Istanbul: un port pour deux continents : album de l'exposition,,,,
NK7983.A1 J523 2016,"China, South Asia, & East Asia",,吉金萃影:贾氏珍藏青铜器老照片,,,,
CJ3496 .C6 1965,"China, South Asia, & East Asia",,Coins in China's history,,,,
DS51.H6 O93 1958,Ancient Western Asia,,Horoztepe: eski tunç devri mezarliği ve iskân yeri = an early Bronze Age settlement and cemetery,,,,
NK7983.22 .B95 1989,"China, South Asia, & East Asia",,Ancient Chinese inlaid bronzes: late Warring States - early Western Han periods,,,,
DG259 .G35 2014,European and Classical Antiquity,,Catiline: the monster of Rome : an ancient case of political assassination,,,,
NK1068 .A724 1994,"China, South Asia, & East Asia",,"Archaic Chinese bronzes, jades and works of art: June 1 to 25, 1994",,,,
NB1912.B83 Z475 2001,"China, South Asia, & East Asia",,"中国青州石雕=Statues of Buddha, Qingzhou, China",,,,
DK508.95.O43 B85 1991,The Caucasus & The Western Steppe,,Фортификация Ольвийского государства: первые века нашей эры,,,,
N7326 .A73 1993,"China, South Asia, & East Asia",,Art of Indonesia,,,,
DK34.C57 N3 1939,The Caucasus & The Western Steppe,,Origines des Circassiens,,,,
Z6207.B9 A7 1950,European and Classical Antiquity,,"Dix années d'études byzantines: bibliographie internationale, 1939-1948",,,,
BL1616.E54 E87 2015,Ancient Western Asia,,The god Enki in Sumerian royal ideology and mythology,,,,
Z115.A1 T6 1914,Ancient Western Asia,,Specimina codicum orientalium,,,,
PJ3791 .K64 2000,Ancient Western Asia,,"Babylonian liver omens: the chapters Manzāzu, Padānu and Pān tākalti of the Babylonian extispicy series mainly from Aššurbanipal's library",,,,
CB311 .B73 1952 Non-circulating,Ancient Western Asia,2014-06-10T00:00:00.000000,The Near East and the foundations for civilization :,,,,
NB1912.B83 B55 1998,"China, South Asia, & East Asia",,炳灵寺石窟,,,,
NK4645 .V46 2003,The Caucasus & The Western Steppe,,Античные расписные вазы из крымских музеев = Ancient painted vases from the collections of the Crimean museums,,,,
GN778.22.E852 M49 2001,The Caucasus & The Western Steppe,,"Бронзовый век Восточной Eвропы: характеристика культур, хронология и периодизация : материалы международной научной конференции ""К стoлетию периодизации В",,,,
DS96 .S59 2014,Ancient Western Asia,,Poderes colectivos en la Siria del Bronce Final,,,,
NA497.I75 H4715 1986. From the Library of David I. Owen,Ancient Western Asia,,Das Stadttor in Israel und in den Nachbarländern,,,,
DA145 .J58 1994,European and Classical Antiquity,,Roman villas,,,,
PJ4075 .N4 1914,Ancient Western Asia,,Sumerian records from Drehem,,,,
PJ4053.G46 T4 1983. From the library of David I. Owen,Ancient Western Asia,,Textes économiques néo-sumériens de l'Université de Syracuse,,,,
DK508.9.K78 K47 2004 Non-circulating,The Caucasus & The Western Steppe,2014-03-04T00:00:00.000000,Lapidarnai͡a kollekt͡sii͡a :,,,,
DS33.1 .W48 1999,Central Asia & Siberia,,Life along the Silk Road,,,,
DS72 .F57 2017,Ancient Western Asia,,The first ninety years: a Sumerian celebration in honor of Miguel Civil,,,,
CB478 .W67 2009,European and Classical Antiquity,,Authorial voices in Greco-Roman technical writing,,,,
DK509 .A725 2004,The Caucasus & The Western Steppe,,Aрхeoлoгичeские пaмятники раннeгo жeлeзнoгo вeкa Юга России: сбoпник статей,,,,
DS33.5 .I78 1984,Ancient Western Asia,,Источниковедение истории Древнего Востока,,,,
DK508.9.B57 M38 1983,The Caucasus & The Western Steppe,,Материалы по археологии Северного Причерноморья: сборник научных трудов,,,,
NA223 .B69 1987,Egypt & North Africa,,Das hethitische Lehmhaus aus der Sicht der Keilschriftquellen,,,,
DK511.C7 S47 1978,The Caucasus & The Western Steppe,,Северо-Западный Крым в античную эпоху,,,,
PA4494 .D414 2017,European and Classical Antiquity,,Constitution des Athéniens,,,,
PJ1559.L7 A77 2002,Egypt & North Africa,,"Altägyptische Totenliturgien, Bd",,,,
DS155 .A73 2015,Ancient Western Asia,,Archaeology of Anatolia: recent discoveries (2011-2014) Volume I,,,,
PJ3545 .S29 2016,Ancient Western Asia,,Die assyrischen Königstitel und -epitheta: von den Anfängen bis zu Tukulti-Ninurta I,,,,
PL2447 .I93 2016,"China, South Asia, & East Asia",,ソグド人墓誌研究,,,,
CJ59 .C75 1990,Cross-Cultural Studies & Other,,The coin atlas: the world of coinage from its origins to the present day,,,,
DS748.6 .H65 1994,"China, South Asia, & East Asia",,In the shadow of the Han: literati thought and society at the beginning of the Southern dynasties,,,,
CC115.T47 A3 2006,The Caucasus & The Western Steppe,,"Из жизни Алексея Тереножкина: написано его рукой, собрано его сыном",,,,
GN824.U6 B4 1974,The Caucasus & The Western Steppe,,Пустынка: поселение эпохи бронзы на Днепре,,,,
DK508.95.P53 B33 2005,The Caucasus & The Western Steppe,,Песочинский курганный могильник скифского времени,,,,
CB311 .J64 Non-circulating,"China, South Asia, & East Asia",2013-05-08T00:00:00.000000,Journal of ancient civilizations.,,,,
DS797.28.L529 Q268 2015,"China, South Asia, & East Asia",,秦韵:大堡子山出土文物精粹= The charm of Qin: gems of cultural relics unearthed from Dabuzi Hill,,,,
GN824.D63 A721 1983,The Caucasus & The Western Steppe,,Археологические памятники лесостепного Подонья и Поднепровья И тысячелетия н,,,,
DK679.28 .K33 1966,The Caucasus & The Western Steppe,,Tбилиси Teлaви,,,,
BL2450.T43 A38 2017,Egypt & North Africa,,"Der ägyptische Tempel als ritueller Raum: Theologie und Kult in ihrer architektonischen und ideellen Dimension : Akten der internationalen Tagung, Haus der Heidelberger Akademie der Wissenschaften",,,,
PA4390 .P3 1967 v.1-3,European and Classical Antiquity,,Pollucis Onomasticon,,,,
GN780.22.U38 K65 2000,The Caucasus & The Western Steppe,,Киммерийцы и скифы Степного Крыма: подкурганные погребения Степного Крыма начала железного века,,,,
GN776.32.S95 R66 1986,Ancient Western Asia,,Le mobilier en pierre de Bouqras: utilisation de la pierre dans un site néolithique sur le Moyen Euphrate (Syrie),,,,
PA6156.C3 C42 2016,European and Classical Antiquity,,Civil war,,,,
N7301 .M836 1992,"China, South Asia, & East Asia",,"L'Inde et le monde indianisé au Musée national des arts asiatiques, Guimet",,,,
DS56 .W75 1992,Ancient Western Asia,,Obiter dicta,,,,
CJ536.V4 W55 1992,European and Classical Antiquity,,The silver coinage of Velia,,,,
DS80.3 .M38,Ancient Western Asia,2025-12-15,Archaeology & history in Lebanon : AHL.,,,,
DS59.L86 Z36 2016,Ancient Western Asia,,The Luwian civilization: the missing link in the Aegean Bronze Age,,,,
CC101.R8 V45 2009,Central Asia & Siberia,,"Век железный, век каменный-: очерки становления и развития археологических исследований в Тюменском университете",,,,
PJ1526.M3 T454 2007,Egypt & North Africa,,"Ptolémée Philadelphe et les prêtres d'Atoum de Tjékou: nouvelle édition commentée de la ""stèle de Pithom"" (CGC 22183)",,,,
N6250 .V67 1988,The Caucasus & The Western Steppe,,Вoсточное Средиземноморье и Kaвказ IV-XVI вв,,,,
DK508.9.K78 G87 2016,The Caucasus & The Western Steppe,,"Некрополь римского времени Бельбек IV в Юго-Западном Крыму, ch",,,,
DS156.A556 M43 1964,Ancient Western Asia,,Expédition archéologique dans l'Antiochène occidentale,,,,
DS154.9.A4 P7 1961,Ancient Western Asia,,The water system of Gibeon,,,,
PJ3721.M3 H45 2003,Ancient Western Asia,,"Letters to the king of Mari: a new translation, with historical introduction, notes, and commentary",,,,
DK30 .A1733,The Caucasus & The Western Steppe,,"Российская археология, 2017:no",,,,
CC80.6 .O77 1982 Non-circulating,Cross-Cultural Studies & Other,2015-11-25T00:00:00.000000,Mathematics in archaeology /,,,,
DS56 .R46 1992,Ancient Western Asia,,"Assyrien im Wandel der Zeiten: XXXIXe Rencontre assyriologique internationale, Heidelberg, 6",,,,
DT85 .S48 1905,Egypt & North Africa,,Beiträge zur ältesten geschichte Ägyptens,,,,
DS797.44.L869 M45 2005,"China, South Asia, & East Asia",,魅力洛阳:河洛地区文物考古成果精华,,,,
DS51.T2 E79 1943 Non-circulating,The Caucasus & The Western Steppe,2013-11-01T00:00:00.000000,Tarsus kılavuzu /,,,,
NK7983.A1 L78 2016,"China, South Asia, & East Asia",,考古图:外五种,,,,
PJ1201 .D47 2008,Egypt & North Africa,,The other mathematics: language and logic in Egyptian and in general,,,,
N6260 .E79 2001. From the Library of Nina Garsoïan,Ancient Western Asia,,"Islamic art and architecture, 650-1250",,,,
PJ1501 .A16 2016,Egypt & North Africa,,À l'école des scribes: les écritures de l'Égypte ancienne,,,,
DS797.52.M393 H86 2008,"China, South Asia, & East Asia",,马王堆汉墓:古长沙国的艺术与生活,,,,
PA4004 .H4723 2023,European and Classical Antiquity,2025-12-15,Herodotean soundings : the Cambyses Logos /,,,,
GN778.22.R9 R45 2017,The Caucasus & The Western Steppe,,Landschaftsarchäologie im Nordkaukasus: Studien zu einer neu entdeckten bronzezeitlichen Kulturlandschaft im Hochgebirge des Nordkaukasus,,,,
DS99.M3 G85 2014,Ancient Western Asia,,L'épopée de Zimrī-Lîm,,,,
N7340 .A724 1969,"China, South Asia, & East Asia",,Artists and traditions: a colloquium on Chinese art,,,,
NK5750.2.C62 L58 2009,"China, South Asia, & East Asia",,陕西出土漢代玉器,,,,
DK651.U43 M46 2005,Central Asia & Siberia,,Меоты Закубанья IV-III вв,,,,
DG311 .F79 2007,European and Classical Antiquity,,From Rome to Constantinople: studies in honour of Averil Cameron,,,,
DS69.6 .S44 2017,Ancient Western Asia,,Sunlight and shade in the first cities: a sensory archaeology of early Iraq,,,,
NK7423 .Z37 2015,Central Asia & Siberia,,Магия золотой диадемы из кургана Хохлач,,,,
N5630 .S65 1980,European and Classical Antiquity,,Искусство Древней Греции,,,,
DS735 .W695 2000,"China, South Asia, & East Asia",,Chinese history: a manual,,,,
DG272 .M53 1973,European and Classical Antiquity,,Cities in the sand,,,,
DS62.2 .M45 1987,Cross-Cultural Studies & Other,,Meжгосударственные oтношения и дипломатия нa древнем Вoстоке,,,,
DS99.D8 B35 2014,Ancient Western Asia,,The inner lives of ancient houses: an archaeology of Dura-Europos,,,,
K3791 .G55 2006,Cross-Cultural Studies & Other,,The idea of cultural heritage,,,,
GN778.2.K63 D75 1975,The Caucasus & The Western Steppe,,"Кобанская культура Кавказа, по материалам выставки ""Первобытная культура: Краткий путеводитель",,,,
G140.5 .F687 2004,Cross-Cultural Studies & Other,,Landscapes for the world: conserving a global heritage,,,,
DS797.77.G826 C54 2016,"China, South Asia, & East Asia",,三星堆祭祀坑发掘记,,,,
GN740 .P47 1975,Cross-Cultural Studies & Other,,Первобытное общество: основные проблемы развития : сборник статей,,,,
GN799.W3 C5 1968,The Caucasus & The Western Steppe,,Скифский доспех,,,,
PA3339 .P34 t.6 1968,Egypt & North Africa,,Recherches de papyrologie littéraire,,,,
PJ3251 .G45 1969,Egypt & North Africa,,"Sequential reconstruction of Proto-Akkadian,",,,,
N7310.7 .T57 1987,Central Asia & Siberia,,Les arts anciens du Pakistan et de l'Afghanistan,,,,
N7262 .A78 1987,"China, South Asia, & East Asia",,Asian art in the Arthur M,,,,
DS156.A48 A45 1930,Ancient Western Asia,,"The Alishar Hüyük, v",,,,
CD5344 .M49 2008,Ancient Western Asia,,Die eisenzeitlichen Stempelsiegel aus dem 'Amuq-Gebiet: ein Beitrag zur Ikonographie altorientalischer Siegelbilder,,,,
GN824.D58 K87 1977,The Caucasus & The Western Steppe,,Курганы юга Днепропетровщины,,,,
DS797.26.X536 T354 2016,"China, South Asia, & East Asia",,唐陈元通夫妇墓,,,,
DS254.8 .E55 1987,Ancient Western Asia,,Iranische Ortsnamenstudien,,,,
NK7172 .I93 1984,The Caucasus & The Western Steppe,,"Ювелирные изделия Востока: древний, средневековый периоды : коллекция Особой кладовой отдела Востока Государственного Эрмитажа",,,,
DG70.P7 C37 2025,European and Classical Antiquity,2025-12-17,"Il restauro architettonico a Pompei I : cantieri, tecniche e valenze ideologiche /",,,,
DK30 .I78 1980,The Caucasus & The Western Steppe,,История и культура Eврaзии пo aрхeoлoгичeским дaнным,,,,
N7346.H65 T36 2010,"China, South Asia, & East Asia",,誕生!中国文明=The birth of Chinese civilization,,,,
GN778.32.T93 T78 2008,Central Asia & Siberia,,"Труды Маргианской археологической экспедиции, t",,,,
DS328 .B45 1969 Non-circulating,Central Asia & Siberia,2009-05-04T00:00:00.000000,Central Asia /,,,,
NK7978.7.A1 P57 1982,"China, South Asia, & East Asia",,Khmer bronzes: a selection from the Suan Phka Tevoda collection,,,,
DS62.2 .B53 v.1-2. From the library of David I. Owen,Ancient Western Asia,,Ur III administrative tablets from the British Museum,,,,
PJ1557 .B66 2017,Egypt & North Africa,,Book of the dead: becoming god in ancient Egypt,,,,
HN680.Z9 E44 1977,"China, South Asia, & East Asia",,The medieval Chinese oligarchy,,,,
GN776.32.C6 W883 2015,"China, South Asia, & East Asia",,舞阳贾湖(二),,,,
DS797.48.T53 T537 2012,"China, South Asia, & East Asia",,天门彭家山楚墓,,,,
NK4166.Y45 D324 2015,"China, South Asia, & East Asia",,大河上下:黄河流域史前陶器展,,,,
GN824.M67 G67 2010,Central Asia & Siberia,,Памятники материальной культуры IV тысячелетия до нашей эры--первой половины I тысячелетия нашей эры =Monuments of material culture 4th millennium BC-the first half of the 1st millennium AD,,,,
DK651.N32 S48 1953,The Caucasus & The Western Steppe,,Мавзолей Неаполя Скифского,,,,
AM70.U383 O54 1975,The Caucasus & The Western Steppe,,150 лет Одесскому археологическому музею АН УССР: тезисы докладов юбилейной конференции,,,,
DS798.9.B335 D887 2009,"China, South Asia, & East Asia",,Дуурлиг Нарсны Хүннү булш =Xiongnu tombs of Duurlig Nars : special exhibition,,,,
HB3654.A3 B54 1947,"China, South Asia, & East Asia",,The census of China during the period 2-742 A,,,,
NK7302.5.R9 L464 1967,The Caucasus & The Western Steppe,,Ювелирные изделииа в Эрмитаже: (особая кладовая),,,,
DK929.5.Y78 F55 2016,Central Asia & Siberia,,Археологическая карта Таджикистана: Яванский район,,,,
GN778.22.R9 B4 1972,The Caucasus & The Western Steppe,,Средний период бронзового века в Северной Украине,,,,
N8193.C6 H868 2006,"China, South Asia, & East Asia",,絲綢之路・新疆佛教藝術= The buddhist art in Xinjiang along the Silk Road =シルクロード・新疆仏教芸術,,,,
DS797.32.F464 J523 1991,"China, South Asia, & East Asia",,纪念黄岩洞遗址发現三十周年论文集= Treaties in commemoration of the 30th anniversary of the discovery of Huangyan cave site,,,,
CC80.4 .A66 2011,Cross-Cultural Studies & Other,,Archaeology 2,,,,
DS247.O63 C66 2015,Ancient Western Asia,,High places in Oman: the IMTO excavations of Bronze and Iron Age remains on Jabal Salut,,,,
CC72.7 .G67 1925,Cross-Cultural Studies & Other,,Aрхеoлoгическая классификация: oбъяснительный тeкст к 2 таблицам классификации,,,,
DS793.H5 C534 2016,"China, South Asia, & East Asia",,中原历史地理与考古研究,,,,
CD5354 .K44 1995,Ancient Western Asia,,"Corpus der Stempelsiegel-Amulette aus Palästina/Israel: von den Anfängen bis zur Perserzeit, Bd",,,,
DS56 .A684 v.13 2015,Ancient Western Asia,,"Antiguo Oriente, v",,,,
HJ212 .F57 2006,Cross-Cultural Studies & Other,,"Fiscality in Mycenaean and near eastern archives: proceedings of the conference held at Soprintendenza archivistica per la Campania, Naples, 21-23 October 2004",,,,
DS110.B395 B48 2006,Ancient Western Asia,,"Bet Yeraḥ: the early Bronze Age mound, v",,,,
DK511.D2 P35 1990,The Caucasus & The Western Steppe,,Памятники древнего искусства Дагестана: сборник статей,,,,
NK4166.S53 Q256 2016,"China, South Asia, & East Asia",,巴蜀汉代陶塑 =Ba & Shu Han Dynasty pottery,,,,
DS156.P8 L66 1979,Ancient Western Asia,,К истории понтийского царства,,,,
BS1199.D34 L68 1986,Ancient Western Asia,,Love & death in the ancient Near East: essays in honor of Marvin H,,,,
BL325.I5 R46 2016,European and Classical Antiquity,,"Where dreams may come: incubation sanctuaries in the Greco-Roman world, v",,,,
N7291 .O5 2000,Central Asia & Siberia,,On the cusp of an era: art in the Pre-Kushan world : symposium abstracts,,,,
DK511.K6 A524 1953,The Caucasus & The Western Steppe,,Древние поселения Прикубанья,,,,
PJ1111 .A35 1973,Egypt & North Africa,,Ägyptische Schrift und Sprache,,,,
ND991 .K86 2013,Central Asia & Siberia,,국립중앙박물관소장중앙아시아종교회화=Central Asian religious paintings in the national museum of Korea,,,,
DS48 .R18 1862,Egypt & North Africa,,"The handwriting of God in Egypt, Sinai, and the Holy Land",,,,
LA31 .M3 1958,European and Classical Antiquity,,Histoire de l'éducation dans l'antiquité,,,,
DS56 .P367 2016,Ancient Western Asia,,Parcours d'Orient: recueil de textes offert à Christine Kepinski,,,,
CJ925 .L34 1989,European and Classical Antiquity,,Die Bildnismünzen der römischen Republik,,,,
DK30 .A1733,The Caucasus & The Western Steppe,,"Советская археология, 1991",,,,
DT56 .S76 2017,Egypt & North Africa,,Uncovering ancient footprints: Armenian inscriptions and the pilgrimage routes of the Sinai,,,,
PK9169.R8 V414 1964,The Caucasus & The Western Steppe,,Le chevalier à la peau de tigre,,,,
QB65 .M43 2010,Ancient Western Asia,,Die Venustafeln des Ammī-ṣaduqa und ihre Bedeutung für die astronomische Datierung der altbabylonischen Zeit,,,,
DA600 .M85 2004,European and Classical Antiquity,,Landscape encyclopaedia: a reference guide to the historic landscape,,,,
DS797.44.Z449 C46 2016,"China, South Asia, & East Asia",,重构中国上古史的考古大发现:郑州地区重大考古发现纪实,,,,
DF221.C8 P56 1964,European and Classical Antiquity,,A guide to the Archaeological Museum of Heraclion,,,,
DS324.S5 V39 2007 Non-circulating,Central Asia & Siberia,2015-01-06T00:00:00.000000,Jughrāfiyā-yi Balūchistān /,,,,
DK511.K164 T46 2017,The Caucasus & The Western Steppe,,Великая Аржавская статуя: Мегалитический комплекс на Русской равнине,,,,
DS523 .H54 1989,"China, South Asia, & East Asia",,"The archaeology of Mainland Southeast Asia: from 10,000 B",,,,
CJ1142 .B44 1981,Ancient Western Asia,,The Syrian tetradrachms of Caracalla and Macrinus,,,,
N7343.3 .D36 2001,"China, South Asia, & East Asia",,大唐丰韵:唐代社会生活展,,,,
DT73.A88 D5 2012,Egypt & North Africa,,Syene I: The figural and textual graffiti from the temple of Isis at Aswan,,,,
PJ3711 .Y25 v.3 2001,Ancient Western Asia,,Neo-Sumerian archival texts in the Nies Babylonian Collection,,,,
DS747.5 .C446 2016,"China, South Asia, & East Asia",,秦文化之考古学研究,,,,
DK508.95.C544 S37 1994 Non-circulating,The Caucasus & The Western Steppe,2015-04-01T00:00:00.000000,Ancient farms and land-plots on the Khora of Khersonesos Taurike :,,,,
DS69.5 .M65 2018,Ancient Western Asia,,L'économie de la Babylonie á l'époque hellénistique,,,,
DS110.J4 B95 2007,Ancient Western Asia,,"Byblos and Jericho in the Early Bronze I: social dynamics and cultural interactions : proceedings of the international workshop held in Rome on March 6th 2007 by Rome ""La Sapienza"" University",,,,
NK4565.3 .T74 2009,"China, South Asia, & East Asia",,Trésors de la collection Meiyintang: céramique Chinoise ancienne,,,,
LA71 .C65 2015,Cross-Cultural Studies & Other,,A companion to ancient education,,,,
DS327.8 .S55 1989 Non-circulating,Central Asia & Siberia,2012-05-10T00:00:00.000000,The Silk Road on land and sea /,,,,
NK7107.3 .B47 2014,European and Classical Antiquity,,The Berthouville silver treasure and Roman luxury,,,,
KBR237.A5 C68 1995,European and Classical Antiquity,,The Council in Trullo revisited,,,,
N5350 .A325 1979,Egypt & North Africa,,"Ägypten, Bd",,,,
B187.K7 A54 2016,Cross-Cultural Studies & Other,,Angewandte Epistemologie in antiker Philosophie und Wissenschaft,,,,
DK757 .D73 1978,Central Asia & Siberia,,Древние культуры Aлтая и Зaпaдной Сибири,,,,
N7342 .M44 1980,"China, South Asia, & East Asia",,"Die Meisterwerke aus dem Museum für Ostasiatische Kunst Berlin, Staatliche Museen Preussischer Kulturbesitz",,,,
CJ407 .N43 1978,European and Classical Antiquity,,The coinages of Demetrius Poliorcetes,,,,
DG101 .S56 2015,European and Classical Antiquity,,"Sabores de Roma: actas del I Simposio Internacional sobre Gastronomia Antigua Romana, Medina de las Torres (Badajoz), 9-10 de mayo de 2014",,,,
CD5221 .A734 1994,Cross-Cultural Studies & Other,,"Archives before writing: proceedings of the International Colloquium, Oriolo Romano, October 23-25, 1991",,,,
HD5089 .M67 1996,Egypt & North Africa,,Olio e retribuzioni nell'Egitto tardo: V-VIII d,,,,
GN776.3.H58 N55 2015,"China, South Asia, & East Asia",,牛河梁红山文化遗址巨型礼仪建筑群综合研究,,,,
GN855.R9 G75 1969 Non-circulating,Central Asia & Siberia,2012-05-03T00:00:00.000000,The ancient civilization of Southern Siberia /,,,,
DS340 .I69 2002,"China, South Asia, & East Asia",,Invoking the past: the uses of history in South Asia,,,,
CC51 .I5 1973 Non-circulating,Cross-Cultural Studies & Other,2007-11-07T00:00:00.000000,The proceedings of the Xth International Congress of Classical Archaeology /,,,,
BL980.U38 D53 2001,The Caucasus & The Western Steppe,,Культ героев в античном Северном Причерноморье,,,,
NK7983.22 .L57 1989,"China, South Asia, & East Asia",,"璀璨之珍,豐潤之源商周銅器=Brilliant and affluent bronzes of the Shang and Chou dynasties",,,,
P950 .P45 2016,Ancient Western Asia,,Texts from Karkemish I: Luwian hieroglyphic inscriptions from the 2011-2015 excavations,,,,
CC101.R8 E57 2014,Central Asia & Siberia,,Экспедиции: археология в Эрмитаже,,,,
DK511.C2 P27 1997,The Caucasus & The Western Steppe,,Памятники предскифского и скифского времени на Юге Восточной Европы,,,,
DS26 .G77 2014,Central Asia & Siberia,,Тюркские народы: фрагменты этнических историй,,,,
DS797.22.M336 M38 2016,"China, South Asia, & East Asia",,马鞍山五担岗,,,,
TN758 .B37 1981,The Caucasus & The Western Steppe,,Цветная металлообработка скифского времени: Лесостепное Днепровское Левобережье,,,,
DS796.Z5 A78 2014,"China, South Asia, & East Asia",,Art and archaeology of the Erligang civilization,,,,
DS749.42.L47 H63 2016,"China, South Asia, & East Asia",,Li Deyu (787-850): Religion und Politik in der Tang-Zeit,,,,
CN360 .I83 2006,European and Classical Antiquity,,Iscrizioni storiche ellenistiche,,,,
CC101.S65 T48 1969,The Caucasus & The Western Steppe,,"Тезисы докладов на сессии Отделения истории Академии наук СССР, посвященной 50-летию Ленинскогo декрета о создании РAИМК - ИНСТИТУТА АРХЕОЛОГИИ АН СССР и итогам полевых археологических и этнографических исследований в 1968 г",,,,
BL1473.H8 W3 1952,"China, South Asia, & East Asia",,The real Tripitaka: and other pieces,,,,
CJ1391 .P45 2013,"China, South Asia, & East Asia",,Hunnen in Indien: die Münzen der Kidariten und Alchan aus dem Bernischen Historischen Museum und der Sammlung Jean-Pierre Righetti,,,,
DK511.A28 G35 1980,The Caucasus & The Western Steppe,,Курджипский курган: памятники культуры прикубанских племен IV века до н,,,,
PA404.P8 S54 2017,European and Classical Antiquity,,"Signes dans les textes, textes sur les signes: érudition, lecture et écriture dans le monde gréco-romain : actes du Colloque International (Liège, 6-7 septembre 2013)",,,,
P953 .M45 2004,Ancient Western Asia,,A dictionary of the Lycian language,,,,
DS327 .J68 Non-circulating,Central Asia & Siberia,2012-04-06T00:00:00.000000,Newsletter /,,,,
DF221.T4 L83 1997,European and Classical Antiquity,,Les cités antiques de la haute vallée du Titarèse: étude de topographie et de géographie historique,,,,
DS99.T88 M54 2002,Ancient Western Asia,,"Stadtbefestigungen, Häuser und Tempel",,,,
N6250 .B64 1972,Ancient Western Asia,,Byzance,,,,
GN799.P4 G358 2016,"China, South Asia, & East Asia",,Хойд Тамирын буган хөшөө =Deer stones of Khoid Tamir,,,,
NK7983.A1 Z438 2015,"China, South Asia, & East Asia",,中国古代青铜器整理与研究,,,,
ND2848 .F66 1976,"China, South Asia, & East Asia",,Han and Tʹang murals: discovered in tombs in the People's Republic of China and copied by contemporary Chinese painters,,,,
NK7983.A1 D36 2016,"China, South Asia, & East Asia",,"北朝艺术研究院藏品图录:青铜器,陶瓷器,墓葬壁画",,,,
DK30 .A1733,The Caucasus & The Western Steppe,,"Советская археология, 1986",,,,
BL613 .R46 2014,Ancient Western Asia,,"Divination as science: a workshop conducted during the 60th Rencontre assyriologique internationale, Warsaw, 2014",,,,
DR62 .S63 2009,European and Classical Antiquity,,Спасенные сокровища древней Фракии: коллекция Васила Божкова,,,,
PJ1526.S85 M37 2012,Egypt & North Africa,,Das Synodaldekret von Alexandria aus dem Jahre 243 v,,,,
DK511.V65 K47 1977,The Caucasus & The Western Steppe,,Волго-Камье в начале эпохи раннего железа: (VIII-VI вв,,,,
N7342 .C447 1952,"China, South Asia, & East Asia",,Art of late Eastern Chou: a loan exhibition,,,,
ND1432.C58 L65 2012,"China, South Asia, & East Asia",,"Buddhist paintings of Tun-Huang in the National Museum, New Delhi",,,,
NA3583.A3 C44 2015,"China, South Asia, & East Asia",,五台山汉藏佛寺彩画研究,,,,
GN823.A2 T73 2016,The Caucasus & The Western Steppe,,"Традиции и инновации в изучении древнейшей керамики материалы международной научной конференции, 24-27 мая 2016, Санкт-Петербург, Россия =Traditions and innovations in the study of earliest pottery, materials of the international conference, May, 24-27, 2016, St",,,,
PJ5491 .P3 1998,Ancient Western Asia,,A compendious Syriac dictionary: founded upon the Thesaurus Syriacus of R,,,,
DS741 .Z426 2016,"China, South Asia, & East Asia",,先秦历史与考古研究,,,,
GN824.D3 D37 2016,The Caucasus & The Western Steppe,,Антропоморфная пластика северо-восточного Кавказа,,,,
DR98.S537 T72 2016,European and Classical Antiquity,,"Тракийски владетелски дом край село Синеморец = Thracian ruler's residence near the village of Sinemorets, t",,,,
ND2850.T8 G7 1959,"China, South Asia, & East Asia",,Buddhist cave paintings at Tun-huang,,,,
BS1830.A262 S76 2001. From the Library of Nina Garsoïan,The Caucasus & The Western Steppe,,A concordance of the Armenian Apocryphal Adam books,,,,
GT3283.A2 H35 1999,"China, South Asia, & East Asia",,秦汉魏晋丧葬制度硏究,,,,
BF1770.C6 D58 2003,"China, South Asia, & East Asia",,Divination et société dans la Chine médiévale: étude des manuscrits de Dunhuang de la Bibliothèque nationale de France et de la British Library,,,,
BP131 .D46 2016,Ancient Western Asia,,Denkraum Spätantike: Reflexionen von Antiken im Umfeld des Koran,,,,
DS374.B28 B46 2007 Non-circulating,Central Asia & Siberia,2014-08-07T00:00:00.000000,The Yuezhi :,,,,
N7660 .A54 1979,"China, South Asia, & East Asia",,Animal in Indian art,,,,
DS199.Y4 K53 1979,The Caucasus & The Western Steppe,,Эребуни: Памятник урарт,,,,
BR1603.A1 O8 1927,European and Classical Antiquity,,Some authentic acts of the early martyrs,,,,
DK508.9.B57 B58 1985,The Caucasus & The Western Steppe,,Античная археология и история,,,,
B485 .L458 2004,European and Classical Antiquity,,Die aristotelische Lehre von der Zeit: ihre Aporien und deren Auflösung,,,,
PJ1555 .A3 1995 Bd.14,Egypt & North Africa,,"Handschriften des Altägyptischen Totenbuches,Bd",,,,
BR1380 .C484 2015,Egypt & North Africa,,Christen in Ägypten,,,,
DF221.C8 D394 2011,European and Classical Antiquity,,The pottery from Karphi: a re-examination,,,,
DK949.5.B87 D83 2015,Central Asia & Siberia,,Антропология населения Южного Узбекистана эпохи поздней бронзы: (по материалам некрополя Бустон VI) = Anthropology of the late bronze age popultation of Southern Uzbekistan (materials of the Buston VI necropolis),,,,
PL2457.A5 Y569 2016,"China, South Asia, & East Asia",,殷墟花园庄东地甲骨文类纂=Yinxu HuayuanZhuang dongdi jiaguwen leizuan,,,,
P946 .S44 1965,Ancient Western Asia,,Исследования по дешифровке карийских надписей,,,,
N6250 .M5 1955,European and Classical Antiquity,,Catalogue des négatifs de la collection chrétienne et byzantine,,,,
TP559.I75 F73 1999,Ancient Western Asia,,Wine and oil production in antiquity in Israel and other Mediterranean countries,,,,
PA2087 .K82 T.2 1962 Bd.1-2,European and Classical Antiquity,,Ausfuhrliche Grammatik der lateinschen Sprache: Satzlehre,,,,
NK5750.2.C6 L58 2013,"China, South Asia, & East Asia",,古代玉器鉴定通论,,,,
DK34.C56 M35 2003,The Caucasus & The Western Steppe,,Культурные контакты населения Сeвeрного Причерноморья и Цeнтральной Eвропы в киммерийскую эпоху,,,,
NB1007.G3 A35 2024,"China, South Asia, & East Asia",2025-12-18,Gandhāra : land of Buddhas : catalogue of the Gandhāran sculptures of the Ferenc Hopp Museum of Asiatic Arts /,,,,
PL1281.C36 L53 2015,"China, South Asia, & East Asia",,出土《蒼頡篇》研究,,,,
NB1390.Y46 L66 2016,Ancient Western Asia,,South Arabian funerary stelae from the British Museum collection,,,,
DS793.S8 S434 2015,"China, South Asia, & East Asia",,四川博物院:第一次全国可移动文物普查成果选编,,,,
PJ1435 .E34 1966,Egypt & North Africa,,Die Ortsnamenlisten aus dem Totentempel Amenophis III,,,,
PJ1871 .V56 2018,Egypt & North Africa,,"The craft of a good scribe: history, narrative and meaning in the First Tale of Setne Khaemwas",,,,
NK7983.A3 A53 2016,"China, South Asia, & East Asia",,皖南商周青铜器研究=Study on Shang-Zhou bronzes unearthed in southern Anhui,,,,
