id,Material Type,Process Type,call_number,Library Name,Location Name,mms_id,title,ISBN,ISSN,Author,Publisher,Publication Place,Publication Date,Subjects,651$$0,651$$1,Num of Loans Including Pre-Migration (In House),Description,Internal Note 1,Internal Note 2,Internal Note 3,date_acquired,Item Modification Date,predicted_category,confidence,prob_Ancient Western Asia,prob_Central Asia & Siberia,"prob_China, South Asia, & East Asia",prob_Cross-Cultural Studies & Other,prob_Egypt & North Africa,prob_European and Classical Antiquity,prob_The Caucasus & The Western Steppe
31154068986742,Book,,DS786 .T7713 1973,NYU Inst Study Ancient World,Small Collection,9998659330207876,Transhimalaya /,9780214653230; 0214653234,,"Tucci, Giuseppe, 1894-1984.",Barrie and Jenkins,London :,1973.,"Archaeology.; Algemeen Tibet Nepal (geschiedenis, literatuur, godsdienst); archaeology.; Antiquities; Archaeology; China--Tibet Autonomous Region; Tibet Autonomous Region (China)--Antiquities.; Tibet Autonomous Region (China)--Civilization.; Tibet (Chine)--Antiquités.; Tibet.; Archéologie.",http://vocab.getty.edu/tgn/7001319,,0,,Bunker,,,2024-05-09,2024-05-09,"China, South Asia, & East Asia",0.8482015334561334,0.053012595841008335,0.01972561705711938,0.8482015334561334,0.020687842279417886,0.038908327222758415,0.011462182884542343,0.008001901259020125
31154068975307,Book,,PK6375 .M85 1999,NYU Inst Study Ancient World,Reference 4 Collection,990007570120107876,"Farhang-i Fārsī mutavassiṭ : shāmil-i yak muqaddamah va sih bakhsh : lughāt, tarkībāt-i khārijī, aʻlām ... /",9789640001646; 9640001643,,"Muʻīn, Muḥammad.",Muʼassasah-ʼi Intishārāt-i Amīr Kabīr,Tihrān :,1380 [2002],Persian language--Dictionaries.; Persian language; Dictionaries; Persia.,http://vocab.getty.edu/tgn/7024079,,0,v.3,,,,2024-05-14,2024-05-14,Ancient Western Asia,0.8148402752679289,0.8148402752679289,0.11747125249858013,0.0,0.0,0.0,0.011400163744587945,0.05628830848890298
31154068975315,Book,,PK6375 .M85 1999,NYU Inst Study Ancient World,Reference 4 Collection,990007570120107876,"Farhang-i Fārsī mutavassiṭ : shāmil-i yak muqaddamah va sih bakhsh : lughāt, tarkībāt-i khārijī, aʻlām ... /",9789640001646; 9640001643,,"Muʻīn, Muḥammad.",Muʼassasah-ʼi Intishārāt-i Amīr Kabīr,Tihrān :,1380 [2002],Persian language--Dictionaries.; Persian language; Dictionaries; Persia.,http://vocab.getty.edu/tgn/7024079,,0,v.4,,,,2024-05-14,2024-05-14,Ancient Western Asia,0.8148402752679289,0.8148402752679289,0.11747125249858013,0.0,0.0,0.0,0.011400163744587945,0.05628830848890298
31154068975323,Book,,PK6375 .M85 1999,NYU Inst Study Ancient World,Reference 4 Collection,990007570120107876,"Farhang-i Fārsī mutavassiṭ : shāmil-i yak muqaddamah va sih bakhsh : lughāt, tarkībāt-i khārijī, aʻlām ... /",9789640001646; 9640001643,,"Muʻīn, Muḥammad.",Muʼassasah-ʼi Intishārāt-i Amīr Kabīr,Tihrān :,1380 [2002],Persian language--Dictionaries.; Persian language; Dictionaries; Persia.,http://vocab.getty.edu/tgn/7024079,,0,v.5,,,,2024-05-14,2024-05-14,Ancient Western Asia,0.8148402752679289,0.8148402752679289,0.11747125249858013,0.0,0.0,0.0,0.011400163744587945,0.05628830848890298
31154068975331,Book,,PK6375 .M85 1999,NYU Inst Study Ancient World,Reference 4 Collection,990007570120107876,"Farhang-i Fārsī mutavassiṭ : shāmil-i yak muqaddamah va sih bakhsh : lughāt, tarkībāt-i khārijī, aʻlām ... /",9789640001646; 9640001643,,"Muʻīn, Muḥammad.",Muʼassasah-ʼi Intishārāt-i Amīr Kabīr,Tihrān :,1380 [2002],Persian language--Dictionaries.; Persian language; Dictionaries; Persia.,http://vocab.getty.edu/tgn/7024079,,0,v.6,,,,2024-05-14,2024-05-14,Ancient Western Asia,0.8148402752679289,0.8148402752679289,0.11747125249858013,0.0,0.0,0.0,0.011400163744587945,0.05628830848890298
31154068975349,Book,,DS554.98.P9 T465 2018,NYU ISAW Offsite,Offsite Collection,9998662024107876,El Templo de Preah Vihear : propuesto para la inscripción en la Lista del Patrimonio Mundial (UNESCO) /,,,,La Presidencia del Consejo de Ministros del Gobierno Real de Camboya,Phnom Penh :,2018.,Prasat Prĕah Vihéar (Cambodia); World Heritage areas--Cambodia--Preăh Vĭhéar.; Prasat Prĕah Vihéar.,http://vocab.getty.edu/tgn/8711951,,0,,Bunker,,,2024-05-23,2025-02-11,Ancient Western Asia,0.5876808006233495,0.5876808006233495,0.03541826253756794,0.08242795645106721,0.09714723438875779,0.10398022029377745,0.0719609143620428,0.021384611343437245
31154068975356,Book,,DS156.A7 A775 2024,NYU ISAW Offsite,Offsite Collection,9998652116607876,"Assos-Behram : tarih, arkeoloji, diplomasi /",6258056792; 9786258056792,,"Arslan, Nurettin, author.",Ege,[İstanbul] :,[2024],Assos (Extinct city); Excavations (Archaeology)--Turkey--Assos (Extinct city); Assos/Apollonia.; Fouilles (Archéologie)--Turquie--Assos (Ville ancienne); Assos (Ville ancienne),https://pleiades.stoa.org/places/550463;,,0,,,,,2024-05-23,2025-02-11,Ancient Western Asia,0.8123818642296935,0.8123818642296935,0.02030954660574234,0.04726585391881853,0.03170270689676853,0.05962435700768393,0.016453303579335565,0.012262367761957637
31154068975364,Book,,DS155 .U53 2022,NYU Inst Study Ancient World,Large Collection,9998662024007876,Underwater archaeology in Türkiye /,6257922429; 9786257922425,,,Ofset Yapimevi Publications,Istanbul :,2022.,Underwater archaeology--Turkey.; Turkey--Antiquities.; Asia Minor.; Turkey.; Turquie--Antiquités.,https://pleiades.stoa.org/places/837; https://vocab.getty.edu/tgn/1000144;,,0,,,,,2024-05-23,2024-05-23,Ancient Western Asia,0.7407291609369235,0.7407291609369235,0.029284641246343487,0.04579052994882799,0.030713160331530976,0.0577632831923289,0.01701675099449689,0.07870247334954812
31154068975372,Book,,DF221.A86 V38,NYU Inst Study Ancient World,Large Collection,9998662023907876,Vathy Astypalaias : deka chronia ereunas (2011-2020) se hena diachroniko palimpsēsto tou Aigaiou /,9603865737; 9789603865735; 9603865745; 9789603865742,,,Ministry of Culture and Sports - Organization of Cultural Resources Development,Athens :,2023-,Excavations (Archaeology)--Greece--Astypalaia (Municipality); Astypalaia (Greece : Municipality)--Antiquities.; Antiquities; Excavations (Archaeology); Greece; Greece--Astypalaia (Municipality); Astypalaia (island),https://pleiades.stoa.org/places/599536,https://id.oclc.org/worldcat/entity/E39PBJxd6hw8HtWYq9JY6hjjYP; https://id.oclc.org/worldcat/entity/E39PBJxMgRRgJg34YqVdRHPJDq;,1,v.1:2023,,,,2024-05-23,2024-05-23,European and Classical Antiquity,0.9447490510333192,0.0,0.014761703922395612,0.0,0.04048924504428511,0.0,0.9447490510333192,0.0
31154068985231,Book,,NK1069.H835 G836 2021,NYU Inst Study Ancient World,Large Collection,9998660829807876,Guang rong tian xia : Jing Chu wen hua te zhan = Immortal Flame : the Ancient JingChu Cultural Special Exhibition /,7030702336; 9787030702333,,,Ke xue chu ban she,Beijing :,2021.,Jingzhou bo wu guan--Art collections--Exhibitions.; Art objects--China--Hubei Sheng--Exhibitions.; Hubei Sheng (China)--Antiquities--Exhibitions.; Antiquities; Art museums; Art objects; China--Hubei Sheng; exhibition catalogs.; Exhibition catalogs; Exhibition catalogs.; Catalogues d'exposition.; Ch'u.; Hubei.; Objets d'art--Chine--Hubei--Expositions.,http://vocab.getty.edu/tgn/6001440; http://vocab.getty.edu/tgn/7002078,https://id.oclc.org/worldcat/entity/E39QbtfRjW3q7pWR86JCR7td3p;,0,,,,,2024-05-16,2024-05-16,"China, South Asia, & East Asia",0.8807651630867995,0.0,0.013761955673231243,0.8807651630867995,0.037747078418005696,0.03145589868167141,0.027960798828152365,0.008309105312139619
31154068985256,Book,,DS797.33.C486 G836 2023,NYU ISAW Offsite,Offsite Collection,9998660829707876,"Guangxi Chongzuo Hecun yi zhi fa jue bao gao = The Hecun Site in Chongzuo, Guangxi /",7501079781; 9787501079780,,"Guangxi wen wu bao hu yu kao gu yan jiu suo, author.",Wen wu chu ban she,Beijing Shi :,2023.,"Neolithic period--China--Hecun Site.; Antiquities, Prehistoric--China--Chongzuo Shi.; Excavations (Archaeology)--China--Chongzuo Shi.; Hecun Site (China); Chongzuo Shi (China)--Antiquities.; Excavation reports.; Hecun site.",,http://www.wikidata.org/entity/Q125960047,0,,,,,2024-05-16,2025-02-11,"China, South Asia, & East Asia",0.8582248194064258,0.07802043812785689,0.013409762803225403,0.8582248194064258,0.0,0.030650886407372346,0.01159763269468143,0.008096460560437979
31154068985272,Book,,DS751.82 .D328 2004,NYU ISAW Offsite,Offsite Collection,9998660829607876,Da Xia xun zong : Xi Xia wen wu ji cui /,9787500447535; 7500447531,,,Zhongguo she hui ke xue chu ban she,Beijing :,2004.,"China--Antiquities.; China--History--Xi Xia dynasty, 1038-1227.; Xi Xia Dynasty (China); Antiquities; China; 1038-1227; History; Ningxia (Chine)--Antiquités.; Chine--1038-1227 (Dynastie des Si-Hia); Xi Xia.; Imperial China.; China.; Ancient China.; Chine--Antiquités.; Chine--Histoire--1038-1227 (Dynastie des Xi-Xia)",http://vocab.getty.edu/tgn/8698225; http://vocab.getty.edu/tgn/8697462; http://vocab.getty.edu/tgn/1000111; http://vocab.getty.edu/tgn/8697463;,https://id.oclc.org/worldcat/entity/E39PBJcrd4RjtCBk4wfMhTwwG3;,0,,,,,2024-05-16,2025-02-11,"China, South Asia, & East Asia",0.8667617603657939,0.05417261002286212,0.02015725024106497,0.8667617603657939,0.0,0.03975971377824743,0.010971667852731567,0.00817699773929994
31154068985314,Book,,DS797.59.J536 J556 2023,NYU Inst Study Ancient World,Large Collection,9998658728707876,2016 nian du Donggou gu mu qun shan cheng xia mu qu qing li bao gao /,7030747879; 9787030747877,,"Jilin Sheng wen wu kao gu yan jiu suo, author, editor.",Ke xue chu ban she,Beijing :,2023.,"Ji'an (Jilin Sheng, China)--Antiquities.; Tombs--China--Ji'an (Jilin Sheng); Excavations (Archaeology)--China--Ji'an (Jilin Sheng); Ji'an.; Ancient Tombs on the Donggou River .",http://vocab.getty.edu/tgn/1139142;,http://www.wikidata.org/entity/Q15121972,1,,,,,2024-05-08,2024-05-08,"China, South Asia, & East Asia",0.9242848278791364,0.0,0.021494995997189216,0.9242848278791364,0.0,0.03301017242425487,0.012490335511880222,0.008719668187539022
31154068985322,Book,,DS715 .L589 2022 Nor-circulating,NYU Inst Study Ancient World,Small Collection,9998656608007876,Xia Shang Zhou wen hua yu tian ye kao gu /,7573202822; 9787573202826,,"Liu, Xu, 1949- author.",Shanghai gu ji chu ban she,Shanghai Shi :,2022.,Excavations (Archaeology)--China.; Archaeology--Fieldwork.; China--Antiquities.; China--History--To 221 B.C.; China--Civilization--To 221 B.C.; Antiquities; Archaeology--Fieldwork; Civilization; Excavations (Archaeology); China; To 221 B.C.; History; Ancient China.; Imperial China.; China.; Archéologie--Recherche sur le terrain.; Chine--Antiquités.; Chine--Histoire--Jusqu'à 221 av. J.-C.; Chine--Civilisation--Jusqu'à 221 av. J.-C.,http://vocab.getty.edu/tgn/8697463; http://vocab.getty.edu/tgn/8697462; http://vocab.getty.edu/tgn/1000111;,,0,,,,,2024-05-02,2024-10-24,"China, South Asia, & East Asia",0.8550435071726956,0.053440219198293476,0.01988473272494641,0.8550435071726956,0.02085471968713892,0.03922217922810531,0.01155464198882021,0.0
31154068985330,Book,,PL2457.A5 J533 2013,NYU Inst Study Ancient World,Large Collection,9998658728807876,Jia gu zhui he hui bian.,9863222852; 9789863222859,,,Hua mu lan wen hua chu ban she,Xinbei Shi :,2013.,"Inscriptions, Chinese--China--Anyang Xian.; Oracle bones.; Inscriptions, Chinese; Oracle bones; China--Anyang Xian; Jia gu xue--yan jiu.; Anyang.; Os divinatoires.",http://vocab.getty.edu/tgn/8212547,,0,,,,,2024-05-08,2024-05-08,"China, South Asia, & East Asia",0.9846153846153847,0.0,0.015384615384615385,0.9846153846153847,0.0,0.0,0.0,0.0
31154068985355,Book,,NK8983.D8 D85 2023,NYU Inst Study Ancient World,Large Collection,9998660828707876,Dulan fang zhi pin zhen bao /,7501071969; 9787501071968,,"Xu, Xinguo, author.",Wen wu chu ban she,Beijing :,2023.,"Textile fabrics, Ancient--China--Dulan Xian.; Silk weaving--China--Dulan Xian.; Brocade--China--Dulan Xian.; Dulan Xian (China)--Antiquities.; Qinghai Sheng (China)--Antiquities.; Doulan.; Qinghai.",http://vocab.getty.edu/tgn/8206939; http://vocab.getty.edu/tgn/7002088,,0,,,,,2024-05-16,2024-05-16,"China, South Asia, & East Asia",0.9221184244043052,0.0,0.01440810038131727,0.9221184244043052,0.039519361045898795,0.0,0.012461059789247369,0.01149305437923133
31154068985363,Book,,CJ1367 .Z46 2022,NYU ISAW Offsite,Offsite Collection,9998656607307876,Zhongguo gu dai qian bi zhu zao gong yi yan jiu /,7030730941; 9787030730947,,"Zhou, Weirong, author.",Ke xue chu ban she,Beijing :,2022.,"Coins, Ancient--China--History.; Coinage--China--History.; Coins, Chinese--History.; Money--China--History.; Numismatics, Chinese.; Ancient China.; Monnaies antiques--Chine--Histoire.; Monnaie--Frappe--Histoire.--Chine; Monnaies chinoises--Histoire.; Monnaie--Chine--Histoire.; Numismatique--Chine.",http://vocab.getty.edu/tgn/8697463,,0,,,,,2024-05-03,2025-02-11,"China, South Asia, & East Asia",0.7284013553458389,0.0,0.0169395664033916,0.7284013553458389,0.01776588671575217,0.0,0.23002148063552807,0.006871710899489046
31154068985371,Book,,DS797.28.D864 G866 2023,NYU ISAW Offsite,Offsite Collection,9998660830207876,Dunhuang Mogao Ku tu ta yan jiu /,7030752554; 9787030752550,,"Guo, Junye, author.",Ke xue chu ban she,Beijing :,2023.,"Earth pagodas--China--Dunhuang Caves.; Excavations (Archaeology)--China--Dunhuang Caves.; Dunhuang Caves (China)--Antiquities.; Dunhuang Caves (China)--History.; Mogao Caves.; Fouilles (Archéologie)--Chine--Dunhuang, Grottes de.; Dunhuang, Grottes de (Chine)--Histoire.",http://vocab.getty.edu/tgn/7029798;,,0,,,,,2024-05-16,2025-02-11,"China, South Asia, & East Asia",0.9005455060738237,0.0,0.0473971318986223,0.9005455060738237,0.0,0.032162339502636555,0.011399310203466122,0.008495712321451167
31154068985389,Book,,DS797.44.Z444 Z4674 2022 N0n-circulating,NYU Inst Study Ancient World,Small Collection,9998658727107876,Zhengzhou wen wu kao gu yu yan jiu.,7501077622; 9787501077625,,,Wen wu chu ban she,Beijing Shi:,2022.,Zhengzhou Shi (China)--Antiquities.; Excavations (Archaeology)--China--Zhengzhou Shi.; Antiquities; Excavations (Archaeology); China--Zhengzhou Shi; Zhengzhou.; Fouilles (Archéologie)--Chine--Zhengzhou (Shi),http://vocab.getty.edu/tgn/7001480,https://id.oclc.org/worldcat/entity/E39QbtfRqfMgDWBvH3xGW9dkKM;,0,v.1,,,,2024-05-08,2024-05-08,"China, South Asia, & East Asia",0.9046069094154736,0.0,0.021037369986406363,0.9046069094154736,0.022063583156474966,0.0323073896219812,0.011450720372347767,0.008534027447315788
31154068985397,Book,,DS797.44.Z444 Z4674 2022 N0n-circulating,NYU Inst Study Ancient World,Small Collection,9998658727107876,Zhengzhou wen wu kao gu yu yan jiu.,7501077622; 9787501077625,,,Wen wu chu ban she,Beijing Shi:,2022.,Zhengzhou Shi (China)--Antiquities.; Excavations (Archaeology)--China--Zhengzhou Shi.; Antiquities; Excavations (Archaeology); China--Zhengzhou Shi; Zhengzhou.; Fouilles (Archéologie)--Chine--Zhengzhou (Shi),http://vocab.getty.edu/tgn/7001480,https://id.oclc.org/worldcat/entity/E39QbtfRqfMgDWBvH3xGW9dkKM;,0,v.2,,,,2024-05-08,2024-05-08,"China, South Asia, & East Asia",0.9046069094154736,0.0,0.021037369986406363,0.9046069094154736,0.022063583156474966,0.0323073896219812,0.011450720372347767,0.008534027447315788
31154068985405,Book,,DS793.Y3 X55 2023,NYU ISAW Offsite,Offsite Collection,9998656607207876,Chang Jiang liu yu yuan shi shi dai kao gu xue yan jiu /,7030751590; 9787030751591,,"Xiang, Taochu, author.",Ke xue chu ban she,Beijing :,2023.,"Yangtze River Region (China)--Antiquities.; Excavations (Archaeology)--China--Yangtze River Region.; Bronzes, Chinese--China--Yangtze River Region--To 221 B.C.; Excavations (Archaeology)--China--Yangtze River Valley.; Yangtze River.; Fouilles (Archéologie)--Chine--Yangzi jiang, Vallée du.",http://vocab.getty.edu/tgn/1122679,,0,,,,,2024-05-03,2025-02-11,"China, South Asia, & East Asia",0.8002747487895602,0.07275224988996003,0.08002747487895602,0.8002747487895602,0.0,0.028581241028198576,0.010814523632291354,0.007549761781033586
31154068985520,Book,,DS797.75.X5294 T3675 2022,NYU Inst Study Ancient World,Large Collection,9998656607407876,Taosi wu hua : Taosi yi zhi chu tu wen wu lei quan gai lan /,7030728076; 9787030728074,,,Ke xue chu ban she,Beijing :,2022.,Longshan culture.; Taosi Site (China); Xiangfen Xian (China)--Antiquities.; Antiquities; Longshan culture; China--Xiangfen Xian; Xiangfen.; Taosi.,http://vocab.getty.edu/tgn/8683687;,https://www.wikidata.org/entity/Q217859,0,,,,,2024-05-03,2024-10-24,"China, South Asia, & East Asia",0.925016078586442,0.0,0.021512001827591675,0.925016078586442,0.0,0.033036288520944354,0.011709064285904328,0.008726566779117376
31154068985538,Book,,NA1547.L664 M46 2021,NYU ISAW Offsite,Offsite Collection,9998656607507876,Si lu Gansu jian zhu yi chan yan jiu : Jiezhou gu jian zhu shi ce tu /,7030666313; 9787030666314,,"Meng, Xiangwu, author.",Ke xue chu ban she,Beijing :,2021.,Architecture--China--Longnan Shi--Designs and plans.; Historic buildings--China--Longnan Shi--Designs and plans.; Architecture--China--Longnan Shi--History.; Architecture; Historic buildings; Architectural drawings; History; Longnan.,http://vocab.getty.edu/tgn/8628048,,0,,,,,2024-05-03,2025-02-11,"China, South Asia, & East Asia",0.5496933807164769,0.014338023127972997,0.021117374628840783,0.5496933807164769,0.038916304673149445,0.0324302538942912,0.286751718644259,0.05675294431500961
31154068985686,Book,Loan,NK8440.2.C6 L536 2021,NYU ISAW Offsite,Offsite Collection,9998658726507876,Qing guang jian gu : Xuan jian zhai cang Zhan guo ji zao qi tong jing bai pin /,7547927246; 9787547927243,,"Liang, Jian, author.",Shanghai shu hua chu ban she,Shanghai :,2021.,"Liang, Jian--Art collections--Catalogs.; Bronze mirrors--China--History--To 221 B.C.--Catalogs.; Bronze mirrors--Private collections--China--Catalogs.; Art museums; Bronze mirrors; Bronze mirrors--Private collections; China; To 221 B.C.; Catalogs; History; Ancient China.; Miroirs de bronze--Chine--Histoire--Jusqu'à 221 av. J.-C.--Catalogues.; Miroirs de bronze--Collections privées--Chine--Catalogues.",http://vocab.getty.edu/tgn/8697463,https://id.oclc.org/worldcat/entity/E39PBJdCqh8h6hJY7PT6MQW4bd;,0,,,,,2024-05-08,2026-04-20,"China, South Asia, & East Asia",0.6995075488492064,0.0,0.01092980545076885,0.6995075488492064,0.029978894950680273,0.03208750224078929,0.22089712068922307,0.006599127819332136
31154068985710,Book,,DS797.84.J568 X55 2020,NYU Inst Study Ancient World,Large Collection,9998658726807876,Xinjiang Beiting gu cheng yi zhi kao gu diao cha kan tan bao gao (2012-2014) /,7534850061; 9787534850066,,,Zhongzhou gu ji chu ban she,Zhengzhou :,2020.,Historic sites--China--Jimusa'er Xian.; Excavations (Archaeology)--China--Jimusa'er Xian.; Beiting (China)--Antiquities.; Antiquities; Excavations (Archaeology); Historic sites; China--Jimusa'er Xian; Beiting.,,https://id.oclc.org/worldcat/entity/E39QbtfRFTQYgMWf9gq4KdwX7B; http://www.wikidata.org/entity/Q814907,0,,,,,2024-05-08,2024-05-08,"China, South Asia, & East Asia",0.813693784353841,0.07397216221398555,0.06529728335671865,0.813693784353841,0.0,0.029060492298351462,0.010299921320934696,0.007676356456168311
31154068985728,Book,,DS797.62.J565 J565 2021,NYU Inst Study Ancient World,Large Collection,9998658726907876,Jinling shui ku kao gu fa jue bao gao /,7501072264; 9787501072262,,,Wen wu chu ban she,Beijing Shi :,2021.,Excavations (Archaeology)--China--Linghai Shi.; Historic sites--China--Linghai Shi.; Linghai Shi (China)--Antiquities.; Antiquities; Excavations (Archaeology); Historic sites; Linghai.,http://vocab.getty.edu/tgn/8207110,,0,,,,,2024-05-08,2024-05-08,"China, South Asia, & East Asia",0.8744604547884821,0.05465377842428013,0.020336289646243767,0.8744604547884821,0.0,0.031230730528160073,0.011069119680866862,0.008249626931966812
31154068985736,Book,,DS797.88.F466 Y84 2020,NYU Inst Study Ancient World,Large Collection,9998658725907876,Yuhang Fenghuang Shan Han liu chao mu = The Han and Six Dynasties Tombs of Fenghuangshan in Yuhang /,7501068151; 9787501068159,,,Wen wu chu ban she,Beijing Shi :,2020.,"Fenghuangshan Cemetery Site (China); Tombs--China--Hangzhou Shi.; Yuhang Qu (Hangzhou Shi, China)--Antiquities.; Hangzhou Shi (China)--Antiquities.; Excavations (Archaeology)--China--Hangzhou Shi.; Antiquities; Excavations (Archaeology); Tombs; China--Yuhang Shi; Yuhang Qu.; Hangzhou.; Fenghuangshan site.",http://vocab.getty.edu/tgn/8675418; http://vocab.getty.edu/tgn/8204093;,https://id.oclc.org/worldcat/entity/E39QbtfRFqWqMWwF6vYf3Pb8bM; http://www.wikidata.org/entity/Q125952223,0,,,,,2024-05-08,2024-05-08,"China, South Asia, & East Asia",0.9228593414568681,0.0,0.014419677210263564,0.9228593414568681,0.0,0.042332997314535235,0.011681763815909723,0.008706220202423284
31154068985744,Book,,DS798.9.O53 G365 2022,NYU Inst Study Ancient World,Large Collection,9998658725807876,Gaolemaodu 2 hao mu di : 2017-2019 Zhong Meng lian he kao gu bao gao /,7030732723; 9787030732729,,,Ke xue chu ban she,Beijing :,2022.,Xiongnu (Asian people)--Kings and rulers--Tombs.; Tombs--Mongolia--Ȯndȯr-Ulaan Sum.; Excavations (Archaeology)--Mongolia--Ȯndȯr-Ulaan Sum.; Xiongnu (Asian people)--Funeral customs and rites.; Xiongnu (Asian people)--Material culture.; Ȯndȯr-Ulaan Sum (Mongolia)--Antiquities.; Antiquities; Excavations (Archaeology); Tombs; Gol Mod-2.; Xiongnu Empire.; Öndör-Ulaan.; Xiongnu (Peuple d'Asie)--Rites et cérémonies funéraires.; Xiongnu (Peuple d'Asie)--Culture matérielle.,https://pleiades.stoa.org/places/538213439; http://vocab.getty.edu/tgn/6002641; http://vocab.getty.edu/tgn/1083020,,0,,,,,2024-05-08,2024-05-08,Ancient Western Asia,0.404883028239068,0.404883028239068,0.20369891482835098,0.28394394188194383,0.0,0.07163723304360968,0.02110394162636069,0.014732940380666895
31154068985751,Book,,DS796.T547 T53 2023,NYU ISAW Offsite,Offsite Collection,9998658725707876,Tianjin kao gu zi liao hui bian (1997-2020) /,703075395X; 9787030753953,,,Ke xue chu ban she,Beijing :,2023.,Tianjin (China)--Antiquities.; Excavations (Archaeology)--China--Tianjin.; Tianjin.; Tianjin (Chine)--Antiquités.; Fouilles (Archéologie)--Chine--Tianjin.,http://vocab.getty.edu/tgn/1000960;,,0,,,,,2024-05-08,2025-02-11,"China, South Asia, & East Asia",0.8212576620682891,0.05132860387926807,0.07159798383124007,0.8212576620682891,0.0,0.03767236981964629,0.010395666608459355,0.007747713793097067
31154068985769,Book,,DS786 .H7982 2023,NYU Inst Study Ancient World,Small Collection,9998658726007876,Shi qian zhi Tang dai gao yuan Si chou zhi lu kao gu yan jiu /,7030750918; 9787030750914,,"Huo, Wei, 1957- author.",Ke xue chu ban she,Beijing :,2023.,"Tibetan Plateau--Antiquities.; Asia, Central--Antiquities.; Silk Road--Antiquities.; Qing Zang Gaoyuan.; Silk Road.; Central Asia.",http://vocab.getty.edu/tgn/1110349; http://vocab.getty.edu/tgn/7031416; http://vocab.getty.edu/tgn/8697475,,0,,,,,2024-05-08,2024-05-08,Central Asia & Siberia,0.7940074906367041,0.0,0.7940074906367041,0.19850187265917602,0.0,0.0,0.0,0.007490636704119849
31154068985785,Book,,N3750.L56 A66 2021,NYU Inst Study Ancient World,Large Collection,9998658725507876,Pingyang xie zhen : Linfen Shi bo wu guan guan cang wen wu xuan cui /,7030700082; 9787030700087,,,Ke xue chu ban she,Beijing :,2021.,"Linfen Shi bo wu guan--Catalogs.; Art objects, Chinese--China--Linfen Shi--Catalogs.; Linfen Shi (China)--Antiquities.; Antiquities; Art objects; Art objects, Chinese; China--Linfen Shi; Catalogs; Exhibition catalogs; Linfen.",http://vocab.getty.edu/tgn/1069846,https://id.oclc.org/worldcat/entity/E39QbtfRggdJGDDFf6Jgq6mbJc;,0,,,,,2024-05-08,2024-05-08,"China, South Asia, & East Asia",0.9340613113979889,0.0,0.021722356079022998,0.9340613113979889,0.022781983204829,0.0,0.012622450154026878,0.00881189916413197
31154068985801,Book,,DS797.56.Z546 Z4462 2022,NYU ISAW Offsite,Offsite Collection,9998658727007876,Zhenjiang Sunjiacun yi zhi fa jue bao gao = Excavation Report of Sunjiacun Site in Zhenjiang /,7501078327; 9787501078325,,"Zhenjiang Shi bo wu guan, author.",Wen wu chu ban she,Beijing Shi :,2022.,Sunjiacun Site (China); Excavations (Archaeology)--China--Zhenjiang Shi.; Zhenjiang Shi (China)--Antiquities.; Wen hua yi zhi--Fa jue bao gao--Zhen jiang.; Zhenjiang.; Sunjiacun site.; Fouilles (Archéologie)--Chine--Zhenjiang Shi.,http://vocab.getty.edu/tgn/7001779;,http://www.wikidata.org/entity/Q125917078,0,,,,,2024-05-08,2025-02-11,"China, South Asia, & East Asia",0.8803347924419206,0.05502092452762004,0.01375523113190501,0.8803347924419206,0.0,0.03144052830149716,0.011143478385340766,0.008305045211716232
31154068985819,Book,,DS797.39.C53 C53 2022,NYU ISAW Offsite,Offsite Collection,9998659228707876,"Ci Xian Nanying yi zhi, mu di kao gu fa jue bao gao = The excavation report of the site and cemetery at Nanying Village, Cixian County /",7520390659; 9787520390651,,,Zhongguo she hui ke xue chu ban she,Beijing :,2022.,Excavations (Archaeology)--China--Ci Xian.; Historic sites--China--Ci Xian.; Tombs--China--Ci Xian.; Ci Xian (China)--Antiquities.; Antiquities; Excavations (Archaeology); Historic sites; Tombs; China--Ci Xian; Ci Xian.; Nanying Village site.,http://vocab.getty.edu/tgn/8207172;,https://id.oclc.org/worldcat/entity/E39PBJbtjgWXdGXyVjXmyVkMT3; http://www.wikidata.org/entity/Q125949562,0,,,,,2024-05-09,2025-02-11,"China, South Asia, & East Asia",0.8725327774330318,0.05453329858956449,0.013633324647391122,0.8725327774330318,0.0,0.04002443933179045,0.011044718701683947,0.008231441296538036
31154068985843,Book,,DS797.33.H47 H47 2022,NYU Inst Study Ancient World,Large Collection,9998659228607876,"Hepu Dalang gu cheng : 2019-2021 nian kao gu fa jue bao gao = Dalang Ancient City, Hepu : Report on the Archaeological Excavation, 2019-2021 /",7501077665; 9787501077663,,"Guangxi wen wu bao hu yu kao gu yan jiu suo, author.",Wen wu chu ban she,Beijing Shi :,2022.,Dalang (Extinct city); Excavations (Archaeology)--China--Hepu Xian.; Hepu Xian (China)--Antiquities.; Excavations (Archaeology); China--Hepu Xian; Gu cheng yi zhi (kao gu)--Kao gu fa jue--Fa jue bao gao--He pu xian--2019-2021.; Hepu.; Dalang ancient city.,http://vocab.getty.edu/tgn/8205829;,https://id.oclc.org/worldcat/entity/E39PBJcrhf9BTQ79rMWDKhKKh3; http://www.wikidata.org/entity/Q10936428,0,,,,,2024-05-09,2024-05-09,"China, South Asia, & East Asia",0.8105013952703883,0.09824259336610768,0.016885445734799758,0.8105013952703883,0.0,0.04957195078106351,0.014603628743610602,0.010194986104030041
31154068985850,Book,,NB1912.B83 T3649 2021,NYU ISAW Offsite,Offsite Collection,9998659228507876,Dong Wei - bei Qi shi ku zao xiang yan jiu /,7030696670; 9787030696670,,"Tang, Zhongming, author.",Ke xue chu ban she,Beijing :,2021.,"Buddhist sculpture--China.; Sculpture, Chinese--China.; China--History--Northern and Southern dynasties, 386-589.; Buddhist sculpture; Northern and Southern Dynasties (China); Sculpture, Chinese; China; 386-589; History; Imperial China.; Ancient China.; China.; Sculpture bouddhique--Chine.; Sculpture chinoise--Chine.; Chine--Histoire--386-589 (Dynasties du Nord et du Sud)",http://vocab.getty.edu/tgn/8697462; http://vocab.getty.edu/tgn/8697463; http://vocab.getty.edu/tgn/1000111;,https://id.oclc.org/worldcat/entity/E39PBJcrd4RjtCBk4wfMhTwwG3;,0,,,,,2024-05-09,2025-02-11,"China, South Asia, & East Asia",0.9232882986031599,0.0,0.014426379665674373,0.9232882986031599,0.0,0.032974582092969995,0.02931073963819555,0.0
31154068985884,Book,,BQ6345.B452 Y865 2020,NYU Inst Study Ancient World,Oversize Collection,9998658725607876,Lei yin dong : 2012 nian du kao gu diao cha bao gao /,7534064090; 9787534064098,,,Zhejiang ren min mei shu chu ban she,Hangzhou :,2020.,"Yun ju si (Beijing, China)--History.; Buddhist temples--China--Beijing--History.; Yunju Temple.; Temples bouddhiques--Chine--Pékin--Histoire.",,http://www.wikidata.org/entity/Q1528443,0,,,,,2024-05-08,2024-05-08,"China, South Asia, & East Asia",0.9653310599602158,0.0,0.022449559533958507,0.9653310599602158,0.0,0.0,0.012219380505825517,0.0
31154068985892,Book,,NB1043.23 Z36 2021,NYU Inst Study Ancient World,Oversize Collection,9998659228407876,Yinan gu hua xiang shi mu fa jue bao gao /,7533344928; 9787533344924,,"Zeng, Zhaoyu, 1909-1964, author.",Qi Lu shu she,Jinan Shi :,2021.,"Stone carving--China--Yinan Xian--Qin-Han dynasties, 221 B.C.-220 A.D.; Sculpture, Chinese--Qin-Han dynasties, 221 B.C.-220 A.D.; Yinan Xian (China)--Antiquities.; Tombs--China--Yinan Xian.; Excavations (Archaeology)--China--Yinan Xian.; Antiquities; Excavations (Archaeology); Intaglios; Relief (Decorative arts); Stone carving; Tombs; China--Yinan Xian; Yinan.; Sculpture chinoise--221 av. J.-C.-220 (Dynasties des Qin et des Han)",http://vocab.getty.edu/tgn/8674450,,0,,,,,2024-05-09,2024-05-16,"China, South Asia, & East Asia",0.9390969350178459,0.0,0.014673389609653842,0.9390969350178459,0.0,0.03353917625063735,0.012690499121862783,0.0
31154068985926,Book,,NB1046.A59 L583 2021,NYU ISAW Offsite,Offsite Collection,9998659227307876,Anyue shi ku = Anyue shiku /,7564783834; 9787564783839,,"Liu, Changjiu, author.",Dian zi ke ji da xue chu ban she,Chengdu :,2021.,"Stone carving--China--Anyue Xian.; Stone carving--China--History--Tang-Five dynasties, 618-960.; Stone carving--China--History--Song-Yuan dynasties, 960-1368.; Buddhist sculpture--China--Anyue Xian.; Buddhist sculpture; Stone carving; Stone carving--Song-Yuan dynasties; Stone carving--Tang-Five dynasties; China; China--Anyue Xian; 618-1368; History; Anyue.; Sculpture en pierre--Chine--Histoire--618-960 (Dynastie des Tang et les Cinq Dynasties); Sculpture en pierre--Chine--Histoire--960-1368 (Dynasties des Song et des Yuan)",http://vocab.getty.edu/tgn/8212534,,0,,,,,2024-05-10,2025-02-11,"China, South Asia, & East Asia",0.9153156548891276,0.0,0.014301807107642618,0.9153156548891276,0.0,0.03268984481746884,0.029057639837750077,0.008635053348010636
31154068985934,Book,,DS797.44.D454 L58 2022,NYU ISAW Offsite,Offsite Collection,9998659227707876,Huan Song Shan di qu san dai cheng shi shui li xi tong de kao gu xue yan jiu /,7520398153; 9787520398152,,"Liu, Yifang, 1988- author.",Zhongguo she hui ke xue chu ban she,Beijing :,2022.,Excavations (Archaeology)--China--Dengfeng Shi.; Dengfeng Shi (China)--Antiquities.; Hydraulic engineering--China--Dengfeng Shi--History.; Water resources development--China--Dengfeng Shi--History.; Antiquities; Excavations (Archaeology); Hydraulic engineering; Water resources development; China--Dengfeng Shi; History; Dengfeng Shi.; Fouilles (Archéologie)--Chine--Dengfeng.; Technologie hydraulique--Chine--Dengfeng--Histoire.; Ressources en eau--Exploitation--Histoire.--Chine--Dengfeng,http://vocab.getty.edu/tgn/8200070,,0,,,,,2024-05-10,2025-02-11,"China, South Asia, & East Asia",0.8542471738248227,0.05339044836405142,0.01986621334476332,0.8542471738248227,0.020835296922556652,0.03918565017545059,0.010813255364871174,0.0016619620034841094
31154068985959,Book,,NK7983.A3 S533 2021,NYU Inst Study Ancient World,Large Collection,9998659227607876,Shandong Sheng wen wu kao gu yan jiu yuan cang wen wu jing cui.,7501072566; 9787501072569,,,Wen wu chu ban she,Beijing :,2021.,"Shandong Sheng wen wu kao gu yan jiu yuan--Catalogs.; Bronzes, Chinese--China--Shandong Sheng--Catalogs.; Bronzes, Chinese--To 221 B.C.--Catalogs.; Bronzes, Chinese; China--Shandong Sheng; To 221 B.C.; Catalogs; Shandong.; Bronzes chinois--Chine--Shandong--Catalogues.; Bronzes chinois--Jusqu'à 221 av. J.-C.--Catalogues.",http://vocab.getty.edu/tgn/7002085,https://id.oclc.org/worldcat/entity/E39QbtfRr8hB9YQrXP6JCrVKqp;,0,,,,,2024-05-10,2024-05-10,"China, South Asia, & East Asia",0.9407667658381733,0.0,0.014699480716221458,0.9407667658381733,0.02294553087410179,0.0,0.012713064403218559,0.008875158168284655
31154068985967,Book,,DS797.28.T536 G3678 2022,NYU Inst Study Ancient World,Large Collection,9998659228307876,Wei He shang you Tianshui duan kao gu diao cha bao gao = Archaeological Investigation Report of Tianshui Section of the Upper Weihe River /,7501078343; 9787501078349,,"Gansu Sheng wen wu kao gu yan jiu suo, author.",Wen wu chu ban she,Beijing Shi :,2022.,Tianshui Shi (China)--Antiquities.; Excavations (Archaeology)--China--Tianshui Shi.; Antiquities.; Excavations (Archaeology); China--Tianshui Shi.; Wen wu--Kao gu--Diao cha bao gao--Tian shui.; Qincheng.,http://vocab.getty.edu/tgn/7018061,,0,,,,,2024-05-09,2024-05-09,"China, South Asia, & East Asia",0.8739077016666792,0.05461923135416745,0.02032343492248091,0.8739077016666792,0.0,0.0400875092507651,0.011062122805907331,0.0
31154068985975,Book,,DS797.56.P594 J5369 2023,NYU ISAW Offsite,Offsite Collection,9998659228207876,Jian yao miao xi Jin mu di /,7501065020; 9787501065028,,,Wen wu chu ban she,Beijing :,2023.,Pizhou (China)--Antiquities.; Tombs--China--Pizhou.; Excavations (Archaeology)--China--Pizhou.; Pizhou.; Jianyaomiao cemetery.,http://vocab.getty.edu/tgn/8678026;,http://www.wikidata.org/entity/Q125917219,0,,,,,2024-05-09,2025-02-11,"China, South Asia, & East Asia",0.9308501564435344,0.0,0.014544533694430225,0.9308501564435344,0.0,0.03324464844441194,0.012579056168155871,0.008781605249467306
31154068986197,Book,,DS797.68.H363 L53 2020,NYU Inst Study Ancient World,Large Collection,9998659226707876,"Liangdai Cun Rui guo mu di : 2005, 2006 nian du fa jue bao gao /",7501062560; 9787501062560,,,Wen wu chu ban she,Beijing :,2020.,Excavations (Archaeology)--China--Hancheng Shi.; Tombs--China--Hancheng Shi.; Hancheng Shi (China)--Antiquities.; Hancheng.; Liangdai cemetery.,http://vocab.getty.edu/tgn/8204979;,http://www.wikidata.org/entity/Q125939007,0,v.1,,,,2024-05-10,2024-05-10,"China, South Asia, & East Asia",0.8791416454118649,0.04884120252288138,0.020445154544461972,0.8791416454118649,0.0,0.031397915907566604,0.011880292505565743,0.008293789107659103
31154068986205,Book,,DS797.68.H363 L53 2020,NYU Inst Study Ancient World,Large Collection,9998659226707876,"Liangdai Cun Rui guo mu di : 2005, 2006 nian du fa jue bao gao /",7501062560; 9787501062560,,,Wen wu chu ban she,Beijing :,2020.,Excavations (Archaeology)--China--Hancheng Shi.; Tombs--China--Hancheng Shi.; Hancheng Shi (China)--Antiquities.; Hancheng.; Liangdai cemetery.,http://vocab.getty.edu/tgn/8204979;,http://www.wikidata.org/entity/Q125939007,0,v.2,,,,2024-05-10,2024-05-10,"China, South Asia, & East Asia",0.8791416454118649,0.04884120252288138,0.020445154544461972,0.8791416454118649,0.0,0.031397915907566604,0.011880292505565743,0.008293789107659103
31154068986254,Book,,DS797.68.W64 Y85 2022,NYU ISAW Offsite,Offsite Collection,9998657729007876,"Mizhi Wohuwan : Zhan guo, Qin Han mu di kao gu fa jue bao gao /",7501077517; 9787501077519,,"Yulin Shi wen wu kao gu kan tan gong zuo dui, author.",Wen wu chu ban she,Beijing Shi :,2022.,"Wohuwan Cemetery Site (Yulin Shi, Shaanxi Sheng, China); Tombs--China--Wohuwan Cemetery Site (Yulin Shi, Shaanxi Sheng); Excavations (Archaeology)--China--Yulin Shi (Shaanxi Sheng); Yulin Shi (Shaanxi Sheng, China)--Antiquities.; Antiquities; Excavations (Archaeology); Tombs; China--Mizhi Xian; Wohuwan cemetery.",,http://www.wikidata.org/entity/Q125826086,1,v.3,,,,2024-05-06,2025-02-11,"China, South Asia, & East Asia",0.9315918365725243,0.0,0.014556122446445692,0.9315918365725243,0.0,0.033271137020447296,0.01179230172876613,0.008788602231816267
31154068986262,Book,,DS797.68.W64 Y85 2022,NYU ISAW Offsite,Offsite Collection,9998657729007876,"Mizhi Wohuwan : Zhan guo, Qin Han mu di kao gu fa jue bao gao /",7501077517; 9787501077519,,"Yulin Shi wen wu kao gu kan tan gong zuo dui, author.",Wen wu chu ban she,Beijing Shi :,2022.,"Wohuwan Cemetery Site (Yulin Shi, Shaanxi Sheng, China); Tombs--China--Wohuwan Cemetery Site (Yulin Shi, Shaanxi Sheng); Excavations (Archaeology)--China--Yulin Shi (Shaanxi Sheng); Yulin Shi (Shaanxi Sheng, China)--Antiquities.; Antiquities; Excavations (Archaeology); Tombs; China--Mizhi Xian; Wohuwan cemetery.",,http://www.wikidata.org/entity/Q125826086,1,v.2,,,,2024-05-06,2025-02-11,"China, South Asia, & East Asia",0.9315918365725243,0.0,0.014556122446445692,0.9315918365725243,0.0,0.033271137020447296,0.01179230172876613,0.008788602231816267
31154068986270,Book,,DS797.68.W64 Y85 2022,NYU ISAW Offsite,Offsite Collection,9998657729007876,"Mizhi Wohuwan : Zhan guo, Qin Han mu di kao gu fa jue bao gao /",7501077517; 9787501077519,,"Yulin Shi wen wu kao gu kan tan gong zuo dui, author.",Wen wu chu ban she,Beijing Shi :,2022.,"Wohuwan Cemetery Site (Yulin Shi, Shaanxi Sheng, China); Tombs--China--Wohuwan Cemetery Site (Yulin Shi, Shaanxi Sheng); Excavations (Archaeology)--China--Yulin Shi (Shaanxi Sheng); Yulin Shi (Shaanxi Sheng, China)--Antiquities.; Antiquities; Excavations (Archaeology); Tombs; China--Mizhi Xian; Wohuwan cemetery.",,http://www.wikidata.org/entity/Q125826086,1,v.1,,,,2024-05-06,2025-02-11,"China, South Asia, & East Asia",0.9315918365725243,0.0,0.014556122446445692,0.9315918365725243,0.0,0.033271137020447296,0.01179230172876613,0.008788602231816267
31154068986288,Book,,DS796.C59247 Z56 2020,NYU Inst Study Ancient World,Large Collection,9998656609907876,Zhong Xian Zhongba /,7030664957; 9787030664952,,,Ke xue chu ban she,Beijing :,2020.,Excavations (Archaeology)--China--Chongqing.; Chongqing (China)--Antiquities.; Antiquities; Excavations (Archaeology); China--Chongqing; Chongqing.; Zhongba site.; Fouilles (Archéologie)--Chine--Chongqing.,http://vocab.getty.edu/tgn/7001787;,https://id.oclc.org/worldcat/entity/E39QbtfRtG4dqmkdgK6f4DJBGB; http://www.wikidata.org/entity/Q125751008,0,v.2,,,,2024-05-02,2024-10-24,"China, South Asia, & East Asia",0.825420018136403,0.07503818346694573,0.04344315884928437,0.825420018136403,0.0,0.03786330358423867,0.010448354659954468,0.007786981303173613
31154068986296,Book,,DS796.C59247 Z56 2020,NYU Inst Study Ancient World,Large Collection,9998656609907876,Zhong Xian Zhongba /,7030664957; 9787030664952,,,Ke xue chu ban she,Beijing :,2020.,Excavations (Archaeology)--China--Chongqing.; Chongqing (China)--Antiquities.; Antiquities; Excavations (Archaeology); China--Chongqing; Chongqing.; Zhongba site.; Fouilles (Archéologie)--Chine--Chongqing.,http://vocab.getty.edu/tgn/7001787;,https://id.oclc.org/worldcat/entity/E39QbtfRtG4dqmkdgK6f4DJBGB; http://www.wikidata.org/entity/Q125751008,0,v.4,,,,2024-05-02,2024-10-24,"China, South Asia, & East Asia",0.825420018136403,0.07503818346694573,0.04344315884928437,0.825420018136403,0.0,0.03786330358423867,0.010448354659954468,0.007786981303173613
31154068986304,Book,,DS796.C59247 Z56 2020,NYU Inst Study Ancient World,Large Collection,9998656609907876,Zhong Xian Zhongba /,7030664957; 9787030664952,,,Ke xue chu ban she,Beijing :,2020.,Excavations (Archaeology)--China--Chongqing.; Chongqing (China)--Antiquities.; Antiquities; Excavations (Archaeology); China--Chongqing; Chongqing.; Zhongba site.; Fouilles (Archéologie)--Chine--Chongqing.,http://vocab.getty.edu/tgn/7001787;,https://id.oclc.org/worldcat/entity/E39QbtfRtG4dqmkdgK6f4DJBGB; http://www.wikidata.org/entity/Q125751008,0,v.3,,,,2024-05-02,2024-10-24,"China, South Asia, & East Asia",0.825420018136403,0.07503818346694573,0.04344315884928437,0.825420018136403,0.0,0.03786330358423867,0.010448354659954468,0.007786981303173613
31154068986312,Book,,DS796.C59247 Z56 2020,NYU Inst Study Ancient World,Large Collection,9998656609907876,Zhong Xian Zhongba /,7030664957; 9787030664952,,,Ke xue chu ban she,Beijing :,2020.,Excavations (Archaeology)--China--Chongqing.; Chongqing (China)--Antiquities.; Antiquities; Excavations (Archaeology); China--Chongqing; Chongqing.; Zhongba site.; Fouilles (Archéologie)--Chine--Chongqing.,http://vocab.getty.edu/tgn/7001787;,https://id.oclc.org/worldcat/entity/E39QbtfRtG4dqmkdgK6f4DJBGB; http://www.wikidata.org/entity/Q125751008,0,v.1,,,,2024-05-02,2024-10-24,"China, South Asia, & East Asia",0.825420018136403,0.07503818346694573,0.04344315884928437,0.825420018136403,0.0,0.03786330358423867,0.010448354659954468,0.007786981303173613
31154068986320,Book,,DS797.44.Y895 Y89 2021,NYU ISAW Offsite,Offsite Collection,9998659226607876,"Yuzhou Cuizhang, Suanzaoshuyang mu di /",7534898285; 9787534898280,,,Zhongzhou gu ji chu ban she,Zhengzhou Shi :,2021.,Excavations (Archaeology)--China--Yuzhou Shi.; Tombs--China--Yuzhou Shi.; Yuzhou Shi (China)--Antiquities.; Yuzhou Shi.; Cui Zhang cemetery.; Zizioshu Yang cemetery.,http://vocab.getty.edu/tgn/8681471;,http://www.wikidata.org/entity/Q125941566; http://www.wikidata.org/entity/Q125941605,0,,,,,2024-05-10,2025-02-11,"China, South Asia, & East Asia",0.9308501564435344,0.0,0.014544533694430225,0.9308501564435344,0.0,0.03324464844441194,0.012579056168155871,0.008781605249467306
31154068986338,Book,,DS797.39.Z486 F328 2021,NYU ISAW Offsite,Offsite Collection,9998659226507876,Fa xian Huangdi cheng : Zhuolu gu cheng ji zhou bian yi zhi kao gu gong zuo bao gao (2014-2018) /,7573202075; 9787573202079,,,Shanghai gu ji chu ban she,Shanghai Shi :,2021.,Zhuolu (Extinct city); Excavations (Archaeology)--China--Zhuolu Xian.; Zhuolu Xian (China)--Antiquities.; Antiquities; Excavations (Archaeology); Extinct cities; China--Zhuolu Xian; Essays.; Zhuolu.,http://vocab.getty.edu/tgn/8684216,https://id.oclc.org/worldcat/entity/E39PBJhGTDmWXRTrvyhjyCgtKd;,0,,,,,2024-05-10,2025-02-11,"China, South Asia, & East Asia",0.8652301209564528,0.07865728372331389,0.013519220639944575,0.8652301209564528,0.0,0.03090107574844474,0.011692298931843956,0.0
31154068986346,Book,,DS797.88.Q569 Q568 2023,NYU ISAW Offsite,Offsite Collection,9998659226407876,Qingyuan gu yao zhi : 2011 nian kao gu diao cha fa jue bao gao /,7501081158; 9787501081158,,,Wen wu chu ban she,Beijing Shi :,2023.,"Qingyuan Xian (Zhejiang Sheng, China)--Antiquities.; Excavations (Archaeology)--China--Qingyuan Xian (Zhejiang Sheng); Pottery, Chinese--China--Qingyuan Xian (Zhejiang Sheng); Kilns--China--Qingyuan Xian (Zhejiang Sheng); Qingyuan.",http://vocab.getty.edu/tgn/8626636,,0,,,,,2024-05-10,2025-02-11,"China, South Asia, & East Asia",0.9457177102707937,0.018612475058398817,0.01477683922298115,0.9457177102707937,0.0,0.0,0.011971110256592324,0.008921865191233901
31154068986627,Book,,GN780.22.R9 G54 2021,NYU Inst Study Ancient World,Large Collection,9998656605507876,Gli͡adenovskoe gorodishche-kostishche v kontekste kulʹtury rannego zheleznogo veka i ėpokhi velikogo pereselenii͡a narodov lesnoĭ polosy Evrazii : sbornik nauchnykh stateĭ /,5794436999; 9785794436990,,,Izdatelʹskiĭ t͡sentr Permskogo gosudarstvennogo nat͡sionalʹnogo issledovatelʹskogo universiteta,Permʹ :,2021,Gli͡adenov Site (Russia); Iron age--Russia (Federation)--Ural Mountains Region.; Excavations (Archaeology)--Russia (Federation)--Permskiĭ kraĭ.; Ural Mountains Region (Russia)--Antiquities.; Permskiĭ kraĭ (Russia)--Antiquities.; Permskiĭ kraĭ (Russia)--History.; Perm’ Kray.; Ural'skiye Gory.,http://vocab.getty.edu/tgn/7594737; http://vocab.getty.edu/tgn/7013340,,0,,,,,2024-05-03,2024-10-24,The Caucasus & The Western Steppe,0.5407631549286006,0.12563184407432135,0.18025438497620017,0.05025273762972853,0.059226440777894344,0.0,0.04387143761325507,0.5407631549286006
31154068986635,Book,,NK7983.A3 Y3637 2021 Non-corculating,NYU Inst Study Ancient World,Large Collection,9998660828607876,Shan gao shui kuo chang liu tian ji : Chang Jiang liu yu qing tong wen ming te zhan = Bronze age civilization in the Yangtze river valley = Shangao shuikuo changliu tianji : ChangJiang liuyu qingtong wenming tezhan /,7520723283; 9787520723282,,,Dong fang chu ban she,Beijing Shi :,2021.,"Bronzes, Chinese--China--Yangtze River Region--Exhibitions.; Bronzes, Chinese--To 221 B.C.--Exhibitions.; Bronzes, Chinese; China--Yangtze River Region; To 221 B.C.; Exhibition catalogs; Yangtze River.; Bronzes chinois--Jusqu'à 221 av. J.-C.--Expositions.",http://vocab.getty.edu/tgn/1122679,,0,,,,,2024-05-16,2024-05-16,"China, South Asia, & East Asia",0.8527334020272415,0.0473740778904023,0.013323959406675648,0.8527334020272415,0.03654571722973892,0.030454764358115765,0.01152342435171948,0.008044654736106051
31154068986643,Book,,NK1069.S36 J56 2021,NYU Inst Study Ancient World,Large Collection,9998660028007876,"Jin yu, wang hou : Xi Zhou Guoguo gui zu de sheng huo = Jade Nobles : Life of the Nobles in Guo State during the Western Zhou Dynasty /",7501072477; 9787501072477,,,Wen wu chu ban she,Beijing :,2021.,"Art objects, Chinese--To 221 B.C.; Art objects--China--Sanmenxia Shi.; Art objects; Art objects, Chinese; China--Sanmenxia Shi; To 221 B.C.; Western Guo.; Objets d'art chinois--Jusqu'à 221 av. J.-C.",,https://id.oclc.org/worldcat/entity/E39PBJptYgChtJhY646vQwYVmd; http://www.wikidata.org/entity/Q1555101,0,,,,,2024-05-13,2024-05-13,"China, South Asia, & East Asia",0.8527334020272415,0.0473740778904023,0.013323959406675648,0.8527334020272415,0.03654571722973892,0.030454764358115765,0.01152342435171948,0.008044654736106051
31154068986650,Book,,DS797.84.L68 H683 2022,NYU Inst Study Ancient World,Large Collection,9998660028607876,Loulan kao gu diao cha yu fa jue bao gao /,7550635773; 9787550635777,,"Hou, Can, 1936-2016, author.",Feng huang chu ban she,Nanjing :,2022.,"Excavations (Archaeology)--China--Lop Nur.; Lop Nur (China)--Antiquities.; Loulan (Extinct city); Antiquities; Excavations (Archaeology); China--Lop Nur; China--Loulan (Extinct city); Loulan Yiji.; Lop, Lake.; Fouilles (Archéologie)--Chine--Lop, Lac.",http://vocab.getty.edu/tgn/6003517; http://vocab.getty.edu/tgn/8632375,https://id.oclc.org/worldcat/entity/E39QbtfRCY7DWt8tcJb73TdYmM;,0,,,,,2024-05-13,2024-05-13,"China, South Asia, & East Asia",0.8532631568289675,0.0775693778935425,0.01984332922858064,0.8532631568289675,0.0,0.030473684172463125,0.010800799453531235,0.008049652422914787
31154068986676,Book,,DS797.44.W466 W46 2020,NYU Inst Study Ancient World,Large Collection,9998660026207876,Wen Xian Nanzhangqiang Han dai mu di /,7534894867; 9787534894862,,,Zhongzhou gu ji chu ban she,Zhengzhou Shi :,2020.,Excavations (Archaeology)--China--Wen Xian.; Tombs--China--Wen Xian.; Wen Xian (China)--Antiquities.; Nanzhangqiang Cemetery site.,,http://www.wikidata.org/entity/Q126002909,0,,,,,2024-05-14,2024-05-14,"China, South Asia, & East Asia",0.9315918365725243,0.0,0.014556122446445692,0.9315918365725243,0.0,0.033271137020447296,0.01179230172876613,0.008788602231816267
31154068986684,Book,,DS797.44.L827 L86 2021,NYU Inst Study Ancient World,Large Collection,9998656607707876,Luohe Guxiang mu di /,7534896932; 9787534896934,,,Zhongzhou gu ji chu ban she,Zhengzhou Shi :,2021.,Guxiang Cun (China)--Antiquities.; Excavations (Archaeology)--China--Luohe Shi.; Archaeological expeditions--China--Henan Sheng--Antiquities.; Archaeological expeditions--Tombs--China--Luohe Shi.; Archaeological expeditions--Tombs--China--Linying Xian.; China--Henan Sheng; China--Linying Xian; China--Luohe Shi; Luohe Guxiang cemetery.,,https://id.oclc.org/worldcat/entity/E39QbtfRtQhc78k37pD7GChdXM; https://id.oclc.org/worldcat/entity/E39QbtfRrHCpdtd7Cr3p8bHfWc; http://www.wikidata.org/entity/Q125824547,0,v.2,,,,2024-05-06,2024-05-06,"China, South Asia, & East Asia",0.8778033095119794,0.0487668505284433,0.022687124167817815,0.8778033095119794,0.0,0.0313501181968564,0.011111434297619991,0.008281163297282824
31154068986692,Book,,CJ215 .D58 2020,NYU ISAW Offsite,Offsite Collection,9998659226907876,Sostav splava serebri͡anykh monet Aleksandra Makedonskogo iz sobranii͡a Gosudarstvennogo Ėrmitazha = Alloys within the Silver Coins of Alexander III of Macedon in the Collection of the State Hermitage Museum /,5001652200; 9785001652205,,"Di͡ukov, I͡U. L., author.",Aleteĭi͡a,Sankt-Peterburg :,2020.,"Gosudarstvennyĭ Ėrmitazh (Russia)--Catalogs.; Coins, Greek--Catalogs.; Coins, Ancient--Catalogs.; Silver coins--Catalogs.; Tetradrachma.; Numismatics--Russia (Federation)--Saint Petersburg.; Gosudarstvennyĭ Ėrmitazh (Russia); tetradrachms.; Coins, Ancient; Coins, Greek; Numismatics; Silver coins; Tetradrachma; Russia (Federation)--Saint Petersburg; Catalogs; Alexandrian Empire.; Monnaies grecques--Catalogues.; Monnaies antiques--Catalogues.; Monnaies d'argent--Catalogues.; Tétradrachme.; Numismatique--Russie--Saint-Pétersbourg.",http://vocab.getty.edu/tgn/6000169,https://id.oclc.org/worldcat/entity/E39PBJht6XQPdpF7Qq8Q9jkMT3;,0,,,,,2024-05-10,2025-02-11,European and Classical Antiquity,0.7213114754098361,0.08743169398907104,0.09617486338797815,0.034972677595628415,0.0,0.0,0.7213114754098361,0.060109289617486336
31154068986700,Book,,GN778.2.K63 C47 2022,NYU ISAW Offsite,Offsite Collection,9998659227107876,Ėlʹkhotovskiĭ nekropolʹ--ėtalonnyĭ pami͡atnik kobanskoĭ kulʹtury predgornoĭ zony Respubliki Severnai͡a Osetii͡a--Alanii͡a /,5000814398; 9785000814390,,"Chshiev, Vladimir Taĭmurazovich, author.",Vladikavkazskiĭ nauchnyĭ t͡sentr RAN,Vladikavkaz :,2022.,"Cemeteries--Russia (Federation)--North Ossetia--Antiquities.; Excavations (Archaeology)--Caucasus.; Bronze age--Russia (Federation)--Caucasus, Northern.; Iron age--Russia (Federation)--Caucasus, Northern.; Caucasus, Northern (Russia)--Antiquities.; Koban culture.; Ėl'khotovskiĭ nekropolʹ.; Ciscaucasia.; Fouilles (Archéologie)--Caucase.",https://pleiades.stoa.org/places/974747818; http://vocab.getty.edu/tgn/7025826,,0,,,,,2024-05-10,2025-02-11,The Caucasus & The Western Steppe,0.5407631549286006,0.12563184407432135,0.18025438497620017,0.05025273762972853,0.059226440777894344,0.0,0.04387143761325507,0.5407631549286006
31154068986718,Book,,DK511.U4 I76 2022,NYU Inst Study Ancient World,Small Collection,9998656605407876,Istorii͡a Simbirskogo-Ulʹi͡anovskogo krai͡a s drevneĭshikh vremen do nashikh dneĭ : v 6 tomakh /,5757205466; 9785757205465,,,ANO T͡SSI Ulʹi͡anovskoĭ oblasti,Ulʹi͡anovsk :,2022-,"Ulʹi͡anovskai͡a oblastʹ (Russia)--History.; Ulʹi͡anovskai͡a oblastʹ (Russia)--Social life and customs.; Archaeology--Russia (Federation)--Ulʹi͡anovskai͡a oblastʹ.; Volga River Region (Russia)--Antiquities, Slavic.; Rha/Attila (river).; Ul’yanovsk Oblast.; Volga.; Oulianovsk (Russie : Oblast)--Histoire.; Oulianovsk (Russie : Oblast)--Mœurs et coutumes.; Archéologie--Russie--Oulianovsk (Oblast); Volga, Région de la (Russie)--Antiquités slaves.",https://pleiades.stoa.org/places/834296; http://vocab.getty.edu/tgn/7011609; http://vocab.getty.edu/tgn/7010321;,,0,t.1,,,,2024-05-04,2024-10-24,The Caucasus & The Western Steppe,0.6469788226151156,0.0,0.3306780648921702,0.0,0.0,0.0,0.022343112492714205,0.6469788226151156
31154068986726,Book,,DK855.5.D8 S53 2023,NYU ISAW Offsite,Offsite Collection,9998659226807876,Kratkai͡a istorii͡a dungan-khuėĭkhuėĭ /,9967943300; 9789967943308,,"Shabalov, A. S. author. (Aleksandr Sokratovich),",publisher not identified,Bishkek :,2023.,Dungans--History.; Hui (Chinese people)--History.; Central Asia.; Dungan (Peuple d'Asie)--Histoire.,http://vocab.getty.edu/tgn/8697475,,0,,,,,2024-05-10,2025-02-11,Central Asia & Siberia,0.9880449062941202,0.0,0.9880449062941202,0.0,0.0,0.0,0.0026339153446144846,0.009321178361265284
31154068986734,Book,,DK929.T35 K54 2023,NYU Inst Study Ancient World,Small Collection,9998659227007876,Takhti Sangin v istorii i kulʹture T͡Sentralʹnoĭ Azii = Takht-i Sangin in the history and culture of Central Asia /,9789997570696,,"Khodzhaeva, Nargis, author.",Donish,Dushanbe :,2023.,Takhti-Sangin Site (Tajikistan); Tajikistan--Antiquities.; Excavations (Archaeology)--Tajikistan.; Takht-i Sangin.; Tajikistan.; Tadjikistan--Antiquités.; Fouilles (Archéologie)--Tadjikistan.,https://pleiades.stoa.org/places/971882; http://vocab.getty.edu/tgn/7014835;,,1,,,,,2024-05-10,2024-05-10,Central Asia & Siberia,0.9783853253884798,0.0,0.9783853253884798,0.0,0.0,0.0,0.012384624372006074,0.00923005023951396
31154068986759,Book,Loan,NK535.S33 I47 1994,NYU ISAW Offsite,Offsite Collection,9998659330007876,"Important Chinese works of art from the Arthur M. Sackler collections : auction, Thursday, December 1, 1994 at 10:00 a.m.",,,,Christie's,New York :,1994.,"Sackler, Athur M.--Art collections--Catalogs.; Art objects, Chinese--Catalogs.; Jade art objects, Chinese--Catalogs.; Furniture--China--Catalogs.; Art objects, Chinese; Art--Private collections; Furniture; China; Catalogs; China.; Objets d'art chinois--Catalogues.",http://vocab.getty.edu/tgn/1000111,https://id.oclc.org/worldcat/entity/E39PBJdCqh8h6hJY7PT6MQW4bd;,0,,Bunker,,,2024-05-09,2025-09-17,"China, South Asia, & East Asia",0.9093702206104509,0.0,0.014208909697038296,0.9093702206104509,0.038973009454733615,0.0,0.028868895892395267,0.008578964345381612
31154068986767,Book,,NB1011 .D591 1997,NYU ISAW Offsite,Offsite Collection,9998659329307876,A divine art : sculpture of South East Asia.,0907605877; 9780907605874,,,Spink,London ; New York :,©1997.,"Sculpture, Southeast Asian--Exhibitions.; Sculpture--Southeast Asia--Exhibitions.; Sculpture; Sculpture, Southeast Asian; Southeast Asia; auction catalogs.; Exhibition catalogs; Auction catalogs.; Plastik; Südostasien; Catalogues de vente aux enchères.; Southeast Asia.; Sculpture de l'Asie du Sud-Est--Expositions.; Sculpture--Asie du Sud-Est--Expositions.; 600-1299",http://vocab.getty.edu/tgn/7016821,,0,,Bunker,,,2024-05-09,2025-02-11,"China, South Asia, & East Asia",0.9006515035242332,0.0,0.020945383802889142,0.9006515035242332,0.0,0.04131428915248776,0.028592111222991528,0.008496712297398425
31154068986775,Book,,NB1011 .S696 1995,NYU ISAW Offsite,Offsite Collection,9998659329207876,Visions of the Orient : South East Asian sculpture.,9780907605614; 0907605613,,Spink & Son.,Spink & Son,London :,[1995],"Spink & Son--Catalogs.; Sculpture--Southeast Asia--Catalogs.; Spink & Son; Sculpture; Southeast Asia; Catalogs; Southeast Asia.; Sculpture--Asie du Sud-Est--Catalogues.; Sculpture, Buddhist; Sculpture, Hindu; Sculpture - Asia, Southeastern",http://vocab.getty.edu/tgn/7016821,,0,,Bunker,,,2024-05-09,2025-02-11,"China, South Asia, & East Asia",0.8633848017663517,0.047965822320352874,0.013490387527599245,0.8633848017663517,0.0,0.039604807420474855,0.027409041325915928,0.008145139639305205
31154068986783,Book,,NK8886.C3 H65 2003,NYU ISAW Offsite,Offsite Collection,9998659329107876,"'Hol', the art of Cambodian textiles : seminar proceedings, 12-13 Dec. 2003, CKS hall, Wat Damnak, Siem Reap /",,,,Institute for Khmer Traditional Textiles and Center for Khmer STudies,[Cambodia] :,©2004.,Textile fabrics--Cambodia--History--Congresses.; Textile fabrics; Cambodia; Conference papers and proceedings; History; Cambodia.; Textiles et tissus--Cambodge--Histoire--Congrès.,http://vocab.getty.edu/tgn/1000109,https://id.oclc.org/worldcat/entity/E39PBJg4r3TCfqyp68WTMRDH4q;,0,,Bunker,,,2024-05-09,2025-02-11,"China, South Asia, & East Asia",0.6828424619115454,0.08762210335457182,0.024643716568473327,0.6828424619115454,0.06759419401638399,0.07234852570560978,0.050069773345469616,0.01487922509794616
31154068986791,Book,,BL2060 .P466 2000,NYU ISAW Offsite,Offsite Collection,9998659329007876,People and earth /,,,,Reyum Gallery,"Phnom Penh, Cambodia :",[2000],Cambodia--Religion--Exhibitions.; Religion; Cambodia; Exhibition catalogs; Cambodia.,http://vocab.getty.edu/tgn/1000109,https://id.oclc.org/worldcat/entity/E39PBJg4r3TCfqyp68WTMRDH4q;,0,,Bunker,,,2024-05-09,2025-02-11,"China, South Asia, & East Asia",0.7552091890441613,0.10984860931551438,0.0,0.7552091890441613,0.05178577296302821,0.05542819736103937,0.01632884733068457,0.011399383985572246
31154068986809,Book,,NB134 .H47 1995,NYU Inst Study Ancient World,Large Collection,9998662030207876,The heritage of Sri Lankan bronze sculpture.,9789555780063; 9555780064,,,Department of National Museums,Colombo :,1995.,Bronze sculpture--Sri Lanka.; Buddhist sculpture--Sri Lanka.; Hindu sculpture--Sri Lanka.; Bronze sculpture.; Buddhist sculpture.; Hindu sculpture.; Bronzeplastik; Buddhistische Kunst; Hinduistische Kunst; Sri Lanka; Sri Lanka.; Sculpture en bronze--Sri Lanka.; Sculpture bouddhique--Sri Lanka.; Sculpture hindoue--Sri Lanka.; Exhibition catalogues.,(OCoLC)fst01208730; http://vocab.getty.edu/tgn/7030365,,0,,Bunker,,,2024-05-09,2024-05-20,"China, South Asia, & East Asia",0.6177598572032187,0.0,0.015443996430080468,0.6177598572032187,0.0,0.04534017300574082,0.3121312962711,0.009324677089859904
31154068986817,Book,,NB1000 .F37 2006,NYU ISAW Offsite,Offsite Collection,9998659328807876,Fashioning the divine : South Asian sculpture at the Ackland Art Museum /,9780974365626; 0974365629,,,Ackland Art Museum University of North Carolina at Chapel Hill,"Chapel Hill, NC :",2006.,"Ackland Art Museum--Exhibitions.; Sculpture--South Asia--Exhibitions.; Sculpture, Indic--Exhibitions.; Gods in art--Exhibitions.; Sculpture--North Carolina--Chapel Hill--Exhibitions.; South Asia--Religion--Exhibitions.; Ackland Art Museum; Gods in art; Religion; Sculpture; Sculpture, Indic; North Carolina--Chapel Hill; South Asia; Exhibition catalogs; 20.44 art of South-Asia, South-east Asia and Further India.; Ackland Art Museum.; Sculpture, Asian--Exhibitions.; Gods in art.; South Asia--Religion.; Plastic arts.; Exhibitions (form); South Asia.; Sculpture--Asie méridionale--Expositions.; Sculpture de l'Inde--Expositions.; Dieux dans l'art--Expositions.; Sculpture--Caroline du Nord--Chapel Hill--Expositions.; Asie méridionale--Religion--Expositions.",(NL-LeOCL)078969581; http://vocab.getty.edu/tgn/7000208;,https://id.oclc.org/worldcat/entity/E39PBJtcGWx7DYvf6JYbGg3CwC;,0,,Bunker,,,2024-05-09,2025-02-11,"China, South Asia, & East Asia",0.908966881652356,0.0,0.021138764689589674,0.908966881652356,0.0,0.03246310291615557,0.028856091481027173,0.008575159260871282
31154068986825,Book,,NK7372 .A81 2018,NYU ISAW Offsite,Offsite Collection,9998659328707876,Asian jewels /,,,"Content, Derek J.",Antiquarium Ltd,New York :,2018.,Jewelry--Asia--Catalogs.; Jewelry; Asia; Catalogs; Asia.; Bijoux--Asie--Catalogues.,http://vocab.getty.edu/tgn/1000004,https://id.oclc.org/worldcat/entity/E39PBJxMpyjKQ9Jtm3jkjPBgKd;,0,,Bunker,,,2024-05-09,2025-02-11,"China, South Asia, & East Asia",0.38779595198804145,0.1723794666679719,0.24732706087143794,0.38779595198804145,0.08126460571490104,0.06772050476241753,0.025623974774968798,0.017888435220261234
31154068986833,Book,,QL15 .O5 2019,NYU Inst Study Ancient World,Small Collection,990098059660107876,On the diffusion of zoological knowledge in Late Antiquity and the Byzantine period /,386821982X; 9783868219821,,On Diffusion of Zoological Knowledge in Late Antiquity and the Byzantine Period (Conference) Universität Trier) (2019 :,WVT Wissenschaftlicher Verlag Trier,Trier :,[2023],"Zoology--History--To 1500--Congresses.; Zoology--Pre-Linnean works--Congresses.; Philosophy and science--History--Congresses.; Religion and science--History--Congresses.; Science, Ancient--Congresses.; Science, Medieval--Congresses.; Philosophy and science; Religion and science; Science, Ancient; Science, Medieval; Zoology; To 1500; Conference papers and proceedings; History; Roman Empire.; Byzantine Empire.; Zoologie--Ouvrages prélinnéens--Congrès.; Philosophie et sciences--Histoire--Congrès.; Religion et sciences--Histoire--Congrès.; Sciences anciennes--Congrès.; Sciences médiévales--Congrès.",http://vocab.getty.edu/tgn/7030347; http://vocab.getty.edu/tgn/7024407,,0,,,,,2024-05-15,2024-05-15,Cross-Cultural Studies & Other,0.8130416558764965,0.07391287780695423,0.012703775873070257,0.02956515112278169,0.8130416558764965,0.03729548880167415,0.025810846218301473,0.0076702043007216645
31154068986841,Book,,HM1116 .V524 2023,NYU Inst Study Ancient World,Small Collection,9998650343807876,Violence and inequality : an archaeological history /,1646424964; 9781646424962; 9781646424979; 1646424972,,,University Press of Colorado,"Denver, Colorado :",[2023],"Violence--History.; Violence--Social aspects.; Violence--Religious aspects.; Equality--History.; Equality--Social aspects.; Equality--Religious aspects.; Warfare, Prehistoric.; Social archaeology.; Prehistoric peoples.; Equality; Equality--Religious aspects; Equality--Social aspects; Prehistoric peoples; Social archaeology; Violence; Violence--Religious aspects; Violence--Social aspects; Warfare, Prehistoric; History; Violence--Histoire.; Violence--Aspect social.; Violence--Aspect religieux.; Égalité (Sociologie)--Aspect religieux.; Guerre préhistorique.; Archéologie sociale.",,,0,,,,,2024-05-15,2024-05-15,European and Classical Antiquity,0.6701570680628273,0.0,0.3298429319371728,0.0,0.0,0.0,0.6701570680628273,0.0
31154068986858,Book,,NX680.3.C48 B43 1973,NYU Inst Study Ancient World,Large Collection,990026345520107876,Viṣṇu's flaming wheel : the iconography of the Sudarśana-cakra /,9780814709733; 0814709737,,"Begley, W. E. 1937- (Wayne Edison),",Published by New York University Press for the College Art Association of America,New York :,1973.,Vishnu--(Hindu deity)--Art.; Chakra (Hinduism) in art.; Hindu arts.; Vishnu--(Hindu deity); Art; Vishnu--(Hindu deity)--Art; Chakra (Hinduism) in art; Hindu arts; Cakra.; Art--Inde.; South Asia.; Sudarśana-Cakra.; Vishnu (Divinité hindoue); Cakra (Hindouisme) dans l'art.; Iconography,http://vocab.getty.edu/tgn/7000208,,0,,Bunker,,,2024-05-15,2024-05-15,"China, South Asia, & East Asia",0.9567060248259159,0.0,0.023917650620647896,0.9567060248259159,0.0,0.0,0.01937632455343627,0.0
31154068986866,Book,,N8193.A4 B44 2009,NYU ISAW Offsite,Offsite Collection,990032914620107876,Buddhist art : an historical and cultural journey.,9749863879; 9789749863879,,"Béguin, Gilles.",River Books,Bangkok :,2009.,Buddhist art.; Buddhist art; Asia.; Art bouddhique.,http://vocab.getty.edu/tgn/1000004,,0,,Bunker,,,2024-05-15,2025-02-11,"China, South Asia, & East Asia",0.8810979116672946,0.04894988398151636,0.020490649108541734,0.8810979116672946,0.02149019296749499,0.0,0.027971362275152206,0.0
31154068986874,Book,,NK7376.A1 B35 2001,NYU ISAW Offsite,Offsite Collection,9998660429307876,Indian jewellery : dance of the peacock /,9788175083141; 817508314X,,"Bala Krishnan, Usha R. (Usha Ramamrutham)",India Book House,Bombay :,©2001.,Jewelry--India--History.; Gold jewelry--India--History.; Jewelry making--India--History.; Goldwork--India--History.; Gold jewelry; Goldwork; Jewelry; Jewelry making; India; History; India.; Bijoux--Inde--Histoire.; Bijoux en or--Inde--Histoire.; Bijoux--Fabrication--Histoire.--Inde,https://pleiades.stoa.org/places/50004,https://id.oclc.org/worldcat/entity/E39PBJmdx47cDXrRhBXHtbvPwC;,0,,Bunker,,,2024-05-15,2025-02-11,"China, South Asia, & East Asia",0.8729555516830592,0.0,0.0136399304950478,0.8729555516830592,0.03741238078641682,0.04004383264601189,0.027712874656605054,0.008235429732859048
31154068986882,Book,,ND2834.C3 N34 1997,NYU ISAW Offsite,Offsite Collection,9998660429207876,Peintures murales des monastères bouddhiques au Cambodge /,9782706812569; 2706812567; 9789232034557; 9232034557,,"Nafilyan, Jacqueline.",Unesco; Maisonneuve & Larose,[Paris] :,©1997.,"Gautama Buddha--Art.; Mural painting and decoration, Khmer--19th century.; Buddhist mural painting and decoration--Cambodia.; Rāma (Hindu deity)--Art.; Mural painting and decoration, Khmer--19th century--Pictorial works.; Buddhist mural painting and decoration--Cambodia--Pictorial works.; Mural painting and decoration--Cambodia--19th century.; Gautama Buddha; Rāma--(Hindu deity); Buddhist mural painting and decoration; Mural painting and decoration, Khmer; Cambodia; 1800-1899; Art; Illustrated works; Buddha,--ca480-ca400 BC.; Buddhismus--Kloster--Wandmalerei--Kambodscha.; Kloster--Buddhismus--Wandmalerei--Kambodscha.; Wandmalerei--Buddhismus--Kloster--Kambodscha.; Kambodscha--Buddhismus--Kloster--Wandmalerei.; Cambodia.; Bouddha--Art.; Peinture et décoration murales--Khmers--Cambodge.; Peinture et décoration murales bouddhiques--Cambodge.; Peinture et décoration murales--Cambodge--19e siècle.; Rāma (Divinité hindoue) dans l'art.; Peinture et décoration murales--Khmers--Cambodge--Ouvrages illustrés.; Peinture et décoration murales bouddhiques--Cambodge--Ouvrages illustrés.; Peinture et décoration murales--Cambodge--19e siècle--Ouvrages illustrés.; Buddhist Paintings",http://vocab.getty.edu/tgn/1000109,https://id.oclc.org/worldcat/entity/E39PBJg4r3TCfqyp68WTMRDH4q;,0,,Bunker,,,2024-05-15,2025-02-11,"China, South Asia, & East Asia",0.8535228643034569,0.0,0.11132906925697264,0.8535228643034569,0.0,0.0,0.02709596394614149,0.008052102493428838
31154068986890,Book,,N8214.5.C6 M86 1990,NYU ISAW Offsite,Offsite Collection,990019186260107876,"Sacred mountains in Chinese art : an exhibition organized by the Krannert Art Museum at the University of Illinois, Urbana-Champaign, curated by Kiyohiko Munakata : Krannert Art Museum, November 9-December 16, 1990, the Metropolitan Museum of Art, January 25-March 31, 1991 /",9780252061882; 0252061888,,"Munakata, Kiyohiko, 1928-",University of Illinois Press; Krannert Art Museum University of Illinois at Urbana-Champaign,"Champaign, Ill. : Urbana :",©1990.,"Mountains in art--Exhibitions.; Art, Chinese--Exhibitions.; Mountains--China--Religious aspects--Exhibitions.; Art, Chinese; Mountains in art; Mountains--Religious aspects; China; Exhibition catalogs; China.; Montagnes dans l'art--Expositions.; Art chinois--Expositions.; Montagnes--Chine--Aspect religieux--Expositions.",http://vocab.getty.edu/tgn/1000111,https://id.oclc.org/worldcat/entity/E39PBJdCqh8h6hJY7PT6MQW4bd;,0,,Bunker,,,2024-05-15,2025-02-11,"China, South Asia, & East Asia",0.9031033740969089,0.0,0.021002404048765324,0.9031033740969089,0.038704430318438954,0.0,0.028669948384028855,0.008519843151857632
31154068986908,Book,,JZ6405.W66 G454 2018,NYU Inst Study Ancient World,Small Collection,990063263040107876,Gender und Krieg /,3868217584; 9783868217582,,,WVT Wissenschaftlicher Verlag Trier,Trier :,[2018],"Women and war--Congresses.; Women and war in literature--Congresses.; Classical literature--History and criticism--Congresses.; Classical literature; Women and war; Women and war in literature; proceedings (reports); Conference papers and proceedings; Criticism, interpretation, etc.; Conference papers and proceedings.; Internum Mare.; Actes de congrès.; Femmes et guerre--Congrès.; Femmes et guerre dans la littérature--Congrès.; Littérature ancienne--Histoire et critique--Congrès.",https://pleiades.stoa.org/places/1043,,0,,,,,2024-05-15,2024-05-15,Ancient Western Asia,0.3810820006805036,0.3810820006805036,0.10717931269139164,0.0,0.2939775433821028,0.0,0.21776114324600207,0.0
31154068986916,Book,,DT73.D54 S73 2017,NYU Inst Study Ancient World,Small Collection,9998660429107876,"Théologie et culte au temple de Soknopaios : études sur la religion d'un village égyptien pendant l'époque romaine : quatre séminaires à l'École pratique des hautes études, Section des sciences religieuses, mai-juin 2015 /",2915840377; 9782915840377,,"Stadler, Martin Andreas, author.",Cybèle,Paris :,2017.,"Dīmay (Extinct city); Dīmay (Extinct city)--Religious life and customs.; Egypt--Antiquities.; Egypt--History--Sources.--332-30 B.C.; Extinct cities--Egypt.; Antiquities; Manuscripts (Papyri); Egypt; Egypt--Dīmay (Extinct city); 332-30 B.C.; History; Sources; Soknopaiou Nesos.; Ancient Egypt (region); Egypt.; Villes disparues, en ruines, etc.--Égypte.; Égypte--Vie religieuse.; Égypte--Antiquités.; Égypte--Histoire--Sources.--332-30 av. J.-C.",https://pleiades.stoa.org/places/737053; https://pleiades.stoa.org/places/981503; http://vocab.getty.edu/tgn/7016833;,,0,,,,,2024-05-15,2024-05-23,Egypt & North Africa,0.9874999999999999,0.0,0.0,0.0,0.0,0.9874999999999999,0.012499999999999999,0.0
31154068986924,Book,,HQ1127 .G454 2022,NYU Inst Study Ancient World,Small Collection,9998660429007876,Gender studies in den Altertumswissenschaften : Women and objects in Antiquity /,3868219366; 9783868219364,,,WVT Wissenschaftlicher Verlag Trier,Trier :,2022.,Women--History--To 500.; Greece--Antiquities.; Rome--Antiquities.; Antiquities; Women; Greece; Rome (Empire); To 500; History; Hellas.; Roman Empire.; Greece (ancient); Greece.; Femmes--Histoire--Jusqu'à 500.; Grèce--Antiquités.; Rome--Antiquités.,https://pleiades.stoa.org/places/696690497; http://vocab.getty.edu/tgn/7030347; http://vocab.getty.edu/tgn/7594735; http://vocab.getty.edu/tgn/1000074;,https://id.oclc.org/worldcat/entity/E39PBJxd6hw8HtWYq9JY6hjjYP;,0,,,,,2024-05-15,2024-05-15,European and Classical Antiquity,0.9615243679003298,0.0,0.015023818248442653,0.0,0.023451813851227556,0.0,0.9615243679003298,0.0
31154068986932,Book,,PJ1521 .P47,NYU Inst Study Ancient World,Large Collection,9998660428907876,Recueil des inscriptions royales saïtes /,9782951675865; 2951675860,,"Perdu, Olivier, author.",Collège de France; Cybèle,Paris :,[2002]-,"Inscriptions, Egyptian.; Inscriptions, Egyptian; Inschrift; Quelle; Ancient Egypt (region); Psammetich (Ägypten, Pharao, I.); Inscriptions égyptiennes.; Egyptology--Epigraphy",https://pleiades.stoa.org/places/981503,,0,v.1:2002,,,,2024-05-15,2024-05-23,Egypt & North Africa,0.9166666666666667,0.08333333333333334,0.0,0.0,0.0,0.9166666666666667,0.0,0.0
31154068986940,Book,,DK34.S4 C84 2006,NYU Inst Study Ancient World,Oversize Collection,9998660428807876,Der Goldschatz von Aržan : ein Fürstengrab der Skythenzeit in der südsibirischen Steppe /,382960260X; 9783829602600,,"Čugunov, Konstantin V.",Schirmer Mosel,München :,2006.,"Arzhan Mound (Russia); Arzhan Mound (Russia)--Catalogs.; Goldwork, Scythian--Russia (Federation)--Tuva.; Goldwork, Scythian--Russia (Federation)--Tuva--Catalogs.; Grave goods--Russia (Federation)--Tuva.; Grave goods--Russia (Federation)--Tuva--Catalogs.; Tuva (Russia)--Antiquities.; Tuva (Russia)--Antiquities--Catalogs.; Siberia (Russia)--Antiquities.; Siberia (Russia)--Antiquities--Catalogs.; Antiquities; Goldwork, Scythian; Grave goods; Russia (Federation)--Arzhan Mound; Russia (Federation)--Siberia; Russia (Federation)--Tuva; Catalogs; Fürstengrab; Goldschatz; Skythen; Arzhan; Arzhan.; Skythen.; Siberia.; Tyva.; Orfèvrerie scythe--Russie--Touva.; Orfèvrerie scythe--Russie--Touva--Catalogues.; Mobilier funéraire--Russie--Touva.; Mobilier funéraire--Russie--Touva--Catalogues.; Geschichte 700 v. Chr.",https://pleiades.stoa.org/places/809343802; http://vocab.getty.edu/tgn/7011548; http://vocab.getty.edu/tgn/7014829,https://id.oclc.org/worldcat/entity/E39PBJjCJGMKGBYwrRQTqdKWXd; https://id.oclc.org/worldcat/entity/E39QbtfRyygymc9RvcrkkM8DhB;,0,,,,,2024-05-15,2024-05-15,Central Asia & Siberia,0.5531202435312024,0.0,0.5531202435312024,0.0,0.0,0.0,0.014003044140030441,0.4328767123287671
31154068986957,Book,,DR95.T45 N36 2023,NYU Inst Study Ancient World,Large Collection,9998660928707876,Markers of military mobility : toward an archaeology of the sling in ancient Thrace (5th c. BC - 4th c. AD) with a corpus of the inscribed lead sling projectiles from Bulgaria : glandes plumbeae inscriptae in Bularia repertae /,6192453853; 9786192453855; 9786192540333; 6192540330,,"Nankov, Emil, author.",Bulgarian Academy of Sciences National Archaeological Institute and Museum; Bŭlgarska akademii͡a na naykite nat͡sionalen apxeologichecki inctit c myzeĭ,Cofii͡a :,2023.,"Thrace--Antiquities.; Bulgaria--Antiquities.; Military history, Ancient.; Thrace--History--To 1362.; Thracians--Bulgaria.; Excavations (Archaeology)--Bulgaria.; Excavations (Archaeology)--Thrace.; Thracia.; Bulgaria.; Bulgarie--Antiquités.; Histoire militaire ancienne.; Thrace--Histoire--Jusqu'à 1362.; Thraces--Bulgarie.; Fouilles (Archéologie)--Thrace.",https://pleiades.stoa.org/places/501638; http://vocab.getty.edu/tgn/7006413;,,0,,,,,2024-05-16,2024-05-16,European and Classical Antiquity,0.9216120974379529,0.05590955872209697,0.0,0.0,0.022478343839950073,0.0,0.9216120974379529,0.0
31154068986965,Book,,PN87 .U54 2021,NYU ISAW Offsite,Offsite Collection,9998660928607876,"Unheimliche Antike : bedrohliche Texte, verunsicherte Rezipienten, verstörende Lektüren /",3868219145; 9783868219142,,,WVT Wissenschaftlicher Verlag Trier,Trier :,[2021],"Literature, Ancient--History and criticism.; Uncanny, The (Psychoanalysis), in literature.; Uncanny, The (Psychoanalysis), in art.; Literature, Ancient; Uncanny, The (Psychoanalysis), in literature; Uncanny, The (Psychoanalysis), in art; Criticism, interpretation, etc.; Greece (ancient); Roman Empire.; Littérature ancienne--Histoire et critique.; Inquiétante étrangeté (Psychanalyse) dans la littérature.; Inquiétante étrangeté (Psychanalyse) dans l'art.",http://vocab.getty.edu/tgn/7594735; http://vocab.getty.edu/tgn/7030347,,0,,,,,2024-05-16,2025-02-11,Cross-Cultural Studies & Other,0.5086521440699396,0.0,0.013908457064412414,0.032368772804450704,0.5086521440699396,0.0,0.44507062606119724,0.0
31154068986973,Book,,Z3232 .B78 1998,NYU Inst Study Ancient World,Reference 5 Collection,9998660928307876,Bibliographie du Cambodge ancien /,9782855395661; 2855395666,,"Bruguier, Bruno.",Ecole française d'Extrême Orient,Paris :,©1998.,Cambodia--Antiquities--Bibliography.; Cambodia--History--To 800--Bibliography.; Cambodia--History--800-1444--Bibliography.; Angkor (Extinct city)--Bibliography.; Excavations (Archaeology)--Cambodia--Bibliography.; Antiquities; Excavations (Archaeology); Cambodia; Cambodia--Angkor (Extinct city); To 1444; Bibliographies; History; 15.75 history of Asia.; Archeologie.; Khmer-kunst.; Cultuur.; Bibliographies (form); Angkor.; Cambodia.; Cambodge--Histoire--Jusqu'à 800--Bibliographie.; Cambodge--Histoire--800-1444--Bibliographie.; Angkor (Ville ancienne)--Bibliographie.; Fouilles (Archéologie)--Cambodge--Bibliographie.,https://pleiades.stoa.org/places/531398484; http://vocab.getty.edu/tgn/1000109;,https://id.oclc.org/worldcat/entity/E39PBJg4r3TCfqyp68WTMRDH4q;,0,v.1,Bunker,,,2024-05-16,2024-05-21,Ancient Western Asia,0.36666770496371814,0.36666770496371814,0.0,0.14741615764275856,0.17285763234003856,0.18501581443123394,0.12804269062225077,0.0
31154068986981,Book,,Z3232 .B78 1998,NYU Inst Study Ancient World,Reference 5 Collection,9998660928307876,Bibliographie du Cambodge ancien /,9782855395661; 2855395666,,"Bruguier, Bruno.",Ecole française d'Extrême Orient,Paris :,©1998.,Cambodia--Antiquities--Bibliography.; Cambodia--History--To 800--Bibliography.; Cambodia--History--800-1444--Bibliography.; Angkor (Extinct city)--Bibliography.; Excavations (Archaeology)--Cambodia--Bibliography.; Antiquities; Excavations (Archaeology); Cambodia; Cambodia--Angkor (Extinct city); To 1444; Bibliographies; History; 15.75 history of Asia.; Archeologie.; Khmer-kunst.; Cultuur.; Bibliographies (form); Angkor.; Cambodia.; Cambodge--Histoire--Jusqu'à 800--Bibliographie.; Cambodge--Histoire--800-1444--Bibliographie.; Angkor (Ville ancienne)--Bibliographie.; Fouilles (Archéologie)--Cambodge--Bibliographie.,https://pleiades.stoa.org/places/531398484; http://vocab.getty.edu/tgn/1000109;,https://id.oclc.org/worldcat/entity/E39PBJg4r3TCfqyp68WTMRDH4q;,0,v.2,,,,2024-05-16,2024-05-21,Ancient Western Asia,0.36666770496371814,0.36666770496371814,0.0,0.14741615764275856,0.17285763234003856,0.18501581443123394,0.12804269062225077,0.0
31154068986999,Book,,PK8002 .G63 1982,NYU Inst Study Ancient World,Small Collection,9998660928207876,Linguistique arménienne : études diachroniques /,,,"Godel, Robert.",Libr H Samuel; Fondation des frères Ghoukassiantz,Vaduz [Liechtenstein] : Paris :,[1982],Armenian language.; Armenian (language); Armenian language; Armenia (region).; Arménien (langue)--Histoire.; Arménien (Langue),https://pleiades.stoa.org/places/874350,,0,,,,,2024-05-16,2024-05-16,The Caucasus & The Western Steppe,0.9645347074871174,0.0,0.02243103970900273,0.0,0.0,0.0,0.013034252803879966,0.9645347074871174
31154068987005,Book,,DR1637.M58 R34 2022,NYU Inst Study Ancient World,Large Collection,9998660928107876,Brodolom rimskog trgovačkog broda kod rta Glavata na Mljetu = Shipwreck of a Roman merchantman near Cape Glavat on the island of Mljet /,9533313544; 9789533313542,,"Radić Rossi, Irena, author.",Sveučilište u Zadru,Zadar :,2022.,"Underwater archaeology--Croatia--Mljet Island.; Mljet Island (Croatia)--Antiquities, Roman.; Archaeological assemblages--Croatia--Mljet Island.; Underwater archaeology; Archaeological assemblages; Romans--Antiquities; Antiquities; Shipwrecks; Croatia--Mljet Island; Catalogs; History; Roman shipwreck at Cape Glavat.; Archéologie sous-marine--Croatie--Mljet.; Mljet (Croatie)--Antiquités romaines.; Assemblages archéologiques--Croatie--Mljet.",https://pleiades.stoa.org/places/329757905;,,0,,,,,2024-05-16,2024-05-16,European and Classical Antiquity,1.0,0.0,0.0,0.0,0.0,0.0,1.0,0.0
31154068987013,Book,,N7314 .V554 2006,NYU ISAW Offsite,Offsite Collection,9998662027007876,Viêt Nam : collection vietnamienne du musée Cernuschi /,9782879008608; 2879008603; 9782868051295; 2868051294,,,Findakly; Paris musées,Paris : Suilly-la-Tour :,2006.,"Musée Cernuschi--Catalogs.; Art, Vietnamese--Catalogs.; Vietnam--Antiquities--Catalogs.; Musée Cernuschi; Antiquities; Art, Vietnamese; catalogs (documents); Catalogs; Catalogs.; Musée Cernuschi de Paris; Sammlung; Bronzekunst; Keramik; Vietnam; Catalogues.; Paris--Musée Cernuschi.; Geschichte; Viet Nam.; Musée Cernuschi--Catalogues.; Art vietnamien--France--Catalogues.; Céramique vietnamienne--France--Catalogues.; Bronzes vietnamiens--France--Catalogues.; Viêt-nam--Antiquités--Catalogues.; Art vietnamien--Catalogues.; Vietnamese art--Archaeology--Museum collection",http://vocab.getty.edu/tgn/1000145;,https://id.oclc.org/worldcat/entity/E39PBJjhFyhTBdYgGbRpV6YwYP;,0,,Bunker,,,2024-05-21,2025-02-11,"China, South Asia, & East Asia",0.7456591659880694,0.0677871969080063,0.09725989121583513,0.7456591659880694,0.03195682139948868,0.0266306844995739,0.0236717195551768,0.00703452043384971
31154068987021,Book,,DS99.P17 E93 2023,NYU Inst Study Ancient World,Large Collection,9998662026907876,Exchange and reuse in Roman Palmyra : examining economy and circularity /,2503603424; 9782503603421,,,Brepols,"Turnhout, Belgium :",[2023],Tadmur (Syria)--Antiquities.; Tadmur (Syria)--Economic conditions.; Antiquities; Economic history; Syria--Tadmur; Palmyra.; Palmyre (Ville ancienne)--Conditions économiques.,https://pleiades.stoa.org/places/668331;,https://id.oclc.org/worldcat/entity/E39QbtfRpxGBd7jKJ97673wX7B;,0,,,,,2024-05-21,2024-05-23,Ancient Western Asia,0.8330288617179451,0.8330288617179451,0.048458742648412316,0.03348058582981214,0.02245649049560571,0.042234683959625416,0.011654634307846,0.008686001040753151
31154068987039,Book,,N2250.M87 A58 2000,NYU ISAW Offsite,Offsite Collection,9998662026707876,"Magische Götterwelten : Werke aus dem Museum für Indische Kunst, Berlin /",9783980623940; 3980623947,,,UNZE,Potsdam :,2000.,"Art--Germany--Berlin--Catalogs.; Art, Cenral Asian--Catalogs.; Art, Indic--Catalogs.; Art, Southeast Asian--Catalogs.; Art; Art, Indic; Art, Southeast Asian; Germany--Berlin; Catalogs; Museum für Indische Kunst Berlin; Geschichte; Katalog; Kunst; Indien; Berlin--Museum für Indische Kunst.; South Asia.; Central Asia.; Southeast Asia.; Art--Allemagne--Berlin--Catalogues.; Art de l'Inde--Catalogues.; Art de l'Asie du Sud-Est--Catalogues.",http://vocab.getty.edu/tgn/7000208; http://vocab.getty.edu/tgn/8697475; http://vocab.getty.edu/tgn/7016821,,0,,Bunker,,,2024-05-21,2025-02-11,"China, South Asia, & East Asia",0.6709080901252932,0.0,0.2829206622630544,0.6709080901252932,0.0,0.030775600464462993,0.009066325542233692,0.006329321604955596
31154068987047,Book,,DS51.E27 A73 2019,NYU Inst Study Ancient World,Large Collection,9998662026507876,"Archaeology of Eastern Anatolia. from prehistoric times to the end of the Iron Ages = I. doğu Anadolu Arkeoloji̇si̇ : prehistorik dönemlerden demir C̜ağlarin Sonuna Kadar Doğu Anadolu (DARK I) : proceedings of the 1st Archaeology of Eastern Anatolia Colloquium held at Ege University, 11-12 February 2019, Izmir /",9042950137; 9789042950139; 9042950145; 9789042950146,,"Archaeology of Eastern Anatolia Colloquium İzmir, Turkey), 2019 : issuing body. (1st :",Peeters,Leuven :,2023.,"Turkey, Eastern--Antiquities--Congresses.; Excavations (Archaeology)--Turkey, Eastern--Congresses.; Prehistoric peoples--Turkey, Eastern--Congresses.; Antiquities; Excavations (Archaeology); Prehistoric peoples; Eastern Turkey; Conference papers and proceedings; Turkey, Eastern.; Fouilles (Archéologie)--Turquie (Est)--Congrès.",,https://www.wikidata.org/entity/Q112147207,0,,,,,2024-05-21,2026-04-06,Ancient Western Asia,0.8012957376262468,0.8012957376262468,0.020596340869218095,0.0322051875409592,0.03795611388755906,0.04062580997139349,0.011968144018599703,0.05535266608602363
31154068987054,Book,,DS54.3 .N49 2019,NYU Inst Study Ancient World,Small Collection,9998662026207876,"New approaches toward recording, preserving and studying cultural heritage in divided Cyprus : problems & opportunities /",605708103X; 9786057081032,,"New Approaches Toward Recording, Preserving and Studying Cultural Heritage in Divided Cyprus: Problems and Opportunities Arkin University of Creative Arts and Design), (2019 : author.",ARUCAD Press,Kyrenia :,2023,Cultural property--Cyprus--Congresses.; Historic preservation--Cyprus--Congresses.; proceedings (reports); Conference papers and proceedings.; Cyprus (island); Actes de congrès.; Préservation historique--Chypre--Congrès.; Patrimoine culturel immatériel--Chypre--Congrès.,https://pleiades.stoa.org/places/707498,,0,,,,,2024-05-21,2024-05-22,Ancient Western Asia,0.7297243786795335,0.7297243786795335,0.10156322858628465,0.029328635315349672,0.03456589162166211,0.028804909684718428,0.025604364164194156,0.050408591948257246
31154068987062,Book,,BL473 .A93 2024,NYU Inst Study Ancient World,Small Collection,9998662026107876,Dying and rising gods : the history of a mythologem in West Asia of the second millennium BCE /,3963271965; 9783963271960,,"Ayali-Darshan, Nogah, author.",Zaphon,Münster :,2024.,"Dying and rising gods--Middle East--History--To 1500.; Mythology, Assyro-Babylonian.; Mythology--Middle East; Middle Eastern literature, Ancient--History and criticism; Dying and rising gods--Middle East; Dying and rising gods--Asia; Middle East.; Mythologie assyro-babylonienne.",http://vocab.getty.edu/tgn/7001526,,1,,,,,2024-05-21,2024-05-21,Ancient Western Asia,0.5876808006233495,0.5876808006233495,0.03541826253756794,0.08242795645106721,0.09714723438875779,0.10398022029377745,0.0719609143620428,0.021384611343437245
31154068987070,Book,,RD23 .J42 2012,NYU Inst Study Ancient World,Small Collection,9998662026007876,La chirurgie en Égypte ancienne : à propos des instruments médico-chirurgicaux métalliques égyptiens conservés au Musée du Louvre /,2915840296; 9782915840292,,"Jean, Richard-Alain, 1950-",Éditions Cybèle,Paris :,[2012],"Musée du Louvre--Catalogs.; Surgery--Egypt--History.; Medicine, Egyptian--History.; Surgical instruments and apparatus--Egypt--Catalogs.; Medicine--Egypt--History.; Egyptians--Health and hygiene--History.; Exhibitions.; Musée du Louvre.; Surgical Instruments--history; Exhibitions as Topic; General Surgery--history; History, Ancient; Egypt, Ancient; Catalog; Musée du Louvre; exhibitions (events); Exhibitions; Medicine; Medicine, Egyptian; Surgery; Surgical instruments and apparatus; Egypt; catalogs (documents); Catalogs; History; Catalogs.; Ancient Egypt (region); Catalogues.; Chirurgie--Égypte--Histoire.; Médecine égyptienne--Histoire.; Chirurgie--Appareils et matériel--Égypte--Catalogues.; Médecine--Égypte--Histoire.; Égyptiens--Santé et hygiène--Histoire.; Expositions.",https://pleiades.stoa.org/places/981503,,0,,,,,2024-05-21,2024-05-21,Egypt & North Africa,0.3751998203007952,0.0,0.1081979420589607,0.0,0.29677149821886367,0.3751998203007952,0.21983073942138048,0.0
31154068987088,Book,,DR95.T45 T87 2023,NYU Inst Study Ancient World,Small Collection,9998662023807876,The Yurta-Stroyno Archaeological Project : the pottery studies /,807671110X; 9788076711105,,"Tušlová, Petra, author.",Charles University Faculty of Arts,Praha :,[2023],"Pottery, Roman--Bulgaria.; Bulgaria--Antiquities, Roman.; Excavations (Archaeology)--Bulgaria--I͡Ambol (Oblast); Pottery, Roman; Pottery--Antiquities; Excavations (Archaeology); Europe--Tundzha River Region; Mediterranean Region--Thrace; Yurta-Stroyno.; Bulgaria.",https://pleiades.stoa.org/places/979926376; http://vocab.getty.edu/tgn/7006413,,0,,,,,2024-05-23,2024-05-23,European and Classical Antiquity,1.0,0.0,0.0,0.0,0.0,0.0,1.0,0.0
31154068987096,Book,,DR95.T45 Y87 2022,NYU Inst Study Ancient World,Small Collection,9998662023707876,The Yurta-Stroyno Archaeological Project : studies on the Roman rural settlement in Thrace /,8076710685; 9788076710689; 8076710693; 9788076710696,,,Charles University Faculty of Arts,Praha :,[2022],"Excavations (Archaeology)--Bulgaria--I͡Ambol (Oblast); I͡Ambol (Bulgaria : Oblast)--Antiquities, Roman.; Land settlement--Bulgaria--History--To 1500.; Land settlement; Excavations (Archaeology); Classical antiquities; Europe--Tundzha River Region; Mediterranean Region--Thrace; Yurta-Stroyno.",https://pleiades.stoa.org/places/979926376,,0,,,,,2024-05-23,2024-05-23,European and Classical Antiquity,1.0,0.0,0.0,0.0,0.0,0.0,1.0,0.0
31154068987104,Book,,NB1015 .B37 2018,NYU ISAW Offsite,Offsite Collection,9998662022707876,Splendour of Khmer iconography : ancient Cambodian art of the 5th to the 13th centuries in major world museums and private collections /,9953045682; 9789953045689,,"Bassoul, Aziz, author.",Cedar of Lebanon Editions,Beirut :,2018.,"Sculpture, Khmer.; Art, Khmer.; Cambodia--Antiquities.; Antiquities; Art, Khmer; Sculpture, Khmer; Cambodia; Khmer (Empire).; Cambodia.; Sculpture khmère.; Art khmer.",http://vocab.getty.edu/tgn/8711777; http://vocab.getty.edu/tgn/1000109,https://id.oclc.org/worldcat/entity/E39PBJg4r3TCfqyp68WTMRDH4q;,0,,Bunker,,,2024-05-23,2025-02-11,"China, South Asia, & East Asia",0.9153156548891276,0.0,0.014301807107642618,0.9153156548891276,0.0,0.03268984481746884,0.029057639837750077,0.008635053348010636
31154068987112,Book,,DE73 .I58 2023,NYU Inst Study Ancient World,Small Collection,9998660928507876,"Interkulturalität in der Antike : von Kelten, Römern, Griechen, Etruskern und Germanen /",3989400088; 9783989400085,,,Wissenschaftlicher Verlag Trier,Trier :,[2023],"Celts.; Europe--History--To 476.; Europe--Ethnic relations.; Intercultural communication--Europe.; International relations.; Rome--History--Empire, 30 B.C.-476 A.D.; international relations.; Roman Empire.; Europe.; Rome--Histoire--30 av. J.-C.-476 (Empire); Celtes.; Europe--Histoire--Jusqu'à 476.; Europe--Relations interethniques.; Relations internationales.; Communication interculturelle--Europe.",http://vocab.getty.edu/tgn/7030347; http://vocab.getty.edu/tgn/1000003;,,0,,,,,2024-05-23,2024-05-23,European and Classical Antiquity,0.630098452883263,0.0,0.009845288326300985,0.0,0.360056258790436,0.0,0.630098452883263,0.0
31154068987120,Book,,N8193.H56 R67 2012,NYU ISAW Offsite,Offsite Collection,9998662022507876,Gods and demons of the Himâlayas.,1906576327; 9781906576325,,Rossi & Rossi Ltd.,Rossi & Rossi Ltd,London :,©2012.,Buddhist art--Himalaya Mountains Region--Exhibitions.; Buddhist gods in art--Exhibitions.; Buddhist art; Buddhist gods in art; Himalaya Mountains Region; Exhibition catalogs; Kunst; Himalaja; Hemodos/Imaus/Caucasus (mountains).; Art bouddhique--Himālaya--Expositions.; Dieux bouddhiques dans l'art--Expositions.; Exhibition catalogues.,https://pleiades.stoa.org/places/59834,,0,,Bunker,,,2024-05-23,2025-02-11,"China, South Asia, & East Asia",0.798830410956281,0.0,0.012481725171191891,0.798830410956281,0.019483668559909295,0.028529657534152895,0.13313840182604683,0.007536135952417746
31154068987146,Book,,NK5107 .A53 2001,NYU Inst Study Ancient World,Large Collection,9998662022407876,Ancient glass = Kodai garasu /,,,,Miho Museum,[Shigaraki-chō?] :,©2001.,"Glassware, Ancient--Asia--Exhibitions.; Glassware, Ancient--Middle East--Exhibitions.; Glassware, Ancient--Mediterranean Region--Exhibitions.; Decoration and ornament, Ancient--Middle East--Exhibitions.; Decoration and ornament, Ancient; Glassware, Ancient; Asia; Mediterranean Region; Middle East; Exhibition catalogs; Internum Mare.; Asia.; Middle East.; Verrerie antique--Asie--Expositions.; Exhibition catalogues.",https://pleiades.stoa.org/places/1043; http://vocab.getty.edu/tgn/1000004; http://vocab.getty.edu/tgn/7001526,https://id.oclc.org/worldcat/entity/E39PBJxMpyjKQ9Jtm3jkjPBgKd;,0,,Bunker,,,2024-05-23,2024-05-23,Cross-Cultural Studies & Other,0.44765184789407425,0.07121733943769364,0.012240480215853593,0.02848693577507745,0.44765184789407425,0.035935354762138993,0.09792384172682875,0.3065442001883335
31154068987153,Book,,BQ6336 .M86 1998,NYU ISAW Offsite,Offsite Collection,9998662022307876,Sacred rocks and Buddhist caves in Thailand /,9789748434193; 9748434192,,"Munier-Gaillard, Cristophe, 1961-",White Lotus,Bangkok :,©1998.,Buddhist shrines--Thailand.; Buddhist cave temples--Thailand.; Rocks--Religious aspects.; Thailand--Religious life and customs.; Buddhist antiquities--Thailand.; Buddhist antiquities; Buddhist cave temples; Buddhist shrines; Rocks--Religious aspects; Thailand; 11.93 Buddhism.; Rotskloosters.; Boeddhisme.; Heiligdommen.; Megalieten.; Stoepa's.; Thailand.; Sanctuaires bouddhiques--Thaïlande.; Temples rupestres bouddhiques--Thaïlande.; Antiquités bouddhiques--Thaïlande.,http://vocab.getty.edu/tgn/1000142,https://id.oclc.org/worldcat/entity/E39PBJcKHdfFMJFcHGFbMGMgKd;,0,,Bunker,,,2024-05-23,2025-02-11,"China, South Asia, & East Asia",0.972494710521254,0.0,0.015195229851894594,0.972494710521254,0.0,0.0,0.012310059626851317,0.0
31154068987161,Book,,DS554.98.A5 A524 2018,NYU ISAW Offsite,Offsite Collection,9998663029007876,Angkor : exploring Cambodia's sacred city /,981116830X; 9789811168307,,,Asian Civilisations Museum,Singapore :,[2018],"Angkor (Extinct city)--Civilization--Exhibitions.; Art, Khmer--Cambodia--Angkor (Extinct city)--Exhibitions.; Sculpture, Khmer--Cambodia--Angkor (Extinct city)--Exhibitions.; Architecture, Khmer--Cambodia--Angkor (Extinct city)--Exhibitions.; Angkor (Extinct city)--Civilization--Catalogs.; Art, Khmer--Cambodia--Angkor (Extinct city)--Catalogs.; Sculpture, Khmer--Cambodia--Angkor (Extinct city)--Catalogs.; Architecture, Khmer--Cambodia--Angkor (Extinct city)--Catalogs.; Museum exhibits--Singapore.; Sculpture, Khmer; Museum exhibits; Civilization; Architecture, Khmer; Art, Khmer; Singapore; Cambodia--Angkor (Extinct city); Catalogs; Exhibition catalogs; Angkor.; Angkor (Ville ancienne)--Civilisation--Expositions.; Art khmer--Cambodge--Angkor (Ville ancienne)--Expositions.; Sculpture khmère--Cambodge--Angkor (Ville ancienne)--Expositions.; Architecture khmère--Cambodge--Angkor (Ville ancienne)--Expositions.; Angkor (Ville ancienne)--Civilisation--Catalogues.; Art khmer--Cambodge--Angkor (Ville ancienne)--Catalogues.; Sculpture khmère--Cambodge--Angkor (Ville ancienne)--Catalogues.; Architecture khmère--Cambodge--Angkor (Ville ancienne)--Catalogues.; Objets exposés--Singapour.",https://pleiades.stoa.org/places/531398484;,https://id.oclc.org/worldcat/entity/E39PBJpV8D6qM4JGxDqvHvtYfq;,0,,Bunker,,,2024-05-28,2025-02-11,"China, South Asia, & East Asia",0.8453200131939224,0.07684727392672022,0.019658604957998194,0.8453200131939224,0.0,0.03877614739421662,0.011423243421539492,0.007974717105603041
31154068987179,Book,,N7321 .G67 2004,NYU ISAW Offsite,Offsite Collection,9998663028807876,Origins of Thai art /,9789748225999; 9748225992,,"Gosling, Betty.",River Books,Krung Thēp :,©2004.,"Art, Thai--History.; Art, Thai; History; 15.38 archaeology of the non-Western world.; 15.75 history of Asia.; Plastic arts.; Architecture.; Material culture.; Thailand.; Art thaïlandais--Histoire.",(NL-LeOCL)078688000 http://vocab.getty.edu/tgn/1000142,,0,,Bunker,,,2024-05-28,2025-02-11,"China, South Asia, & East Asia",0.5226313770617569,0.0,0.1672420406597622,0.5226313770617569,0.1672420406597622,0.03835826620636748,0.10452627541235138,0.0
31154068987187,Book,,N8195.3.D874 P35 2005,NYU ISAW Offsite,Offsite Collection,9998663028707876,"Durga : avenging goddess, nurturing mother /",9780972668125; 0972668128,,"Pal, Pratapaditya.",Norton Simon Museum,"Pasadena, Calif. :",©2005.,Durgā--(Hindu deity)--Art--Exhibitions.; Hindu goddesses in art--Exhibitions.; Hindu painting--California--Pasadena--Exhibitions.; Hindu sculpture--California--Pasadena--Exhibitions.; Durgā--(Hindu deity); Hindu goddesses in art; Hindu painting; Hindu sculpture; California--Pasadena; works of art.; Art; Exhibition catalogs; Art.; Œuvres d'art.; South Asia.; Déesses hindoues dans l'art--Expositions.; Peinture hindoue--Californie--Pasadena--Expositions.; Sculpture hindoue--Californie--Pasadena--Expositions.; Exhibition catalogues.,http://vocab.getty.edu/tgn/7000208,https://id.oclc.org/worldcat/entity/E39PBJy4dT7hTwRPHqM8mwG8md;,0,,Bunker,,,2024-05-28,2025-02-11,"China, South Asia, & East Asia",0.7547322042289772,0.0,0.09844333098638834,0.7547322042289772,0.01840810254217018,0.02695472157960633,0.09434152552862216,0.0071201151342356345
31154068987195,Book,,DS554.98.A5 C5 1998,NYU Inst Study Ancient World,Small Collection,9998663028607876,"Angkor, a manual for the past, present, and the future /",,,Qāṃṅ Jūlān.,UNESCO with United Nations Development Program and Swedish International Development Agency,[Cambodia] :,1998.,Angkor (Extinct city); Cambodia--Angkor (Extinct city); Angkor.; Angkor (Ville ancienne),https://pleiades.stoa.org/places/531398484;,,0,,Bunker,,,2024-05-28,2024-05-28,"China, South Asia, & East Asia",0.8488173118905926,0.05305108199316204,0.019739937485827735,0.8488173118905926,0.02070286126562421,0.038936573939935444,0.010744522935323957,0.008007710489533892
31154068987203,Book,,N2050.G85 P7513 2004,NYU ISAW Offsite,Offsite Collection,9998663028507876,Guimet : national museum of Asian arts : visitor's guide /,9782854952155; 2854952154,,"Prigent, Hélène, author.",Musee national des arts asiatiques-Guimet; Artlys,Versailles : Paris :,[2004],"Musée Guimet (Paris, France)--Guidebooks.; Art--France--Paris--Catalogs.; Art, Asian--Catalogs.; Musée Guimet (Paris, France); Art; Art, Asian; France--Paris; travel guidebooks.; catalogs (documents); Catalogs; Guidebooks; Guidebooks.; Catalogs.; Guides touristiques.; Catalogues.; Asia.; Art--France--Paris--Catalogues.; Art asiatique--Catalogues.",http://vocab.getty.edu/tgn/1000004,https://id.oclc.org/worldcat/entity/E39QbtfRkKTXcHQJ477vgbjTxc;,0,,Bunker,,,2024-05-28,2025-02-11,"China, South Asia, & East Asia",0.7945935722892583,0.049662098268078644,0.10364263986381629,0.7945935722892583,0.019380331031445326,0.0,0.025225192771087562,0.007496165776313757
31154068987211,Book,,N8193.2 .C66 2006,NYU ISAW Offsite,Offsite Collection,990004549830107876,The origin of the Buddha image ; & Elements of Buddhist iconography /,9781887752800; 1887752803,,"Coomaraswamy, Ananda K. 1877-1947. (Ananda Kentish),",Fons Vitae,"Louisville, KY :",2006.,Gautama Buddha--Art.; Buddhist art.; Buddhist art and symbolism.; Gautama Buddha; Buddhist art and symbolism; Buddhist art; Art; Asia.; Art bouddhique.,http://vocab.getty.edu/tgn/1000004,,0,,Bunker,,,2024-05-28,2025-02-11,"China, South Asia, & East Asia",0.86701187035821,0.04816732613101167,0.02016306675251651,0.86701187035821,0.021146630984346586,0.007807562145806773,0.027524186360578094,0.008179357267530283
31154068987229,Book,,GV1703.C3 G713 2011,NYU ISAW Offsite,Offsite Collection,9998662927207876,Cambodian dancers : ancient & modern /,1934431117; 9781934431115; 1934431036; 9781934431030; 1934431125; 9781934431122,,"Groslier, George, 1887-",DatAsia,[Florida] :,2011.,"Dance--Cambodia--History.; Dancers--Cambodia.; Cambodia--History.; Groslier, George,--1887-; Dance; Dancers; Cambodia; History; Cambodia.; Danse--Cambodge--Histoire.; Danseurs--Cambodge.; Cambodge--Histoire.",http://vocab.getty.edu/tgn/1000109;,https://id.oclc.org/worldcat/entity/E39PBJg4r3TCfqyp68WTMRDH4q;,0,,Bunker,,,2024-05-30,2025-02-11,Egypt & North Africa,0.3899554025307283,0.0,0.13282855898702933,0.0,0.2073421408578019,0.3899554025307283,0.26987389762444053,0.0
31154068987237,Book,,DG55.C3 G74 2023,NYU Inst Study Ancient World,Small Collection,9998662927107876,I Greci prima dei Greci : alle origini della presenza ellenica nel golfo di Napoli /,885690909X; 9788856909098,,,Arte'm,[Naples] :,[2023],"Greeks--Italy--Campania--Exhibitions.; Greeks--Italy--Naples, Bay of--Exhibitions.; Campania (Italy)--Antiquities--Exhibitions.; Naples, Bay of (Italy)--Antiquities--Exhibitions.; Excavations (Archaeology)--Italy--Campania--Exhibitions.; Excavations (Archaeology)--Italy--Naples, Bay of, Region--Exhibitions.; Antiquities; Excavations (Archaeology); Greeks; Italy--Campania; Mediterranean Sea--Bay of Naples; Exhibition catalogs; Puteolanus Sinus/Crater.; Campania.; Grecs--Italie--Campanie--Expositions.; Grecs--Italie--Naples, Golfe de--Expositions.; Fouilles (Archéologie)--Italie--Campanie--Expositions.",https://pleiades.stoa.org/places/433059; https://pleiades.stoa.org/places/432742,https://id.oclc.org/worldcat/entity/E39QbtfRpxgHGmphTjkfCC6wPp; https://id.oclc.org/worldcat/entity/E39PBJp9wV8tgqvbVxBcxFgR8C;,0,,,,,2024-05-30,2024-05-30,European and Classical Antiquity,1.0,0.0,0.0,0.0,0.0,0.0,1.0,0.0
31154068987245,Book,,NA1483 .D35 2023,NYU Inst Study Ancient World,Small Collection,9998662927007876,Studies on the architecture and archaeology of the Achaemenid Empire : dynamics of interaction and transmission between centre and periphery /,8866872598; 9788866872597,,"Dan, Roberto, author.",ISMEO,Roma :,2023.,"Achaemenid dynasty,--559-330 B.C.; Architecture--Iran--History--To 1500.; Iran--Antiquities.; Excavations (Archaeology)--Iran.; Achaemenid Empire.; Persia.; Iran.; Iran--Antiquités.",http://vocab.getty.edu/tgn/6000039; http://vocab.getty.edu/tgn/7024079; http://vocab.getty.edu/tgn/7000231;,,0,,,,,2024-05-30,2024-05-30,Ancient Western Asia,0.6702863181965302,0.6702863181965302,0.011575668324117707,0.018989506428911413,0.031750404546151426,0.026458670455126187,0.23395034928743155,0.006989082761731446
31154068987252,Book,,GV1703.C3 C73 2007,NYU ISAW Offsite,Offsite Collection,9998662926907876,Earth in flower : the divine mystery of the Cambodian dance drama /,1934431281; 9781934431283,,"Cravath, Paul, 1944-",DatAsia,"Holmes Beach, FL :",©2007.,Religious dance--Cambodia--History.; Dance--Cambodia--History.; Theater--Cambodia--History.; Cambodia--Social life and customs.; Dance; Manners and customs; Religious dance; Theater; Cambodia; History; Cambodia.; Danse religieuse moderne--Cambodge--Histoire.; Danse--Cambodge--Histoire.; Théâtre--Cambodge--Histoire.,http://vocab.getty.edu/tgn/1000109,https://id.oclc.org/worldcat/entity/E39PBJg4r3TCfqyp68WTMRDH4q;,0,,Bunker,,,2024-05-30,2025-02-11,Egypt & North Africa,0.353930211780373,0.0,0.12055747838768954,0.28057013152044114,0.0,0.353930211780373,0.2449421783114962,0.0
31154068987260,Book,,BQ4570.E23 S46 2003,NYU Inst Study Ancient World,Small Collection,9998662926807876,"Nalanda, interface of Buddhism and environment /",9788188242108; 8188242101,,"Seminar and Exhibition, Nalanda: Interface of Buddhism and Environment Thimphu, Bhutan) (2003 :",Nava Nalanda Mahavihara,"Nalanda, Bihar :",©2005.,Ecology--Religious aspects--Buddhism--Congresses.; Nālandā Mahāvihāra Site (India); Ecology--Religious aspects--Buddhism; Conference papers and proceedings; Nālandā Mahavihara.,https://pleiades.stoa.org/places/154636892,,0,,Bunker,,,2024-05-30,2024-05-30,"China, South Asia, & East Asia",0.824634655532359,0.0,0.16492693110647183,0.824634655532359,0.0,0.0,0.010438413361169102,0.0
31154068987286,Book,,DS554.42 .T73 1981,NYU ISAW Offsite,Offsite Collection,9998662926707876,L'origine de la civilisation et de la religiosité khmères /,,,"Tranet, Michel.",publisher not identified,[Place of publication not identified] :,1981.,Cambodia--Civilization--History.; Cambodia--Religion--History.; Civilization; Religion; Cambodia; History; Cambodia.,http://vocab.getty.edu/tgn/1000109,https://id.oclc.org/worldcat/entity/E39PBJg4r3TCfqyp68WTMRDH4q;,0,,Bunker,,,2024-05-30,2025-02-11,"China, South Asia, & East Asia",0.7677040602738255,0.06979127820671141,0.07677040602738255,0.7677040602738255,0.03290160258316395,0.03521578258136814,0.010374379192889534,0.0072424911346587306
31154068987294,Book,,CN1230.C3 N68,NYU Inst Study Ancient World,Small Collection,9998662926607876,Nouvelles inscriptions du Cambodge /,9782855396170; 2855396174; 229654102X; 9782296541023; 9782855395470; 285539547X; 9782855395616; 2855395615,,,Harmattan; Édition-diffusion De Boccard; École française d'Extrême-Orient,Paris :,1989-<c2011>,"Inscriptions, Khmer--Cambodia.; Buddhist inscriptions--Cambodia.; Buddhist inscriptions; Inscriptions, Khmer; Cambodia; 18.90 other Asiatic languages.; 18.64 ancient Indian languages and/or literature.; Epigrafie.; Khmer (taal); Sanskriet.; Translations (form); Cambodia.; Inscriptions bouddhiques--Cambodge.",http://vocab.getty.edu/tgn/1000109,https://id.oclc.org/worldcat/entity/E39PBJg4r3TCfqyp68WTMRDH4q;,0,v.2-3(2002),Bunker,,,2024-05-30,2024-06-04,"China, South Asia, & East Asia",0.49021430974919844,0.12507966288652192,0.0,0.49021430974919844,0.0,0.10327678586960526,0.2814292414946743,0.0
31154068987302,Book,,DS554.98.A5 F73 1999,NYU ISAW Offsite,Offsite Collection,9998662926507876,Ancient Angkor /,9789748225272; 9748225275,,"Freeman, Michael, 1945-",River Books; Asia Books,Bangkok :,1999.,"Angkor (Extinct city); Angkor (Extinct city)--Pictorial works.; Cambodia--Antiquities.; Temples--Cambodia--Angkor (Extinct city); Architecture, Khmer--Cambodia--Angkor (Extinct city); Angkor (Extinct city)--Buildings, structures, etc.; Antiquities; Architecture, Khmer; Buildings; Temples; Cambodia; Cambodia--Angkor (Extinct city); Illustrated works; 15.75 history of Asia.; 20.41 Asian art: general.; Bouwkunst.; Plastische kunst.; Angkor.; Cambodia.; Angkor (Ville ancienne); Angkor (Ville ancienne)--Ouvrages illustrés.; Architecture khmère--Cambodge--Angkor (Ville ancienne); Angkor (Ville ancienne)--Constructions.",https://pleiades.stoa.org/places/531398484; http://vocab.getty.edu/tgn/1000109;,https://id.oclc.org/worldcat/entity/E39PBJg4r3TCfqyp68WTMRDH4q;,0,,Bunker,,,2024-05-30,2025-02-11,"China, South Asia, & East Asia",0.8667617603657939,0.05417261002286212,0.02015725024106497,0.8667617603657939,0.0,0.03975971377824743,0.010971667852731567,0.00817699773929994
31154068987310,Book,,DS554.98.A5 G654 1992,NYU ISAW Offsite,Offsite Collection,9998662026407876,A golden souvenir of Angkor /,9789748303093; 9748303098,,"Freeman, Michael, 1945-",Asia Books,"Bangkok, Thailand :",1992.,Cambodia--Angkor (Extinct city); Pictorial works; 21.70 religious architecture.; Tempels.; Angkor.; Angkor Wat (Angkor)--Pictorial works.; Angkor (Extinct city)--Pictorial works.; Angkor (Ville ancienne)--Ouvrages illustrés.,https://pleiades.stoa.org/places/531398484;,,0,,Bunker,,,2024-05-21,2025-02-11,"China, South Asia, & East Asia",0.8446298248193412,0.05278936405120883,0.04445420130628111,0.8446298248193412,0.0,0.038744487377034,0.011413916551612719,0.007968205894522086
31154068987328,Book,,N8193.A3 N47 2011,NYU Inst Study Ancient World,Large Collection,9998662926407876,The Buddhist heritage of Pakistan : art of gandhara /,0878481125; 9780878481125,,,Asia Society,New York :,©2011.,"Buddhist art--Gandhara (Pakistan and Afghanistan)--Exhibitions.; Buddhist sculpture--Gandhara (Pakistan and Afghanistan)--Exhibitions.; Art, Gandhara--Exhibitions.; Art, Gandhara; Buddhist art; Buddhist sculpture; Asia--Gandhara; exhibition catalogs.; Exhibition catalogs; Exhibition catalogs.; Gandaris.; Catalogues d'exposition.; Art bouddhique--Gāndhāra (Pākistān et Afghānistān)--Expositions.; Sculpture bouddhique--Gāndhāra (Pākistān et Afghānistān)--Expositions.; Art du Gāndhāra--Expositions.",https://pleiades.stoa.org/places/59818,,0,,Bunker,,,2024-05-30,2024-05-30,"China, South Asia, & East Asia",0.8118732855265647,0.0,0.10589651550346496,0.8118732855265647,0.019801787451867434,0.028995474483091595,0.02577375509608142,0.007659181938929856
31154069000980,Book,,DS797.56.L593 L5936 2022,NYU ISAW Offsite,Offsite Collection,9998656607607876,Liyang Tianmu Hu kao gu fa jue bao gao /,7501075018; 9787501075010,,,Wen wu chu ban she,Beijing :,2022.,Liyang Xian (China)--Antiquities.; Excavations (Archaeology)--China--Liyang Xian.; Antiquities; Excavations (Archaeology); China--Liyang Xian; Tianmu Hu.,http://vocab.getty.edu/tgn/8624118,https://id.oclc.org/worldcat/entity/E39QbtfRxCjTb7DMDp6gcmcKJc;,1,,,,,2024-05-03,2025-02-11,"China, South Asia, & East Asia",0.8683765782649358,0.04824314323694087,0.020194804145696178,0.8683765782649358,0.021179916543047215,0.031013449223747703,0.010992108585632097,0.0
31154069001004,Book,,DS797.88.W46 C36 2022,NYU ISAW Offsite,Offsite Collection,9998660829907876,Caowan Shan /,7501077835; 9787501077830,,,Wen wu chu ban she,Beijing :,2022.,Excavations (Archaeology)--China--Wenzhou Shi.; Wenzhou Shi (China)--Antiquities.; Wenzhou Shi (China)--Civilization.; Wenzhou.; Caowanshan site.,http://vocab.getty.edu/tgn/8681919;,http://www.wikidata.org/entity/Q15925907,0,,,,,2024-05-16,2025-02-11,"China, South Asia, & East Asia",0.8720076101841179,0.05450047563650737,0.013625118909126842,0.8720076101841179,0.0,0.04000034909101458,0.011639959290703886,0.008226486888529413
31154069001020,Book,,N7346.Y86 L5 1999 N0n-circulating,NYU ISAW Offsite,Offsite Collection,9998660829507876,Yunnan gu dai yi shu zhen pin ji /,9787810680363; 7810680366,,"Li, Kunsheng.",Yunnan da xue chu ban she,[Kunming Shi] :,1999.,"Art, Chinese--China--Yunnan Sheng--Catalogs.; Art, Chinese; China--Yunnan Sheng; catalogs (documents); Catalogs; Catalogs.; Catalogues.; Yunnan.; Art chinois--Chine--Yunnan (Sheng)--Catalogues.",http://vocab.getty.edu/tgn/7018118,https://id.oclc.org/worldcat/entity/E39QbtfRyQJVkcwMckrWQdxtyM;,0,,,,,2024-05-16,2025-02-11,"China, South Asia, & East Asia",0.9394648249508436,0.0,0.02184801918490334,0.9394648249508436,0.0,0.0,0.029824280157169637,0.00886287570708343
31154069001038,Book,,DS741.5 .X5376 2022,NYU Inst Study Ancient World,Small Collection,9998656608107876,Xia Shang Zhou duan dai gong cheng bao gao /,7030722876; 9787030722874,,,Ke xue chu ban she,Beijing :,2022.,China--Antiquities.; Excavations (Archaeology)--China.; Radiocarbon dating--China.; China--History--Periodization.--To 221 B.C.; China; To 221 B.C.; History; Duan dai xue--Yan jiu--Zhong guo--San dai shi qi.; Ancient China.; Imperial China.; China.; Chine--Antiquités.; Fouilles (Archéologie)--Chine.; Chine--Histoire--Périodisation.--Jusqu'à 221 av. J.-C.; Datation--Méthode du carbone 14--Chine.,http://vocab.getty.edu/tgn/8697463; http://vocab.getty.edu/tgn/8697462; http://vocab.getty.edu/tgn/1000111;,https://id.oclc.org/worldcat/entity/E39PBJdCqh8h6hJY7PT6MQW4bd;,0,,,,,2024-05-02,2024-10-24,"China, South Asia, & East Asia",0.850231048917844,0.04723505827321355,0.044749002574623366,0.850231048917844,0.0,0.03900142426228642,0.010762418340732202,0.008021047631300415
31154069001046,Book,,DS797.48.S858 Z464 2023,NYU Inst Study Ancient World,Large Collection,9998660828907876,Zeng hou Yi = Marquis Yi of Zeng /,7501080402; 9787501080403,,"Hubei Sheng bo wu guan, issuing body.",Wen wu chu ban she,Beijing Shi :,2023.,"Zeng, Yi,--Hou,---433 B.C.--Tomb--Catalogs.; Hubei Sheng bo wu guan--Catalogs.; Suizhou Shi (China)--Antiquities--Catalogs.; Excavations (Archaeology)--China--Suizhou Shi.; Suizhou.; Tomb of Marquis Yi of Zeng.; Fouilles (Archéologie)--Chine--Suizhou (Shi)",http://vocab.getty.edu/tgn/8687000;,https://www.wikidata.org/entity/Q1196070.,0,,,,,2024-05-16,2024-05-16,"China, South Asia, & East Asia",0.8744604547884821,0.05465377842428013,0.020336289646243767,0.8744604547884821,0.0,0.031230730528160073,0.011069119680866862,0.008249626931966812
31154069001053,Book,,DS797.39.C53 C563 2021,NYU Inst Study Ancient World,Large Collection,9998656608207876,Ci Xian Bei chao mu qun chu tu bei zhi ji shi /,7501072248; 9787501072248,,,Wen wu chu ban she,Beijing Shi :,2021.,"Epitaphs--China--Ci Xian.; Excavations (Archaeology)--China--Ci Xian.; Ci Xian (China)--Antiquities.; China--History--Northern and Southern dynasties, 386-589.; China; China--Ci Xian; History; Mu zhi--Yan jiu--Ci xian--Bei chao shi dai.; Ci Xian.; Imperial China.; China.; Ancient China.; Chine--Histoire--386-589 (Dynasties du Nord et du Sud)",http://vocab.getty.edu/tgn/8207172; http://vocab.getty.edu/tgn/8697462; http://vocab.getty.edu/tgn/1000111; http://vocab.getty.edu/tgn/8697463;,https://id.oclc.org/worldcat/entity/E39PBJcrd4RjtCBk4wfMhTwwG3. https://id.oclc.org/worldcat/entity/E39PBJbtjgWXdGXyVjXmyVkMT3.,0,,,,,2024-05-02,2024-10-24,"China, South Asia, & East Asia",0.9236673138020937,0.0,0.021480635204699852,0.9236673138020937,0.0,0.04237006026615109,0.01248199072705532,0.0
31154069001103,Book,,N5310.5.C6 C45 2022,NYU Inst Study Ancient World,Large Collection,9998656610307876,Chifeng yan hua /,7030736281; 9787030736284,,,Ke xue chu ban she,Beijing :,2022.,Rock paintings--China--Chifeng Shi Region--Catalogs.; Petroglyphs--China--Chifeng Shi Region--Catalogs.; Yan hua--Yan jiu--Chi feng.; Chifeng.,http://vocab.getty.edu/tgn/1067219,,0,v.3,,,,2024-05-01,2024-10-24,"China, South Asia, & East Asia",0.8953276687557727,0.0,0.013989494824308949,0.8953276687557727,0.021837260213555434,0.03197598816984903,0.028423100595421354,0.008446487441092195
31154069001111,Book,,N5310.5.C6 C45 2022,NYU Inst Study Ancient World,Large Collection,9998656610307876,Chifeng yan hua /,7030736281; 9787030736284,,,Ke xue chu ban she,Beijing :,2022.,Rock paintings--China--Chifeng Shi Region--Catalogs.; Petroglyphs--China--Chifeng Shi Region--Catalogs.; Yan hua--Yan jiu--Chi feng.; Chifeng.,http://vocab.getty.edu/tgn/1067219,,0,v.2,,,,2024-05-01,2024-10-24,"China, South Asia, & East Asia",0.8953276687557727,0.0,0.013989494824308949,0.8953276687557727,0.021837260213555434,0.03197598816984903,0.028423100595421354,0.008446487441092195
31154069001129,Book,,N5310.5.C6 C45 2022,NYU Inst Study Ancient World,Large Collection,9998656610307876,Chifeng yan hua /,7030736281; 9787030736284,,,Ke xue chu ban she,Beijing :,2022.,Rock paintings--China--Chifeng Shi Region--Catalogs.; Petroglyphs--China--Chifeng Shi Region--Catalogs.; Yan hua--Yan jiu--Chi feng.; Chifeng.,http://vocab.getty.edu/tgn/1067219,,0,v.1,,,,2024-05-01,2024-10-24,"China, South Asia, & East Asia",0.8953276687557727,0.0,0.013989494824308949,0.8953276687557727,0.021837260213555434,0.03197598816984903,0.028423100595421354,0.008446487441092195
31154069001376,Book,,GN776.32.C6 Z468 2017,NYU Inst Study Ancient World,Small Collection,990074007630107876,Zhongguo xin shi qi shi dai /,7501052328; 9787501052325,,"Yan, Wenming.",Wen wu chu ban she,Beijing :,2017.,"Neolithic period--China.; Antiquities, Prehistoric--China.; Excavations (Archaeology)--China.; Antiquities, Prehistoric; Excavations (Archaeology); Neolithic period; China; Xin shi qi shi dai kao gu--Zhong guo--Gao deng xue xiao--Jiao cai.; Ancient China.",http://vocab.getty.edu/tgn/8697463,,1,,,,,2024-05-03,2024-10-24,"China, South Asia, & East Asia",0.8048311165131851,0.08048311165131851,0.029947204335374327,0.8048311165131851,0.05518841941804698,0.0,0.017401753870555356,0.012148394211519774
31154069001459,Book,,DS797.77.X836 X863 2023,NYU ISAW Offsite,Offsite Collection,9998656606507876,Xun Ba mi cong : Xuanhan Luojiaba yi zhi chu tu wen wu xuan cui = Find Ba and Cong : Selected cultural relics unearthed at Luojiaba site in Xuanhan /,7501079773; 9787501079773,,,Wen wu chu ban she,Beijing Shi :,2023.,Xuanhan Xian (China)--Antiquities.; Excavations (Archaeology)--China--Xuanhan Xian.; Tombs--China--Xuanhan Xian.; Xuanhan.; Luojiaba Site.,http://vocab.getty.edu/tgn/8675226;,http://www.wikidata.org/entity/Q107338364,0,,,,,2024-05-03,2025-02-11,"China, South Asia, & East Asia",0.8791416454118649,0.04884120252288138,0.020445154544461972,0.8791416454118649,0.0,0.031397915907566604,0.011880292505565743,0.008293789107659103
31154069001467,Book,,DS715 .H83646 2022,NYU Inst Study Ancient World,Large Collection,9998656606707876,Huang Huai qi sheng kao gu xin fa xian.,7030735552; 9787030735553,,,Ke xue chu ban she,Beijing :,2022.,Excavations (Archaeology)--China--North China Plain--21st century.; North China Plain (China)--Antiquities.; China--Antiquities.; Huabei Pingyuan.; Imperial China.; China.; Ancient China.; Chine--Antiquités.,http://vocab.getty.edu/tgn/8207528; http://vocab.getty.edu/tgn/8697462; http://vocab.getty.edu/tgn/1000111; http://vocab.getty.edu/tgn/8697463;,,0,,,,,2024-05-03,2024-10-24,"China, South Asia, & East Asia",0.8798031846004967,0.04887795470002759,0.020460539176755735,0.8798031846004967,0.0,0.03142154230716059,0.011136749172158185,0.008300030043400911
31154069001475,Book,,DS797.48.J563 J566 2022,NYU Inst Study Ancient World,Large Collection,9998656606807876,Jingmen Xinhong yu Yuwan Chu mu /,7030662938; 9787030662934,,,Ke xue chu ban she,Beijing :,2022.,"Jingmen Shi (China)--Antiquities.; Excavations (Archaeology)--China--Jingmen Shi.; Tombs--China--Jingmen Shi.; Antiquities; Excavations (Archaeology); Tombs; China--Jingmen Shi; Jingmen.; Jingmen Xinhong tombs.; Jingmen Yuwan tombs,; Fouilles (Archéologie)--Chine--Jingmen (Hubei); Tombeaux--Chine--Jingmen (Hubei)",http://vocab.getty.edu/tgn/8620804;,http://www.wikidata.org/entity/Q125825082; http://www.wikidata.org/entity/Q125825094,0,,,,,2024-05-03,2024-10-24,"China, South Asia, & East Asia",0.9164058575071978,0.0,0.021311764128074367,0.9164058575071978,0.0,0.04203696594069715,0.011600074145660732,0.00864533827836979
31154069001483,Book,,DS797.86.J536 J5367 2021,NYU ISAW Offsite,Offsite Collection,9998656606607876,Jianshui Sujiapo mu di /,7532599965; 9787532599967,,,Shanghai gu ji chu ban she,Shanghai :,2021.,Jianshui Xian (China)--Antiquities.; Excavations (Archaeology)--China--Jianshui Xian.; Tombs--China--Jianshui Xian.; Antiquities; Excavations (Archaeology); Tombs; China--Jianshui Xian; Jianshui.,http://vocab.getty.edu/tgn/8205636,https://id.oclc.org/worldcat/entity/E39QbtfRmBTw9kfgg6RWM9MTQY;,0,,,,,2024-05-03,2025-02-11,"China, South Asia, & East Asia",0.8720105478485071,0.04844503043602817,0.02027931506624435,0.8720105478485071,0.0,0.04000048384626179,0.011038108200614015,0.008226514602344406
31154069001707,Book,,DS715 .Z4154 2022,NYU ISAW Offsite,Offsite Collection,9998659227507876,Zhongguo gu dai qing tong qi zheng li yu yan jiu.,7030731212; 9787030731210,,"Zhang, Chong, 1980- author.",Ke xue chu ban she,Beijing :,2022.,"China--Antiquities.; Bronzes, Chinese--To 221 B.C.; Ancient China.; Imperial China.; China.; Chine--Antiquités.; Bronzes chinois--Jusqu'à 221 av. J.-C.",http://vocab.getty.edu/tgn/8697463; http://vocab.getty.edu/tgn/8697462; http://vocab.getty.edu/tgn/1000111;,,0,,,,,2024-05-10,2025-02-11,"China, South Asia, & East Asia",0.9636536905511102,0.0,0.015057088914861096,0.9636536905511102,0.0,0.0,0.012198147981659621,0.009091072552368963
31154069001715,Book,,DS797.28.L572 L5693 2023,NYU Inst Study Ancient World,Large Collection,9998659225407876,Linze Huangjiawan tan Han Jin mu fa jue bao gao /,7501080607; 9787501080601,,,Wen wu chu ban she,Beijing :,2023.,Linze Xian (China)--Antiquities.; Tombs--China--Linze Xian.; Excavations (Archaeology)--China--Linze Xian.; Huangjiawantan site.,,http://www.wikidata.org/entity/Q125961321,0,,,,,2024-05-10,2024-05-10,"China, South Asia, & East Asia",0.9228593414568681,0.0,0.014419677210263564,0.9228593414568681,0.0,0.042332997314535235,0.011681763815909723,0.008706220202423284
31154069001723,Book,,DS793.K7 G835 2022,NYU Inst Study Ancient World,Large Collection,9998658727207876,Guangdong wen hua yi chan. Guangdong cultural heritage /,7030728890; 9787030728890,,,Ke xue chu ban she,Beijing :,2022.,Guangdong Sheng (China)--Antiquities.; Cultural property--China--Guangdong Sheng.; Historic sites--China--Guangdong Sheng.; Wen hua yi chan--Jie shao--Guang dong.; Wen hua yi zhi--Jie shao--Guang dong.; Canton.; Lieux historiques--Chine--Guangdong (Sheng),http://vocab.getty.edu/tgn/7005232,,0,,,,,2024-05-08,2024-05-08,"China, South Asia, & East Asia",0.8670806936975644,0.0,0.045635825984082334,0.8670806936975644,0.037160601158467046,0.03096716763205587,0.010975704983513473,0.008180006544316646
31154069001731,Book,,DS797.54.W843 W89 2021,NYU Inst Study Ancient World,Large Collection,9998658727807876,Wuhai li shi wen hua yan jiu wen ji /,7030710894; 9787030710895,,,Ke xue chu ban she,Beijing :,2021.,Wuhai Shi (China)--Civilization.; Civilization; China--Wuhai Shi; Wuhai.,http://vocab.getty.edu/tgn/8684523,,0,,,,,2024-05-08,2024-05-08,"China, South Asia, & East Asia",0.908966881652356,0.0,0.021138764689589674,0.908966881652356,0.0,0.03246310291615557,0.028856091481027173,0.008575159260871282
31154069001749,Book,,DS797.88.J539 S554 2022,NYU ISAW Offsite,Offsite Collection,9998658727607876,Shi fang xie zhen : Jiaxing Xicaodun yi zhi chu tu wen wu ji cui /,7030729102; 9787030729101,,,Ke xue chu ban she,Beijing :,2022.,Jiaxing Shi (China)--Antiquities.; Excavations (Archaeology)--China--Jiaxing Shi.; Xicaodun site.,,http://www.wikidata.org/entity/Q125916701,0,,,,,2024-05-08,2025-02-11,"China, South Asia, & East Asia",0.8803347924419206,0.05502092452762004,0.01375523113190501,0.8803347924419206,0.0,0.03144052830149716,0.011143478385340766,0.008305045211716232
31154069001756,Book,,DS797.68.Q254 T364 2016,NYU ISAW Offsite,Offsite Collection,9998658728607876,Tang Yide tai zi mu fa jue bao gao /,7030513126; 9787030513120,,,Ke xue chu ban she,Beijing :,2016.,"Yide,--Prince, son of Tang Zhongzong, Emperor of China,--682-701--Tomb.; Yide,--Prince, son of Tang Zhongzong, Emperor of China,--682-701--Tomb--Catalogs.; Qian Xian (Shaanxi Sheng, China)--Antiquities.; Excavations (Archaeology)--China--Qian Xian (Shaanxi Sheng); Tombs--China--Qian Xian (Shaanxi Sheng); Yide,--Prince, son of Tang Zhongzong, Emperor of China,--682-701; Antiquities; Excavations (Archaeology); Tombs; China--Qian Xian (Shaanxi Sheng); catalogs (documents); Catalogs; Catalogs.; Catalogues.; Qianxian.; Tomb of Prince Yide.",http://vocab.getty.edu/tgn/8628366;,https://id.oclc.org/worldcat/entity/E39PBJyrRcCtccWTCYWJhR7bVC; http://www.wikidata.org/entity/Q125916813,0,,,,,2024-05-08,2026-01-09,"China, South Asia, & East Asia",0.8744604547884821,0.05465377842428013,0.020336289646243767,0.8744604547884821,0.0,0.031230730528160073,0.011069119680866862,0.008249626931966812
31154069001780,Book,,PL2447 .N3682 2022,NYU Inst Study Ancient World,Large Collection,9998656605807876,Nanyue mu jian /,7501051526; 9787501051526,,,Wen wu chu ban she,Beijing :,2022.,"Nanyue wang gong bo wu guan.; Inscriptions, Chinese--History.; Wooden tablets--China--Guangdong Sheng.; Excavations (Archaeology)--China--Guangdong Sheng.; Chinese language--Etymology.; Yuexiu Qu (Guangzhou Shi, China)--Antiquities.; Guangzhou Shi (China)--Antiquities.; Guangdong Sheng (China)--Antiquities.; Guangzhou.; Canton.; Inscriptions chinoises--Histoire.; Tablettes en bois--Chine--Guangdong (Sheng); Fouilles (Archéologie)--Chine--Guangdong (Sheng); Chinois (Langue)--Étymologie.",http://vocab.getty.edu/tgn/8208558; http://vocab.getty.edu/tgn/7005232,,0,,,,,2024-05-10,2024-05-10,"China, South Asia, & East Asia",0.9846153846153847,0.0,0.015384615384615385,0.9846153846153847,0.0,0.0,0.0,0.0
31154069001814,Book,,DS715 .R36 2021,NYU Inst Study Ancient World,Small Collection,9998656606407876,"Si lu bao ban (zai xu) : bu qi yan de jiao liu, bu jing yi de fa xian /",7030711378; 9787030711373,,"Ran, Wanri, 1967- author.",Ke xue chu ban she,Beijing :,2021.,China--Antiquities.; China--Civilization.; Silk Road.; Imperial China.; China.; Ancient China.; Chine--Antiquités.; Chine--Civilisation.; Route de la soie.,http://vocab.getty.edu/tgn/7031416; http://vocab.getty.edu/tgn/8697462; http://vocab.getty.edu/tgn/1000111; http://vocab.getty.edu/tgn/8697463;,,0,,,,,2024-05-03,2024-05-03,"China, South Asia, & East Asia",0.8415799341262362,0.0,0.10977129575559602,0.8415799341262362,0.0,0.030056426218794147,0.010652910558559952,0.007939433340813548
31154069001822,Book,,DS797.54.C484 L526 2022,NYU ISAW Offsite,Offsite Collection,9998660026307876,Bayantala Liao mu yan jiu = Bayantala Liaomu yanjiu /,7010241201; 9787010241203,,"Li, Minghua (Researcher on archaeology), author.",Ren min chu ban she,Beijing Shi :,2022.,"Tombs--China--Chifeng Shi.; Excavations (Archaeology)--China--Chifeng Shi.; Chifeng Shi (China)--Antiquities.; China--History--Liao dynasty, 947-1125.; Antiquities; Excavations (Archaeology); Liao Dynasty (China); Tombs; China; China--Chifeng Shi; 947-1125; History; Imperial China.; China.; Ancient China.; Chifeng.; Bayantala site.; Chine--Histoire--947-1125 (Dynastie des Liao)",http://vocab.getty.edu/tgn/8697462; http://vocab.getty.edu/tgn/1000111; http://vocab.getty.edu/tgn/8697463; http://vocab.getty.edu/tgn/1067219;,https://id.oclc.org/worldcat/entity/E39PBJcrd4RjtCBk4wfMhTwwG3; https://id.oclc.org/worldcat/entity/E39PBJfrGQ7TbmDgjmkxywTj4q; http://www.wikidata.org/entity/Q126015088;,0,,,,,2024-05-14,2025-02-11,"China, South Asia, & East Asia",0.9309645235999736,0.0,0.014546320681249588,0.9309645235999736,0.0,0.04270479466054925,0.011784361058227515,0.0
31154069001830,Book,,NK7983.A3 L6473 2021,NYU Inst Study Ancient World,Small Collection,9998660830107876,Mao yi wang luo zhong de huang tu qiu ling (BC 1300-1050) = The Loess Highland in a trading network /,7301326688; 9787301326688,,"Cao, Dazhi, author.",Beijing da xue chu ban she,Beijing :,2021.,"Bronzes, Chinese--China--Loess Plateau.; Bronzes, Chinese--To 221 B.C.; Loess Plateau (China)--Antiquities.; Loess Plateau (China)--Social conditions.; Antiquities; Bronzes, Chinese; Social conditions; China--Loess Plateau; To 221 B.C.; Huangtu Gaoyuan.; Bronzes chinois--Chine--Loess, Plateau de.; Bronzes chinois--Jusqu'à 221 av. J.-C.; Loess, Plateau de (Chine)--Conditions sociales.",http://vocab.getty.edu/tgn/8211826;,https://id.oclc.org/worldcat/entity/E39PBJhmJYqHpWXyFbWcdBCRKd;,0,,,,,2024-05-16,2024-05-16,"China, South Asia, & East Asia",0.941524339228161,0.0,0.014711317800440016,0.941524339228161,0.022964008273857587,0.0,0.011918029610483051,0.008882305087058123
31154069002101,Book,,DS797.39.Y836 Y8367 2020,NYU Inst Study Ancient World,Large Collection,9998659226307876,Yuanshi Nanbailou mu di /,7030672321; 9787030672322,,,Ke xue chu ban she,Beijing :,2020.,Tombs--China--Yuanshi Xian.; Excavations (Archaeology)--China--Yuanshi Xian.; Yuanshi Xian (China)--Antiquities.; Antiquities; Excavations (Archaeology); Tombs; China--Yuanshi Xian; Yuanshi.; Nanbailou Cemetery.,http://vocab.getty.edu/tgn/8686650;,http://www.wikidata.org/entity/Q125949609,0,,,,,2024-05-10,2024-05-10,"China, South Asia, & East Asia",0.8779072269367904,0.04870960557121773,0.01371730042088735,0.8779072269367904,0.0,0.040270973712696806,0.011112749708060638,0.008282143650347079
31154069002119,Book,,DS797.44.X534 X534 2021,NYU Inst Study Ancient World,Large Collection,9998660026107876,Xichuan Gejiagou mu di /,7030709608; 9787030709608,,,Ke xue chu ban she,Beijing :,2021.,Excavations (Archaeology)--China--Xichuan Xian.; Tombs--China--Xichuan Xian.; Xichuan Xian (China)--Antiquities.; Xichuan.; Gejiagou cemetery site .,http://vocab.getty.edu/tgn/8686493;,http://www.wikidata.org/entity/Q126002823,0,,,,,2024-05-14,2024-05-14,"China, South Asia, & East Asia",0.8526409133484977,0.07751281030440889,0.019828858449965063,0.8526409133484977,0.0,0.030451461191017774,0.011522174504709428,0.008043782201400921
31154069002127,Book,,DS797.56.P594 L5364 2023,NYU Inst Study Ancient World,Large Collection,9998659226207876,Liangwangcheng yi zhi fa jue bao gao. = The archaeological excavation report of the Langwancheng site : a volume for the Shang and Zhou remains (with abstracts in English and Japanese) /,7501080348; 9787501080342,,,Wen wu chu ban she,Beijing :,2023.,Pizhou (China)--Antiquities.; Excavations (Archaeology)--China--Pizhou.; Pizhou.; Liangwangcheng Ruins.,http://vocab.getty.edu/tgn/8678026;,http://www.wikidata.org/entity/Q11114255,0,v.2,,,,2024-05-10,2025-03-07,"China, South Asia, & East Asia",0.8532631568289675,0.0775693778935425,0.01984332922858064,0.8532631568289675,0.0,0.030473684172463125,0.010800799453531235,0.008049652422914787
31154069002135,Book,,DS797.56.P594 L5364 2023,NYU Inst Study Ancient World,Large Collection,9998659226207876,Liangwangcheng yi zhi fa jue bao gao. = The archaeological excavation report of the Langwancheng site : a volume for the Shang and Zhou remains (with abstracts in English and Japanese) /,7501080348; 9787501080342,,,Wen wu chu ban she,Beijing :,2023.,Pizhou (China)--Antiquities.; Excavations (Archaeology)--China--Pizhou.; Pizhou.; Liangwangcheng Ruins.,http://vocab.getty.edu/tgn/8678026;,http://www.wikidata.org/entity/Q11114255,0,v.1,,,,2024-05-10,2025-03-07,"China, South Asia, & East Asia",0.8532631568289675,0.0775693778935425,0.01984332922858064,0.8532631568289675,0.0,0.030473684172463125,0.010800799453531235,0.008049652422914787
31154069002200,Book,,DS797.66.D853 Q256 2022,NYU Inst Study Ancient World,Large Collection,9998659226107876,Qinghai Dulan wa yan shui ku 2014 nian kao gu fa jue bao gao /,7030720024; 9787030720023,,,Ke xue chu ban she,Beijing :,2022.,Excavations (Archaeology)--China--Dulan Xian.; Dulan Xian (China)--Antiquities.; Antiquities; Excavations (Archaeology); China--Dulan Xian; Doulan.,http://vocab.getty.edu/tgn/8206939,,0,,,,,2024-05-10,2024-05-10,"China, South Asia, & East Asia",0.8817344349297209,0.05510840218310756,0.02050545197510979,0.8817344349297209,0.0,0.03149051553320432,0.011161195378857227,0.0
31154069002218,Book,,DS797.33.H477 F86 2023,NYU ISAW Offsite,Offsite Collection,9998660828507876,Hepu Han mu yan jiu,7030741382; 9787030741387,,"Fu, Xia, author",Ke xue chu ban she,Beijing,2023,Tombs--China--Hepu Xian.; Excavations (Archaeology)--China--Hepu Xian.; Hepu Xian (China)--Antiquities.; Antiquities; Excavations (Archaeology); Tombs; China--Hepu Xian; Hepu.,http://vocab.getty.edu/tgn/8205829,,0,,,,,2024-05-16,2025-02-11,"China, South Asia, & East Asia",0.925016078586442,0.0,0.021512001827591675,0.925016078586442,0.0,0.033036288520944354,0.011709064285904328,0.008726566779117376
31154069002226,Book,,DS797.88.Y526 Y566 2022,NYU Inst Study Ancient World,Small Collection,9998659226007876,Yin Xian gu cheng : kao gu diao cha yu kan tan bao gao /,7030727444; 9787030727442,,,Ke xue chu ban she,Beijing :,2022.,"Excavations (Archaeology)--China--Ningbo Shi.; Historic sites--China--Ningbo Shi.; Yinzhou Qu (Ningbo Shi, China)--Antiquities.; Antiquities; Excavations (Archaeology); Historic sites; China--Ningbo Shi; China--Ningbo Shi--Yinzhou Qu; Fenghua Yin County Ancient City.; Fouilles (Archéologie)--Chine--Ningbo.; Lieux historiques--Chine--Ningbo.",,https://id.oclc.org/worldcat/entity/E39PBJdh6dCPp8HrKCM3BMmDbd; http://www.wikidata.org/entity/Q120861699,0,,,,,2024-05-10,2024-05-10,"China, South Asia, & East Asia",0.8803347924419206,0.05502092452762004,0.01375523113190501,0.8803347924419206,0.0,0.03144052830149716,0.011143478385340766,0.008305045211716232
31154069002259,Book,,DS797.75.C436 Z4364 2021,NYU Inst Study Ancient World,Large Collection,9998659225907876,Zhangzi Xinancheng Xi Zhou mu di /,7573201516; 9787573201515,,,Shanghai gu ji chu ban she,Shanghai Shi :,2021.,Xinancheng Cemetery Site (China); Excavations (Archaeology)--China--Zhangzi Xian.; Zhangzi Xian (China)--Antiquities.; Excavations (Archaeology); Extinct cities; Tombs; China; 1122-221 B.C.; History; Zhangzi.,http://vocab.getty.edu/tgn/8677997,https://id.oclc.org/worldcat/entity/E39PBJdCqh8h6hJY7PT6MQW4bd;,0,,,,,2024-05-10,2024-05-10,"China, South Asia, & East Asia",0.8725327774330318,0.05453329858956449,0.013633324647391122,0.8725327774330318,0.0,0.04002443933179045,0.011044718701683947,0.008231441296538036
31154069002523,Book,,DS797.54.X555 W364 2022,NYU Inst Study Ancient World,Small Collection,9998660026407876,Wu wen xi dong : Xilinguole kao gu suo jian de wen hua jiao liu yu hu dong /,7522704413; 9787522704418,,"Wang, Xiaokun, author.",Zhongguo she hui ke xue chu ban she,Beijing :,2022.,Xilin Gol Meng (China)--Antiquities.; Excavations (Archaeology)--China--Xilin Gol Meng.; Historic sites--China--Xilin Gol Meng.; Xilin Gol Meng (China)--Civilization.; Antiquities.; Civilization.; Historic sites.; China--Xilin Gol Meng; Xilin Gol Meng.,http://vocab.getty.edu/tgn/8678595,https://id.oclc.org/worldcat/entity/E39QbtfRCxGRGjGDbcPYDyKPkc.,0,,,,,2024-05-14,2024-05-14,"China, South Asia, & East Asia",0.8688038836934799,0.04826688242741555,0.031963667670597266,0.8688038836934799,0.0,0.031028710131909994,0.011740593022884865,0.008196263053712075
31154069002531,Book,,DS793.C1763 T36 2022,NYU ISAW Offsite,Offsite Collection,9998660026507876,Changbai Shan di ji qi yan shen di dai qing tong shi dai mu zang yan jiu /,7030635280; 9787030635280,,"Tang, Miao, 1980- author.",Ke xue chu ban she,Beijing :,2022.,"Changbai Mountains Region (China and Korea)--Antiquities.; Excavations (Archaeology)--Changbai Mountains Region (China and Korea); Tombs--Changbai Mountains Region (China and Korea); Bronze age--Changbai Mountains Region (China and Korea); Excavations (Archaeology)--Changbai Mountains (China and Korea); Tombs--Changbai Mountains (China and Korea); Bronze age--Changbai Mountains (China and Korea); Chanbayshan', Khrebet.; Fouilles (Archéologie)--Changbai, Monts (Chine et Corée du Nord); Tombeaux--Changbai, Monts (Chine et Corée du Nord); Âge du bronze--Changbai, Monts (Chine et Corée du Nord)",http://vocab.getty.edu/tgn/8198546,,0,,,,,2024-05-14,2025-02-11,"China, South Asia, & East Asia",0.6695983093692581,0.09739611772643755,0.13974225586836692,0.6695983093692581,0.0,0.049144830045450144,0.03401134269812105,0.010107144292366161
31154069002549,Book,,CD6173 .C43 2021,NYU ISAW Offsite,Offsite Collection,9998660026007876,Fang cun da qian : Zhongguo gu dai xi yin zhuan ke = Carving in square : ancient Chinese seals /,7501072892; 9787501072897,,"Chen, Genyuan, 1965- author.",Wen wu chu ban she,Beijing :,2021.,Seals (Numismatics)--China.; China--Antiquities.; China.; Imperial China.; Ancient China.; Sceaux--Chine.; Chine--Antiquités.,http://vocab.getty.edu/tgn/1000111; http://vocab.getty.edu/tgn/8697462; http://vocab.getty.edu/tgn/8697463;,,0,,,,,2024-05-14,2025-02-11,"China, South Asia, & East Asia",0.9491909859705723,0.0,0.014831109155790192,0.9491909859705723,0.02315099965781884,0.0,0.012826905215818545,0.0
31154069002564,Book,,DS793.K7 Q2587 2022,NYU Inst Study Ancient World,Small Collection,9998660027207876,Zhongguo dong nan yan hai Shaqiu yi zhi kao gu xian feng : Yidali Mai Zhaoliang Yue dong kao gu de yan jiu /,7030726553; 9787030726551,,"Qiu, Licheng, author.",Ke xue chu ban she,Beijing :,2022.,Guangdong Sheng (China)--Antiquities.; Excavations (Archaeology)--China--Guangdong Sheng.; Antiquities; Excavations (Archaeology); China--Guangdong Sheng; Canton.; Fouilles (Archéologie)--Chine--Guangdong (Sheng),http://vocab.getty.edu/tgn/7005232,https://id.oclc.org/worldcat/entity/E39QbtfRjY3k9TFWR7JBtRTFTB;,0,,,,,2024-05-14,2024-05-14,"China, South Asia, & East Asia",0.8478348502601744,0.047101936125565236,0.019717089540934287,0.8478348502601744,0.036335779296864615,0.03027981608072051,0.010732086712154105,0.00799844198358655
31154069002598,Book,Loan,HD9926.C62 Z53 2021,NYU ISAW Offsite,Offsite Collection,9998660027307876,Jin cheng : Zhongguo si chou yu si chou zhi lu /,7546155177; 9787546155173,,"Zhao, Feng, author.",Huang Shan shu she,Hefei :,2021.,Silk industry--China--History.; Silk Road--History.; Silk industry; Asia--Silk Road; China; History; Silk Road.; Soie--Industrie--Histoire.--Chine; Route de la soie--Histoire.,http://vocab.getty.edu/tgn/7031416;,https://id.oclc.org/worldcat/entity/E39PBJj8JTKRmWPGXFqt87Vpyd; https://id.oclc.org/worldcat/entity/E39PBJcrd4RjtCBk4wfMhTwwG3;,0,,,,,2024-05-14,2026-04-20,Central Asia & Siberia,0.9126180038551183,0.0,0.9126180038551183,0.03318610923109521,0.0,0.041863211186014604,0.01233267572777187,0.0
31154069002606,Book,,GN776.3.H664 M33 2021,NYU ISAW Offsite,Offsite Collection,9998660028307876,Hongshan gu guo yan jiu /,7573200455; 9787573200457,,"Ma, Haiyu, author.",Shanghai gu ji chu ban she,Shanghai Shi :,2021.,Hongshan culture.; Neolithic period--China--Manchuria.; Excavations (Archaeology)--China--Manchuria.; Manchuria (China)--Antiquities.; Antiquities; Excavations (Archaeology); Hongshan culture; Neolithic period; China--Manchuria; Manchuria.; Fouilles (Archéologie)--Chine--Mandchourie.,http://vocab.getty.edu/tgn/7016767,,0,,,,,2024-05-13,2025-02-11,"China, South Asia, & East Asia",0.8457467019871252,0.0,0.03146964472510234,0.8457467019871252,0.057994059564831446,0.0,0.018286415178100007,0.046503178544841046
31154069002697,Book,,CC165 .L5 2022,NYU ISAW Offsite,Offsite Collection,9998660027507876,Duo wei shi ye de kao gu qiu suo /,7573202970; 9787573202970,,"Li, Shuicheng, 1953- author.",Shanghai gu ji chu ban she,Shanghai Shi :,2022.,Archaeology.; China--Antiquities.; archaeology.; China.; Ancient China.; Imperial China.; Archéologie.; Chine--Antiquités.,http://vocab.getty.edu/tgn/1000111; http://vocab.getty.edu/tgn/8697463; http://vocab.getty.edu/tgn/8697462;,,0,,,,,2024-05-14,2025-02-11,"China, South Asia, & East Asia",0.48209342052626347,0.0,0.007532709695722867,0.48209342052626347,0.48209342052626347,0.017217622161652266,0.006514775953057615,0.004548051137040221
31154069002713,Book,,DS797.68.Y375 Q25 2022,NYU Inst Study Ancient World,Large Collection,9998656611207876,Qin Han Yueyang cheng : 1980-1981 nian kao gu bao gao /,703071203X; 9787030712035,,,Ke xue chu ban she,Beijing :,2022.,"Yueyang (Extinct city)--Pictorial works.; Excavations (Archaeology)--China--Xi'an Shi--Pictorial works.; Yanliang Qu (Xi'an Shi, China)--Antiquities--Pictorial works.; Xi'an Shi (China)--Antiquities--Pictorial works.; Cities and towns, Ancient--China--Xi'an (Shaanxi Sheng); Excavations (Archaeology)--China--Xi'an (Shaanxi Sheng); Antiquities; Cities and towns, Ancient; China--Lintong Qu (Xi'an Shi); Sian.; Yueyang (Qin); Villes antiques--Chine--Xi'an (Shaanxi); Fouilles (Archéologie)--Chine--Xi'an (Shaanxi); Fouilles (Archéologie)--Chine--Xi'an (Shi)--Ouvrages illustrés.",http://vocab.getty.edu/tgn/7001810;,https://id.oclc.org/worldcat/entity/E39QbtfRDW3htbkvHtCvgDby7B; http://www.wikidata.org/entity/Q11110399,0,v.1,,,,2024-05-01,2024-10-24,"China, South Asia, & East Asia",0.8494326663515067,0.07722115148650062,0.019754248054686202,0.8494326663515067,0.0,0.03409959857144812,0.011478819815560903,0.008013515720297232
31154069002721,Book,,DS797.68.Y375 Q25 2022,NYU Inst Study Ancient World,Large Collection,9998656611207876,Qin Han Yueyang cheng : 1980-1981 nian kao gu bao gao /,703071203X; 9787030712035,,,Ke xue chu ban she,Beijing :,2022.,"Yueyang (Extinct city)--Pictorial works.; Excavations (Archaeology)--China--Xi'an Shi--Pictorial works.; Yanliang Qu (Xi'an Shi, China)--Antiquities--Pictorial works.; Xi'an Shi (China)--Antiquities--Pictorial works.; Cities and towns, Ancient--China--Xi'an (Shaanxi Sheng); Excavations (Archaeology)--China--Xi'an (Shaanxi Sheng); Antiquities; Cities and towns, Ancient; China--Lintong Qu (Xi'an Shi); Sian.; Yueyang (Qin); Villes antiques--Chine--Xi'an (Shaanxi); Fouilles (Archéologie)--Chine--Xi'an (Shaanxi); Fouilles (Archéologie)--Chine--Xi'an (Shi)--Ouvrages illustrés.",http://vocab.getty.edu/tgn/7001810;,https://id.oclc.org/worldcat/entity/E39QbtfRDW3htbkvHtCvgDby7B; http://www.wikidata.org/entity/Q11110399,0,v.2,,,,2024-05-01,2024-10-24,"China, South Asia, & East Asia",0.8494326663515067,0.07722115148650062,0.019754248054686202,0.8494326663515067,0.0,0.03409959857144812,0.011478819815560903,0.008013515720297232
31154069002739,Book,,DS797.68.Y375 Q25 2022,NYU Inst Study Ancient World,Large Collection,9998656611207876,Qin Han Yueyang cheng : 1980-1981 nian kao gu bao gao /,703071203X; 9787030712035,,,Ke xue chu ban she,Beijing :,2022.,"Yueyang (Extinct city)--Pictorial works.; Excavations (Archaeology)--China--Xi'an Shi--Pictorial works.; Yanliang Qu (Xi'an Shi, China)--Antiquities--Pictorial works.; Xi'an Shi (China)--Antiquities--Pictorial works.; Cities and towns, Ancient--China--Xi'an (Shaanxi Sheng); Excavations (Archaeology)--China--Xi'an (Shaanxi Sheng); Antiquities; Cities and towns, Ancient; China--Lintong Qu (Xi'an Shi); Sian.; Yueyang (Qin); Villes antiques--Chine--Xi'an (Shaanxi); Fouilles (Archéologie)--Chine--Xi'an (Shaanxi); Fouilles (Archéologie)--Chine--Xi'an (Shi)--Ouvrages illustrés.",http://vocab.getty.edu/tgn/7001810;,https://id.oclc.org/worldcat/entity/E39QbtfRDW3htbkvHtCvgDby7B; http://www.wikidata.org/entity/Q11110399,0,v.3,,,,2024-05-01,2024-10-24,"China, South Asia, & East Asia",0.8494326663515067,0.07722115148650062,0.019754248054686202,0.8494326663515067,0.0,0.03409959857144812,0.011478819815560903,0.008013515720297232
31154069002747,Book,,DS797.68.Y375 Q255 2022,NYU Inst Study Ancient World,Large Collection,9998656610407876,Qin Han Yueyang Cheng : 2012-2018 nian kao gu bao gao.,7030722205; 9787030722201,,,Ke xue chu ban she,Beijing :,2022.,"Yanliang Qu (Xi'an Shi, China)--Antiquities.; Excavations (Archaeology)--China--Xi'an (Shaanxi Sheng); Cities and towns, Ancient--China--Xi'an (Shaanxi Sheng); Lintong Qu (Xi'an Shi, China)--Antiquities.; Excavations (Archaeology)--China--Xi'an Shi.; Lintong Qu.; Yueyang (Qin); Fouilles (Archéologie)--Chine--Xi'an (Shi); Fouilles (Archéologie)--Chine--Xi'an (Shaanxi); Villes antiques--Chine--Xi'an (Shaanxi)",http://vocab.getty.edu/tgn/8627092;,http://www.wikidata.org/entity/Q11110399,0,v.2,,,,2024-05-01,2024-10-24,"China, South Asia, & East Asia",0.8532631568289675,0.0775693778935425,0.01984332922858064,0.8532631568289675,0.0,0.030473684172463125,0.010800799453531235,0.008049652422914787
31154069002754,Book,,DS797.68.Y375 Q255 2022,NYU Inst Study Ancient World,Large Collection,9998656610407876,Qin Han Yueyang Cheng : 2012-2018 nian kao gu bao gao.,7030722205; 9787030722201,,,Ke xue chu ban she,Beijing :,2022.,"Yanliang Qu (Xi'an Shi, China)--Antiquities.; Excavations (Archaeology)--China--Xi'an (Shaanxi Sheng); Cities and towns, Ancient--China--Xi'an (Shaanxi Sheng); Lintong Qu (Xi'an Shi, China)--Antiquities.; Excavations (Archaeology)--China--Xi'an Shi.; Lintong Qu.; Yueyang (Qin); Fouilles (Archéologie)--Chine--Xi'an (Shi); Fouilles (Archéologie)--Chine--Xi'an (Shaanxi); Villes antiques--Chine--Xi'an (Shaanxi)",http://vocab.getty.edu/tgn/8627092;,http://www.wikidata.org/entity/Q11110399,0,v.1,,,,2024-05-01,2024-10-24,"China, South Asia, & East Asia",0.8532631568289675,0.0775693778935425,0.01984332922858064,0.8532631568289675,0.0,0.030473684172463125,0.010800799453531235,0.008049652422914787
31154069002788,Book,,DS797.39.C553 J563 2022,NYU ISAW Offsite,Offsite Collection,9998660026607876,Jin di xia gong : Chongli tai zi cheng yi zhi kao gu fa jue /,750107268X; 9787501072682,,,Wen wu chu ban she,Beijing Shi :,2022.,"Historic sites--China--Chongli Xian.; Architecture--China--Chongli Xian.; Excavations (Archaeology)--China--Chongli Xian.; Chongli Xian (China)--Buildings, structures, etc.; Chongli Xian (China)--Antiquities.; Antiquities; Architecture; Buildings; Excavations (Archaeology); Historic sites; China--Chongli Xian; Taizi Cheng site.",,http://www.wikidata.org/entity/Q71629115,0,,,,,2024-05-14,2025-02-11,"China, South Asia, & East Asia",0.8526409133484977,0.07751281030440889,0.019828858449965063,0.8526409133484977,0.0,0.030451461191017774,0.011522174504709428,0.008043782201400921
31154069002796,Book,,DS797.88.X5369 X5367 2021,NYU ISAW Offsite,Offsite Collection,9998660028507876,Xiaoshan Dongshushan mu di /,7501071764; 9787501071760,,,Wen wu chu ban she,Beijing :,2021.,"Excavations (Archaeology)--China--Xiaoshan Qu (Hangzhou Shi); Tombs--China--Hangzhou Shi.; Xiaoshan Qu (Hangzhou Shi, China)--Antiquities.; China--History--To 221 B.C.; Antiquities; Excavations (Archaeology); Tombs; China; China--Hangzhou Shi; China--Xiaoshan Qu (Hangzhou Shi); To 221 B.C.; History; Imperial China.; China.; Ancient China.; Xiaoshan Qu.; Dongshushan Cemetery site.; Chine--Histoire--Jusqu'à 221 av. J.-C.",http://vocab.getty.edu/tgn/8697462; http://vocab.getty.edu/tgn/1000111; http://vocab.getty.edu/tgn/8697463; http://vocab.getty.edu/tgn/8679409;,https://id.oclc.org/worldcat/entity/E39PBJcrd4RjtCBk4wfMhTwwG3; https://id.oclc.org/worldcat/entity/E39QbtfRyjhYTXt8KXgQRm37xc; http://www.wikidata.org/entity/Q126003123;,0,,,,,2024-05-13,2025-02-11,"China, South Asia, & East Asia",0.9228593414568681,0.0,0.014419677210263564,0.9228593414568681,0.0,0.042332997314535235,0.011681763815909723,0.008706220202423284
31154069002820,Book,,DS797.75.Z436 Z436 2022,NYU ISAW Offsite,Offsite Collection,9998659225307876,Zhangzi Xinancheng xi Zhou mu di zong he yan jiu /,7573203004; 9787573203007,,,Shanghai gu ji chu ban she,Shanghai Shi :,2022.,"Xinancheng Cemetery Site (China)++; Excavations (Archaeology)--China--Zhangzi Xian.; Zhangzi Xian (China)--Antiquities.; China--History--Zhou dynasty, 1122-221 B.C.; Essays.; Zhangzi.; Imperial China.; China.; Ancient China.; Chine--Histoire--1122-221 av. J.-C. (Dynastie des Zhou)",http://vocab.getty.edu/tgn/8677997; http://vocab.getty.edu/tgn/8697462; http://vocab.getty.edu/tgn/1000111; http://vocab.getty.edu/tgn/8697463;,,0,,,,,2024-05-10,2025-02-11,"China, South Asia, & East Asia",0.87785190633588,0.048769550351993325,0.013716436036498124,0.87785190633588,0.0,0.04026843607045321,0.011112049447289619,0.00828162175788566
31154069002838,Book,,DS797.77.L353 L265 2022,NYU ISAW Offsite,Offsite Collection,9998660028407876,Langzhong Ling shan /,7501077770; 9787501077779,,,Wen wu chu ban she,Beijing :,2022.,Excavations (Archaeology)--China--Langzhong Shi.; Langzhong Shi (China)--Antiquities.; Lingshan site.,,http://www.wikidata.org/entity/Q126012544,0,,,,,2024-05-13,2025-02-11,"China, South Asia, & East Asia",0.9398518203786811,0.0,0.014685184693416892,0.9398518203786811,0.0,0.03356613644209575,0.01189685848580609,0.0
31154069002846,Book,,DS797.44.X534 X5339 2022,NYU ISAW Offsite,Offsite Collection,9998660026707876,Xichuan Shenmingpu : 2007-2009 nian du kao gu fa jue bao gao /,7030743652; 9787030743657,,,Ke xue chu ban she,Beijing :,2022.,Xichuan Xian (China)--Antiquities.; Excavations (Archaeology)--China--Xichuan Xian.; Xichuan.; Shenmingpu site.,http://vocab.getty.edu/tgn/8686493;,http://www.wikidata.org/entity/Q125929423,0,,,,,2024-05-14,2025-02-11,"China, South Asia, & East Asia",0.831806669096804,0.07561878809970946,0.043779298373516,0.831806669096804,0.0,0.02970738103917157,0.011240630663470325,0.007847232727328339
31154069002879,Book,,DS797.64.G89 G89 2021,NYU ISAW Offsite,Offsite Collection,9998660029007876,Guyuan xin qu Nanyuan mu di fa jue bao gao /,7501073066; 9787501073061,,,Wen wu chu ban she,Beijing :,2021.,"Excavations (Archaeology)--China--Guyuan Diqu.; Tombs--China--Guyuan Xian (Ningxia Huizu Zizhiqu)--Antiquities.; Cemeteries--Relics--China--Guyuan Shi.; Guyuan Xian (Ningxia Huizu Zizhiqu, China)--Antiquities--Collection and preservation.; Antiquities--Collection and preservation; Excavations (Archaeology); China--Guyuan Diqu; China--Guyuan Shi; China--Guyuan Xian (Ningxia Huizu Zizhiqu); Yuanzhou.; Nanyuan Cemetery site.",http://vocab.getty.edu/tgn/8210218;,https://id.oclc.org/worldcat/entity/E39QbtfRxYRm3wmQP7V6MVqC3p; https://id.oclc.org/worldcat/entity/E39PBJy8p6txcQCJGfJWfxwpyd; http://www.wikidata.org/entity/Q126003084,1,,,,,2024-05-13,2025-02-11,"China, South Asia, & East Asia",0.8744604547884821,0.05465377842428013,0.020336289646243767,0.8744604547884821,0.0,0.031230730528160073,0.011069119680866862,0.008249626931966812
31154069002937,Book,,DS796.S26 J535 2021,NYU ISAW Offsite,Offsite Collection,9998656608307876,Liu cheng yi zong : Jiading chu tu wen wu = Historical witness of Liucheng : unearthed relics in Jiading /,7547925669; 9787547925669,,,Shanghai shu hua chu ban she,Shanghai :,2021.,"Jiading Qu (Shanghai, China)--Antiquities--Exhibitions.; Antiquities; China--Jiading Qu (Shanghai); Exhibition catalogs; Jiading Qu.",http://vocab.getty.edu/tgn/8211798,https://id.oclc.org/worldcat/entity/E39PBJgHgxqJ6436hvBRt7qWjC;,0,,,,,2024-05-02,2025-02-11,"China, South Asia, & East Asia",0.8441723728612794,0.052760773303829965,0.08441723728612795,0.8441723728612794,0.0,0.0,0.010685726238750371,0.00796389031001207
31154069002945,Book,,DS797.77.L47 L483 2022,NYU ISAW Offsite,Offsite Collection,9998660026807876,Leshan ya mu : Leshan da fo yi chan fan wei nei ya mu diao cha bao gao /,7501074674; 9787501074679,,,Wen wu chu ban she,Beijing Shi :,2022.,"Leshan Shi (Sichuan Sheng, China)--Antiquities.; Tombs--China--Leshan Shi (Sichuan Sheng); Buddhist sculpture--China--Leshan Shi (Sichuan Sheng); Excavations (Archaeology)--China--Leshan Shi (Sichuan Sheng); Antiquities; Buddhist sculpture; Tombs; China--Leshan Shi (Sichuan Sheng); Thousand Buddhas Cliff.",,https://id.oclc.org/worldcat/entity/E39QbtfRx88vWVXMPQcrTGg3kc; http://www.wikidata.org/entity/Q21017454.,0,,,,,2024-05-14,2025-02-11,"China, South Asia, & East Asia",0.9228593414568681,0.0,0.014419677210263564,0.9228593414568681,0.0,0.042332997314535235,0.011681763815909723,0.008706220202423284
31154069002978,Book,,DS797.44.L84 L8537 2022,NYU ISAW Offsite,Offsite Collection,9998660027907876,Luoyang kao gu bai nian = Archaeology in Luoyang in the Past Century /,7030723473; 9787030723475,,,Ke xue chu ban she,Beijing :,2022.,Luoyang Shi (China)--Antiquities.; Excavations (Archaeology)--China--Luoyang Shi--History.; Excavations (Archaeology)--China--Luoyang (Henan Sheng)--History.; Antiquities; Archaeology; Excavations (Archaeology); China--Luoyang (Henan Sheng); Luoyang.; Fouilles (Archéologie)--Chine--Luoyang (Henan (Sheng)--Histoire.,http://vocab.getty.edu/tgn/8627225,https://id.oclc.org/worldcat/entity/E39PBJyrR9Prj8wBXykJBDWxDq;,0,,,,,2024-05-13,2025-02-11,"China, South Asia, & East Asia",0.8272829259484815,0.07520753872258923,0.012926295717945024,0.8272829259484815,0.03545498254064921,0.03794875807103126,0.011179498999303804,0.0
31154069002994,Book,,DS797.44.L84 L8518 2022,NYU Inst Study Ancient World,Large Collection,9998660028107876,Luoyang Han Tang yun he yi zhi diao cha yu gu chen chuan fa jue bao gao /,7030738284; 9787030738288,,,Ke xue chu ban she,Beijing :,2022.,Luoyang Shi (China)--Antiquities.; Canals--China--Luoyang Shi--History--To 1500.; Shipwrecks--China--Luoyang Shi--History--To 1500.; Underwater archaeology--China--Luoyang Shi.; Antiquities; Shipwrecks; Underwater archaeology; China--Luoyang Shi; Luoyang.,http://vocab.getty.edu/tgn/8627225,https://id.oclc.org/worldcat/entity/E39QbtfRpjxGgXVmhcJ7mJPVPp;,0,,,,,2024-05-13,2024-05-13,"China, South Asia, & East Asia",0.910438768254162,0.0,0.014225605753971282,0.910438768254162,0.022205823615955172,0.041605261005605514,0.011524541370305848,0.0
31154069003018,Book,,DS793.K6 C38 2021,NYU Inst Study Ancient World,Small Collection,9998660027107876,"""Hai shang si chou zhi lu"" shi yu xia de Guangxi Han dai zao wu yi shu = Creation art of Han dynasty in Guangxi from the perspective of ""Maritime Silk Road"" /",7549423067; 9787549423064,,"Chen, Jianxun, author.",Guangxi mei shu chu ban she,Nanning :,2021.,"Art objects, Chinese--China--Guangxi Zhuangzu Zizhiqu.; Guangxi Zhuangzu Zizhiqu (China)--Antiquities.; China--History--Han dynasty, 202 B.C.-220 A.D.; Silk Road.; Antiquities; Art objects, Chinese; Han Dynasty (China); Asia--Silk Road; China; China--Guangxi Zhuangzu Zizhiqu; 202 B.C.-220 A.D.; History; Guangxi.; Imperial China.; China.; Ancient China.; Maritime Silk Road.; Objets d'art chinois--Chine--Guangxi.; Chine--Histoire--202 av. J.-C.-220 (Dynastie des Han); Route de la soie.",http://vocab.getty.edu/tgn/1001678; http://vocab.getty.edu/tgn/8697462; http://vocab.getty.edu/tgn/1000111; http://vocab.getty.edu/tgn/8697463;,https://id.oclc.org/worldcat/entity/E39PBJj8JTKRmWPGXFqt87Vpyd; https://id.oclc.org/worldcat/entity/E39PBJcrd4RjtCBk4wfMhTwwG3; https://id.oclc.org/worldcat/entity/E39QbtfRvTCwW96wmmRDxBDCXM; http://www.wikidata.org/entity/Q11149509;,0,,,,,2024-05-14,2024-05-14,"China, South Asia, & East Asia",0.7721123829344432,0.0,0.1930280957336108,0.7721123829344432,0.0,0.027575442247658684,0.0,0.007284079084287199
31154069003034,Book,,TN645.C5 C465 2022,NYU ISAW Offsite,Offsite Collection,9998660026907876,Hanzhong chu tu Shang dai tong qi de ke xue fen xi yu zhi zuo ji shu yan jiu /,7030738330; 9787030738332,,"Chen, Kunlong, author.",Ke xue chu ban she,Beijing :,2022.,Metallurgy--China.; Metal-work--China.; Bronze implements--China--To 221 B.C.; Copper implements--China--To 221 B.C.; Bronze implements--China--Hanzhong Shi.; Copper implements--China--Hanzhong Shi.; Bronze implements--China--Shaanxi Sheng.; Copper implements--China--Shaanxi Sheng.; Hanzhong Shi (China)--Antiquities.; Shaanxi Sheng (China)--Antiquities.; Copper implements--To 221 B.C.; Copper implements.; Hanzhong.; Shaanxi.; Métallurgie--Chine.; Travail des métaux--Chine.; Outils en bronze--Chine--Jusqu'à 221 av. J.-C.; Outils en cuivre--Jusqu'à 221 av. J.-C.; Outils en bronze--Chine--Shaanxi.; Outils en cuivre.,http://vocab.getty.edu/tgn/8202367; http://vocab.getty.edu/tgn/7002084,,0,,,,,2024-05-14,2025-02-11,"China, South Asia, & East Asia",0.9254337896885088,0.0,0.01445990296388295,0.9254337896885088,0.03966144812950752,0.0,0.011714351768208972,0.008730507449891591
31154069003042,Book,,DS797.54.C484 C456 2021,NYU ISAW Offsite,Offsite Collection,9998659225007876,Chifeng di qu de ju luo xing tai yan jiu = Settlement patterns in the Chifeng region /,750106590X; 9787501065905,,,Wen wu chu ban she,Beijing :,2021.,Chifeng Shi (China)--History.; Human geography--China--Chifeng Shi.; Human geography; China--Chifeng Shi; History; Chifeng.,http://vocab.getty.edu/tgn/1067219,https://id.oclc.org/worldcat/entity/E39PBJfrGQ7TbmDgjmkxywTj4q;,0,,,,,2024-05-10,2025-02-11,"China, South Asia, & East Asia",0.840221941985347,0.07638381290775884,0.01954004516244993,0.840221941985347,0.0,0.038542290916759044,0.0173852869334837,0.007926622094201387
31154069003059,Book,,NK7983.Z43 H43 2023,NYU ISAW Offsite,Offsite Collection,9998660027007876,"He he Zeng hou, mu mu he zhong : Zeng guo qi bai nian qing tong qi te zhan /",750108047X; 9787501080472,,,Wen wu chu ban she,Beijing :,2023.,"Bronzes, Chinese--China--Zhangzhou Shi--Exhibitions.; Excavations (Archaeology)--China--Zhangzhou Shi.; Tombs--China--Zhangzhou Shi.; Zhangzhou Shi (China)--Antiquities--Catalogs.; Zeng (state)",,http://www.wikidata.org/entity/Q11091440,0,,,,,2024-05-14,2025-02-11,"China, South Asia, & East Asia",0.9247018786690862,0.0,0.014448466854204471,0.9247018786690862,0.03963008051438941,0.0,0.01249597133336603,0.008723602628953643
31154069003067,Book,,DS797.28.M56 M5653 2022,NYU Inst Study Ancient World,Large Collection,9998659224907876,Minle Wuba mu di fa jue bao gao /,7501078920; 9787501078929,,,Wen wu chu ban she,Beijing Shi :,2022.,"Wuba Cemetery Site (China); Neolithic period--China--Minle Xian.; Bronze age--China--Minle Xian.; Antiquities, Prehistoric--China--Minle Xian.; Excavations (Archaeology)--China--Minle Xian.; Minle Xian (China)--Antiquities.; Minle.; Wuba cemetery.",http://vocab.getty.edu/tgn/8623835;,http://www.wikidata.org/entity/Q125960319. http://www.wikidata.org/entity/Q125960319,0,,,,,2024-05-10,2024-05-10,"China, South Asia, & East Asia",0.8661196808077846,0.054132480050486535,0.02014231815832057,0.8661196808077846,0.0,0.039730260587513055,0.011704320010916008,0.008170940384979099
31154069003075,Book,,DS796.C59247 Y8953 2022,NYU Inst Study Ancient World,Small Collection,9998660029707876,Yu xi Chang Jiang liu yu kao gu bao gao ji /,7030733126; 9787030733122,,,Ke xue chu ban she,Beijing :,2022.,Chongqing (China)--Antiquities.; Excavations (Archaeology)--China--Chongqing.; Antiquities; Excavations (Archaeology); China--Chongqing; Chongqing.; Fouilles (Archéologie)--Chine--Chongqing.,http://vocab.getty.edu/tgn/7001787,https://id.oclc.org/worldcat/entity/E39QbtfRtG4dqmkdgK6f4DJBGB;,0,,,,,2024-05-13,2024-05-13,"China, South Asia, & East Asia",0.8452404263188382,0.05282752664492739,0.04448633822730727,0.8452404263188382,0.0,0.038772496620130194,0.010699245902770103,0.007973966286026776
31154069003083,Book,,DS793.S4 C363 2022,NYU ISAW Offsite,Offsite Collection,9998660028207876,Zhou dai de dong tu : Shandong di qu Xi Zhou shi qi de kao gu xue wen hua pu xi = The Eastern territory of the Western Zhou dynasty : the cultural history of the Western Zhou archaeological remains in Shandong /,750107464X; 9787501074648,,"Cao, Bin, author.",Wen wu chu ban she,Beijing :,2022.,Excavations (Archaeology)--China--Shandong Sheng.; Shandong Sheng (China)--Antiquities.; Shandong Sheng (China)--Civilization.; China--Civilization--To 221 B.C.; Antiquities.; Civilization.; Excavations (Archaeology); China; China--Shandong Sheng; To 221 B.C.; Shandong.; Imperial China.; China.; Ancient China.; Fouilles (Archéologie)--Chine--Shandong.; Shandong (Chine)--Civilisation.; Chine--Civilisation--Jusqu'à 221 av. J.-C.,http://vocab.getty.edu/tgn/7002085; http://vocab.getty.edu/tgn/8697462; http://vocab.getty.edu/tgn/1000111; http://vocab.getty.edu/tgn/8697463;,https://id.oclc.org/worldcat/entity/E39PBJdCqh8h6hJY7PT6MQW4bd. https://id.oclc.org/worldcat/entity/E39QbtfRr8hB9YQrXP6JCrVKqp.,0,,,,,2024-05-13,2025-02-11,"China, South Asia, & East Asia",0.8527368687935594,0.07752153352668721,0.01983108997194324,0.8527368687935594,0.0,0.03911637012814492,0.010794137579665308,0.0
31154069003091,Book,,DS797.77.K33 K3595 2022,NYU ISAW Offsite,Offsite Collection,9998660029207876,Kai Xian gu cheng : 2006-2008 nian kao gu fa jue bao gao /,7030729935; 9787030729934,,,Ke xue chu ban she,Beijing :,2022.,"Kai Xian (Sichuan Sheng, China)--Antiquities.; Excavations (Archaeology)--China--Kai Xian (Sichuan Sheng); Antiquities; Excavations (Archaeology); China--Kai Xian (Sichuan Sheng); Kaixian site.",,http://www.wikidata.org/entity/Q125929259,0,,,,,2024-05-13,2025-02-11,"China, South Asia, & East Asia",0.8618299416420263,0.053864371352626644,0.013466092838156661,0.8618299416420263,0.021020242479073813,0.03077964077292951,0.010909239767620585,0.008130471147566286
31154069003109,Book,,DS797.44.L84 L87 2017,NYU Inst Study Ancient World,Large Collection,9998660029907876,Luoyang da yi zhi kao gu kan tan bao gao ji /,7534851777; 9787534851773,,,Zhongzhou gu ji chu ban she,Zhengzhou :,2017-,Historic sites--China--Luoyang Shi.; Historic buildings--China--Luoyang Shi.; Historic buildings; Historic sites; China--Luoyang Shi; Luoyang.,http://vocab.getty.edu/tgn/8627225,https://id.oclc.org/worldcat/entity/E39QbtfRpjxGgXVmhcJ7mJPVPp;,0,v.1,,,,2024-05-13,2024-05-13,"China, South Asia, & East Asia",0.6551843594048817,0.04094902246280511,0.01523684556755539,0.6551843594048817,0.0,0.023399441407317204,0.008853842694660566,0.25637648846277983
31154069003117,Book,,NK7983.22 .C359 2022,NYU ISAW Offsite,Offsite Collection,9998660028907876,Ji jin cang li : Shandong Jinan Liujiazhuang Shang dai qing tong qi bao hu xiu fu yu yan jiu /,7501077762; 9787501077762,,"Cai, Youzhen, author.",Wen wu chu ban she,Beijing :,2022.,"Bronzes, Chinese--To 221 B.C.--Conservation and restoration--China.; Jinan Shi (China)--Antiquities.; Jinan.; Bronzes chinois--Jusqu'à 221 av. J.-C.--Conservation et restauration--Chine.",http://vocab.getty.edu/tgn/8632124,,0,,,,,2024-05-13,2025-02-11,"China, South Asia, & East Asia",0.9247018786690862,0.0,0.014448466854204471,0.9247018786690862,0.03963008051438941,0.0,0.01249597133336603,0.008723602628953643
31154069003125,Book,,DS797.44.L84 L8693 2021,NYU ISAW Offsite,Offsite Collection,9998660029807876,Luoyang Mang Shan ling mu qun kao gu bao gao ji = Luoyang Mangshan lingmuqun kaogu baogaoji /,7313252099; 9787313252098,,,Shanghai jiao tong da xue chu ban she,Shanghai Shi :,2021.,Luoyang Shi (China)--Antiquities.; Tombs--China--Luoyang Shi.; Excavations (Archaeology)--China--Luoyang Shi.; Antiquities; Excavations (Archaeology); Tombs; China--Luoyang Shi; Luoyang.,http://vocab.getty.edu/tgn/8627225,https://id.oclc.org/worldcat/entity/E39QbtfRpjxGgXVmhcJ7mJPVPp;,0,,,,,2024-05-13,2025-02-11,"China, South Asia, & East Asia",0.9256259360580045,0.0,0.020866890644841707,0.9256259360580045,0.0,0.03305806914492873,0.011716784000734235,0.008732320151490608
31154069003133,Book,,DS797.44.L84 L8527 2013,NYU Inst Study Ancient World,Large Collection,9998656609307876,Luoyang kao gu kan tan bao gao.,7534844045; 9787534844041,,,Zhongzhou gu ji chu ban she,Zhengzhou Shi :,2013.,Excavations (Archaeology)--China--Luoyang Shi.; Excavations (Archaeology); China--Luoyang Shi; Luoyang.,http://vocab.getty.edu/tgn/8627225,https://id.oclc.org/worldcat/entity/E39QbtfRpjxGgXVmhcJ7mJPVPp;,0,,,,,2024-05-02,2024-10-24,"China, South Asia, & East Asia",0.8652301209564528,0.07865728372331389,0.013519220639944575,0.8652301209564528,0.0,0.03090107574844474,0.011692298931843956,0.0
31154069003141,Book,,DS797.44.L84 L8668 2020,NYU Inst Study Ancient World,Large Collection,9998656608907876,Luoyang kao gu kan tan bao gao.,7551823409; 9787551823401,,,San Qin chu ban she,Xi'an :,2020.,Excavations (Archaeology)--China--Luoyang Shi.; Excavations (Archaeology); China--Luoyang Shi; Luoyang.,http://vocab.getty.edu/tgn/8627225,https://id.oclc.org/worldcat/entity/E39QbtfRpjxGgXVmhcJ7mJPVPp;,0,,,,,2024-05-02,2024-10-24,"China, South Asia, & East Asia",0.8870337667897468,0.05543961042435917,0.013859902606089793,0.8870337667897468,0.0,0.03167977738534809,0.011986942794456038,0.0
31154069003174,Book,,DS793.K2 W7 2021,NYU Inst Study Ancient World,Large Collection,9998660030107876,Wu Liang kao gu zi liao hui bian = WuLiang kaogu ziliao huibian /,7542352148; 9787542352149,,,Gansu jiao yu chu ban she,Lanzhou Shi :,2021.,Gansu Sheng (China)--Antiquities.; Excavations (Archaeology)--China--Gansu Sheng.; China--Antiquities.; Antiquities; Excavations (Archaeology); China; 304-439; History; Gansu.; Imperial China.; China.; Ancient China.; Chine--Antiquités.; Fouilles (Archéologie)--Chine--Gansu.,http://vocab.getty.edu/tgn/1001261; http://vocab.getty.edu/tgn/8697462; http://vocab.getty.edu/tgn/1000111; http://vocab.getty.edu/tgn/8697463;,,0,,,,,2024-05-13,2024-05-20,"China, South Asia, & East Asia",0.8488173118905926,0.05305108199316204,0.019739937485827735,0.8488173118905926,0.02070286126562421,0.038936573939935444,0.010744522935323957,0.008007710489533892
31154069003182,Book,,DS797.28.Z477 Z436 2021,NYU Inst Study Ancient World,Large Collection,9998660030007876,Zhangye Ganzhou Heishuiguo Han dai mu zang fa jue bao gao.,7542350196; 9787542350190,,,Gansu jiao yu chu ban she,Lanzhou Shi :,2021.,"Tombs--China--Zhangye.; Excavations (Archaeology)--China--Zhangye.; Zhangye (China)--Antiquities.; China--History--Han dynasty, 202 B.C.-220 A.D.; Antiquities; Excavations (Archaeology); Han Dynasty (China); Tombs; China; China--Zhangye; 202 B.C.-220 A.D.; History; Zhangye.; Imperial China.; China.; Ancient China.; Chine--Histoire--202 av. J.-C.-220 (Dynastie des Han)",http://vocab.getty.edu/tgn/7001844; http://vocab.getty.edu/tgn/8697462; http://vocab.getty.edu/tgn/1000111; http://vocab.getty.edu/tgn/8697463;,https://id.oclc.org/worldcat/entity/E39PBJcrd4RjtCBk4wfMhTwwG3;,0,,,,,2024-05-13,2024-05-13,"China, South Asia, & East Asia",0.9228593414568681,0.0,0.014419677210263564,0.9228593414568681,0.0,0.042332997314535235,0.011681763815909723,0.008706220202423284
31154069003190,Book,,GV651 .L553 2021,NYU ISAW Offsite,Offsite Collection,9998660029607876,Hexi Wei Jin shi liu guo mu zang bi hua zhuan ti yu yan jiu = Hexi weijin shiliuguo muzang bihuazhuan tiyu yanjiu /,7542351303; 9787542351302,,"Lin, Chun (Sports historian), author.",Gansu jiao yu chu ban she,Lanzhou Shi :,2021,"Sports--China--History--To 1500.; Mural painting and decoration, Chinese--China--Gansu Corridor--Three kingdoms-Sui dynasty, 220-618.; Tombs--China--Gansu Corridor.; Mural painting and decoration, Chinese--Three kingdoms-Sui dynasty, 220-618.; Manners and customs; Sports; China; 220-618; History; Hexi Corridor.; Sports--Chine--Histoire--Jusqu'à 1500.; Peinture et décoration murales chinoises--220-618 (Trois Royaumes-Dynastie des Sui)",http://vocab.getty.edu/tgn/8712215,https://id.oclc.org/worldcat/entity/E39PBJdCqh8h6hJY7PT6MQW4bd;,0,,,,,2024-05-13,2025-02-11,"China, South Asia, & East Asia",0.9390969350178459,0.0,0.014673389609653842,0.9390969350178459,0.0,0.03353917625063735,0.012690499121862783,0.0
31154069003208,Book,,DS793.S8 Z58 2021,NYU ISAW Offsite,Offsite Collection,9998660029507876,Sichuan Sanxingdui he Jinsha wen ming xing shuai de huan jing kao gu /,7305250074; 9787305250071,,"Zhu, Cheng, author.",Nanjing da xue chu ban she,Nanjing :,2021.,Excavations (Archaeology)--China--Sichuan Sheng.; Environmental archaeology--China--Sichuan Sheng.; Sanxingdui Site (China)--Civilization.; Jinsha Site (China)--Civilization.; Civilization; Environmental archaeology; Excavations (Archaeology); China--Jinsha Site; China--Sanxingdui Site; China--Sichuan Sheng; Guanghan Sanxingdui.; Jinsha.; Fouilles (Archéologie)--Chine--Sichuan.; Archéologie de l'environnement--Chine--Sichuan.; Sanxingdui (Chine : Site archéologique)--Civilisation.,http://vocab.getty.edu/tgn/8712371;,https://id.oclc.org/worldcat/entity/E39QbtfRxxjp4ypbYkr9BtBTQY; https://www.wikidata.org/entity/Q217618;,0,,,,,2024-05-13,2025-02-11,"China, South Asia, & East Asia",0.8595549864496267,0.07814136240451153,0.019989650847665737,0.8595549864496267,0.0,0.03069839237320095,0.011615607924994956,0.0
31154069003216,Book,,DS797.68.L57 T366 2017,NYU Inst Study Ancient World,Small Collection,9998660029307876,Tang Zhao ling Wei gui fei mu fa jue bao gao = Tomb of the Wei concubine in the Tang-dynasty Zhao mausoleum compound /,703052781X; 9787030527813,,,Ke xue chu ban she,Beijing :,2017.,China--Kings and rulers--Tombs.; Antiquities; Excavations (Archaeology); Kings and rulers--Tombs; China; China--Liquan Xian; Tang mu--Fa jue bao gao--Shan xi sheng--Li quan xian.; Ancient China.; Imperial China.; China.; Zhao Mausoleum.; Tombs--China--Liquan Xian.; Excavations (Archaeology)--China--Liquan Xian.; Liquan Xian (China)--Antiquities.,http://vocab.getty.edu/tgn/8697463; http://vocab.getty.edu/tgn/8697462; http://vocab.getty.edu/tgn/1000111;,https://id.oclc.org/worldcat/entity/E39PBJcrd4RjtCBk4wfMhTwwG3; https://id.oclc.org/worldcat/entity/E39PBJbCHW83J4Kw9Mjxm8cF8C; http://www.wikidata.org/entity/Q197502;,0,,,,,2024-05-13,2024-05-13,"China, South Asia, & East Asia",0.9315918365725243,0.0,0.014556122446445692,0.9315918365725243,0.0,0.033271137020447296,0.01179230172876613,0.008788602231816267
31154069003224,Book,,NK1069.N35 N36 2022,NYU ISAW Offsite,Offsite Collection,9998659224807876,Nanchang Han dai Haihun Hou guo yi zhi bo wu guan = Nanchang Haihun Principality site museum of Han Dynasty /,7501079099; 9787501079094,,,Wen wu chu ban she,Beijing :,2022.,"Nanchang Han dai Haihun hou guo yi zhi bo wu guan--Catalogs.; Art objects, Chinese--Qin-Han dynasties, 221 B.C.-220 A.D.; Nanchang Shi (China)--Antiquities--Pictorial works.; Nanchang.; Nanchang Han Dynasty Haihun Principality Site Museum.; Objets d'art chinois--221 av. J.-C.-220 (Dynasties des Qin et des Han)",http://vocab.getty.edu/tgn/8630764;,http://www.wikidata.org/entity/Q126011617,0,,,,,2024-05-10,2025-02-11,"China, South Asia, & East Asia",0.8951398258603509,0.0,0.013986559779067983,0.8951398258603509,0.03836313539401504,0.031969279495012534,0.012096484133247987,0.008444715338305197
31154069003232,Book,,BQ636 .Z583 2020,NYU ISAW Offsite,Offsite Collection,9998660029407876,Dong Han fo jiao ru Hua de tu xiang xue yan jiu /,703063828X; 9787030638281,,"Zhu, Hu, 1983- author.",Ke xue chu ban she,Beijing :,2020.,Buddhism--China--History.; Buddhism--Missions--History.--China; Buddhism; Buddhism--Missions; China; History; Imperial China.; Bouddhisme--Chine--Histoire.; Bouddhisme--Missions--Histoire.--Chine,https://vocab.getty.edu/tgn/8697462,https://id.oclc.org/worldcat/entity/E39PBJdCqh8h6hJY7PT6MQW4bd;,0,,,,,2024-05-13,2025-02-11,"China, South Asia, & East Asia",0.9653310599602158,0.0,0.022449559533958507,0.9653310599602158,0.0,0.0,0.012219380505825517,0.0
31154069003257,Book,,BQ4570.R44 G365 2020,NYU ISAW Offsite,Offsite Collection,9998660030207876,Zhongguo gu dai she li di gong yan jiu /,7030541480; 9787030541482,,"Gao, Jixi, author.",Ke xue chu ban she,Beijing :,2020.,Buddhist relics--China.; Mausoleums--China.; Burial--China.; Buddhist antiquities--China.; Buddhist antiquities; Buddhist relics; Burial; Mausoleums; China; Imperial China.; Mausolées--Chine.; Sépulture--Chine.; Antiquités bouddhiques--Chine.,https://vocab.getty.edu/tgn/8697462,https://id.oclc.org/worldcat/entity/E39PBJdCqh8h6hJY7PT6MQW4bd;,0,,,,,2024-05-13,2025-02-11,"China, South Asia, & East Asia",0.972494710521254,0.0,0.015195229851894594,0.972494710521254,0.0,0.0,0.012310059626851317,0.0
31154069003273,Book,,TC480.R66 H48 2022,NYU ISAW Offsite,Offsite Collection,9998656512607876,Hochwasservorsorge im Römischen Reich : Praktiken und Paradigmen /,351513266X; 9783515132664; 9783515132701; 3515132708,,"Hettinger, Jasmin, author.",Franz Steiner Verlag,Stuttgart :,[2022],Flood control--Rome--History.; Flood damage prevention--Rome--History.; Flood control; Flood damage prevention; Rome (Empire); History; Roman Empire.; Inondations--Maîtrise--Histoire.--Rome; Dommages causés par les inondations--Prévention--Histoire.--Rome,http://vocab.getty.edu/tgn/7030347,,0,,,,,2024-05-02,2025-02-11,European and Classical Antiquity,0.7724218411013708,0.08582464901126341,0.014751111548810899,0.03432985960450537,0.04046019167673846,0.043306015556142094,0.7724218411013708,0.008906331501168844
31154069003281,Book,,KJA670 .I75 2023,NYU Inst Study Ancient World,Small Collection,9998656512207876,Archivio di Babatha : un'esperienza ai confini dell'Impero Romano : atti e contratti (II secolo d.c.) /,9788891332394; 8891332399,,"Di Cintio, Lucia, author.",l'Erma di Bretschneider,"Roma ; Bristol, Conn. :",[2023],"Contracts (Roman law); Roman law--Sources.; Judicial process (Roman law); Manuscripts, Greek (Papyri)--Israel.; Cave of Letters.; Contrats (Droit romain); Processus judiciaire (Droit romain); Papyrus grecs--Israël.",https://pleiades.stoa.org/places/363078283,,0,,,,,2024-05-02,2024-05-02,European and Classical Antiquity,0.9420661715057395,0.0,0.014719783929777179,0.0,0.0,0.04321404456448346,0.9420661715057395,0.0
31154069003299,Book,,KL190 .A73 2022,NYU Inst Study Ancient World,Small Collection,9998656511907876,Lineamenti del sistema contrattuale nel diritto dei papiri /,8891326186; 9788891326188,,"Arangio-Ruiz, Vincenzo, 1884-1964, author.",L'Erma di Bretschneider,Roma [etc.] :,2022.,"Law--Egypt.; Law, Greek.; Contracts.; Manuscripts, Greek (Papyri)--Egypt.; contracts.; Contracts; Law; Law, Greek; Manuscripts, Greek (Papyri); Egypt; Aegyptus (Roman imperial province); Droit--Égypte.; Droit grec.; Contrats.; Papyrus grecs--Égypte.",https://pleiades.stoa.org/places/766,https://id.oclc.org/worldcat/entity/E39QbtfRDwpX7XgppvP7ww3J9c;,0,,,,,2024-05-02,2024-05-02,Ancient Western Asia,0.40071556350626114,0.40071556350626114,0.11270125223613595,0.0,0.0,0.257602862254025,0.2289803220035778,0.0
31154069003307,Book,,KL2814 .A73 2022,NYU Inst Study Ancient World,Small Collection,9998656511807876,Persone e famiglia nel diritto dei papiri /,8891326178; 9788891326171,,"Arangio-Ruiz, Vincenzo, 1884-1964, author.",L'Erma di Bretschneider,Roma :,[2022],Egyptian law--Sources.; Persons (Egyptian law); Domestic relations (Egyptian law); Persons (Law)--Egypt.; Persons (Law)--Greece.; Civil law; Domestic relations; Manuscripts (Papyri); Persons (Law); Egypt; Greece; Aegyptus (Roman imperial province); Personnes (Droit)--Égypte.; Personnes (Droit)--Grèce.; Droit égyptien--Sources.; Personnes (Droit égyptien); Familles--Droit égyptien.,https://pleiades.stoa.org/places/766,https://id.oclc.org/worldcat/entity/E39QbtfRDwpX7XgppvP7ww3J9c; https://id.oclc.org/worldcat/entity/E39PBJxd6hw8HtWYq9JY6hjjYP;,0,,,,,2024-05-02,2024-05-02,Ancient Western Asia,0.4907626717195641,0.4907626717195641,0.12269066792989103,0.0,0.0,0.2804358124111795,0.10611084793936522,0.0
31154069003315,Book,,R141 .R63 2023,NYU Inst Study Ancient World,Small Collection,9998656511707876,Medizin und Astronomie in der Karolingerzeit : Bibliotheken als Speicher antiken Wissens /,3161610857; 9783161610851; 9783161621659; 3161621654,,"Röckelein, Hedwig, 1956- author.",Mohr Siebeck,Tübingen :,[2023],"Medicine, Medieval--Europe--History.; Medicine--Europe--Early works to 1800.; Astronomy, Medieval--Europe.; Astronomy, Medieval--Europe--Early works to 1800.; Astronomy, Medieval.; Carolingian Empire.; Médecine médiévale--Europe--Histoire.; Médecine--Europe--Ouvrages avant 1800.; Astronomie médiévale.",http://vocab.getty.edu/tgn/7024348,,0,,,,,2024-05-02,2024-05-02,European and Classical Antiquity,0.8948374176647913,0.05760161544993842,0.0,0.0,0.0,0.04756096688527026,0.8948374176647913,0.0
31154069003323,Book,,DS329.4 .W46 2023,NYU Inst Study Ancient World,Small Collection,9998656511607876,The king's road : diplomacy and the remaking of the Silk Road /,0691237832; 9780691237831; 0691243190; 9780691243191; 9780691243207; 0691243204,,"Wen, Xin (Historian), author.",Princeton University Press,Princeton :,[2023],Silk Road--History.; Diplomats--Travel.; Asia--Relations--Europe.; Europe--Relations--Asia.; Diplomats--Travel; International relations; Asia; Europe; History; Informational works.; Documents d'information.; Silk Road.; Asia.; Europe.; Route de la soie--Histoire.; Asie--Relations--Europe.; Europe--Relations--Asie.,http://vocab.getty.edu/tgn/7031416; http://vocab.getty.edu/tgn/1000004; http://vocab.getty.edu/tgn/1000003;,https://id.oclc.org/worldcat/entity/E39PBJxMpyjKQ9Jtm3jkjPBgKd; https://id.oclc.org/worldcat/entity/E39PBJxCxPbbk4CPJDQJb4r6rq;,0,,,,,2024-05-02,2024-05-02,Central Asia & Siberia,0.7403361453080682,0.0,0.7403361453080682,0.13475227922762606,0.0,0.0639374994056898,0.04700546954336941,0.01396860651524657
31154069003331,Book,,DS156.U7 D36 2015,NYU Inst Study Ancient World,Small Collection,9998656511507876,From the Armenian Highland to Iran : a study on relations between the Kingdom of Urartu and the Achaemenid Empire /,8866870862; 9788866870869,,"Dan, Roberto, author.",Scienze e lettere,Roma :,2015.,"Urartu--Relations--Iran.; Iran--Relations--Urartu.; Urartu--History.; Iran--History--To 640.; To 640; History; Achaemenid dynasty,--559-330 B.C.; Urartu--Relations--Iran; Iran--Relations--United States; Urartu--History; Iran--History--To 640; Urartu.; Achaemenid Empire.; Persia.; Iran.; Iran--Histoire--Jusqu'à 651.",https://pleiades.stoa.org/places/214160492; http://vocab.getty.edu/tgn/6000039; http://vocab.getty.edu/tgn/7024079; http://vocab.getty.edu/tgn/7000231;,,1,,,,,2024-05-02,2024-05-02,Ancient Western Asia,0.8822043140336266,0.8822043140336266,0.015235436344330723,0.035457015492260595,0.0,0.044727886515466345,0.013176593595096844,0.00919875401921855
31154069003349,Book,,DS66 .S78,NYU Inst Study Ancient World,Small Collection,9998659330107876,"Studia Hethitica, Hurritica et Urartaica /",8866872237; 9788866872238,,,ISMEO,Roma :,2022-,"Hurrians.; Urartians.; Civilization, Ancient.; Turkey--Antiquities.; Armenia--Antiquities.; Hittite language.; Hurrian language.; Urartian language.; Antiquities; Civilization, Ancient; Hittite language; Hittites; Hurrian language; Hurrians; Urartian language; Urartians; Armenia; Turkey; Urartu.; Armenia (region); Asia Minor.; Hittite Empire.; Turkey.; Hittites.; Hourrites.; Ourartéens.; Civilisation ancienne.; Turquie--Antiquités.; Hittite (Langue); Hourrite (Langue); Ourartéen (Langue)",https://pleiades.stoa.org/places/214160492; https://pleiades.stoa.org/places/874350; https://pleiades.stoa.org/places/837; http://vocab.getty.edu/tgn/6002562; https://vocab.getty.edu/tgn/1000144;,,0,,,,,2024-05-02,2024-05-09,Ancient Western Asia,0.4882156121106241,0.4882156121106241,0.10825650529409489,0.030180601475929485,0.0,0.038071859660002795,0.010505905577064061,0.3247695158822847
31154069003356,Book,,BT1410 .L38 2013,NYU Inst Study Ancient World,Small Collection,9998656511307876,The Manichaean Church : an essay mainly based on the texts from Central Asia /,8866870390; 9788866870395,,"Leurini, Claudia, author.",ISMEO; Scienze e lettere,Roma :,2013.,Manichaeism--Sources.; Manichaeism.; Manichaeism; Sources; Manichäismus; Central Asia.; Manichéisme.; Manichéisme--Sources.,http://vocab.getty.edu/tgn/8697475,,0,,,,,2024-05-02,2024-05-02,Ancient Western Asia,0.5240441444252064,0.5240441444252064,0.1340578043878435,0.20961765777008257,0.0,0.0,0.0778984539010442,0.054381939515823305
31154069003364,Book,,DS286 .G54 2014,NYU Inst Study Ancient World,Small Collection,9998656511207876,Mazdéens et chrétiens en terre d'Iran à l'époque sassanide /,8866870668; 9788866870661,,"Gignoux, Philippe, author.",Scienze e lettere,Roma :,2014.,Christians; Sassanids; Zoroastrianism; Iran; To 1500; Church history; History; Sassanids.; Zoroastrianism--Iran--History--To 1500.; Christians--Iran--History--To 1500.; Iran--History--To 640.; Iran--Church history.; Sasanian Empire.; Persia.; Iran.; Sassanides.; Iran--Histoire--Jusqu'à 651.; Ancient and medieval history--Collected accounts of events,http://vocab.getty.edu/tgn/6005268; http://vocab.getty.edu/tgn/7024079; http://vocab.getty.edu/tgn/7000231;,,0,,,,,2024-05-02,2024-05-02,Ancient Western Asia,0.8873009310896559,0.8873009310896559,0.014576251043175231,0.033922911518662356,0.0,0.042792663612991506,0.012606487388692092,0.008800755346822781
31154069003372,Book,,GN778.32.T5 L33 2002,NYU Inst Study Ancient World,Large Collection,9998656511107876,"Prehistoric Thai ceramics : Ban Chiang, Lopburi, and Khok Phanom Di and related sites in regional cultural perspective /",9789744800206; 9744800208,,"Labbé, Armand J.",White Lotus Press,"Bangkok, Thailand :",©2002.,"Bronze age--Thailand, Central.; Bronze age--Thailand--Khorat Plateau.; Pottery, Prehistoric--Thailand, Central.; Pottery, Prehistoric--Thailand--Khorat Plateau.; Excavations (Archaeology)--Thailand, Central.; Excavations (Archaeology)--Thailand--Khorat Plateau.; Thailand, Central--Antiquities.; Khorat Plateau (Thailand)--Antiquities.; Antiquities; Bronze age; Excavations (Archaeology); Pottery, Prehistoric; Thailand--Khorat Plateau; Thailand--Thailand, Central; 15.32 prehistoric and protohistoric archaeology.; Keramik; Ausgrabung; Thailand; Khoratplateau; Funde; Keramiek.; Prehistorie.; Archeologische vondsten.; Bowers Museum of Cultural Art.; Geschichte 2200 v. Chr.-500; Central Thailand.; Khorat Plateau.; Fouilles (Archéologie)--Thaïlande (Centre)",,http://www.wikidata.org/entity/Q190829; http://www.wikidata.org/entity/Q874816,0,,Bunker,,,2024-05-02,2024-05-02,Central Asia & Siberia,0.411887072808321,0.11441307578008915,0.411887072808321,0.07488855869242199,0.08826151560178307,0.07355126300148589,0.06537890044576523,0.17161961367013373
31154069003380,Book,,PK8373 .F49 1948,NYU Inst Study Ancient World,Reference 4 Collection,990018632160107876,Manuel de langue arménienne (arménien occidental moderne) /,,,"Feydit, Frédéric, author.",Klincksieck,Paris :,1948.,West Armenian dialect.; West Armenian dialect; Textbooks--for foreign speakers; Armenisch; Lehrbuch; Armeens.; Armenia (region).; Armenisch.; Arménien occidental (Langue); Lehrbuch.,https://pleiades.stoa.org/places/874350;,,0,,Garsoian,,,2024-05-02,2024-05-09,The Caucasus & The Western Steppe,0.8763175897323583,0.0,0.08072368837742482,0.03186609417208575,0.0,0.0,0.011092627718131116,0.8763175897323583
31154069003398,Book,,DK771.A25 S47 2023,NYU Inst Study Ancient World,Large Collection,9998659225207876,Altaĭ v predti͡urkskoe vremi͡a (po materialam arkheologicheskogo kompleksa Choburak-I) : monografii͡a = Altai in the pre-Turkic period (on the materials of the Choburak-I archaeological complex) : monograph /,5790427499; 9785790427497,,"Seregin, N. N. author. (Nikolaĭ Nikolaevich),",Altaĭskiĭ gosudarstvennyĭ universitet,Barnaul :,2023.,Altaĭskiĭ kraĭ (Russia)--Antiquities.; Excavations (Archaeology)--Russia (Federation)--Altaĭskiĭ kraĭ.; Choburak-I.; Altayskiy Kray.; Fouilles (Archéologie)--Russie--Altaï (Kraj),https://pleiades.stoa.org/places/323726132; http://vocab.getty.edu/tgn/7013670,,0,,,,,2024-05-10,2024-05-10,Central Asia & Siberia,0.9783853253884798,0.0,0.9783853253884798,0.0,0.0,0.0,0.012384624372006074,0.00923005023951396
31154069003406,Book,,DS797.28.J587 D864 2021,NYU ISAW Offsite,Offsite Collection,9998660025907876,Dunhuang Foyemiao Wan : Xindiantai mu qun 2015 nian du fa jue bao gao = Dunhuang FoyemiaoWan : Xindiantai muqun 2015niandu fajue baogao /,7542352156; 9787542352156,,,Gansu jiao yu chu ban she,Lanzhou Shi :,2021.,Tombs--China--Dunhuang.; Excavations (Archaeology)--China--Dunhuang.; Dunhuang (China)--Antiquities.; Tombs--China--Jiuquan Shi--History.; Excavations (Archaeology)--China--Jiuquan Shi.; Jiuquan Shi (China)--Antiquities.; Antiquities; Excavations (Archaeology); Tombs; China--Jiuquan Shi; History; Jiuquan.; Dunhuang.; Foyemiaowan-Xindiantai cemetery.,http://vocab.getty.edu/tgn/8675677; http://vocab.getty.edu/tgn/7001969;,https://id.oclc.org/worldcat/entity/E39PBJcR9CxWhK4dgJvgPvjQv3; http://www.wikidata.org/entity/Q10886794,0,v.1,,,,2024-05-14,2025-02-11,"China, South Asia, & East Asia",0.8999592950339942,0.0,0.04736627868599969,0.8999592950339942,0.0,0.04128253646944928,0.011391889810556888,0.0
31154069003414,Book,,DS797.44.L827 L86 2021,NYU Inst Study Ancient World,Large Collection,9998656607707876,Luohe Guxiang mu di /,7534896932; 9787534896934,,,Zhongzhou gu ji chu ban she,Zhengzhou Shi :,2021.,Guxiang Cun (China)--Antiquities.; Excavations (Archaeology)--China--Luohe Shi.; Archaeological expeditions--China--Henan Sheng--Antiquities.; Archaeological expeditions--Tombs--China--Luohe Shi.; Archaeological expeditions--Tombs--China--Linying Xian.; China--Henan Sheng; China--Linying Xian; China--Luohe Shi; Luohe Guxiang cemetery.,,https://id.oclc.org/worldcat/entity/E39QbtfRtQhc78k37pD7GChdXM; https://id.oclc.org/worldcat/entity/E39QbtfRrHCpdtd7Cr3p8bHfWc; http://www.wikidata.org/entity/Q125824547,0,v.1,,,,2024-05-06,2024-05-06,"China, South Asia, & East Asia",0.8778033095119794,0.0487668505284433,0.022687124167817815,0.8778033095119794,0.0,0.0313501181968564,0.011111434297619991,0.008281163297282824
31154069003455,Book,,DS797.28.J587 D864 2021,NYU ISAW Offsite,Offsite Collection,9998660025907876,Dunhuang Foyemiao Wan : Xindiantai mu qun 2015 nian du fa jue bao gao = Dunhuang FoyemiaoWan : Xindiantai muqun 2015niandu fajue baogao /,7542352156; 9787542352156,,,Gansu jiao yu chu ban she,Lanzhou Shi :,2021.,Tombs--China--Dunhuang.; Excavations (Archaeology)--China--Dunhuang.; Dunhuang (China)--Antiquities.; Tombs--China--Jiuquan Shi--History.; Excavations (Archaeology)--China--Jiuquan Shi.; Jiuquan Shi (China)--Antiquities.; Antiquities; Excavations (Archaeology); Tombs; China--Jiuquan Shi; History; Jiuquan.; Dunhuang.; Foyemiaowan-Xindiantai cemetery.,http://vocab.getty.edu/tgn/8675677; http://vocab.getty.edu/tgn/7001969;,https://id.oclc.org/worldcat/entity/E39PBJcR9CxWhK4dgJvgPvjQv3; http://www.wikidata.org/entity/Q10886794,0,v.3,,,,2024-05-14,2025-02-11,"China, South Asia, & East Asia",0.8999592950339942,0.0,0.04736627868599969,0.8999592950339942,0.0,0.04128253646944928,0.011391889810556888,0.0
31154069003463,Book,,DS797.28.J587 D864 2021,NYU ISAW Offsite,Offsite Collection,9998660025907876,Dunhuang Foyemiao Wan : Xindiantai mu qun 2015 nian du fa jue bao gao = Dunhuang FoyemiaoWan : Xindiantai muqun 2015niandu fajue baogao /,7542352156; 9787542352156,,,Gansu jiao yu chu ban she,Lanzhou Shi :,2021.,Tombs--China--Dunhuang.; Excavations (Archaeology)--China--Dunhuang.; Dunhuang (China)--Antiquities.; Tombs--China--Jiuquan Shi--History.; Excavations (Archaeology)--China--Jiuquan Shi.; Jiuquan Shi (China)--Antiquities.; Antiquities; Excavations (Archaeology); Tombs; China--Jiuquan Shi; History; Jiuquan.; Dunhuang.; Foyemiaowan-Xindiantai cemetery.,http://vocab.getty.edu/tgn/8675677; http://vocab.getty.edu/tgn/7001969;,https://id.oclc.org/worldcat/entity/E39PBJcR9CxWhK4dgJvgPvjQv3; http://www.wikidata.org/entity/Q10886794,0,v.2,,,,2024-05-14,2025-02-11,"China, South Asia, & East Asia",0.8999592950339942,0.0,0.04736627868599969,0.8999592950339942,0.0,0.04128253646944928,0.011391889810556888,0.0
31154069003471,Book,,DK5995.C54547 E54 2023,NYU ISAW Offsite,Offsite Collection,9998659228107876,"Tipologii͡a poseleniĭ khory Khersonesa Tavricheskogo i pozdneskifskikh poseleniĭ Kryma : (sravnitelʹntĭ analiz po dannym arkheologii i ėpigrafiki), monografii͡a /",5997366529; 9785997366520,,"Emet͡s, I. A. author. (Igorʹ Anatolʹevich),",Izdatelʹstvo Sputnik+,Moskva :,2023.,Chersonese (Extinct city); Crimea (Ukraine)--Antiquities.; Cities and towns--Ukraine--Chersonese (Extinct city); Human settlements--Ukraine--Chersonese (Extinct city); Chersonesos.; Taurike Chersonesos.; Chersonèse (Ville ancienne); Villes--Ukraine--Chersonèse (Ville ancienne); Établissements humains--Ukraine--Chersonèse (Ville ancienne),https://pleiades.stoa.org/places/226564; https://pleiades.stoa.org/places/226778;,,0,,,,,2024-05-10,2025-02-11,The Caucasus & The Western Steppe,0.7322348094747683,0.0,0.24407826982492273,0.0,0.0,0.0,0.023686920700308957,0.7322348094747683
31154069003489,Book,,GN855.R9 P64 2022,NYU Inst Study Ancient World,Large Collection,9998659228007876,Poselenie Kamennyĭ Log I na Srednem Enisee : (po materialam raskopok M.P. Gri͡aznova i M.N. Komarovoĭ) = The Site Kamenny Log I in the Middle Yenisei : (based on the finds of P.M. Gryaznov and M.N. Komarova) /,5604795240; 9785604795248,,"Poli͡akov, Andreĭ Vladimirovich, author.",IIMK RAN,Sankt-Peterburg :,2022,Kamennyĭ Log I Site (Russia); Yenisey River Region (Russia)--Antiquities.; Mounds--Russia (Federation)--Khakasskai͡a Respublika.; Karasuk culture--Russia (Federation); Khakasskai͡a Respublika (Russia)--Antiquities.; Excavations (Archaeology)--Russia (Federation)--Khakasskai͡a Respublika.; Kammenyi Log I.; Yenisey.; Khakasiya.; Tumulus--Russie--Khakassie.; Culture de Karasouk--Russie.; Fouilles (Archéologie)--Russie--Khakassie.,https://pleiades.stoa.org/places/809122829; http://vocab.getty.edu/tgn/1125160; http://vocab.getty.edu/tgn/7011511,,0,,,,,2024-05-10,2024-05-10,Central Asia & Siberia,0.42828687754462885,0.19467585342937677,0.42828687754462885,0.0778703413717507,0.09177575947384904,0.0,0.02893830253679925,0.17845286564359536
31154069003497,Book,,NK7106.4.S27 S64 2023,NYU Inst Study Ancient World,Small Collection,9998659227907876,"Sokrovishcha sarmatskikh vozhdeĭ : Drevnosti serediny I tysi͡acheletii͡a do n.ė, iz Filippovskikh kurganov na I͡uzhnom Urale.",5891890771; 9785891890770,,,GMII im AS Pushkina,Moskva :,2023.,"Sarmatians--Russia (Federation)--Orenburgskai͡a oblastʹ--Exhibitions.; Goldwork, Sarmatian--Russia (Federation)--Orenburgskai͡a oblastʹ--Exhibitions.; Art metal-work, Ancient--Russia (Federation)--Orenburgskai͡a oblastʹ--Exhibitions.; Orenburgskai͡a oblastʹ (Russia)--Antiquities.; Filippovka Mound (Russia); Filippovka Burial Ground.; Sarmatae.; Orenburg Oblast.; Sarmates--Russie--Orenbourg (Oblast)--Expositions.; Orfèvrerie sarmate--Russie--Orenbourg (Oblast)--Expositions.; Arts du métal antiques--Russie--Orenbourg (Oblast)--Expositions.",https://pleiades.stoa.org/places/793280621; https://pleiades.stoa.org/places/226752; http://vocab.getty.edu/tgn/1003398,,0,,,,,2024-05-10,2024-05-21,"China, South Asia, & East Asia",0.39425436838142547,0.19712718419071273,0.033881234782778755,0.39425436838142547,0.09293138683276458,0.07744282236063714,0.06883806432056636,0.13552493913111502
31154069003505,Book,,DS797.57.G834 J5364 2022,NYU Inst Study Ancient World,Large Collection,9998657726707876,Jiangxi Fu He liu yu xian Qin shi qi yi zhi kao gu diao cha bao gao.,7501068135; 9787501068135,,,Wen wu chu ban she,Beijing :,2022.,Excavations (Archaeology)--China--Guangchang Xian.; Excavations (Archaeology)--China--Nanfeng Xian.; Historic sites--China--Guangchang Xian.; Historic sites--China--Nanfeng Xian.; Guangchang Xian (China)--Antiquities.; Nanfeng Xian (China)--Antiquities.; China--History--To 221 B.C.; Antiquities; Excavations (Archaeology); Historic sites; China; China--Guangchang Xian; China--Nanfeng Xian; To 221 B.C.; History; Guangchang.; Nanfeng.; Imperial China.; China.; Ancient China.; Chine--Histoire--Jusqu'à 221 av. J.-C.,http://vocab.getty.edu/tgn/8210295; http://vocab.getty.edu/tgn/8618554; http://vocab.getty.edu/tgn/8697462; http://vocab.getty.edu/tgn/1000111; http://vocab.getty.edu/tgn/8697463;,,0,,,,,2024-05-07,2024-05-07,"China, South Asia, & East Asia",0.8798031846004967,0.04887795470002759,0.020460539176755735,0.8798031846004967,0.0,0.03142154230716059,0.011136749172158185,0.008300030043400911
31154069003513,Book,,DS797.57.Z595 J5366 2022,NYU Inst Study Ancient World,Large Collection,9998657726807876,Jiangxi Fu He liu yu xian Qin shi qi yi zhi kao gu diao cha bao gao.,7501068143; 9787501068142,,,Wen wu chu ban she,Beijing :,2022.,"Excavations (Archaeology)--China--Zixi Xian (Jiangxi Sheng); Zixi Xian (Jiangxi Sheng, China)--Antiquities.; Excavations (Archaeology)--China--Dongxiang Xian (Jiangxi Sheng); Dongxiang Xian (Jiangxi Sheng, China)--Antiquities.; Antiquities; Excavations (Archaeology); China--Dongxiang Xian (Jiangxi Sheng); China--Zixi Xian (Jiangxi Sheng); Zixi.; Dongxiang.",http://vocab.getty.edu/tgn/8687650; http://vocab.getty.edu/tgn/8212207,https://id.oclc.org/worldcat/entity/E39PBJkhPDBkPr3HM7xFQdPvpP; https://id.oclc.org/worldcat/entity/E39PBJgRPvgK4cHpMkR39Mhyh3;,0,,,,,2024-05-07,2024-05-07,"China, South Asia, & East Asia",0.8631713160849476,0.05394820725530922,0.020073751536859245,0.8631713160849476,0.02105295892890116,0.03082754700303384,0.010926219190948704,0.0
31154069003521,Book,,S471.C6 X53 2020,NYU ISAW Offsite,Offsite Collection,9998659225107876,Xian Qin nong ye kao /,7507758958; 9787507758955,,"Xia, Weiying, author.",Xue yuan chu ban she,Beijing :,2020.,Agriculture--China--Early works to 1800.; Agriculture; China; Early works; Ancient China.; Agriculture--Chine--Ouvrages avant 1800.,http://vocab.getty.edu/tgn/8697463,https://id.oclc.org/worldcat/entity/E39PBJdCqh8h6hJY7PT6MQW4bd;,0,,,,,2024-05-10,2025-02-11,"China, South Asia, & East Asia",0.7226970934548508,0.0,0.011292142085232043,0.7226970934548508,0.030972732576636464,0.0,0.22822013477521602,0.00681789710806463
31154069003539,Book,,NK4165.3 .C35 2021,NYU ISAW Offsite,Offsite Collection,9998660830007876,Cai chu zhong yuan : Tang san cai qi yong /,7030696441; 9787030696441,,,Ke xue chu ban she,Beijing :,2021.,"Zhengzhou da xiang tao ci bo wu guan--Catalogs.; Three-color ware--Catalogs.; Pottery, Chinese--Tang-Five dynasties, 618-960--Catalogs.; Pottery, Chinese--Tang-Five dynasties; Three-color ware; 618-960; Catalogs; Imperial China.",https://vocab.getty.edu/tgn/8697462,,0,,,,,2024-05-16,2025-02-11,"China, South Asia, & East Asia",0.8688528403316547,0.048269602240647476,0.013575825630182104,0.8688528403316547,0.037236550299928055,0.0,0.010998137219388034,0.021067044278199592
31154069035028,Book,,DF212.Z37 A66 2023,NYU Inst Study Ancient World,Large Collection,9998656513807876,Apo tē Mykono sto Aigaio : Nikos Zapheiropoulos henas logios archaiologos sto Vʹ miso tou 20ou aiōna /,9602044438; 9789602044438,,,Ekdotikos Oikos Melissa,Athēna :,[2023],"Zapheiropoulos, Nikos,--1912-1996.; Archaeologists--Greece--Biography.; Excavations (Archaeology)--Greece.; Greece--Antiquities.; Hellas.; Greece.; Archéologues--Grèce--Biographies.; Grèce--Antiquités.",https://pleiades.stoa.org/places/696690497; http://vocab.getty.edu/tgn/1000074;,,0,,,,,2024-05-01,2024-06-17,European and Classical Antiquity,0.9447490510333192,0.0,0.014761703922395612,0.0,0.04048924504428511,0.0,0.9447490510333192,0.0
31154069035036,Book,,KJA3612 .M456 2007,NYU Inst Study Ancient World,Small Collection,9998658629507876,Mémoire et histoire : les procédures de condamnation dans l'antiquité romaine /,9782857300359; 2857300352,,,Centre de recherche histoire et civilisation,Metz :,©2007.,"Punishment (Roman law)--Congresses.; Collective memory--Rome--Congresses.; Monuments--Rome--Congresses.; Inscriptions, Latin--Congresses.; Collective memory; Inscriptions, Latin; Monuments; Punishment (Roman law); Rome (Empire); Conference papers and proceedings; Romerska riket--historia--konferenser.; Roman Empire.; Peines (Droit romain)--Congrès.; Mémoire collective--Rome--Congrès.; Monuments--Rome--Congrès.; Inscriptions latines--Congrès.",http://vocab.getty.edu/tgn/7030347,,1,,cn,,,2024-05-08,2024-05-08,European and Classical Antiquity,0.9846153846153847,0.0,0.015384615384615385,0.0,0.0,0.0,0.9846153846153847,0.0
31154069035044,Book,,PK6375 .M85 1999,NYU Inst Study Ancient World,Reference 4 Collection,990007570120107876,"Farhang-i Fārsī mutavassiṭ : shāmil-i yak muqaddamah va sih bakhsh : lughāt, tarkībāt-i khārijī, aʻlām ... /",9789640001646; 9640001643,,"Muʻīn, Muḥammad.",Muʼassasah-ʼi Intishārāt-i Amīr Kabīr,Tihrān :,1380 [2002],Persian language--Dictionaries.; Persian language; Dictionaries; Persia.,http://vocab.getty.edu/tgn/7024079,,0,v.1,,,,2024-05-14,2024-05-14,Ancient Western Asia,0.8148402752679289,0.8148402752679289,0.11747125249858013,0.0,0.0,0.0,0.011400163744587945,0.05628830848890298
31154069035051,Book,,PK6375 .M85 1999,NYU Inst Study Ancient World,Reference 4 Collection,990007570120107876,"Farhang-i Fārsī mutavassiṭ : shāmil-i yak muqaddamah va sih bakhsh : lughāt, tarkībāt-i khārijī, aʻlām ... /",9789640001646; 9640001643,,"Muʻīn, Muḥammad.",Muʼassasah-ʼi Intishārāt-i Amīr Kabīr,Tihrān :,1380 [2002],Persian language--Dictionaries.; Persian language; Dictionaries; Persia.,http://vocab.getty.edu/tgn/7024079,,0,v.2,,,,2024-05-14,2024-05-14,Ancient Western Asia,0.8148402752679289,0.8148402752679289,0.11747125249858013,0.0,0.0,0.0,0.011400163744587945,0.05628830848890298
31154069035069,Book,,DT73.K5 D864,NYU Inst Study Ancient World,Large Collection,990045480590107876,El-Deir nécropoles /,2915840164; 9782915840162; 2915840318; 9782915840315; 2915840369; 9782915840360; 2915840385; 9782915840384; 2915840393; 9782915840391; 2915840407; 9782915840407,,"Dunand, Françoise, author.",Éditions Cybèle,Paris :,[2010]-2023.,Excavations (Archaeology)--Egypt--Kharga (Oasis); Tombs--Egypt--Kharga (Oasis); Mummies--Egypt--Kharga (Oasis); Kharga (Egypt : Oasis)--Antiquities.; Excavations (Archaeology); Mummies; Antiquities; Tombs; Egypt--Kharga (Oasis); Ausgrabung; Gräberfeld; al- Charga; el-Deir.; Oasis Magna/Thebaidos.; Fouilles (Archéologie)--Égypte--Kharghèh (Oasis); Momies--Égypte--Kharghèh (Oasis); Tombeaux--Égypte--Kharghèh (Oasis),https://pleiades.stoa.org/places/776167; https://pleiades.stoa.org/places/776210,,0,t.4:2017,,,,2024-05-09,2024-06-17,Egypt & North Africa,0.972494710521254,0.0,0.015195229851894594,0.0,0.0,0.972494710521254,0.012310059626851317,0.0
31154069035077,Book,,HT114 .C474 2023,NYU Inst Study Ancient World,Small Collection,9998662025007876,"Cités nouvelles, villes des marges : fondations, formes urbaines, espaces ruraux et frontières de l'archaïsme à l'Empire /",884676790X; 9788846767905,,,Edizioni ETS,Pisa :,[2023],"Cities and towns--History--To 1500--Congresses.; Cities and towns, Ancient--Congresses.; Cities and towns, Medieval--Congresses.; Stadt; Siedlung; Gründung; Antike; Konferenzschrift.; Internum Mare.; Roman Empire.; Villes antiques--Congrès.; Villes médiévales--Congrès.",https://pleiades.stoa.org/places/1043; http://vocab.getty.edu/tgn/7030347,,0,,,,,2024-05-22,2024-05-22,European and Classical Antiquity,0.5797794497057303,0.08465426147325696,0.014549951190716039,0.03386170458930278,0.1862393752411653,0.042715453036964515,0.5797794497057303,0.058199804762864155
31154069035085,Book,,DE61.L34 I585 2019,NYU Inst Study Ancient World,Large Collection,9998662023607876,"A ""globalized'' antiquity : imports and local adaptations of mainstream lamp types : the Examples of ""Ephesos lamps'' in the Mediterranean and Black Sea and of Roman ""standard'' types during the early imperial period in Gaul : Acta of the 6th And 7th Round Tables of the ILA (Athens, 15th of November 2019 and Geneva, 17th of February 2020) = Une antiquité ""globalisée"" : importations et adaptations locales des ""courants lychnologiques'' dominants : les exemples des ""Lampes d'Éphèse"" en Méditerranée et en Mer noire et des types romains ""standard"" en Gaule durant le haut empire : Actes de la 6ème et de la 7ème table-ronde de l'ILA (Athènes, 15 novembre 2019 et Genève, 17 février 2020) /",9536064561; 9789536064564,,"International Lychnological Association. Round table Athens, Greece), 2019 : author. (6th :",ILA; Institut za Arheologiju = Institute of Archaeology,Zagreb :,2020.,"Lamps, Ancient--Mediterranean Region--Congresses.; Excavations (Archaeology)--Mediterranean Region--Congresses.; Internum Mare.",https://pleiades.stoa.org/places/1043,,0,,,,,2024-05-23,2024-05-23,European and Classical Antiquity,0.8226221079691517,0.0,0.012853470437017995,0.0,0.16452442159383035,0.0,0.8226221079691517,0.0
31154069035093,Book,,DS588.T47 P48 1999,NYU Inst Study Ancient World,Small Collection,9998663029307876,Thawārawadī : kānsưksā chœ̄̄ng wikhro̜ čhāk lakthān thāng bōrānnakhadī = Dvaravati : a critical study based on archaeological evidence /,9789745141230; 9745141232,,Phāsuk ʻInthrāwut.,Phāk Wichā Bōrānnakhadī Khana Bōrānnakhadī Mahāwitthayālai Sinlapākō̜n,[Bangkok] :,2542 [1999],Thawarawadi (Kingdom)--Civilization.; Civilization; Asia--Thawarawadi (Kingdom); 15.75 history of Asia.; Mon (volk); Archeologische vondsten.; Boeddhisme.; Handelswegen.; Thailand.; Zuidoost-Azië.; Dvaravati.,,https://www.wikidata.org/entity/Q1268307,0,,Bunker,,,2024-05-28,2024-05-28,"China, South Asia, & East Asia",0.5424297163966267,0.22500788235711922,0.17357750924692056,0.5424297163966267,0.0,0.03981135533186251,0.010985918306767123,0.008187618360703799
31154069076535,Book,,DS796.C59247 Z56 2020,NYU Inst Study Ancient World,Large Collection,9998656609907876,Zhong Xian Zhongba /,7030664957; 9787030664952,,,Ke xue chu ban she,Beijing :,2020.,Excavations (Archaeology)--China--Chongqing.; Chongqing (China)--Antiquities.; Antiquities; Excavations (Archaeology); China--Chongqing; Chongqing.; Zhongba site.; Fouilles (Archéologie)--Chine--Chongqing.,http://vocab.getty.edu/tgn/7001787;,https://id.oclc.org/worldcat/entity/E39QbtfRtG4dqmkdgK6f4DJBGB; http://www.wikidata.org/entity/Q125751008,0,plans,,,,2024-05-02,2024-06-27,"China, South Asia, & East Asia",0.825420018136403,0.07503818346694573,0.04344315884928437,0.825420018136403,0.0,0.03786330358423867,0.010448354659954468,0.007786981303173613
31154069076550,Book,,NK7983.22 .J5566 2022,NYU Inst Study Ancient World,Large Collection,9998660029107876,Ji jin huai gu : Huai Hai di qu de qing tong shi dai /,7030735080; 9787030735089,,,Ke xue chu ban she,Beijing :,2022.,"Bronzes, Chinese--To 221 B.C.--Exhibitions.; Bronzes, Chinese; To 221 B.C.; exhibition catalogs.; Exhibition catalogs.; Qing tong qi (kao gu)--Zhong guo--Tu lu.; Catalogues d'exposition.; Huaihai Region.; Bronzes chinois--Jusqu'à 221 av. J.-C.--Expositions.",,http://www.wikidata.org/entity/Q19856010.,0,,,,,2024-05-13,2024-05-13,"China, South Asia, & East Asia",0.8940399295570841,0.049668884975393554,0.01396937389932944,0.8940399295570841,0.021805851940416687,0.0,0.012081620669690325,0.008434338958085699
31154069076568,Issue,,DR401 .C65,NYU Inst Study Ancient World,Oak Collection,990011120850107876,Colloquium anatolicum.,,1303-8486,,Türk Eskiçağ Bilimleri Enstitüsü,Istanbul [Turkey] :,2002-,Turkey--Antiquities--Periodicals.; Turkey--History--Periodicals.; Antiquities; Turkey; History; Periodicals; Periodicals.; Turkey--Antiquities--Congresses; Turkey--History--Congresses; Excavations (Archaeology)--Turkey--Congresses.; Asia Minor.; Turkey.,https://pleiades.stoa.org/places/837; https://vocab.getty.edu/tgn/1000144,https://id.oclc.org/worldcat/entity/E39PBJxmHG9jJjCTM3y4pFRqcP;,0,v.22(2023),,,,2024-05-02,2024-05-02,European and Classical Antiquity,0.9737368630042489,0.0,0.026263136995751127,0.0,0.0,0.0,0.9737368630042489,0.0
31154069076584,Book,,DS557.C2 D4 1999,NYU ISAW Offsite,Offsite Collection,9998656511007876,Voyage au Cambodge : l'architecture khmer /,9782706813740; 2706813741,,"Delaporte, Louis, 1842-1925.",Maisonneuve et Larose,Paris :,©1999.,"Cambodia--Description and travel.; Architecture--Cambodia.; Architecture, Khmer.; Architecture, Khmer; Architecture; Travel; Cambodia; 21.62 history of architecture.; Khmer-kunst.; Bouwkunst.; Travel books (form); Cambodia.; Delaporte, Louis,--1874-1944--Voyages--Cambodge.; Architecture khmère.; Cambodge--Descriptions et voyages.; Architecture--Cambodge.",http://vocab.getty.edu/tgn/1000109;,https://id.oclc.org/worldcat/entity/E39PBJg4r3TCfqyp68WTMRDH4q;,0,,Bunker,,,2024-05-02,2025-02-11,Ancient Western Asia,0.3863854180284026,0.3863854180284026,0.14903437552524101,0.2709715918640746,0.06387187522510329,0.06836439244277111,0.047312500166743175,0.014059846747664246
31154069076592,Issue,,PA3339 .A55,NYU Inst Study Ancient World,Oak Collection,990000881170107876,Analecta papyrologica /,,1122-2336,,Sicania,Messina :,1991-,"Manuscripts (Papyri)--Periodicals.; Paleography--Periodicals.; Manuscripts, Greek (Papyri); Manuscripts (Papyri); Paleography.; Paleography, Greek.; Periodicals.; 15.28 papyrology.; Papyri.; Papyrologie.; Manuscripts, Greek (Papyri)--Periodicals.; Paleography, Greek--Periodicals.",,,0,v. 36(2023),,,,2024-05-15,2024-05-16,Egypt & North Africa,0.7510809141445336,0.0,0.011735639283508337,0.0,0.0,0.7510809141445336,0.23718344657195797,0.0
31154069076600,Issue,,DE3 .S78,NYU Inst Study Ancient World,Oak Collection,990028712920107876,Studi micenei ed egeo-anatolici.,,1126-6651,,Edizioni Quasar; CNR - Istituto di studi sulle civlità dell'Egeo e del Vicino Oriente; Gruppo editoriale internazionale; Edizioni dell'Ateneo; Edizioni dell'Ateneo & Bizzari,Roma :,1966-,"Classical antiquities--Periodicals.; Excavations (Archaeology)--Aegean Sea Region--Periodicals.; Aegean Sea Region--Antiquities--Periodicals; Bronze age--Aegean Sea Region--Periodicals.; Civilization, Mycenaean--Periodicals.; Excavations (Archaeology); Civilization, Mycenaean; Bronze age; Classical antiquities; Europe--Aegean Sea Region; Periodicals; Periodicals.; Cultuurgeschiedenis.; Oudheid.; Civilization, Mycenaean.; Civilization, Aegean.; Classical antiquities.; Turkey--Civilization.; Aegaeum Mare.; Antiquités gréco-romaines--Périodiques.",https://pleiades.stoa.org/places/560221,,0,n.s.:v.8(2022),,,,2024-05-15,2024-05-15,European and Classical Antiquity,0.9447490510333192,0.0,0.014761703922395612,0.0,0.04048924504428511,0.0,0.9447490510333192,0.0
31154069076626,Book,,DK508.9.K78 K75 2014,NYU ISAW Offsite,Offsite Collection,9998662026307876,De Krim : goud en geheimen van de Zwarte Zee /,9462580022; 9789462580022,,,In samenwerking met Allard Pierson Museum; WBOOKS,Zwolle : Amsterdam :,2014.,"Crimea (Ukraine)--Antiquities--Exhibitions.; Goldwork, Ancient--Ukraine--Crimea--Exhibitions.; Antiquities; Goldwork, Ancient; Ukraine--Crimea; Exhibition catalogs; Taurike Chersonesos.; Orfèvrerie antique--Ukraine--Crimée--Expositions.",https://pleiades.stoa.org/places/226778,https://id.oclc.org/worldcat/entity/E39QbtfRyqbdXRrRDhtWTfDvQY;,0,,Bunker,,,2024-05-21,2025-02-11,The Caucasus & The Western Steppe,0.6781616437360725,0.0,0.29990063783083387,0.0,0.0,0.0,0.021937718433093764,0.6781616437360725
