id,Material Type,Process Type,call_number,Library Name,Location Name,mms_id,title,ISBN,ISSN,Author,Publisher,Publication Place,Publication Date,Subjects,651$$0,651$$1,Num of Loans Including Pre-Migration (In House),Description,Internal Note 1,Internal Note 2,Internal Note 3,date_acquired,Item Modification Date
31154059147411,Book,,DF501.5 .I57 1981,NYU Inst Study Ancient World,Small Collection,990087588910107876,"Akten: XVI. Internationaler Byzantinistenkongress, Wien, 4.-9. Oktober 1981.",9783700104551; 3700104553; 9783700105220; 3700105223; 9783700105237; 3700105231; 9783700105244; 370010524X; 9783700105251; 3700105258; 9783700104575; 370010457X; 9783700105268; 3700105266; 9783700104568; 3700104561,,"International Congress of Byzantine Studies Vienna, Austria) 1981 : (16th :",Verlag der Österreichischen Akademie der Wissenschaft,Wien :,1981-1982.,"Byzantine Empire--Congresses.; Byzantine Empire--Study and teaching--Congresses.; Art, Byzantine--Congresses.; Music, Byzantine--Congresses.; Byzantine literature--Congresses.; Education; Byzantine literature; Art, Byzantine; Music, Byzantine; Byzantine Empire; Conference papers and proceedings; Byzance--Actes de congrès.; Byzantine Empire.; Empire byzantin--Étude et enseignement--Congrès.; Art byzantin--Congrès.; Musique byzantine--Congrès.; Littérature byzantine--Congrès.",http://vocab.getty.edu/tgn/7024407;,,0,Bd.1:suppl.,Garsoian,,,2024-04-08,2024-04-12
31154059172971,Book,,NK3855.I35 O7 1967,NYU Inst Study Ancient World,Large Collection,9998652208707876,Das Gräberfeld bei Ilica /,,,"Orthmann, Winfried.",F Steiner,Wiesbaden :,1967.,"Sepulchral monuments--Turkey--Mersin İli.; Excavations (Archaeology)--Turkey--Mersin İli.; Pottery, Hittite; Sepulchral monuments; Sepulchral monuments--Turkey.; Turkey--Antiquities.; Pottery, Hittite.; Ilıca (Ayas: cemetery); Ilıca.",https://pleiades.stoa.org/places/582288341; https://pleiades.stoa.org/places/582288341,,0,,,,,2024-04-01,2024-04-03
31154062321276,Book,,DS35.56 .A63 2018,NYU ISAW Offsite,Offsite Collection,9998653622507876,"Amakin wa-Asma - miejsca i nazwy : geografia historyczna i toponomastyka świata muzułmańskiego : odkrycia, interpretacje, podsumowania, perspektywy /",8394800432; 9788394800437,,,Instytut Kultur Śródziemnomorskich i Orientalnych Polskiej Akademii Nauk,Warsaw :,2018.,Islamic countries--Historical geography.; Toponymy.; toponymy.; Muslim world.; Pays musulmans--Géographie historique.; Toponymie.,,https://www.wikidata.org/entity/Q779924;,0,,,,,2024-04-05,2025-02-11
31154062339393,Book,,BF1589 .S415 1970z,NYU Inst Study Ancient World,Large Collection,9998654328807876,Das Weltreich der Magie : 5000 Jahre geheime Kunst /,,,"Seligmann, Kurt, 1900-1962.",R Löwit,Wiesbaden :,[approximately 1970],Magic--History.; Occultism--History.; Magic.; Occultism.; History.; Internum Mare.; Middle East.; Occultisme--Histoire.,https://pleiades.stoa.org/places/1043; http://vocab.getty.edu/tgn/7001526,,0,,Gasche,,,2024-04-08,2024-04-08
31154062341779,Book,,CB69 .H5914 2000,NYU Inst Study Ancient World,Small Collection,9998654329207876,Histoire de l'humanité.,9789232028105; 9232028107; 9782841297337; 2841297330; 9789232028112; 9232028115; 9782841297900; 284129790X,,,Éditions UNESCO,Paris :,2000-,Civilization.; Civilization--History.; World history.; civilization.; Reference works.; Ouvrages de référence.; Civilisation.; Civilisation--Histoire.; Histoire universelle.,,,0,v.1,,,,2024-04-08,2024-04-08
31154062341787,Book,,CB69 .H5914 2000,NYU Inst Study Ancient World,Small Collection,9998654329207876,Histoire de l'humanité.,9789232028105; 9232028107; 9782841297337; 2841297330; 9789232028112; 9232028115; 9782841297900; 284129790X,,,Éditions UNESCO,Paris :,2000-,Civilization.; Civilization--History.; World history.; civilization.; Reference works.; Ouvrages de référence.; Civilisation.; Civilisation--Histoire.; Histoire universelle.,,,0,v.2,,,,2024-04-08,2024-04-08
31154068974920,Book,,R135.3 .B635 2023,NYU Inst Study Ancient World,Small Collection,9998653526607876,An ancient Mesopotamian herbal /,1842467980; 9781842467985; 9781842467992; 1842467999,,"Böck, Barbara author. (Barbara Alexandra),",Royal Botanic Gardens; Kew Publishing,"Kew, Richmond, Surrey, UK :",2023.,"Herbals--Therapeutic use--Iraq.; Traditional medicine--Iraq.; Medicine, Assyro-Babylonian.; Medicine, Ancient.; Medicine, Traditional--history; Plant Extracts--therapeutic use; History, Ancient; Mesopotamia; Herbal; Case Reports; Case studies.; Mesopotamia (region); Études de cas.; Herbiers (Ouvrages)--Emploi en thérapeutique--Irak.; Médecine assyro-babylonienne.; Médecine ancienne.",https://pleiades.stoa.org/places/874602,,3,,,,,2024-04-03,2024-04-03
31154068974938,Book,,DS558.A6 H54 2007,NYU ISAW Offsite,Offsite Collection,9998653525807876,Angkor : sacred mountains of kings /,9748813657; 9789748813653,,"Higuchi, Hideo.",Numpu Publishing Co,Bangkok :,2007.,Angkor (Extinct city); Angkor (Extinct city)--Pictorial works.; Cambodia--Angkor (Extinct city); Pictorial works; Angkor.; Angkor (Ville ancienne); Angkor (Ville ancienne)--Ouvrages illustrés.,https://pleiades.stoa.org/places/531398484;,,0,,Bunker,,,2024-04-04,2025-02-11
31154068974946,Book,Missing,GN778.32.N4 A53 2024,NYU Inst Study Ancient World,Large Collection,9998654428307876,"Ancient western Asia beyond the paradigm of collapse and regeneration (1200-900 BCE) : proceedings of the NYU-PSL International Colloquium, Paris Institut national d'histoire de l'art, April 16-17, 2019 /",1479834629; 9781479834624; 9781479834631; 1479834637; 9781479834648; 1479834645,,,Institute for the Study of the Ancient World New York University Press,New York :,2024.,Bronze age--Middle East--Congresses.; Iron age--Middle East--Congresses.; Excavations (Archaeology)--Middle East--Congresses.; Middle East--History--To 622--Congresses.; Middle East--Antiquities--Congresses.; Middle East.; Moyen-Orient--Histoire--Jusqu'à 622--Congrès.; Moyen-Orient--Antiquités--Congrès.,http://vocab.getty.edu/tgn/7001526;,,1,,,,,2024-04-08,2025-12-03
31154068974953,Book,,DK511.V65 A66954 2021,NYU Inst Study Ancient World,Large Collection,990094871340107876,Arkheologii͡a Volgo-Uralʹi͡a v 7 tomakh /,5969009512; 9785969009516; 5969009520; 9785969009523; 5969009539; 9785969009530; 5969009547; 9785969009547; 5969011126; 9785969011120; 9785969011134; 9785969011146; 5969011150; 9785969011151,,,Izd-vo AN RT,Kazanʹ :,2021-,"Excavations (Archaeology)--Russia (Federation)--Volga-Ural Region.; Volga-Ural Region (Russia)--Antiquities.; Idel-Ural.; Fouilles (Archéologie)--Russie--Volga-Oural, Région.",,https://www.wikidata.org/entity/Q1521445,0,t.4,,,,2024-04-09,2024-04-09
31154068974961,Book,,DK511.V65 A66954 2021,NYU Inst Study Ancient World,Large Collection,990094871340107876,Arkheologii͡a Volgo-Uralʹi͡a v 7 tomakh /,5969009512; 9785969009516; 5969009520; 9785969009523; 5969009539; 9785969009530; 5969009547; 9785969009547; 5969011126; 9785969011120; 9785969011134; 9785969011146; 5969011150; 9785969011151,,,Izd-vo AN RT,Kazanʹ :,2021-,"Excavations (Archaeology)--Russia (Federation)--Volga-Ural Region.; Volga-Ural Region (Russia)--Antiquities.; Idel-Ural.; Fouilles (Archéologie)--Russie--Volga-Oural, Région.",,https://www.wikidata.org/entity/Q1521445,0,t.5,,,,2024-04-09,2024-04-09
31154068974979,Book,,DS374.B28 W35 2022,NYU Inst Study Ancient World,Small Collection,990094555440107876,Faz̤āʼil-i Balkh /,6229560410; 9786229560419,,"Wāʻiẓ al-Balkhī, Abū Bakr ʻAbd Allāh ibn ʻUmar, active 13th century, author.",Markaz-i Dāʼirat al-Maʻārif-i Buzurg-i Islāmī Markaz-i Pizhūhishʹhā-yi Īrānī va Islāmī,Tihrān :,2022.,Balkh (Afghanistan)--History--Early works to 1800.; Balkh (Afghanistan)--Biography--Early works to 1800.; Afghanistan--Balkh (Province); Biographies; History; Bactra/Zariaspa.; Biographies.; Balkh (Afghānistān)--Histoire--Ouvrages avant 1800.; Balkh (Afghānistān)--Biographies--Ouvrages avant 1800.,https://pleiades.stoa.org/places/961886;,https://id.oclc.org/worldcat/entity/E39QbtfRwwTCfqPqFkC6XHpB4Y;,0,,,,,2024-04-10,2024-04-10
31154068974987,Book,,PK6393 .H35 2021,NYU ISAW Offsite,Offsite Collection,9998654924807876,Majmūʻah-i maqālāt-i Chaharumīn Hamāyish-i Bayn al-Milalī-i Zabānʹhā va Gūyishʹhā-yi Īrān : guz̲ashtah va ḥāl /,6006326205; 9786006326207; 6229780437; 9786229780435,,"Hamāyish-i Bayn al-Milalī-i Zabānʹhā va Gūyishʹhā-yi Īrānī: Guz̲ashtah va Ḥāl Tehran, Iran) 2018 : (4nd :",Markaz-i Dāʼirat al-Maʻārif-i Buzurg-i Islāmī Markaz-i Pizhūhishʹhā-yi Īrānī va Islāmī,Tihrān :,1400 [2021 or 2022],Dialectology--Congresses.; Iranian languages--Dialects--Congresses.; Iranian philology--Congresses.; Dialectology; Iranian languages--Dialects; Iranian philology; Conference papers and proceedings; Persia.; Central Asia.; Middle East.; Dialectologie--Congrès.; Langues iraniennes--Dialectes--Congrès.; Philologie iranienne--Congrès.,http://vocab.getty.edu/tgn/7024079; http://vocab.getty.edu/tgn/8697475; http://vocab.getty.edu/tgn/7001526,,0,,,,,2024-04-10,2025-03-20
31154068974995,Book,,DF221.C8 U54,NYU Inst Study Ancient World,Oversize Collection,990027032850107876,"The Cretan collection in the University Museum, University of Pennsylvania /",9780934718455; 0934718458; 9780934718462; 0934718466; 9780924171062; 0924171065; 9780924171065; 1931534381; 9781931534383; 9781623034436; 1623034434,,University of Pennsylvania. University Museum.,INSTAP Academic Press; The Museum,Philadelphia :,1983-,University of Pennsylvania.--University Museum--Catalogs.; Crete (Greece)--Antiquities--Catalogs.; Greece--Antiquities--Catalogs.; University of Pennsylvania.--University Museum; Antiquities; Minoans; Greece; Greece--Crete; Catalogs; University of Pennsylvania.--Museum of Archaeology and Anthropology--Catalogs.; Minoans.; Crete (Greece)--Antiquities.; Creta (island); Gournia.; Hellas.; Greece.; Crète (Grèce)--Antiquités--Catalogues.; Grèce--Antiquités--Catalogues.; Minoens.,https://pleiades.stoa.org/places/589748; https://pleiades.stoa.org/places/771100776; https://pleiades.stoa.org/places/696690497; http://vocab.getty.edu/tgn/1000074;,https://id.oclc.org/worldcat/entity/E39PBJxd6hw8HtWYq9JY6hjjYP; https://id.oclc.org/worldcat/entity/E39QbtfRBKr3fKPRjrf7mvYHbM;,0,v.3:2023,,,,2024-04-10,2024-04-10
31154068975000,Book,,PJ5208.A5 T49 2014,NYU Inst Study Ancient World,Large Collection,990040422800107876,Textbook of Aramaic ostraca from Idumea /,1575062771; 9781575062778; 1575069849; 9781575069845; 157506734X; 9781575067346; 1646022408; 9781646022403; 157506345X; 9781575063454,,,Eisenbrauns,"Winona Lake, Indiana :",2014-2023.,"Ostraka--Edom (Kingdom); Aramaic language--Texts.; Edom (Kingdom)--History--Sources.; Aramaic language; Ostraka; Middle East--Edom (Kingdom); primary sources.; Texts; Primary sources.; 18.70 Semitic languages and/or literature.; Edition_; Ostrakon; Aramäisch; Edom--Landschaft; Ostraka--Texts.; Ostraka--Eretz Israel.; Aramaic language--Texts--Catalogs.; Inscriptions, Aramaic--Eretz Israel.; Idumaea (Hasmonean province)--Antiquities.; Idumaea.; Sources.; Ostraca--Édom.; Araméen (Langue)--Textes.",https://pleiades.stoa.org/places/687927,,0,v.5,,,,2024-04-11,2024-04-11
31154068975018,Book,,DG13 .I57 1975,NYU Inst Study Ancient World,Small Collection,990028933380107876,Inscriptiones graecae ad res romanas pertinentes /,9780890050736; 0890050732,,,Ares,Chicago :,1975.,"Rome--History--Sources.; Inscriptions, Greek.; Inscriptions, Greek; Rome (Empire); History; Sources; Roman Empire.; Rome--Histoire--Sources.; Inscriptions grecques.",http://vocab.getty.edu/tgn/7030347;,,0,t.1-2,,,,2024-04-11,2024-04-11
31154068975026,Book,,DG13 .I57 1975,NYU Inst Study Ancient World,Small Collection,990028933380107876,Inscriptiones graecae ad res romanas pertinentes /,9780890050736; 0890050732,,,Ares,Chicago :,1975.,"Rome--History--Sources.; Inscriptions, Greek.; Inscriptions, Greek; Rome (Empire); History; Sources; Roman Empire.; Rome--Histoire--Sources.; Inscriptions grecques.",http://vocab.getty.edu/tgn/7030347;,,0,t.3,,,,2024-04-11,2024-04-11
31154068975034,Book,,DG13 .I57 1975,NYU Inst Study Ancient World,Small Collection,990028933380107876,Inscriptiones graecae ad res romanas pertinentes /,9780890050736; 0890050732,,,Ares,Chicago :,1975.,"Rome--History--Sources.; Inscriptions, Greek.; Inscriptions, Greek; Rome (Empire); History; Sources; Roman Empire.; Rome--Histoire--Sources.; Inscriptions grecques.",http://vocab.getty.edu/tgn/7030347;,,0,t.4,,,,2024-04-11,2024-04-11
31154068975042,Book,,PK6128.A1 S345 2023,NYU Inst Study Ancient World,Large Collection,9998655728007876,Die altpersischen Inschriften der Achaimeniden : editio minor mit deutscher Übersetzung /,3752007168; 9783752007169,,"Schmitt, Rüdiger, author.",Reichert Verlag,Wiesbaden :,2023.,Old Persian inscriptions.; Old Persian inscriptions--Translations into German.; Old Persian inscriptions--Translations into German; Old Persian inscriptions; Translations; Altpersisch; Inschrift; Keilschrifttext; Altpersisch.; Achaemenid Empire.; Altpersisch--Keilschrifttext--Inschrift.; Inscriptions vieux-perses.,http://vocab.getty.edu/tgn/6000039;,,0,,,,,2024-04-15,2024-04-15
31154068975059,Book,,GF541 .L64 2024,NYU Inst Study Ancient World,Small Collection,9998655727707876,Local experiences of connectivity and mobility in the ancient west-central Mediterranean /,1800504381; 9781800504387; 9781800504684; 1800504683; 9781800504394; 180050439X,,,Equinox,"Sheffield, UK ; Bristol, CT :",2024.,"Human geography--Mediterranean Region--History.; Mediterranean Region--Antiquities.; Civilization, Ancient.; Antiquities; Civilization, Ancient; Human geography; Mediterranean Region; History; Internum Mare.; Civilisation ancienne.",https://pleiades.stoa.org/places/1043,,2,,,,,2024-04-15,2024-04-15
31154068975067,Book,,DT86 .E54,NYU Inst Study Ancient World,Large Collection,990074560980107876,The enigma of the Hyksos.,3447113324; 9783447113328; 3447115904; 9783447115902; 9783447115049; 3447115041; 3447117060; 9783447117067; 3447117370; 9783447117371; 3447117621; 9783447117623; 3447120541; 9783447120548,,,Harrassowitz Verlag,Wiesbaden :,2019-,"Bronze age--Middle East--Congresses.; Egypt--History--To 332 B.C.--Congresses.; Egypt--History--Second Intermediate Period, ca. 1783-ca. 1550 B.C.--Congresses.; Bronze age; Hyksos; Egypt; Middle East; To 332 B.C.; proceedings (reports); History; Conference papers and proceedings; Conference papers and proceedings.; Hyksos--Congresses.; Ancient Egypt (region); Avaris/Ramesses.; Actes de congrès.; Egypt.; Hyksos--Congrès.; Égypte--Histoire--Jusqu'à 332 av. J.-C.--Congrès.; Égypte--Histoire--ca 1785-ca 1580 av. J.-C. (2e période intermédiaire)--Congrès.",https://pleiades.stoa.org/places/981503; https://pleiades.stoa.org/places/727080; http://vocab.getty.edu/tgn/7016833;,https://id.oclc.org/worldcat/entity/E39QbtfRDwpX7XgppvP7ww3J9c;,0,v.4:2021,,,,2024-04-17,2024-04-17
31154068975075,Book,,DT86 .E54,NYU Inst Study Ancient World,Large Collection,990074560980107876,The enigma of the Hyksos.,3447113324; 9783447113328; 3447115904; 9783447115902; 9783447115049; 3447115041; 3447117060; 9783447117067; 3447117370; 9783447117371; 3447117621; 9783447117623; 3447120541; 9783447120548,,,Harrassowitz Verlag,Wiesbaden :,2019-,"Bronze age--Middle East--Congresses.; Egypt--History--To 332 B.C.--Congresses.; Egypt--History--Second Intermediate Period, ca. 1783-ca. 1550 B.C.--Congresses.; Bronze age; Hyksos; Egypt; Middle East; To 332 B.C.; proceedings (reports); History; Conference papers and proceedings; Conference papers and proceedings.; Hyksos--Congresses.; Ancient Egypt (region); Avaris/Ramesses.; Actes de congrès.; Egypt.; Hyksos--Congrès.; Égypte--Histoire--Jusqu'à 332 av. J.-C.--Congrès.; Égypte--Histoire--ca 1785-ca 1580 av. J.-C. (2e période intermédiaire)--Congrès.",https://pleiades.stoa.org/places/981503; https://pleiades.stoa.org/places/727080; http://vocab.getty.edu/tgn/7016833;,https://id.oclc.org/worldcat/entity/E39QbtfRDwpX7XgppvP7ww3J9c;,0,v.6:2023,,,,2024-04-17,2024-04-17
31154068975083,Game,,Game Julius,NYU Inst Study Ancient World,Reference 3 Collection,9998655724507876,"Julius Caesar : game of the Gallic Wars, 58-53 B.C. /",9780394548265; 0394548264,,"Berg, Richard H., designer.",TSR Inc,"Lake Geneva, Wis. :",[1985],"Caesar, Julius.--De bello Gallico.; Paper war games--Specimens.; Gaul--History--Gallic Wars, 58-51 B.C.; Gallia.; Gaule--Histoire--58-51 av. J.-C. (Guerre des Gaules)",https://pleiades.stoa.org/places/993;,,0,,,,,2024-04-17,2024-04-17
31154068975091,Game,,Game Raiders,NYU Inst Study Ancient World,Reference 3 Collection,9998655724407876,Raiders of Scythia /,,,"Phillips, Shem, designer.",Renegade Game Studios; Garphill Games,"[Waikanae, New Zealand] : San Diego, California :",[2020],Scythians--Games.; Board games--Specimens.; Board games.; Scythae/Sagae/Sacae.; Jeux de plateaux.; Scythes--Jeux.; Tabletop games.,https://pleiades.stoa.org/places/60676,,0,,,,,2024-04-17,2024-04-17
31154068975109,Game,,Game ImhotDl,NYU Inst Study Ancient World,Reference 3 Collection,9998655724107876,Imhotep : the duel /,,,"Walker-Harding, Phil, game designer.",Kosmos Verlag; Thames & Kosmos,"Providence, RI :",[2019],"Nefertiti,--Queen of Egypt,--active 14th century B.C.; Akhenaton,--King of Egypt.; Dueling--Games.; Egypt--Games.; Games; board games (game sets); Board games; Board games.; Ancient Egypt (region); Jeux de plateaux.; Duel--Jeux.",https://pleiades.stoa.org/places/981503,,0,,Wolin,,,2024-04-17,2024-04-17
31154068975117,Game,,Game AlRashid,NYU Inst Study Ancient World,Reference 3 Collection,9998655724007876,Al-Rashid /,,,"Zizzi, Pierluca, 1970- designer.",Yemaia,Milano :,[2012],Islamic Empire--History--622-661.; Board games--Specimens.; Board games.; Jeux de plateaux.; Rashidun Caliphate.; Empire islamique--Histoire--622-661.,http://vocab.getty.edu/tgn/8698196;,,0,,Ammari,,,2024-04-17,2024-04-17
31154068975125,Game,,Game Tekhenu,NYU Inst Study Ancient World,Reference 3 Collection,9998655723907876,Tekhenu : obelisk of the sun/,,,"Tascini, Daniele, designer.",Board & Dice,"[Wrocław, Poland] :",[2020],"Temples, Egyptian.; Board games--Specimens.; Karnak (Egypt); Board games.; Karnak.; Jeux de plateaux.; Temples égyptiens.; Karnak (Égypte)",https://pleiades.stoa.org/places/786050;,,0,,,,,2024-04-17,2024-04-17
31154068975133,Game,,Game ForumTra,NYU Inst Study Ancient World,Reference 3 Collection,9998655723807876,Forum trajanum /,,,"Feld, Stefan, designer.",Huch!,"[Günzburg, Germany] :",[2018],"Trajan,--Emperor of Rome,--53-117.; Board games--Specimens.; Indoor games--Specimens.; Forum of Trajan (Rome, Italy); Forum Traiani.; Forum de Trajan (Rome, Italie)",https://pleiades.stoa.org/places/250091860;,,0,,,,,2024-04-17,2024-04-17
31154068975141,Game,,Game Exped,NYU Inst Study Ancient World,Reference 3 Collection,9998655723707876,Expedition : a game of archaeological adventure and discovery in Egypt.,,,,Kirk Game Co,"Belmont, Mass. :",[1980],Educational games.; Archaeology.; Egypt--Antiquities.; archaeology.; Antiquities; Archaeology; Educational games; Egypt; Ancient Egypt (region); Egypt.; Archéologie.; Égypte--Antiquités.,https://pleiades.stoa.org/places/981503; http://vocab.getty.edu/tgn/7016833;,https://id.oclc.org/worldcat/entity/E39QbtfRDwpX7XgppvP7ww3J9c;,0,,Burns,,,2024-04-17,2024-04-17
31154068975158,Game,,Game RoyalG,NYU Inst Study Ancient World,Reference 3 Collection,9998655723607876,"Ur, royal game of Sumer.",,,,Selchow & Righter Company in association with British Museum Publications Ltd,"Bay Shore, N.Y. :",[1977],Royal game of Ur.; Board games--Specimens.; Board games; Specimens; Mesopotamia (region),https://pleiades.stoa.org/places/874602,,0,,Burns,,,2024-04-17,2024-04-17
31154068975166,Game,,Game PassPetra,NYU Inst Study Ancient World,Reference 3 Collection,9998655723507876,Passing through Petra : a game /,,,"Kevern, J. Alex, designer.",Renegade Game Studios,"[Escondido, Calif.?] :",[2018],Board games--Specimens.; Petra (Extinct city); Petra.; Pétra (Ville ancienne),https://pleiades.stoa.org/places/697725;,,0,,,,,2024-04-17,2024-04-17
31154068975174,Game,,Game Babyl,NYU Inst Study Ancient World,Reference 3 Collection,9998655723407876,Babylonia /,,,"Knizia, Reiner, creator.",Ludonova,"Cordoba, Spain:",[2019],Board games; Board games.; Babylonia.; Jeux de plateaux.,https://pleiades.stoa.org/places/912816,,0,,,,,2024-04-17,2024-04-17
31154068975182,Game,,Game Ishtar,NYU Inst Study Ancient World,Reference 3 Collection,9998655723307876,Ishtar : gardens of Babylon /,,,"Cathala, Bruno, designer.",Iello,"Las Vegas, NV :",[2019],Ishtar (Game); Hanging Gardens of Babylon.; Board games; Board games.; Babylon.; Jeux de plateaux.; Jardins supendus de Babylone (Irak),https://pleiades.stoa.org/places/727082;,,0,,,,,2024-04-17,2024-04-17
31154068975190,Game,,Game YellowY,NYU Inst Study Ancient World,Reference 3 Collection,9998655723207876,Yellow & Yangtze /,,,"Knizia, Reiner, designer.",Matagot,Paris :,[2019],"China--History--Warring States, 403-221 B.C.; Board games; Board games.; Jeux de plateaux.; Ancient China.; Imperial China.; China.; Chine--Histoire--403-221 av. J.-C. (Royaumes combattants)",http://vocab.getty.edu/tgn/8697463; http://vocab.getty.edu/tgn/8697462; http://vocab.getty.edu/tgn/1000111;,,0,,,,,2024-04-17,2024-04-17
31154068975208,Game,,Game Century,NYU Inst Study Ancient World,Reference 3 Collection,9998655722507876,Century spice road /,,,"Matsuuchi, Emerson, game designer.",Plan B Games Inc,"Rigaud, Quebec :",[2017],Board games.; Spice trade--Games.; Board games; Spice trade; Card games; Puzzles and games; Games; Puzzles and games.; Card games.; Jeux de cartes (Jeux de société); Middle East.; Jeux de cartes.; Épices--Commerce--Jeux.; Tabletop games.,http://vocab.getty.edu/tgn/7001526,,1,,,,,2024-04-18,2026-02-25
31154068975216,Game,,Game Corinth,NYU Inst Study Ancient World,Reference 3 Collection,9998655722407876,Corinth /,,,"Pauchon, Sébastien, 1971- game designer.",Days of Wonder,"Roseville, Minnesota :",[2019],Commerce--History--To 500.; Dice games.; Corinth (Greece); Civilization.; civilization.; dice games.; Civilization; Greece--Corinth; Board games; Board games.; Corinthus/Korinthos.; Jeux de plateaux.; Civilisation.; Commerce--Histoire--Jusqu'à 500.; Dés (Jeu),https://pleiades.stoa.org/places/570182,https://id.oclc.org/worldcat/entity/E39PBJf4fJdJHXJVMtVRPvjQv3;,0,,,,,2024-04-18,2024-04-18
31154068975224,Game,,Game ExitPh,NYU Inst Study Ancient World,Reference 3 Collection,9998655722307876,Exit : the pharaoh's tomb /,,,"Brand, Inka, author.",Thames & Kosmos LLC,"Providence, Rhode Island :",[2017].,Board games.; Tombs--Egypt.; Board games; Valley of the Kings..; Tombeaux--Égypte.,https://pleiades.stoa.org/places/384697574,,0,,,,,2024-04-18,2024-04-18
31154068975232,Book,,DS56 .S65 2017,NYU Inst Study Ancient World,Large Collection,9998656329107876,Stone vessels in the Near East during the Iron Age and the Persian period (c. 1200-330 BCE) /,1784915521; 9781784915520; 9781784915537; 178491553X,,"Squitieri, Andrea, author.",Archaeopress Publishing,Oxford :,[2017],Antiquities; Stone implements; Middle East; History; Stone implements--Middle East.; Iron age--Middle East.; Material culture--Middle East--History.; Middle East--Antiquities.; Middle East.; Moyen-Orient--Antiquités.,http://vocab.getty.edu/tgn/7001526;,,0,,,,,2024-04-19,2024-04-19
31154068975240,Book,,DS56 .K54 2022,NYU ISAW Offsite,Offsite Collection,9998656329007876,Beyond Israel and Aram : the archaeology and history of Iron Age communities in the Central Levant /,3161615433; 9783161615436; 9783161620126; 3161620127,,"Kleiman, Assaf, author.",Mohr Siebeck,"Tübingen, Germany :",[2022],Middle East--Antiquities.; Iron age--Middle East.; Middle East--History--To 622.; Arameans--History.; Antiquities; Iron age; Middle East; To 622; History; Levant (region).; Middle East.; Moyen-Orient--Histoire--Jusqu'à 622.; Moyen-Orient--Antiquités.; Araméens--Histoire.,https://pleiades.stoa.org/places/930907033; http://vocab.getty.edu/tgn/7001526;,,0,,,,,2024-04-19,2025-02-11
31154068975257,Book,,N5345 .I43 2022,NYU ISAW Offsite,Offsite Collection,9998656328207876,Image and identity in the ancient near east : papers in memoriam Pierre Amiet /,9781803271224; 1803271221,,,Archaeopress Publishing,Oxford :,2022.,"Identity (Psychology)--Middle East.; Civilization, Ancient.; Art, Ancient--Middle East.; Glyptics.; glyptics.; Art, Ancient; Civilization, Ancient; Glyptics; Identity (Psychology); Amiet, Pierre--Congresses.; Identity (Psychology)--Congresses.; Civilization, Ancient--Middle East--Congresses.; Art, Ancient--Congresses.; Art, Middle Eastern--History--Congresses.; Glyptics--Congresses.; Middle East--Antiquities--Congresses.; Excavations (Archaeology)--Middle East--Congresses.; Middle East.; Civilisation ancienne.; Glyptique.",http://vocab.getty.edu/tgn/7001526,,0,,,,,2024-04-19,2025-02-11
31154068975265,Book,,TT16 .V35 2021,NYU Inst Study Ancient World,Large Collection,9998656327907876,The value of making : theory and practice in ancient craft production /,2503595197; 9782503595191,,,Brepols,"Turnhout, Belgium :",[2021],Handicraft industries--Mediterranean Region--History--To 1500--Congresses.; Handicraft--Mediterranean Region--History--To 1500--Congresses.; Excavations (Archaeology)--Mediterranean Region--Congresses.; Congress; Excavations (Archaeology); Handicraft; Handicraft industries; Mediterranean Region; To 1500; proceedings (reports); Conference papers and proceedings; History; Conference papers and proceedings.; Internum Mare.; Actes de congrès.,https://pleiades.stoa.org/places/1043,,0,,,,,2024-04-19,2024-04-19
31154068975273,Book,,DS99.P17 P35 2022,NYU Inst Study Ancient World,Large Collection,9998656327807876,Palmyra and the East /,9782503598253; 2503598250,,,Brepols,Turnhout :,[2022],Tadmur (Syria)--Antiquities.; Tadmur (Syria)--Foreign relations--Orient.; Orient--Foreign relations--Syria--Tadmur.; Tadmur (Syria)--Commerce.; Antiquities; Commerce; Diplomatic relations; Asia--Orient; Syria--Tadmur; Palmyra.; Orient.; Palmyre (Ville ancienne)--Relations extérieures--Orient.; Orient--Relations extérieures--Syrie--Palmyre (Ville ancienne); Palmyre (Ville ancienne)--Commerce.,https://pleiades.stoa.org/places/668331;,https://id.oclc.org/worldcat/entity/E39PBJdGHcRvTRKtdxh3kRRVG3; https://id.oclc.org/worldcat/entity/E39QbtfRpxGBd7jKJ97673wX7B; https://www.wikidata.org/entity/Q205653;,0,,,,,2024-04-19,2024-04-19
31154068975281,Book,,PJ1014 .P3 v.49:2024,NYU Inst Study Ancient World,Small Collection,9998656325307876,The office of the Epimeletes : studies in the administration of Ptolemaic Egypt /,350679468X; 9783506794680; 9783657794683; 3657794689,,"Qandeil, Haytham, 1984- author.",Brill Schöningh,Paderborn :,[2024],"Public administration--Egypt--History--To 1500.; Bureaucracy--Egypt--History--To 1500.; Egypt--Officials and employees--History--To 1500.; Egypt--Politics and government--332-30 B.C.; Egypt--Commerce--History--To 1500.; Egypt--Civilization--332 B.C.-638 A.D.; Manuscripts, Greek (Papyri)--Egypt.; Ptolemaic dynasty,--305-30 B.C.; Bureaucracy; Civilization; Commerce; Employees; Manuscripts, Greek (Papyri); Politics and government; Public administration; Egypt; To 1500; History; Ptolemaic Kingdom.; Ancient Egypt (region); Egypt.; Ptolémées (Dynastie); Égypte--Civilisation--332 av. J.-C.-640.; Papyrus grecs--Égypte.; Égypte--Politique et gouvernement--332-30 av. J.-C.",https://pleiades.stoa.org/places/463803480; https://pleiades.stoa.org/places/981503; http://vocab.getty.edu/tgn/7016833;,,0,,,,,2024-04-23,2024-04-23
31154068975299,Book,,NK4147 .P75 2023,NYU Inst Study Ancient World,Large Collection,9998656516107876,Sasanian and Islamic settlement and ceramics in southern Iran (4th to 17th century AD) : the Williamson Collection Project /,9798888570524,,"Priestman, Seth M. N., author.",Oxbow Books,Oxford ; Philadelphia :,2023.,"Williamson, Andrew.; Ceramics--Iran--History.; Pottery--Iran--History.; Iran--Economic conditions.; Iran--Antiquities.; Antiquities; Ceramics; Iran; History; Persia.; Iran.; Southern Iran.; Céramique industrielle--Iran--Histoire.; Iran--Conditions économiques.; Iran--Antiquités.",http://vocab.getty.edu/tgn/7024079; http://vocab.getty.edu/tgn/7000231;,https://id.oclc.org/worldcat/entity/E39PBJtrYvcVTwChrDqytBvJXd; http://www.wikidata.org/entity/Q7570043;,0,,,,,2024-04-29,2024-04-29
31154068985496,Book,,NB962 .G35 2010,NYU ISAW Offsite,Offsite Collection,9998655126707876,Sculpture d'Asie : Art d'Extrême Orient.,,,Galerie Jacques Barrère.,Galerie Jacques Barrère,Paris :,2010.,"Galerie Jacques Barrère--Catalogs.; Sculpture, Asian--Catalogs.; Art objects, Asian--Catalogs.; Galerie Jacques Barrère; Art objects, Asian; Sculpture, Asian; Catalogs; Asia.; Sculpture asiatique--Catalogues.; Objets d'art asiatiques--Catalogues.",http://vocab.getty.edu/tgn/1000004,,0,,,,,2024-04-10,2025-02-11
31154068985587,Book,,NB1912.H55 K32 2012,NYU Inst Study Ancient World,Large Collection,990040459230107876,Scattered goddesses : travels with the yoginis /,0924304677; 9780924304675,,"Kaimal, Padma Audrey.",Association for Asian Studies,"Ann Arbor, Mich. :",©2012.,Kānchipuram (India)--Antiquities--Collectors and collecting.; Antiquities--Collectors and collecting; Art and society; Hindu goddesses in art; Hindu sculpture; India--Kānchipuram; Yogini; Göttin--Motiv; Hinduistische Kunst; Steinplastik; Sammeln; Museum; Kanchipuram; Hindu sculpture--India--Kānchipuram.; Kānchīpuram (India)--Antiquities.; Hindu goddesses in art.; Art and society.; Malanga.; Sculpture hindoue--Inde--Kānchipuram.; Déesses hindoues dans l'art.; Art et société.,https://pleiades.stoa.org/places/50107,,0,,,,,2024-04-10,2024-04-10
31154068985595,Book,,NA1515 .W66 2006,NYU ISAW Offsite,Offsite Collection,9998655722107876,Wooden architecture of Cambodia : a disappearing heritage = Saṃnʹaṅ qaṃbi jhoe nao prates Kambujā : kerṭaṃṇael ṭael kaṃ buṅ sāp sūny /,9995051028; 9789995051020,,,Center for Khmer Studies,"Phnom Penh, Cambodia :",[2006],"Building, Wooden--Cambodia.; Building, Wooden; Cambodia; Cambodia.; Construction en bois--Cambodge.",http://vocab.getty.edu/tgn/1000109,https://id.oclc.org/worldcat/entity/E39PBJg4r3TCfqyp68WTMRDH4q;,0,,Bunker,,,2024-04-18,2025-02-11
31154068985603,Book,,DS554.42 .S64 2001,NYU ISAW Offsite,Offsite Collection,9998655722007876,Khmer civilization and Angkor /,9789748304953; 9748304957,,"Snellgrove, David L., author.",Orchid Press,Bangkok :,2001,Cambodia--History--800-1444.; Cambodia--Civilization.; Angkor (Extinct city); Civilization; Cambodia; Cambodia--Angkor (Extinct city); 800-1444; History; 15.75 history of Asia.; 20.41 Asian art: general.; Khmer; Kultur; Tempel; Archäologische Stätte; Angkor; Angkor Vat.; Kambodscha.; Khmer-kunst.; Cultuurgeschiedenis.; Guides (form); Angkor.; Khmer (Empire); Cambodia.; Khmers.; Cambodge--Histoire--800-1444.; Angkor (Ville ancienne),https://pleiades.stoa.org/places/531398484; http://vocab.getty.edu/tgn/8711777; http://vocab.getty.edu/tgn/1000109;,https://id.oclc.org/worldcat/entity/E39PBJg4r3TCfqyp68WTMRDH4q;,0,,Bunker,,,2024-04-18,2025-02-11
31154068986031,Book,,DS797.44.A583 A593 2020,NYU Inst Study Ancient World,Large Collection,9998656615907876,Anyang bei Xujiaqiao 2001-2002 nian fa jue bao gao /,7534890942; 9787534890949,,,Zhongzhou gu ji chu ban she,Zhengzhou Shi :,2020.,Excavations (Archaeology)--China--Anyang Shi.; Tombs--China--Anyang Shi.; Anyang Shi (China)--Antiquities.; Antiquities; Excavations (Archaeology); Tombs; China--Anyang Shi; Anyang.,http://vocab.getty.edu/tgn/8212548,,0,v.2,,,,2024-04-29,2024-10-24
31154068986049,Book,,DS797.44.A583 A593 2020,NYU Inst Study Ancient World,Large Collection,9998656615907876,Anyang bei Xujiaqiao 2001-2002 nian fa jue bao gao /,7534890942; 9787534890949,,,Zhongzhou gu ji chu ban she,Zhengzhou Shi :,2020.,Excavations (Archaeology)--China--Anyang Shi.; Tombs--China--Anyang Shi.; Anyang Shi (China)--Antiquities.; Antiquities; Excavations (Archaeology); Tombs; China--Anyang Shi; Anyang.,http://vocab.getty.edu/tgn/8212548,,1,v.1,,,,2024-04-29,2024-10-24
31154068986056,Book,,PJ3455 .C44 2023,NYU Inst Study Ancient World,Small Collection,9998652518307876,"Aramaic loanwords in Neo-Assyrian, 911-612 B.C. /",9521095040; 9789521095047,,"Cherry, Zack, author.",the Foundation for Finnish Assyriological Research; the Neo-Assyrian Text Corpus Project,Helsinki :,2023.,Akkadian language--Foreign words and phrases--Aramaic.; Akkadian philology.; Akkadian language--Foreign words and phrases--Aramaic; Akkadian philology; Assyria (kingdom); Akkadien (Langue)--Emprunts araméens.; Philologie akkadienne.,https://pleiades.stoa.org/places/29492,,0,,,,,2024-04-03,2024-04-03
31154068986064,Book,,DS523 .A15 2010,NYU Inst Study Ancient World,Small Collection,990034300670107876,50 years of archaeology in Southeast Asia : essays in honour of Ian Glover /,6167339023; 9786167339023,,,River Books,Bangkok :,2010.,"Antiquities, Prehistoric--Southeast Asia.; Archaeology--Southeast Asia.; Antiquities; Antiquities, Prehistoric; Archaeology; Southeast Asia; Glover, Ian A.--1934-; Archäologie; Südostasien; Glover, Ian,--1934-; Southeast Asia.; Southeast Asia--Antiquities.; Asie du Sud-Est--Antiquités.; Archéologie--Asie du Sud-Est.; Aufsatzsammlung.; Bibliographie.",http://vocab.getty.edu/tgn/7016821;,,0,,Bunker,,,2024-04-03,2024-04-03
31154068986072,Book,,DS62.2 .M34 2023,NYU Inst Study Ancient World,Large Collection,9998652518207876,"Material worlds : interdisciplinary approaches to contacts and exchange in the ancient Near East : proceedings of the workshop held at The Institute for the Study of the Ancient World (ISAW), New York University, 7th March 2016 /",1803276487; 9781803276489; 9781803276496; 1803276495,,,Archaeopress Publishing Ltd,Oxford :,2023.,First contact (Anthropology)--Middle East--Congresses.; Cultural relations--Congresses.; Middle East--Foreign relations--Congresses.; Middle East--History--To 622--Congresses.; Middle East--Civilization--To 622--Congresses.; Middle East.; Relations culturelles--Congrès.; Moyen-Orient--Relations extérieures--Congrès.; Moyen-Orient--Histoire--Jusqu'à 622--Congrès.; Moyen-Orient--Civilisation--Jusqu'à 622--Congrès.,http://vocab.getty.edu/tgn/7001526;,,0,,,,,2024-04-03,2024-04-03
31154068986080,Bound Issue,,DJK23 .E973,NYU Inst Study Ancient World,Oak Collection,990043376930107876,Eurasia antiqua : Zeitschrift für Archäologie Eurasiens /,,0949-0434,,P von Zabern,Mainz :,©1996-,Antiquities; Excavations (Archaeology); Eurasia; Periodicals; Periodicals.; Archäologie; Eurasien; Excavations (Archaeology)--Eurasia--Periodicals.; Eurasia--Antiquities--Periodicals.; Eurasia.; Zeitschrift.,http://vocab.getty.edu/tgn/3000006,,0,Bd.24(2022),,,,2024-04-03,2025-03-27
31154068986098,Book,,N5889.S3 G653 1993,NYU Inst Study Ancient World,Large Collection,9998652516807876,Gold der Skythen : Schätze aus der Staatlichen Eremtiage St. Petersburg.,9783529018459; 3529018457,,,Wachholtz,Münster :,1993.,"Art, Scythian--Exhibitions.; Decoration and ornament--Ukraine--Exhibitions.; Goldwork--Ukraine--Exhibitions.; Art, Scythian; Decoration and ornament; Goldwork; Ukraine; Exhibition catalogs; Kunstvoorwerpen.; Goud.; Scythen.; Hermitage (Sint-Petersburg); Scythae/Sagae/Sacae.; Ukraine.; Art scythe--Expositions.; Décoration et ornement--Ukraine--Expositions.",https://pleiades.stoa.org/places/60676; http://vocab.getty.edu/tgn/7006660,https://id.oclc.org/worldcat/entity/E39PBJkMMfGYRhk8WcWRp3xJjC;,3,,Bunker,,,2024-04-04,2024-04-04
31154068986106,Book,,N7292.9 .T413 1984,NYU Inst Study Ancient World,Large Collection,9998653524607876,The treasures of Georgia /,9780712609173; 0712609172,,,Century Pub,London :,1984.,"Christian art and symbolism--Georgia (Republic)--Medieval, 500-1500.; Art, Georgian (South Caucasian); Christian art and symbolism--Medieval; Georgia (Republic); 500-1500; Georgia.; Art géorgien.; Art chrétien--Géorgie (République)--Moyen âge, 500-1500.; Soviet visual arts: Georgian visual arts, to 1980",http://vocab.getty.edu/tgn/7006653,https://id.oclc.org/worldcat/entity/E39PBJtRMHxc6jDdXPVCXhmmVC;,0,,Garsoian,,,2024-04-04,2024-04-04
31154068986114,Book,,N8193.3.L68 T46 2003,NYU ISAW Offsite,Offsite Collection,9998652516507876,The lotus in the Buddhist art of India /,9789810477455; 9810477457,,"Teoh, Eng-Soon, 1938-",Teoh Eng Soon,[Singapore] :,[©2003],Buddhist art--India.; Lotus in art.; Buddhist art; Lotus in art; India; India.; Art bouddhique--Inde.,https://pleiades.stoa.org/places/50004,https://id.oclc.org/worldcat/entity/E39PBJmdx47cDXrRhBXHtbvPwC;,0,,Bunker,,,2024-04-04,2025-02-11
31154068986122,Book,,HE894 .L4613 2006,NYU Inst Study Ancient World,Small Collection,9998652516307876,Maritime silk road /,9787508509327; 7508509323,,"Li, Qingxin, 1962-",China Intercontinental Press,[Beijing] :,[2006],"China--Commerce--History.; Shipping--China--History.; Maritime anthropology--China.; Trade routes--Indian Ocean--History.; Trade routes--Pacific Area--History.; Trade routes--Asia--History.; Culture diffusion--Asia--History.; Merchant marine--China--History.; Underwater archaeology--China.; Silk Road--History.; China--Commercial policy--History.; Commerce; Commercial policy; Culture diffusion; Maritime anthropology; Merchant marine; Shipping; Trade routes; Underwater archaeology; Asia; Asia--Silk Road; China; Indian Ocean; Pacific Area; History; Ancient China.; China.; Imperial China.; Silk Road.; Maritime Silk Road.; selyemút--Kína; tengeri hajózás--kereskedelem--Kína; Anthropologie maritime--Chine.; Routes commerciales--Indien, Océan--Histoire.; Routes commerciales--Pacifique, Région du--Histoire.; Routes commerciales--Asie--Histoire.; Diffusion culturelle--Asie--Histoire.; Marine marchande--Chine--Histoire.; Archéologie sous-marine--Chine.; Route de la soie--Histoire.",http://vocab.getty.edu/tgn/8697463; http://vocab.getty.edu/tgn/1000111; http://vocab.getty.edu/tgn/8697462; http://vocab.getty.edu/tgn/7031416;,https://id.oclc.org/worldcat/entity/E39PBJxMpyjKQ9Jtm3jkjPBgKd; https://id.oclc.org/worldcat/entity/E39PBJj8JTKRmWPGXFqt87Vpyd; https://id.oclc.org/worldcat/entity/E39PBJcrd4RjtCBk4wfMhTwwG3; https://id.oclc.org/worldcat/entity/E39PBJtH77PyH6hqk67WFMh4MP; http://www.wikidata.org/entity/Q11149509;,0,,Bunker,,,2024-04-04,2024-04-04
31154068986130,Book,,N7314 .A77 2002,NYU ISAW Offsite,Offsite Collection,9998652516007876,Arts du Vietnam : la fleur du pêcher et l'oiseau d'azur /,9782804606381; 2804606384,,,Musée royal de Mariemont; Renaissance du livre,Tournai : Morlanwelz :,©2002.,"Art, Vietnamese.; Art, Vietnamese; Viet Nam.; Art vietnamien.; Exhibition catalogues.",http://vocab.getty.edu/tgn/1000145,,0,,Bunker,,,2024-04-04,2025-02-11
31154068986155,Book,,NA6007.S6 C64 1998,NYU ISAW Offsite,Offsite Collection,9998652515807876,Temple architecture and sculpture of the Noḷambas : ninth-tenth centuries /,9788173042225; 8173042225,,"Cohen, Andrew L.",Manohar Publishers & Distributors,New Delhi :,1998.,"Hindu temples--India, South.; Sculpture, Nolamba.; Hindu sculpture--India, South.; Sculpture, Indic--India, South.; Hindu sculpture; Hindu temples; Sculpture, Indic; Sculpture, Nolamba; South India; Nolamba--Familie; Tempel; Architektur; Bouwsculpturen.; Tempels.; South India.; Temples hindous--Inde (Sud); Sculpture hindoue--Inde (Sud); Sculpture de l'Inde--Inde (Sud)",,https://www.wikidata.org/entity/Q542146,0,,Bunker,,,2024-04-04,2025-02-11
31154068986163,Book,,DS554.98.P9 S23 2009,NYU Inst Study Ancient World,Large Collection,9998652515407876,Preah Vihear : an introduction to the World Heritage monument /,9996303004; 9789996303005,,"Sahai, Sachchidanand.",Cambodian National Commission for UNESCO,[Cambodia] :,2009.,"Temples--Cambodia--Indic influences.; Art, Khmer--Indic influences.; Cambodia--Antiquities.; Prasat Prĕah Vihéar (Cambodia); Antiquities; Art, Khmer--Indic influences; Temples--Indic influences; Cambodia; Prasat Prĕah Vihéar.; Cambodia.",http://vocab.getty.edu/tgn/8711951; http://vocab.getty.edu/tgn/1000109,https://id.oclc.org/worldcat/entity/E39PBJg4r3TCfqyp68WTMRDH4q;,0,,Bunker,,,2024-04-04,2024-04-04
31154068986171,Book,,DS288.3 .S73 2013,NYU ISAW Offsite,Offsite Collection,990038797100107876,Lost enlightenment : Central Asia's golden age from the Arab conquest to Tamerlane /,0691157731; 9780691157733; 0691165858; 9780691165851; 9781400848805; 1400848806; 1299841341; 9781299841345,,"Starr, S. Frederick.",Princeton University Press,Princeton :,2013.,"Asia, Central--History--To 1500.; Central Asia; To 1500; History; Zentralasien; Asia, Central--History--To 1500; Asia, Central--Civilization--To 1500; Historia.; Kulturhistoria.; Centralasien.; Före 1500; Central Asia.; History.; Asie centrale--Histoire--Jusqu'à 1500.",http://vocab.getty.edu/tgn/8697475;,,0,,Bunker,,,2024-04-04,2025-02-11
31154068986189,Book,,NB1015 .R69 1998,NYU ISAW Offsite,Offsite Collection,9998652514607876,Khmer mythology : secrets of Angkor /,9780834804241; 0834804247,,"Roveda, Vittorio, author.",Weatherhill,New York :,1998,"Relief (Sculpture), Khmer--Cambodia.; Hindu mythology--Cambodia.; Buddhist mythology--Cambodia.; Khmer (Southeast Asian people)--Cambodia--Religion.; Cambodia--Antiquities.; Antiquities; Buddhist mythology; Hindu mythology; Khmer (Southeast Asian people)--Religion; Relief (Sculpture), Khmer; Cambodia; Mythology, Khmer.; Mythology, Khmer, in art.; Hindu mythology--Cambodia--Angkor.; Buddhist mythology--Cambodia--Angkor.; Angkor (Extinct city)--Antiquities.; Angkor.; Cambodia.; Relief (Sculpture) khmer--Cambodge.; Mythologie hindoue--Cambodge.; Mythologie bouddhique--Cambodge.; Khmers (Peuple d'Asie du Sud-Est)--Cambodge--Religion.",https://pleiades.stoa.org/places/531398484; http://vocab.getty.edu/tgn/1000109,https://id.oclc.org/worldcat/entity/E39PBJg4r3TCfqyp68WTMRDH4q;,0,,Bunker,,,2024-04-04,2025-02-11
31154068986213,Book,,R127.1 .T536 2022,NYU Inst Study Ancient World,Oversize Collection,9998656615207876,Tianhui yi jian /,7501078351; 9787501078356,,,Wen wu chu ban she,Beijing :,2022.,"Medicine, Chinese--Early works to 1800.; Medicine, Chinese--Formulae, receipts, prescriptions--Early works to 1800.; Inscriptions, Chinese.; Laoguanshan Cemetery.; Médecine chinoise--Formules et recettes--Ouvrages avant 1800.; Inscriptions chinoises.",,http://www.wikidata.org/entity/Q125706305,0,v.1,,,,2024-04-29,2024-10-24
31154068986221,Book,,R127.1 .T536 2022,NYU Inst Study Ancient World,Oversize Collection,9998656615207876,Tianhui yi jian /,7501078351; 9787501078356,,,Wen wu chu ban she,Beijing :,2022.,"Medicine, Chinese--Early works to 1800.; Medicine, Chinese--Formulae, receipts, prescriptions--Early works to 1800.; Inscriptions, Chinese.; Laoguanshan Cemetery.; Médecine chinoise--Formules et recettes--Ouvrages avant 1800.; Inscriptions chinoises.",,http://www.wikidata.org/entity/Q125706305,0,v.2,,,,2024-04-29,2024-10-24
31154068986239,Book,,NA2930 .Y364 2020,NYU Inst Study Ancient World,Oversize Collection,9998656615607876,Song yue si ta /,7030658930; 9787030658937,,"Yang, Zhenwei, author.",Ke xue chu ban she,Beijing :,2020.,"Song yue si ta (Dengfeng Xian, China)--History.; Towers--China--Dengfeng Xian.; Pagodas--China--Dengfeng Xian.; Buddhist temples--China--Dengfeng Xian.; Buddhist temples; Pagodas; Towers; China--Dengfeng Shi; History; Songyue Pagoda.",,http://www.wikidata.org/entity/Q2046262,0,v.1,,,,2024-04-29,2024-10-24
31154068986247,Book,,NA2930 .Y364 2020,NYU Inst Study Ancient World,Oversize Collection,9998656615607876,Song yue si ta /,7030658930; 9787030658937,,"Yang, Zhenwei, author.",Ke xue chu ban she,Beijing :,2020.,"Song yue si ta (Dengfeng Xian, China)--History.; Towers--China--Dengfeng Xian.; Pagodas--China--Dengfeng Xian.; Buddhist temples--China--Dengfeng Xian.; Buddhist temples; Pagodas; Towers; China--Dengfeng Shi; History; Songyue Pagoda.",,http://www.wikidata.org/entity/Q2046262,0,v.2,,,,2024-04-29,2024-10-24
31154068986353,Book,,CC51 .I699 2022,NYU ISAW Offsite,Offsite Collection,9998655529307876,Integrat͡sii͡a arkheologicheskikh i ėtnograficheskikh issledovaniĭ : sbornik nauchnykh trudov = Integration of archaeologic and ethnographic research : collection of proceedings /,9785982361382,,"Mezhdunarodnyĭ nauchnyĭ simpozium ""Integrat͡sii͡a arkheologicheskikh i ėtnograficheskikh issledovaniĭ"" (Ti͡umenʹ, Russia)) 2022 (23rd :",Izdatelʹ-Poligrafist,Omsk ; Ti͡umenʹ :,2022.,Excavations (Archaeology)--Russia (Federation)--Siberia--Congresses.; Ethnology--Congresses.; Ethnoarchaeology--Congresses.; Siberia (Russia)--Antiquities--Congresses.; Siberia.; Fouilles (Archéologie)--Russie--Sibérie--Congrès.; Ethnologie--Congrès.; Ethnoarchéologie--Congrès.,http://vocab.getty.edu/tgn/7011548,,0,,,,,2024-04-12,2025-02-11
31154068986361,Book,,PK6951 .C56 2019,NYU ISAW Offsite,Offsite Collection,9998655529107876,Formirovanie ė̇tnosa osetin : ir-iron s neolita Anatolii do - alan-as v processakh gosudarstvoobrazovaniĭ Evrazii = The formation of the Ossetian ethnic group : ir-iron from the neolithic Anatolia - to alan-as in the process of state formation of Eurasia /,,,"Chochiev, Alan, author.",Publisher not identified,Vladikavkaz :,2019,"Epic literature, Ossetic.; Ossetes--Mythology.; Alani--Mythology.; Alani--Languages.; Ossetes--Civilization.; Alani--History.; Asia Minor.; Caucasus (mountain range).; Alanoi.; Littérature épique ossète.; Ossètes--Mythologie.; Alains--Mythologie.; Alains--Langues.; Ossètes--Civilisation.; Alains--Histoire.",https://pleiades.stoa.org/places/837; https://pleiades.stoa.org/places/863766; https://pleiades.stoa.org/places/834278,,0,,,,,2024-04-12,2025-02-11
31154068986379,Book,,DK771.A25 S57 2022,NYU Inst Study Ancient World,Small Collection,9998655529507876,Voĭna i mir drevnikh kochevnikov Altai͡a /,594348079X; 9785943480799,,"Shchebrova, S. I͡A., author.",Intersot͡sis,Sankt-Peterburg :,2022.,Altaĭskiĭ kraĭ (Russia)--Antiquities.; Altaĭskiĭ kraĭ (Russia)--Civilization.; Nomads--Russia (Federation)--Altaĭskiĭ kraĭ.; Excavations (Archaeology)--Russia (Federation)--Altaĭskiĭ kraĭ.; Military administration--History.; Altayskiy Kray.; Altaï (Russie : Kraj)--Civilisation.; Nomades--Russie--Altaï (Kraj); Fouilles (Archéologie)--Russie--Altaï (Kraj); Administration militaire--Histoire.,http://vocab.getty.edu/tgn/7013670;,,0,,,,,2024-04-12,2024-10-24
31154068986387,Book,,DK507.95.M58 D37 2023,NYU Inst Study Ancient World,Small Collection,9998655529407876,Drevnosti Mogilevskogo i Gomelʹskogo Podneprovʹi͡a v I-V vv. /,9850830492; 9789850830494,,"Dubitskai͡a, N. M., author.","""Belaruskai͡a navuka""",Minsk :,2023.,Excavations (Archaeology)--Belarus--Homelʹskai͡a voblastsʹ.; Excavations (Archaeology)--Belarus--Mahili͡oŭskai͡a voblastsʹ.; Belarus--Antiquities.; Mahili͡oŭ (Belarus)--History.; Homelʹ (Belarus)--History.; Mogilev.; Gomel.; Fouilles (Archéologie)--Biélorussie--Gomel (Voblasts); Fouilles (Archéologie)--Biélorussie--Mogilev (Voblasts),http://vocab.getty.edu/tgn/1137956; http://vocab.getty.edu/tgn/7010138,,0,,,,,2024-04-12,2024-10-24
31154068986395,Book,,DK511.R9 Z35 2023,NYU ISAW Offsite,Offsite Collection,9998655528807876,Zagadochnye Ri͡azano-okt͡sy : kollektivnai͡a monografii͡a /,5604668044; 9785604668047,,,Intel-Vest,Moskva :,2023.,Excavations (Archaeology)--Russia (Federation)--Ri͡azanskai͡a oblastʹ.; Mounds--Russia (Federation)--Ri͡azanskai͡a oblastʹ.; Ri͡azanskai͡a oblastʹ (Russia)--Antiquities.; Craniology.; Forensic anthropology.; Ri͡azanskai͡a oblastʹ (Russia)--History.; Ri͡azanskai͡a oblastʹ (Russia)--Civilization.; Ryazan Oblast.; Fouilles (Archéologie)--Russie--Riazan (Oblast); Riazan (Russie : Oblast)--Histoire.; Riazan (Russie : Oblast)--Civilisation.; Tumulus--Russie--Riazan (Oblast); Craniologie.; Anthropologie légale.,http://vocab.getty.edu/tgn/1003404;,,0,,,,,2024-04-12,2025-02-11
31154068986403,Book,,DS797.54.B355 L536 2022,NYU ISAW Offsite,Offsite Collection,9998656614907876,Liao zu ling : 2003-2010 nian kao gu diao cha fa jue bao gao /,7501071241; 9787501071241,,,Wen wu chu ban she,Beijing :,2022.,"Tombs--China--Bairin Zuoqi.; Bairin Zuoqi (China)--Antiquities.; China--History--Liao dynasty, 947-1125.; Imperial China.; China.; Ancient China.; Zuling Mausoleum.; Chine--Histoire--947-1125 (Dynastie des Liao)",http://vocab.getty.edu/tgn/8697462; http://vocab.getty.edu/tgn/1000111; http://vocab.getty.edu/tgn/8697463;,http://www.wikidata.org/entity/Q125707014;,0,v.2,,,,2024-04-30,2025-02-11
31154068986411,Book,,PL2665.T3 S613 2022,NYU Inst Study Ancient World,Small Collection,9998656417407876,The Sōushén hòujì : latter notes on collected spirit phenomena attributed to Táo Yuānmíng (365- 427) /,1955357013; 9781955357012; 9781948488976; 1948488973,,"Tao, Qian, 372?-427, author.",The American Oriental Society,"New Haven, CT :",2022.,"Tao, Qian,--372?-427--Criticism and interpretation.; Tao, Qian,--372?-427.--Sou shen hou ji--History and criticism.; Tales--China--History and criticism.; Chinese fiction--220-589--History and criticism.; Fantasy fiction, Chinese--History and criticism.; Paranormal fiction, Chinese--History and criticism.; Ghost stories, Chinese--History and criticism.; Tao, Qian,--372?-427; Tales; Paranormal fiction, Chinese; Ghost stories, Chinese; Fantasy fiction, Chinese; Chinese fiction; China; 220-589; Criticism, interpretation, etc.; Imperial China.; Roman chinois--220-589--Histoire et critique.; Histoires de fantômes chinoises--Histoire et critique.",http://vocab.getty.edu/tgn/8697462,https://id.oclc.org/worldcat/entity/E39PBJdCqh8h6hJY7PT6MQW4bd;,1,,,,,2024-04-24,2025-07-15
31154068986429,Book,,DS231 .M37 2015,NYU Inst Study Ancient World,Small Collection,9998656415307876,ARABI : Arabs recount Arabia before Islam /,9788891307613; 8891307610; 8891307653; 9788891307651; 8891312908; 9788891312907; 8891318914; 9788891318916; 9788891307637; 8891307637; 9788891312938; 8891312932,,"Mascitelli, Daniele, author.","""L'Erma"" di Bretschneider",Roma :,2015-<2019->,Arabian Peninsula--History--To 622--Sources.; Arabian Peninsula; To 622; Sources; History; 15.75 history of Asia.; Arabian Peninsula--History--To 622.; Arabia.; Arabie (Péninsule)--Histoire--Jusqu'à 622.; Arabie (Péninsule)--Histoire--Jusqu'à 622--Sources.,(NL-LeOCL)078435633 https://pleiades.stoa.org/places/29475;,,0,pt.1,,,,2024-04-25,2024-06-11
31154068986437,Book,,DS231 .M37 2015,NYU Inst Study Ancient World,Small Collection,9998656415307876,ARABI : Arabs recount Arabia before Islam /,9788891307613; 8891307610; 8891307653; 9788891307651; 8891312908; 9788891312907; 8891318914; 9788891318916; 9788891307637; 8891307637; 9788891312938; 8891312932,,"Mascitelli, Daniele, author.","""L'Erma"" di Bretschneider",Roma :,2015-<2019->,Arabian Peninsula--History--To 622--Sources.; Arabian Peninsula; To 622; Sources; History; 15.75 history of Asia.; Arabian Peninsula--History--To 622.; Arabia.; Arabie (Péninsule)--Histoire--Jusqu'à 622.; Arabie (Péninsule)--Histoire--Jusqu'à 622--Sources.,(NL-LeOCL)078435633 https://pleiades.stoa.org/places/29475;,,0,pt.2,,,,2024-04-25,2024-06-11
31154068986445,Book,,NK4650.A6 C365 2022,NYU Inst Study Ancient World,Small Collection,990098457790107876,Amphora mühürleri /,6258056466; 9786258056464,,"Cankardeş-Şenol, Gonca, author.",Ege Yayınları,İstanbul :,[2022],Amphora stamps--Turkey--Assos (Extinct city); Assos (Extinct city)--Antiquities.; Assos/Apollonia.; Timbres amphoriques--Turquie--Assos (Ville ancienne),https://pleiades.stoa.org/places/550463,,0,,,,,2024-04-25,2024-05-01
31154068986452,Book,,DS155 .T34 2021,NYU Inst Study Ancient World,Small Collection,9998644474007876,Arkeolojide kimlikler : 3. TAG - Türkiye toplantısı bildirileri = Identities in archaeology : proceedings of the 3rd TAG - Turkey meeting /,6258056644; 9786258056648,,"TAG-Türkiye Toplantısı Online), 2021 : author. (3rd :",Ege Yayınları,"Esenler, İstanbul :",[2023],Archaeology--Turkey--Congresses.; Social archaeology--Turkey--Congresses.; Turkey--Antiquities--Congresses.; Archaeology; Turkey; proceedings (reports); Conference papers and proceedings; Conference papers and proceedings.; Asia Minor.; Actes de congrès.; Turkey.; Asie Mineure.; Turquie--Antiquités--Congrès.,https://pleiades.stoa.org/places/837; https://vocab.getty.edu/tgn/1000144;,https://id.oclc.org/worldcat/entity/E39PBJxmHG9jJjCTM3y4pFRqcP;,0,,,,,2024-04-25,2024-05-01
31154068986460,Book,,CC75.7 .D545 2023,NYU Inst Study Ancient World,Small Collection,9998656415407876,Digital archaeology : promises and impasses /,9789464262285; 9464262281; 9789464262278; 9464262273; 9789464262292; 946426229X,,,Sidestone Press,Leiden :,[2023].,Archaeology--Data processing.; Archaeology--Methodology.; Digital humanities.; digital humanities.; Archéologie--Informatique.; Archéologie--Méthodologie.; Sciences humaines numériques.,,,0,,,,,2024-04-25,2024-04-25
31154068986478,Book,,HT114 .A72 2022,NYU ISAW Offsite,Offsite Collection,9998656417507876,"The archaeology of nucleation in the Old World : spatiality, community, and identity /",180327090X; 9781803270906,,,Archaeopress Publishing Ltd,Oxford :,[2022],"Urbanization--History--To 1500.; Cities and towns, Ancient.; excavation (process); Cities and towns, Ancient; Excavations (Archaeology); Urbanization; To 1500; History; Old World.; Villes antiques.; Fouilles (Archéologie)",,https://www.wikidata.org/entity/Q174807,0,,,,,2024-04-24,2025-02-11
31154068986486,Book,,DS153.3 .T44 2022,NYU Inst Study Ancient World,Large Collection,9998656417607876,Sur les pas des arpenteurs romains : La via nova de la Provincia arabia entre Bostra et Philadelphia /,9042948264; 9789042948266; 9042948272; 9789042948273,,"Thébault, Gérard, author.",Peeters,Leuven :,2022,"Via Nova Traiana (Jordan and Syria); Roads, Roman--Syria.; Roads, Roman--Jordan.; Surveying--Rome--History.; Middle East--Antiquities.; Antiquities; Roads, Roman; Surveying; Jordan; Middle East; Rome (Empire); Syria; History; Arabia Petraia.; Middle East.; Voies romaines--Syrie.; Voies romaines--Jordanie.; Arpentage--Rome--Histoire.; Moyen-Orient--Antiquités.",https://pleiades.stoa.org/places/746711; http://vocab.getty.edu/tgn/7001526;,https://id.oclc.org/worldcat/entity/E39PBJgMCMwpB3Qrd9t7MBYHG3; https://id.oclc.org/worldcat/entity/E39QbtfRrbPWVQ3tvhM9q9jX7B;,0,,,,,2024-04-24,2024-04-24
31154068986494,Book,,DS109.15 .C3313 2022,NYU Inst Study Ancient World,Large Collection,9998656317307876,"The topography of ancient Jerusalem : essays on the urban planning record, defences and gates : 2nd century BC-2nd century AD /",9042948191; 9789042948198; 9789042948204; 9042948205,,"Cabaret, Dominique-Marie, 1967- author.",Peeters,"Leuven ; Paris ; Bristol, CT :",2022.,"Jerusalem--Antiquities.; Jerusalem--Antiquities, Roman.; Romans--Jerusalem.; Christian antiquities--Jerusalem.; Temple Mount (Jerusalem); City walls--Jerusalem.; Architecture--Jerusalem.; Jerusalem--Buildings, structures, etc.; Antiquities; Architecture; Buildings; Christian antiquities; City walls; Classical antiquities; Romans; Middle East--Jerusalem; Middle East--Jerusalem--Temple Mount; Hadrian,--Emperor of Rome,--76-138; Rome.--Legion X Fretensis; Romans--Israel--Jerusalem--Antiquities; City walls--Israel--Jerusalem; Architecture--Israel--Jerusalem--History; Jerusalem (Israel)--Antiquities; Jerusalem (Israel)--History--586 B.C.-70 A.D., Exilic and Second Temple period; Jerusalem (Israel)--History--Roman period, 55 B.C.-449 A.D.; Jerusalem Old City (Israel)--Antiquities; Temple Mount (Jerusalem, Israel)--Antiquities; Ecce Homo Arch (Jerusalem, Israel); Jerusalem (Israel)--Antiquities, Roman; Jerusalem (Israel)--Buildings, structures, etc.; Ierusalem/Hierosolyma/Col. Aelia Capitolina.; Temple Mount.; Jérusalem--Antiquités.; Romains--Jérusalem.; Antiquités chrétiennes--Jérusalem.; Temple, Colline du (Jérusalem); Architecture--Jérusalem.",https://pleiades.stoa.org/places/687928; http://vocab.getty.edu/tgn/7764734;,https://id.oclc.org/worldcat/entity/E39PBJkp9jBRd8fKjb3BBXQDv3;,0,,,,,2024-04-24,2024-04-25
31154068986502,Book,,DJK23 .L58 2022,NYU Inst Study Ancient World,Large Collection,9998656417807876,Lithic studies : Anatolia and beyond /,9781789699265; 1789699266; 9781789699272; 1789699274,,,Archaeopress Publishing Ltd,Summertown :,2022.,Stone.; Rocks.; Greece--Antiquities.; Balkan Peninsula--Antiquities.; Turkey--Antiquities.; Antiquities; Rocks; Stone; Balkan Peninsula; Greece; Turkey; Asia Minor.; Hellas.; Balkan Peninsula.; Turkey.; Greece.; Pierre.; Grèce--Antiquités.; Balkans--Antiquités.; Turquie--Antiquités.,https://pleiades.stoa.org/places/837; https://pleiades.stoa.org/places/696690497; http://vocab.getty.edu/tgn/7011636; https://vocab.getty.edu/tgn/1000144; http://vocab.getty.edu/tgn/1000074;,https://id.oclc.org/worldcat/entity/E39PBJhRJcwDhTXyG8xgjt9JjC; https://id.oclc.org/worldcat/entity/E39PBJxd6hw8HtWYq9JY6hjjYP; https://id.oclc.org/worldcat/entity/E39PBJxmHG9jJjCTM3y4pFRqcP;,0,,,,,2024-04-24,2024-04-25
31154068986510,Book,,DS155 .B428 2023,NYU Inst Study Ancient World,Large Collection,9998647127007876,The late Chalcolithic and early bronze age in Central Anatolia : intermediate style and related groups : painted pottery ca. 2700/2600-2000 BC. Hashöyük-Mercimektepe /,605396607X; 9786053966074,,"Bertram, Gülcin Ilgezdi, 1972- author.",Arkeoloji ve Sanat Yayınları,İstanbul :,[2023],"Turkey--Antiquities--Catalogs.; Painted pottery--Turkey--Catalogs.; Pottery, Ancient--Turkey--Catalogs.; Pottery, Prehistoric--Turkey--Catalogs.; Excavations (Archaeology)--Turkey--Catalogs.; Copper age--Turkey--Catalogs.; Bronze age--Turkey--Catalogs.; catalogs (documents); Catalogs.; Asia Minor.; Catalogues.; Turkey.; Turquie--Antiquités--Catalogues.",https://pleiades.stoa.org/places/837; https://vocab.getty.edu/tgn/1000144;,,0,,,,,2024-04-24,2024-04-24
31154068986528,Book,,QL666.O6 S13 2024,NYU Inst Study Ancient World,Large Collection,9998656417907876,"Snake identification in the ancient Egyptian Brooklyn Medical Papyrus : a new study of the twenty-four extant registers of the ""Snakebite Papyrus"" /",1957454032; 9781957454030; 9781957454047; 1957454040,,"Sanchez, Gonzalo M., author.",Lockwood Press,"Columbus, Georgia :",2024.,Brooklyn Museum.--Manuscript.--Papyrus no. 47.218.48.; Brooklyn Museum.--Manuscript.--Papyrus no. 47-218.85.; Snakes--Egypt.; Snakebites--Treatment--History--Egypt--To 1500.; Ancient Egypt (region); Heliopolis.; Serpents--Égypte.,https://pleiades.stoa.org/places/981503; https://pleiades.stoa.org/places/727117,,1,,,,,2024-04-24,2024-04-24
31154068986536,Book,,P512.P56 L98 2021,NYU ISAW Offsite,Offsite Collection,9998656418007876,lyuke wmer ra : Indo-European studies in honor of Georges-Jean Pinault /,9780989514293; 0989514293,,,Beech Stave Press,Ann Arbor :,[2021],Tokharian language.; Indo-European languages--History.; Indo-European languages; Tokharian language; History; Tarim Basin.; Eurasia.; Tokharien (Langue); Langues indo-européennes--Histoire.,http://vocab.getty.edu/tgn/7030274; http://vocab.getty.edu/tgn/3000006,,0,,,,,2024-04-24,2025-02-11
31154068986544,Book,,DS61.8 .P47 2020,NYU ISAW Offsite,Offsite Collection,990080219620107876,Perspectives on the history of ancient Near Eastern studies /,1575068362; 9781575068367; 1646022432; 9781646022434,,,Eisenbrauns,"University Park, Pennsylvania :",[2020],Assyriology; Education; Middle East; History; Assyriology--History.; Assyriology--Historiography.; Middle East--Study and teaching--History.; Middle East--Study and teaching--Historiography.; Middle East.; Assyriologie--Histoire.; Assyriologie--Historiographie.; Moyen-Orient--Étude et enseignement--Histoire.; Moyen-Orient--Étude et enseignement--Historiographie.,http://vocab.getty.edu/tgn/7001526;,,0,,,,,2024-04-24,2025-02-11
31154068986551,Book,,PJ3193 .R63 2024,NYU Inst Study Ancient World,Large Collection,9998656418107876,Babylonian ceremonial script in its scholarly context /,1948488396; 9781948488396; 1957454032; 9781957454030; 9781948488402; 194848840X,,"Roche, Carole, author.",Lockwood Press,"Columbus, Georgia :",2024.,"Cuneiform writing.; Cuneiform inscriptions, Akkadian.; Akkadian language--Writing.; Rites and ceremonies--Middle East.; Inscriptions--Middle East.; Paleography--Middle East--History.; cuneiform.; Babylonia.; Écriture cunéiforme.; Inscriptions cunéiformes akkadiennes.; Akkadien (Langue)--Écriture.",https://pleiades.stoa.org/places/912816,,0,v.2,,,,2024-04-24,2024-04-25
31154068986569,Book,,PJ3193 .R63 2024,NYU Inst Study Ancient World,Large Collection,9998656418107876,Babylonian ceremonial script in its scholarly context /,1948488396; 9781948488396; 1957454032; 9781957454030; 9781948488402; 194848840X,,"Roche, Carole, author.",Lockwood Press,"Columbus, Georgia :",2024.,"Cuneiform writing.; Cuneiform inscriptions, Akkadian.; Akkadian language--Writing.; Rites and ceremonies--Middle East.; Inscriptions--Middle East.; Paleography--Middle East--History.; cuneiform.; Babylonia.; Écriture cunéiforme.; Inscriptions cunéiformes akkadiennes.; Akkadien (Langue)--Écriture.",https://pleiades.stoa.org/places/912816,,0,v.1,,,,2024-04-24,2024-04-25
31154068986577,Book,,SF55.E3 R44 2024,NYU Inst Study Ancient World,Large Collection,9998656418207876,"A view from the herd : cattle, sheep, goats, and pigs in pharaonic Egypt : a primer for Egyptologists and archaeologists /",1957454083; 9781957454085; 9781957454092; 1957454091,,"Redding, Richard William, author.",Lockwood Press,"Columbus, GA :",2024.,Livestock--Egypt--History--To 1500.; Animal culture--Egypt--History--To 1500.; Cattle--Egypt--History--To 1500.; Sheep--Egypt--History--To 1500.; Goats--Egypt--History--To 1500.; Swine--Egypt--History--To 1500.; Animal remains (Archaeology)--Egypt.; Ancient Egypt (region),https://pleiades.stoa.org/places/981503,,0,,,,,2024-04-24,2024-04-25
31154068986585,Bound Issue,,PA3339 .Z45,NYU Inst Study Ancient World,Oak Collection,990028566520107876,Zeitschrift für Papyrologie und Epigraphik.,,0084-5388,,Rudolf Habelt Verlag GMBH,Bonn :,1967-,"Manuscripts (Papyri)--Periodicals.; Inscriptions; Manuscripts, Greek (Papyri); Manuscripts (Papyri); Periodicals; Periodicals.; Papyri.; Inscripties.; Oudheid.; Greek philology--Periodicals.; Inscriptions--Periodicals.; Manuscripts, Greek (Papyri)--Periodicals.; Papyrus (Manuscrits)--Périodiques.; Papyrus grecs--Périodiques.; Inscriptions--Périodiques.",,,0,Bd.228(2023),,,,2024-04-24,2025-06-18
31154068986593,Book,,DS99.P17 A45 2023,NYU Inst Study Ancient World,Small Collection,9998646916007876,Palmyra in the 20th century and the present : a historical and community archaeological study /,6258056539; 9786258056532,,"Ali, Hasan M., author.",Ege Yayınları,Istanbul :,[2023],Tadmur (Syria)--Antiquities.; Tadmur (Syria)--History.; Excavations (Archaeology)--Syria--Tadmur.; Classical antiquities--Destruction and pillage--Syria--Tadmur.; Informational works.; Palmyra.; Documents d'information.; Fouilles (Archéologie)--Syrie--Palmyre (Ville ancienne); Antiquités gréco-romaines--Destruction et pillage--Syrie--Palmyre (Ville ancienne),https://pleiades.stoa.org/places/668331,,0,,,,,2024-04-25,2024-05-01
31154068986601,Book,,DT76.93 .A48 2024,NYU Inst Study Ancient World,Small Collection,990095182490107876,Alternative Egyptology : papers on the relation between alternative and academic interpretations of ancient Egypt /,9464261625; 9789464261622; 9464261617; 9789464261615,,,Sidestone Press,Leiden :,2023.,Egyptology.; Égyptologie.; Egyptology; Egypt--In popular culture.; Ancient Egypt (region); Egypt,https://pleiades.stoa.org/places/981503; (OCoLC)fst01208755,https://id.oclc.org/worldcat/entity/E39QbtfRDwpX7XgppvP7ww3J9c,0,,,,,2024-04-25,2024-05-02
31154068986619,Book,,N7343.22 .C45 2023,NYU ISAW Offsite,Offsite Collection,9998656415007876,Metamorphic imagery in ancient Chinese art and religion /,103237649X; 9781032376493; 9781000873184; 1000873188; 1032376570; 9781032376578; 9781000873122; 1000873129,,"Childs-Johnson, Elizabeth, author",Routledge,London ; New York :,2023.,"Art, Chinese--History.; Metamorphosis in art.; Metamorphosis--Religious aspects.; Art, Chinese; Metamorphosis in art; Metamorphosis--Religious aspects; History; Ancient China.; Art chinois--Histoire.; Métamorphose (Biologie) dans l'art.",http://vocab.getty.edu/tgn/8697463,,0,,Childs-Johnson,,,2024-04-25,2025-02-11
31154068997079,Book,,DS79.76 .M88 1994,NYU ISAW Offsite,Offsite Collection,9998654925507876,al-Ḥṣār ʻalá al-thaqāfah al-qawmiyah wa ʻalá tanmiyat al-insān fī al-ʻIrāq : warqah muqddamah min wafd jumhūriyat al-ʻIrāq.,9780903472142; 0903472147,,"Muʼtamar al-Wuzarāʼ al-Masʼūlīn ʻan al-Shuʼūn al-Thaqāfīyah fī al-Waṭan al-ʻArabī Bayrūt, Lebanon) 1994 : (9th :",Dār al-Ḥurriyah lil-Ṭibāʻah; al-Munaẓẓamah al-ʻArabīyah lil-Tarbiyah wa-al-Thaqāfah wa-al-ʻUlūm Idārat al-Thaqāfah,Bayrūt :,1994.,United Nations--Sanctions--Congresses.; Cultural property--Destruction and pillage--Iraq--Congresses.; Iraq--Antiquities--Congresses.; Economic sanctions--Iraq--Congresses.; Iraq.; Nations Unies--Sanctions--Congrès.; Patrimoine culturel--Destruction et pillage--Irak--Congrès.; Irak--Antiquités--Congrès.,http://vocab.getty.edu/tgn/1000118;,,0,,Gasche,,,2024-04-10,2025-02-11
31154069001061,Book,,CD5385 .Z453 2021,NYU Inst Study Ancient World,Small Collection,9998656614707876,Zhongguo gu dai feng ni kao lüe hui bian = Zhongguo gudai fengni kaolüe huibian /,7559843069; 9787559843067,,,Guangxi shi fan da xue chu ban she,Guilin :,2021.,"Seals (Numismatics)--China.; China--History--Sources.--Qin dynasty, 221-207 B.C.; China--History--Sources.--Han dynasty, 202 B.C.-220 A.D.; Seals (Numismatics); China; 221 B.C.-220 A.D.; History; Sources; Ancient China.; Imperial China.; China.; Sceaux--Chine.; Chine--Histoire--Sources.--221-207 av. J.-C. (Dynastie des Qin); Chine--Histoire--Sources.--202 av. J.-C.-220 (Dynastie des Han)",http://vocab.getty.edu/tgn/8697463; http://vocab.getty.edu/tgn/8697462; http://vocab.getty.edu/tgn/1000111;,https://id.oclc.org/worldcat/entity/E39PBJcrd4RjtCBk4wfMhTwwG3;,0,v.4,,,,2024-04-30,2024-10-24
31154069001079,Book,,CD5385 .Z453 2021,NYU Inst Study Ancient World,Small Collection,9998656614707876,Zhongguo gu dai feng ni kao lüe hui bian = Zhongguo gudai fengni kaolüe huibian /,7559843069; 9787559843067,,,Guangxi shi fan da xue chu ban she,Guilin :,2021.,"Seals (Numismatics)--China.; China--History--Sources.--Qin dynasty, 221-207 B.C.; China--History--Sources.--Han dynasty, 202 B.C.-220 A.D.; Seals (Numismatics); China; 221 B.C.-220 A.D.; History; Sources; Ancient China.; Imperial China.; China.; Sceaux--Chine.; Chine--Histoire--Sources.--221-207 av. J.-C. (Dynastie des Qin); Chine--Histoire--Sources.--202 av. J.-C.-220 (Dynastie des Han)",http://vocab.getty.edu/tgn/8697463; http://vocab.getty.edu/tgn/8697462; http://vocab.getty.edu/tgn/1000111;,https://id.oclc.org/worldcat/entity/E39PBJcrd4RjtCBk4wfMhTwwG3;,0,v.3,,,,2024-04-30,2024-10-24
31154069001087,Book,,CD5385 .Z453 2021,NYU Inst Study Ancient World,Small Collection,9998656614707876,Zhongguo gu dai feng ni kao lüe hui bian = Zhongguo gudai fengni kaolüe huibian /,7559843069; 9787559843067,,,Guangxi shi fan da xue chu ban she,Guilin :,2021.,"Seals (Numismatics)--China.; China--History--Sources.--Qin dynasty, 221-207 B.C.; China--History--Sources.--Han dynasty, 202 B.C.-220 A.D.; Seals (Numismatics); China; 221 B.C.-220 A.D.; History; Sources; Ancient China.; Imperial China.; China.; Sceaux--Chine.; Chine--Histoire--Sources.--221-207 av. J.-C. (Dynastie des Qin); Chine--Histoire--Sources.--202 av. J.-C.-220 (Dynastie des Han)",http://vocab.getty.edu/tgn/8697463; http://vocab.getty.edu/tgn/8697462; http://vocab.getty.edu/tgn/1000111;,https://id.oclc.org/worldcat/entity/E39PBJcrd4RjtCBk4wfMhTwwG3;,0,v.1,,,,2024-04-30,2024-10-24
31154069001095,Book,,CD5385 .Z453 2021,NYU Inst Study Ancient World,Small Collection,9998656614707876,Zhongguo gu dai feng ni kao lüe hui bian = Zhongguo gudai fengni kaolüe huibian /,7559843069; 9787559843067,,,Guangxi shi fan da xue chu ban she,Guilin :,2021.,"Seals (Numismatics)--China.; China--History--Sources.--Qin dynasty, 221-207 B.C.; China--History--Sources.--Han dynasty, 202 B.C.-220 A.D.; Seals (Numismatics); China; 221 B.C.-220 A.D.; History; Sources; Ancient China.; Imperial China.; China.; Sceaux--Chine.; Chine--Histoire--Sources.--221-207 av. J.-C. (Dynastie des Qin); Chine--Histoire--Sources.--202 av. J.-C.-220 (Dynastie des Han)",http://vocab.getty.edu/tgn/8697463; http://vocab.getty.edu/tgn/8697462; http://vocab.getty.edu/tgn/1000111;,https://id.oclc.org/worldcat/entity/E39PBJcrd4RjtCBk4wfMhTwwG3;,0,v.2,,,,2024-04-30,2024-10-24
31154069001996,Book,,DS155 .A42 2023,NYU Inst Study Ancient World,Oversize Collection,9998655630107876,Anadolu medeniyetlerinin saklı tanıkları : TANAP doğalgaz boru hatti arkeoloji kazıları ve bulguları = Hidden witnesses of Anatolian civilizations : the TANAP natural gas pipeline archaeological excavations and findings /,6053965502; 9786053965503,,,Arkeoloji ve Sanat Yayınları; TANAP Trans Anatolian Natural Gas Pipeline Project,[İstanbul?] :,[2023].,Trans-Anadolu Doğalgaz Boru Hattı Projesı.; Excavations (Archaeology)--Turkey.; Turkey--Antiquities.; Asia Minor.; Turkey.; Turquie--Antiquités.,https://pleiades.stoa.org/places/837; https://vocab.getty.edu/tgn/1000144;,,0,,,,,2024-04-11,2024-04-11
31154069002002,Book,,DS69.6 .F73 2023,NYU Inst Study Ancient World,Large Collection,9998640384107876,"The Frau Professor Hilprecht collection of Babylonian antiquities : essays dedicated to Manfred Krebernik during the colloquium held on March 17-18, 2022 at Friedrich Schiller University Jena /",3447121343; 9783447121347,,,Harrassowitz Verlag,Wiesbaden :,2023.,Babylonia--Antiquities.; Babylon (Extinct city); Essays.; Babylonia.; Babylon.; Mélanges et hommages.; Actes de congrès.; Babylone (Ville ancienne),https://pleiades.stoa.org/places/912816; https://pleiades.stoa.org/places/893951;,,0,,,,,2024-04-11,2024-04-11
31154069002010,Book,,BL570 .V68 2023,NYU Inst Study Ancient World,Large Collection,9998655630007876,"Votive deposits in Early Dynastic temples : proceedings of the workshop held at the 10th ICAANE in Vienna, April 2016 /",9783700182030; 3700182031,,,Austrian Academy of Sciences Press,Vienna :,[2023],Votive offerings--Congresses.; Iraq--Antiquities--Congresses.; Mesopotamia (region); Iraq.; Irak--Antiquités--Congrès.,https://pleiades.stoa.org/places/874602; http://vocab.getty.edu/tgn/1000118;,,0,,,,,2024-04-11,2024-04-11
31154069002028,Book,,CJ548.5.D63 S86 2023,NYU Inst Study Ancient World,Large Collection,9998655629907876,"Scythians and Greeks on the Western Black Sea : the coinage of the kings of Scythia Minor in Dobruja, 218/212-110 BCE /",9780897224055; 0897224051; 089722406X; 9780897224062; 9780897224086; 0897224086,,"Stolyarik, Elena S., author.",American Numismatic Society,New York :,2023.,"Coins, Greek--Dobruja (Romania and Bulgaria); Dobruja (Romania and Bulgaria)--Antiquities.; Dobruja (Romania and Bulgaria)--Kings and rulers.; Scythia Minor.; Dobruja.; Monnaies grecques--Dobroudja (Roumanie et Bulgarie)",https://pleiades.stoa.org/places/216976; http://vocab.getty.edu/tgn/7024416,,0,,,,,2024-04-11,2024-04-11
31154069002036,Book,,BL2370.S5 E413 1964,NYU Inst Study Ancient World,Small Collection,990028349610107876,Shamanism : archaic techniques of ecstasy /,,,"Eliade, Mircea, 1907-1986.",Bollingen Foundation distributed by Pantheon Books,New York :,[1964],"Magic.; Medicine; Medicine--Religious aspects.; Medicine, Traditional; Asia; shamanism.; illusion (performing art); magic (occult science); Magic; Shamanism; Shamanism.; Siberia.; Chamanisme.; Magie.",http://vocab.getty.edu/tgn/7011548,,0,,Bunker,,,2024-04-11,2024-04-11
31154069002044,Book,,DU28 .A73 2006,NYU Inst Study Ancient World,Reference 5 Collection,990002866790107876,Archaeology of Oceania : Australia and the Pacific Islands /,9780631230823; 0631230823; 9780631230830; 0631230831; 9780631233; 9780631232; 9789780631239,,,Blackwell,"Malden, MA :",2006.,"Oceania--Antiquities.; Australia--Antiquities.; Islands of the Pacific--Antiquities.; Antiquities; Australia; Oceania; Pacific Ocean--Islands of the Pacific; Wardaman people (N35) (NT SD52-16); New Caledonia; Pacific Islands; Papua New Guinea (PNG); Pilbara area (WA SF50, SF51, SG50); Kimberley area (WA SD51, SD52, SE51, SE52); Western Desert (WA SF51, SF52, SG51, SG52); Groote Eylandt (NT Gulf Islands SD53-07, SD53-08); Archaeology; Demography - Palaeodemography - Aboriginal settlement of Australia; Dating and chronology; Religion - Dreaming; Art - Rock art; Technology - Stone; Settlement and contacts - Macassans and Indonesians; Altertümer; Archäologie; Ethnoarchäologie; Australien; Ozeanien; Oceania.; Australia.; Australie--Antiquités.; Australia - Antiquities.; Islands of the Pacific - Antiquities.; Oceania - Antiquities.; Electronic books.",http://vocab.getty.edu/tgn/1000006; http://vocab.getty.edu/tgn/7000490;,https://id.oclc.org/worldcat/entity/E39QbtfRv8PPH7gCqhkJ8DK8bM; https://id.oclc.org/worldcat/entity/E39PBJfGXyKwjqFR47VVfYDpfq;,0,,Bunker,,,2024-04-11,2024-04-11
31154069002051,Book,,PJ3291 .W37 2012,NYU Inst Study Ancient World,Small Collection,990035693310107876,Most probably : epistemic modality in Old Babylonian /,1575066645; 9781575066646; 9781575061986; 1575061988,,"Wasserman, Nathan.",Eisenbrauns,"Winona Lake, Ind. :",2012.,Akkadian language--Verb; FOREIGN LANGUAGE STUDY--Arabic.; Altbabylonisch; Modalität--Linguistik; Akkadisch; Modalität (Linguistik); Verb; Babylonien; Akkadian language--Modality.; Akkadian language--Verb.; Akkadian language--Texts.; Babylonia.; Modalité (musique); Akkadien (langue); Akkadien (Langue)--Modalité.; Electronic books.,https://pleiades.stoa.org/places/912816,,0,,,,,2024-04-11,2024-04-11
31154069002069,Book,,DS523 .E87 2004,NYU Inst Study Ancient World,Large Collection,990005107100107876,"Selected papers from the 10th International Conference of the European Association of Southeast Asian Archaeologists : the British Museum, London, 14th-17th September 2004 /",9789971693510; 9971693518; 9789971694050; 9971694050,,European Association of Southeast Asian Archaeologists. International Conference British Museum) 2004 : (10th :,NUS Press,Singapore :,©2006-©2008.,Excavations (Archaeology)--Southeast Asia--Congresses.; Southeast Asia--Antiquities--Congresses.; Art--Southeast Asia--Congresses.; Antiquities; Art; Excavations (Archaeology); Southeast Asia; proceedings (reports); Conference papers and proceedings; Conference papers and proceedings.; 15.75 history of Asia.; Archeologie.; Zuidoost-Azië.; Congresses (form); Actes de congrès.; Southeast Asia.; Fouilles (Archéologie)--Asie du Sud-Est--Congrès.; Asie du Sud-Est--Antiquités--Congrès.; Art--Asie du Sud-Est--Congrès.,http://vocab.getty.edu/tgn/7016821;,,0,v.2,Bunker,,,2024-04-11,2024-04-11
31154069002077,Book,,DS62.2 .M45 2022,NYU Inst Study Ancient World,Small Collection,9998655629307876,"Shaping boundaries : ethnicity and geography in the eastern Mediterranean area (first millennium BC) : proceedings of the 15th Melammu Workshop, Verona, 19-21 January 2022 /",9783963272028; 3963272023,,"Melammu Workshop Verona, Italy) 2022 : creator. (15th :",Zaphon,Münster :,2023.,Middle East--Boundaries--History--To 1500--Congresses.; Ethnicity--Middle East--History--To 1500--Congresses.; Boundaries--History--To 1500--Congresses.; Eastern Mediterranean.; Middle East.,http://vocab.getty.edu/tgn/7593196; http://vocab.getty.edu/tgn/7001526,,0,,,,,2024-04-11,2024-04-11
31154069002085,Book,,DS554.5 .S6 2017,NYU ISAW Offsite,Offsite Collection,9998655629207876,The Khmer Kings and the History of Cambodia /,1934431362; 9781934431368; 1934431370; 9781934431375,,"So, Kenneth T., author.",DatAsia Press,"[Holmes Beach, FL] :",2017.,Cambodia--History.; Cambodia--Kings and rulers--Biography.; Cambodia--Kings and rulers--Genealogy.; Kings and rulers; Cambodia; Genealogy; Biographies; History; Khmer (Empire).; Cambodia.; Cambodge--Histoire.,http://vocab.getty.edu/tgn/8711777; http://vocab.getty.edu/tgn/1000109;,,0,bk.1,Bunker,,,2024-04-11,2025-02-11
31154069002093,Book,,DS554.5 .S6 2017,NYU ISAW Offsite,Offsite Collection,9998655629207876,The Khmer Kings and the History of Cambodia /,1934431362; 9781934431368; 1934431370; 9781934431375,,"So, Kenneth T., author.",DatAsia Press,"[Holmes Beach, FL] :",2017.,Cambodia--History.; Cambodia--Kings and rulers--Biography.; Cambodia--Kings and rulers--Genealogy.; Kings and rulers; Cambodia; Genealogy; Biographies; History; Khmer (Empire).; Cambodia.; Cambodge--Histoire.,http://vocab.getty.edu/tgn/8711777; http://vocab.getty.edu/tgn/1000109;,,0,bk.2,Bunker,,,2024-04-11,2025-02-11
31154069002234,Book,,DS797.75.L535 L5344 2022,NYU Inst Study Ancient World,Large Collection,9998656615707876,"Licheng Kai hou mu di = Archaeological excavation at the cemetery of marquises of Kai, Licheng /",7501072833; 9787501072835,,,Wen wu chu ban she,Beijing :,2022.,"Tombs--China--Licheng Xian (Shanxi Sheng); Excavations (Archaeology)--China--Licheng Xian (Shanxi Sheng); Licheng Xian (Shanxi Sheng, China)--Antiquities.; Antiquities; Excavations (Archaeology); Tombs; China--Licheng Xian (Shanxi Sheng); Cemetery of the Marquises of Kai.",,https://id.oclc.org/worldcat/entity/E39PBJkMHVJ9gw3GXHjmM9FxjC; http://www.wikidata.org/entity/Q125705302,0,v.2,,,,2024-04-29,2024-10-24
31154069002242,Book,,DS797.75.L535 L5344 2022,NYU Inst Study Ancient World,Large Collection,9998656615707876,"Licheng Kai hou mu di = Archaeological excavation at the cemetery of marquises of Kai, Licheng /",7501072833; 9787501072835,,,Wen wu chu ban she,Beijing :,2022.,"Tombs--China--Licheng Xian (Shanxi Sheng); Excavations (Archaeology)--China--Licheng Xian (Shanxi Sheng); Licheng Xian (Shanxi Sheng, China)--Antiquities.; Antiquities; Excavations (Archaeology); Tombs; China--Licheng Xian (Shanxi Sheng); Cemetery of the Marquises of Kai.",,https://id.oclc.org/worldcat/entity/E39PBJkMHVJ9gw3GXHjmM9FxjC; http://www.wikidata.org/entity/Q125705302,0,v.1,,,,2024-04-29,2024-10-24
31154069002366,Book,,DS61.9.U62 Y34 2023,NYU ISAW Offsite,Offsite Collection,9998655624807876,From New Haven to Nineveh and beyond : three centuries of Near Eastern learning at Yale /,1957454938; 9781957454931; 9781957454924; 195745492X,,"Foster, Benjamin R. author. (Benjamin Read),",Lockwood Press,"Columbus, Georgia :",2023.,"Yale University.--Department of Near Eastern Languages and Civilizations.; Public opinion--United States.; Middle East--Study and teaching (Higher)--History.--United States; Middle East--Foreign public opinion, American.; Education, Higher; Public opinion; Public opinion, American; Middle East; United States; History; Middle East.; Opinion publique--États-Unis.",http://vocab.getty.edu/tgn/7001526,https://id.oclc.org/worldcat/entity/E39PBJtxgQXMWqmjMjjwXRHgrq;,0,,,,,2024-04-18,2025-02-11
31154069002374,Book,,DS262.H37 S33 2024,NYU Inst Study Ancient World,Large Collection,9998655624607876,"Equipment for horses from the period IVB level (ca. 1000-800 BCE) at Tepe Hasanlu, Iran /",1949057232; 9781949057232; 9781949057249; 1949057240,,"Schauensee, Maude de, author.",University of Pennsylvania Museum of Archaeology and Anthropology,Philadelphia :,2024.,Horses--Iran--Equipment and supplies--History--To 1500--Catalogs.; Iron age--Iran--Hasanlu Site.; Excavations (Archaeology)--Iran--Hasanlu Site.; Hasanlu Site (Iran); Iran--Antiquities.; Hasanlu tepe.; Persia.; Iran.; Fouilles (Archéologie)--Iran--Hasanlu (Site archéologique); Hasanlu (Iran : Site archéologique); Iran--Antiquités.,https://pleiades.stoa.org/places/874502; http://vocab.getty.edu/tgn/7024079; http://vocab.getty.edu/tgn/7000231;,,0,,,,,2024-04-18,2024-04-18
31154069002382,Book,,BL311 .C26 1988,NYU Inst Study Ancient World,Oversize Collection,9998655721807876,Historical atlas of world mythology /,9780060551483; 0060551488; 9780060963484; 0060963484; 9780060963491; 0060963492; 9780060963514; 0060963514; 9780060963521; 0060963522,,"Campbell, Joseph, 1904-1987.",Perennial Library,New York :,©1988-<c1989>,Mythology; mythology (literary genre); Mythology.; Mythologie.,,,0,v.1:pt.2,Bunker,,,2024-04-18,2024-04-18
31154069002390,Book,,BL311 .C26 1988,NYU Inst Study Ancient World,Oversize Collection,9998655721807876,Historical atlas of world mythology /,9780060551483; 0060551488; 9780060963484; 0060963484; 9780060963491; 0060963492; 9780060963514; 0060963514; 9780060963521; 0060963522,,"Campbell, Joseph, 1904-1987.",Perennial Library,New York :,©1988-<c1989>,Mythology; mythology (literary genre); Mythology.; Mythologie.,,,0,v.1:pt.1,Bunker,,,2024-04-18,2024-04-18
31154069002408,Book,,NK7183.A1 C45 2007,NYU ISAW Offsite,Offsite Collection,990000121830107876,"Celestial creations : art of the Chinese goldsmith, the Cheng Xun Tang Collection /",9627101826; 9789627101826,,,Art Museum Institute of Chinese Studies The Chinese University of Hong Kong,Hong Kong :,2007.,"Cheng xun tang (Hong Kong, China)--Art collections--Exhibitions.; Goldwork--China--Exhibitions.; Cheng xun tang (Hong Kong, China); Art museums; Goldwork; China; Exhibition catalogs; Imperial China.; Exhibitions held in Hong Kong--Goldwork.; Orfèvrerie--Chine--Expositions.",http://vocab.getty.edu/tgn/8697462,https://id.oclc.org/worldcat/entity/E39PBJcrd4RjtCBk4wfMhTwwG3;,0,v.1,Bunker,,,2024-04-18,2025-02-11
31154069002416,Book,,NK7183.A1 C45 2007,NYU ISAW Offsite,Offsite Collection,990000121830107876,"Celestial creations : art of the Chinese goldsmith, the Cheng Xun Tang Collection /",9627101826; 9789627101826,,,Art Museum Institute of Chinese Studies The Chinese University of Hong Kong,Hong Kong :,2007.,"Cheng xun tang (Hong Kong, China)--Art collections--Exhibitions.; Goldwork--China--Exhibitions.; Cheng xun tang (Hong Kong, China); Art museums; Goldwork; China; Exhibition catalogs; Imperial China.; Exhibitions held in Hong Kong--Goldwork.; Orfèvrerie--Chine--Expositions.",http://vocab.getty.edu/tgn/8697462,https://id.oclc.org/worldcat/entity/E39PBJcrd4RjtCBk4wfMhTwwG3;,0,v.2,Bunker,,,2024-04-18,2025-02-11
31154069002424,Issue,,PA3339 .A55,NYU Inst Study Ancient World,Oak Collection,990000881170107876,Analecta papyrologica /,,1122-2336,,Sicania,Messina :,1991-,"Manuscripts (Papyri)--Periodicals.; Paleography--Periodicals.; Manuscripts, Greek (Papyri); Manuscripts (Papyri); Paleography.; Paleography, Greek.; Periodicals.; 15.28 papyrology.; Papyri.; Papyrologie.; Manuscripts, Greek (Papyri)--Periodicals.; Paleography, Greek--Periodicals.",,,0,v.35(2023),,,,2024-04-18,2024-04-18
31154069002432,Bound Issue,,PA27 .S8,NYU Inst Study Ancient World,Small Collection,990019899010107876,Supplementum epigraphicum graecum.,,0920-8399,,Brill; JC Gieben; Sijthoff & Noordhoff,"Alphen aan den Rijn, the Netherlands :",1923,"Inscriptions, Greek--Bibliography.; Greece--Antiquities.; Inscriptions, Greek.; Bibliography; Antiquities; Inscriptions, Greek; Greece; bibliographies.; Bibliographies; Griekse oudheid.; Hellas.; Bibliographies.; Greece.; Inscriptions grecques.; Inscriptions grecques--Bibliographie.; Grèce--Antiquités.",https://pleiades.stoa.org/places/696690497; http://vocab.getty.edu/tgn/1000074;,https://id.oclc.org/worldcat/entity/E39PBJxd6hw8HtWYq9JY6hjjYP;,0,v.68(2018),,,,2024-04-18,2025-11-20
31154069002440,Book,,PJ3525 .A848 2023,NYU Inst Study Ancient World,Reference 4 Collection,9998655624507876,Assyrian-English-Assyrian dictionary /,9789515185815; 9515185815; 9789515185808; 9515185807,,,Neo-Assyrian Text Corpus Project and the Foundation for Finnish Assyriological Research,Helsinki :,2023.,Akkadian language--Dictionaries--English.; English language--Dictionaries--Akkadian.; dictionaries.; Dictionaries.; Assyria (kingdom); Dictionnaires.,https://pleiades.stoa.org/places/29492,,1,,,,,2024-04-18,2024-04-18
31154069002457,Book,,DS175 .R38 2023,NYU ISAW Offsite,Offsite Collection,9998655623907876,"Re-thinking late antique Armenia : historiography, material culture, and heritage /",8028003060; 9788028003067; 9788028003074; 8028003079,,,Brepols; Masaryk University; Academy of Sciences of the Czech Republic; Université de Lausanne,[Lausanne] : [Prag] : [Brno] : [Turnhout] :,2023.,"Armenia--History.; Art, Armenian--History.; Architecture, Armenian--History.; Armenia--Historiography.; Armenia--History--Congresses.; Art, Armenian--History--Congresses.; Architecture, Armenian; Art, Armenian; Historiography; Armenia; Conference papers and proceedings; History; Armenia (region).; Armenia (region); Arménie--Histoire--Congrès.; Art arménien--Histoire--Congrès.; Arménie--Histoire.; Art arménien--Histoire.",https://pleiades.stoa.org/places/874350; https://pleiades.stoa.org/places/874350;,,0,,,,,2024-04-18,2025-02-11
31154069002465,Book,,BL1625.G6 K66 2023,NYU Inst Study Ancient World,Small Collection,9998655623707876,The divine/demonic Seven and the place of demons in Mesopotamia /,9004546146; 9789004546141; 9789004546134; 9004546138,,"Konstantopoulos, Gina, author.",Brill,Leiden ; Boston :,[2023],"Demonology, Assyro-Babylonian.; Sebettu (Assyro-Babylonian deities); Demonology, Assyro-Babylonian; Mesopotamia (region); Démonologie assyro-babylonienne.",https://pleiades.stoa.org/places/874602,,0,,,,,2024-04-18,2024-04-18
31154069002473,Book,,BT1392.A752 O58 1989,NYU ISAW Offsite,Offsite Collection,9998655623607876,Gnosis und Stoa : eine Untersuchung zum Apokryphon des Johannes /,9783727806063; 3727806060; 9783525539095; 3525539096,,"Onuki, Takashi, 1945-",Vandenhoeck & Ruprecht; Universitätsverlag,"Freiburg, Schweiz : Göttingen :",1989.,"Apocryphon of John Criticism, interpretation, etc.; Nag Hammadi codices.; Stoics.; Coptic manuscripts--Egypt--Akhmīm.; Manuscripts, Greek--Egypt--Akhmīm.; Apocryphon of John--Criticism, interpretation, etc; Apocryphon of John; Gnosticism.; stoicism.; Manuscripts, Greek; Coptic manuscripts; Egypt--Akhmīm; Criticism, interpretation, etc.; Apokryphon Johannis (apocrief); Stoa.; Apocryphal Books (New Testament). Apocryphon of John Criticism, interpretation, etc.; Nag Hammadi codices; Gnosticism; Stoics; Najʻ Ḥammādī.; Nag Hammadi codices Criticism, interpretation, etc.; Apocryphe de Jean (Nag Hammadi) Critique, interprétation, etc.; Manuscrits de Nag Hammadi Critique, interprétation, etc.; Gnosticisme.; Stoïcisme.; Manuscrits coptes--Égypte--Akhmīm.; Manuscrits grecs--Égypte--Akhmīm.; Akhmim (Égypte)--Antiquités.",http://vocab.getty.edu/tgn/1095626;,https://id.oclc.org/worldcat/entity/E39QbtfRg8rWpbCDdpk7qpmmqp;,0,,,,,2024-04-18,2025-02-11
31154069002481,Book,,QL41.J33 B467 2022,NYU Inst Study Ancient World,Small Collection,9998655623507876,Ordonner la diversité du vivant dans le Kitāb al-Ḥayawān d'al-Ǧāḥiẓ (776-868) : Zoologie et connaissance du vivant dans les sciences arabes médiévales /,2874571202; 9782874571206,,"Ben Saâd, Meyssa.",Éditions Safran,Bruxelles :,2022.,"Jāḥiẓ,---868 or 869.--Ḥayawān.; Zoology--Pre-Linnean works.; Ḥayawān (Jāḥiẓ); Zoology; To 1500; History; Jāḥiẓ,---868 or 869.--Hayawān.; Animals--Classification.; Zoology--History--To 1500.; Science--Arab countries.; Science, Medieval.; Abbasid Caliphate.",http://vocab.getty.edu/tgn/6000008,,0,,,,,2024-04-18,2024-04-18
31154069002499,Book,,DS155 .B34 2020,NYU Inst Study Ancient World,Large Collection,990093795990107876,Bakü - Tiflis - Ceyhan ham petrol boru hattı projesi arkeolojik etüd ve değerlendirme çalışması = Archaeological research and assessment for Baku - Tbilisi - Ceyhan crude oil pipeline project /,9754293961; 9789754293968,,,Centre for Research and Assessment of the Historic Environment (TAÇDAM); Tarihsel Çevre Araştırma ve Değerlendirme Merkezi (TAÇDAM) =; Middle East Technical University (METU); Orta Doğu Teknik Üniversitesi (ODTÜ) =,Ankara :,2020.,Archaeological surveying--Baku-Tbilisi-Ceyhan Pipeline.; Excavations (Archaeology)--Baku-Tbilisi-Ceyhan Pipeline.; Environmental impact analysis--Baku-Tbilisi-Ceyhan Pipeline.; Cultural property--Protection--Turkey.; Turkey--Antiquities.; Asia Minor.; Turkey.; Baku-Tbilisi-Ceyhan pipeline.; Turquie--Antiquités.,https://pleiades.stoa.org/places/837; https://vocab.getty.edu/tgn/1000144;,https://www.wikidata.org/wiki/Q339546;,0,,,,,2024-04-18,2024-04-24
31154069002507,Issue,,PJ3701 .S7,NYU ISAW Offsite,Offsite Collection,990016611590107876,State archives of Assyria bulletin.,,1120-4699,,SARGON,"Padova, Italy :",1987-,Akkadian language.; Assyriology.; Assyro-Babylonian literature.; Texts.; Periodicals.; Assyriology--Periodicals.; Akkadian language--Texts--Periodicals.; Assyro-Babylonian literature--Periodicals.,,,0,v.29(2023),,,,2024-04-18,2024-04-18
31154069002614,Book,,DS797.54.B355 L536 2022,NYU ISAW Offsite,Offsite Collection,9998656614907876,Liao zu ling : 2003-2010 nian kao gu diao cha fa jue bao gao /,7501071241; 9787501071241,,,Wen wu chu ban she,Beijing :,2022.,"Tombs--China--Bairin Zuoqi.; Bairin Zuoqi (China)--Antiquities.; China--History--Liao dynasty, 947-1125.; Imperial China.; China.; Ancient China.; Zuling Mausoleum.; Chine--Histoire--947-1125 (Dynastie des Liao)",http://vocab.getty.edu/tgn/8697462; http://vocab.getty.edu/tgn/1000111; http://vocab.getty.edu/tgn/8697463;,http://www.wikidata.org/entity/Q125707014;,0,v.1,,,,2024-04-30,2025-02-11
31154069002648,Book,,DS797.54.B355 L536 2022,NYU ISAW Offsite,Offsite Collection,9998656614907876,Liao zu ling : 2003-2010 nian kao gu diao cha fa jue bao gao /,7501071241; 9787501071241,,,Wen wu chu ban she,Beijing :,2022.,"Tombs--China--Bairin Zuoqi.; Bairin Zuoqi (China)--Antiquities.; China--History--Liao dynasty, 947-1125.; Imperial China.; China.; Ancient China.; Zuling Mausoleum.; Chine--Histoire--947-1125 (Dynastie des Liao)",http://vocab.getty.edu/tgn/8697462; http://vocab.getty.edu/tgn/1000111; http://vocab.getty.edu/tgn/8697463;,http://www.wikidata.org/entity/Q125707014;,0,v.3,,,,2024-04-30,2025-02-11
31154069002655,Book,,DS797.54.B355 L536 2022,NYU ISAW Offsite,Offsite Collection,9998656614907876,Liao zu ling : 2003-2010 nian kao gu diao cha fa jue bao gao /,7501071241; 9787501071241,,,Wen wu chu ban she,Beijing :,2022.,"Tombs--China--Bairin Zuoqi.; Bairin Zuoqi (China)--Antiquities.; China--History--Liao dynasty, 947-1125.; Imperial China.; China.; Ancient China.; Zuling Mausoleum.; Chine--Histoire--947-1125 (Dynastie des Liao)",http://vocab.getty.edu/tgn/8697462; http://vocab.getty.edu/tgn/1000111; http://vocab.getty.edu/tgn/8697463;,http://www.wikidata.org/entity/Q125707014;,1,v.4,,,,2024-04-30,2025-02-11
31154069002663,Book,,DS797.54.B355 L536 2022,NYU ISAW Offsite,Offsite Collection,9998656614907876,Liao zu ling : 2003-2010 nian kao gu diao cha fa jue bao gao /,7501071241; 9787501071241,,,Wen wu chu ban she,Beijing :,2022.,"Tombs--China--Bairin Zuoqi.; Bairin Zuoqi (China)--Antiquities.; China--History--Liao dynasty, 947-1125.; Imperial China.; China.; Ancient China.; Zuling Mausoleum.; Chine--Histoire--947-1125 (Dynastie des Liao)",http://vocab.getty.edu/tgn/8697462; http://vocab.getty.edu/tgn/1000111; http://vocab.getty.edu/tgn/8697463;,http://www.wikidata.org/entity/Q125707014;,0,v.5,,,,2024-04-30,2025-02-11
31154069002671,Book,,DS796.C59247 C4664 2022,NYU Inst Study Ancient World,Large Collection,9998656615307876,Kaizhou Yujiaba /,7030732715; 9787030732712,,,Ke xue chu ban she,Beijing :,2022.,Chongqing (China)--Antiquities.; Tombs--China--Chongqing.; Excavations (Archaeology)--China--Chongqing.; Antiquities; Excavations (Archaeology); Tombs; China--Chongqing; Chongqing.; Yujiaba site.; Tombeaux--Chine--Chongqing.; Fouilles (Archéologie)--Chine--Chongqing.,http://vocab.getty.edu/tgn/7001787;,https://id.oclc.org/worldcat/entity/E39QbtfRtG4dqmkdgK6f4DJBGB; http://www.wikidata.org/entity/Q125705647,0,v.1,,,,2024-04-29,2024-10-24
31154069002689,Book,,DS796.C59247 C4664 2022,NYU Inst Study Ancient World,Large Collection,9998656615307876,Kaizhou Yujiaba /,7030732715; 9787030732712,,,Ke xue chu ban she,Beijing :,2022.,Chongqing (China)--Antiquities.; Tombs--China--Chongqing.; Excavations (Archaeology)--China--Chongqing.; Antiquities; Excavations (Archaeology); Tombs; China--Chongqing; Chongqing.; Yujiaba site.; Tombeaux--Chine--Chongqing.; Fouilles (Archéologie)--Chine--Chongqing.,http://vocab.getty.edu/tgn/7001787;,https://id.oclc.org/worldcat/entity/E39QbtfRtG4dqmkdgK6f4DJBGB; http://www.wikidata.org/entity/Q125705647,0,v.2,,,,2024-04-29,2024-10-24
31154069002762,Book,,ML1039 .H4946 2023,NYU Inst Study Ancient World,Large Collection,9998656615407876,He zhong ming huang : Chun qiu Zengguo bian zhong = The Zeng state's bronze chimed bells of the Spring and Autumn Period /,7501080585; 9787501080588,,,Wen wu chu ban she,Beijing Shi :,2023.,"Bian zhong--China--Suizhou Shi--Catalogs.; Suizhou Shi (China)--Antiquities--Catalogs.; Bronzes, Chinese--To 221 B.C.; catalogs (documents); Catalogs.; Catalogues.; Suizhou.; Zeng (state); Bronzes chinois--Jusqu'à 221 av. J.-C.; Bianzhong--Chine--Suizhou (Shi)--Catalogues.",http://vocab.getty.edu/tgn/8687000;,http://www.wikidata.org/entity/Q11091440.,0,v.2,,,,2024-04-29,2024-10-24
31154069002770,Book,,ML1039 .H4946 2023,NYU Inst Study Ancient World,Large Collection,9998656615407876,He zhong ming huang : Chun qiu Zengguo bian zhong = The Zeng state's bronze chimed bells of the Spring and Autumn Period /,7501080585; 9787501080588,,,Wen wu chu ban she,Beijing Shi :,2023.,"Bian zhong--China--Suizhou Shi--Catalogs.; Suizhou Shi (China)--Antiquities--Catalogs.; Bronzes, Chinese--To 221 B.C.; catalogs (documents); Catalogs.; Catalogues.; Suizhou.; Zeng (state); Bronzes chinois--Jusqu'à 221 av. J.-C.; Bianzhong--Chine--Suizhou (Shi)--Catalogues.",http://vocab.getty.edu/tgn/8687000;,http://www.wikidata.org/entity/Q11091440.,0,v.1,,,,2024-04-29,2024-10-24
31154069002804,Book,,DS797.48.X53 X5365 2020,NYU Inst Study Ancient World,Large Collection,9998656615007876,Xiangyang Shengang dong Zhou mu (xi qu) /,7030663675; 9787030663672,,,Ke xue chu ban she,Beijing :,2020.,Excavations (Archaeology)--China--Xiangyang Shi.; Tombs--China--Xiangyang Shi.; Xiangyang Shi (China)--Antiquities.; Antiquities; Excavations (Archaeology); Tombs; Shengang Eastern Zhou Dynasty Cemetery.,,http://www.wikidata.org/entity/Q125705922,0,v.1,,,,2024-04-29,2024-10-24
31154069002812,Book,,DS797.48.X53 X5365 2020,NYU Inst Study Ancient World,Large Collection,9998656615007876,Xiangyang Shengang dong Zhou mu (xi qu) /,7030663675; 9787030663672,,,Ke xue chu ban she,Beijing :,2020.,Excavations (Archaeology)--China--Xiangyang Shi.; Tombs--China--Xiangyang Shi.; Xiangyang Shi (China)--Antiquities.; Antiquities; Excavations (Archaeology); Tombs; Shengang Eastern Zhou Dynasty Cemetery.,,http://www.wikidata.org/entity/Q125705922,0,v.2,,,,2024-04-29,2024-10-24
31154069002887,Book,,DS797.54.I432 B35 2022 Non=circulating,NYU ISAW Offsite,Offsite Collection,9998656615807876,Bai'aobao yi zhi fa jue bao gao /,7501072531; 9787501072538,,,Wen wu chu ban she,Beijing :,2022.,Excavations (Archaeology)--China--Ih Ju Meng.; Ih Ju Meng (China)--Antiquities.; Antiquities; Excavations (Archaeology); China--Ih Ju Meng; Ordos.; Baiabao site.,http://vocab.getty.edu/tgn/8199553;,http://www.wikidata.org/entity/Q125705144,0,v.1,,,,2024-04-29,2025-02-11
31154069002895,Book,,DS797.54.I432 B35 2022 Non=circulating,NYU ISAW Offsite,Offsite Collection,9998656615807876,Bai'aobao yi zhi fa jue bao gao /,7501072531; 9787501072538,,,Wen wu chu ban she,Beijing :,2022.,Excavations (Archaeology)--China--Ih Ju Meng.; Ih Ju Meng (China)--Antiquities.; Antiquities; Excavations (Archaeology); China--Ih Ju Meng; Ordos.; Baiabao site.,http://vocab.getty.edu/tgn/8199553;,http://www.wikidata.org/entity/Q125705144,0,v.2,,,,2024-04-29,2025-02-11
31154069002911,Book,,DS797.52.G859 G8593 2022,NYU Inst Study Ancient World,Large Collection,9998656615507876,Guiyang Qianjiaping /,7030728165; 9787030728166,,,Ke xue chu ban she,Beijing :,2022.,Guiyang Xian (China)--Antiquities.; Excavations (Archaeology)--China--Guiyang Xian.; Antiquities; Excavations (Archaeology); China--Guiyang Xian; Qianjiaping site.,,https://id.oclc.org/worldcat/entity/E39PBJB4dtyD8kH4ttxHwffpfq; http://www.wikidata.org/entity/Q125705547,0,v.1,,,,2024-04-29,2024-10-24
31154069002929,Book,,DS797.52.G859 G8593 2022,NYU Inst Study Ancient World,Large Collection,9998656615507876,Guiyang Qianjiaping /,7030728165; 9787030728166,,,Ke xue chu ban she,Beijing :,2022.,Guiyang Xian (China)--Antiquities.; Excavations (Archaeology)--China--Guiyang Xian.; Antiquities; Excavations (Archaeology); China--Guiyang Xian; Qianjiaping site.,,https://id.oclc.org/worldcat/entity/E39PBJB4dtyD8kH4ttxHwffpfq; http://www.wikidata.org/entity/Q125705547,0,v.2,,,,2024-04-29,2024-10-24
31154069002952,Book,,DS797.59.B35 H836 2023 Non circulating,NYU Inst Study Ancient World,Large Collection,9998656614807876,Huan Yueliangpao di qu qu yu xing xi tong kao gu diao cha bao gao /,7030759087; 9787030759085,,,Ke xue chu ban she,Beijing :,2023.,"Excavations (Archaeology)--China--Baicheng Diqu.; Baicheng Diqu (China)--Antiquities.; Yuelyanpao, Ozero.",http://vocab.getty.edu/tgn/8674521,,0,v.2,,,,2024-04-30,2024-10-24
31154069002960,Book,,DS797.59.B35 H836 2023 Non circulating,NYU Inst Study Ancient World,Large Collection,9998656614807876,Huan Yueliangpao di qu qu yu xing xi tong kao gu diao cha bao gao /,7030759087; 9787030759085,,,Ke xue chu ban she,Beijing :,2023.,"Excavations (Archaeology)--China--Baicheng Diqu.; Baicheng Diqu (China)--Antiquities.; Yuelyanpao, Ozero.",http://vocab.getty.edu/tgn/8674521,,0,v.1,,,,2024-04-30,2024-10-24
31154069003158,Book,,DS793.L5 X54 2022,NYU Inst Study Ancient World,Large Collection,9998656615107876,Xifeng Xichagou : Xi Han shi qi dong bei min zu mu di /,7501072949; 9787501072941,,,Wen wu chu ban she,Beijing :,2022.,"Excavations (Archaeology)--China--Liaoning Sheng.; Excavations (Archaeology)--China--Xifeng Xian (Liaoning Sheng); Archaeological expeditions--China--Liaoning Sheng.; Archaeological expeditions--China--Xifeng Xian (Liaoning Sheng); Cemeteries--China--Xifeng Xian (Liaoning Sheng)--Antiquities.; Xifeng Xian (Liaoning Sheng, China)--Tombs--Antiquities.; Archaeological expeditions; Excavations (Archaeology); China--Liaoning Sheng; China--Xifeng Xian (Liaoning Sheng); Xichagou site.; Fouilles (Archéologie)--Chine--Liaoning.; Expéditions archéologiques--Chine--Liaoning.",,https://id.oclc.org/worldcat/entity/E39QbtfRBBvYW8473r7Mbh7m7B; https://id.oclc.org/worldcat/entity/E39PBJxhqGCMkv3cpWHxqJ4Xh3; http://www.wikidata.org/entity/Q125706114,0,v.2,,,,2024-04-29,2024-10-24
31154069003166,Book,,DS793.L5 X54 2022,NYU Inst Study Ancient World,Large Collection,9998656615107876,Xifeng Xichagou : Xi Han shi qi dong bei min zu mu di /,7501072949; 9787501072941,,,Wen wu chu ban she,Beijing :,2022.,"Excavations (Archaeology)--China--Liaoning Sheng.; Excavations (Archaeology)--China--Xifeng Xian (Liaoning Sheng); Archaeological expeditions--China--Liaoning Sheng.; Archaeological expeditions--China--Xifeng Xian (Liaoning Sheng); Cemeteries--China--Xifeng Xian (Liaoning Sheng)--Antiquities.; Xifeng Xian (Liaoning Sheng, China)--Tombs--Antiquities.; Archaeological expeditions; Excavations (Archaeology); China--Liaoning Sheng; China--Xifeng Xian (Liaoning Sheng); Xichagou site.; Fouilles (Archéologie)--Chine--Liaoning.; Expéditions archéologiques--Chine--Liaoning.",,https://id.oclc.org/worldcat/entity/E39QbtfRBBvYW8473r7Mbh7m7B; https://id.oclc.org/worldcat/entity/E39PBJxhqGCMkv3cpWHxqJ4Xh3; http://www.wikidata.org/entity/Q125706114,0,v.3,,,,2024-04-29,2024-10-24
31154069034773,Book,,GN778.32.T9 S366 2005,NYU Inst Study Ancient World,Large Collection,9998653523907876,Das anatolische Chalkolithikum : eine chronologische Untersuchung zur vorbronzezeitlichen Kultursequenz im nördlichen Zentralanatolien und den angrenzenden Gebieten /,9783935383387; 393538338X,,"Schoop, Ulf-Dietrich.",Verlag Bernhard Albert Greiner,Remshalden :,2005.,Copper age--Turkey.; Excavations (Archaeology)--Turkey.; Archaeological dating--Turkey.; Turkey--Antiquities.; Antiquities; Archaeological dating; Copper age; Excavations (Archaeology); Turkey; Chalkolithikum; Chronologie; Funde; Anatolien; Asia Minor.; Turkey.; Turquie--Antiquités.,https://pleiades.stoa.org/places/837; https://vocab.getty.edu/tgn/1000144;,https://id.oclc.org/worldcat/entity/E39PBJxmHG9jJjCTM3y4pFRqcP;,0,,,,,2024-04-05,2024-04-05
31154069034781,Issue,,DK500.A95 I78,NYU ISAW Offsite,Offsite Collection,990059719690107876,Istoriko-arkheologicheskie issledovanii͡a v g. Azove i na Nizhnem Donu v ... g. /,,,,Azovskiĭ istoriko-arkheologicheskiĭ i paleontologicheskiĭ muzeĭ-zapovednik; Muzeĭ,Azov Rostovskoĭ oblasti :,1988,Azov (Russia)--Antiquities.; Excavations (Archaeology)--Russia (Federation)--Azov.; Antiquities; Excavations (Archaeology); Russia (Federation)--Azov; Azov.,http://vocab.getty.edu/tgn/7014825,https://id.oclc.org/worldcat/entity/E39PBJqKdMb6fQRVjpg8R4p3wC;,0,vyp.31(2017),,,,2024-04-09,2025-02-11
31154069034799,Book,,BL2455 .A28 2023,NYU Inst Study Ancient World,Large Collection,9998646125607876,The tomb of the mayor of Athribis /,3447120711; 9783447120715,,"Abuel-Yazid, Mohamed, author.",Harrassowitz Verlag,Wiesbaden :,2023.,"Athribis (Extinct city); Tombs--Egypt--Athribis (Extinct city); Inscriptions, Egyptian--Egypt--Athribis (Extinct city); Tomb of the Mayor of Athribis.",https://pleiades.stoa.org/places/270369684,,0,,,,,2024-04-09,2024-04-09
31154069034807,Book,,Z40 .N38 2021,NYU Inst Study Ancient World,Small Collection,9998654929507876,"Bookkeeping without writing : early administrative technologies in context : proceedings of the Netherlands Institute for the Near East (NINO) Postdoctoral Research Fellow First Annual Conference, 5th and 6th February 2021 /",9042949767; 9789042949768; 9789042949775; 9042949775,,"Nederlands Instituut voor het Nabije Oosten. Postdoctoral Research Fellow Annual Conference Online), 2021 : author. (1st :",Peeters; Nederlands Instituut voor het Nabije Oosten,Leiden : Leuven :,2023.,"Bookkeeping--Methodology--History--To 1500--Congresses.; Bookkeeping--Technological innovations--History--To 1500--Congresses.; Accounting--Methodology--History--To 1500--Congresses.; Accounting--Technological innovations--History--To 1500--Congresses.; Tools, Prehistoric--Pictorial works.; Writing--History--Congresses.; Middle East--Antiquities--Congresses.; Information resources--History--Congresses.; Middle East.; Écriture--Histoire--Congrès.; Moyen-Orient--Antiquités--Congrès.; Sources d'information--Histoire--Congrès.; Outils préhistoriques--Ouvrages illustrés.",http://vocab.getty.edu/tgn/7001526;,,0,,,,,2024-04-09,2024-04-09
31154069034815,Book,,DA146 .B666 2023,NYU Inst Study Ancient World,Small Collection,9998655729807876,The hinterland of Hadrian's Wall = L'arrière-pays du mur d'Hadrien /,1803275472; 9781803275475; 1803275480; 9781803275482,,"Breeze, David J. author. (David John),",Archaeopress Publishing Ltd,Oxford :,[2023],"Excavations (Archaeology)--England--Hadrian's Wall.; Hadrian's Wall (England)--Antiquities, Roman.; Rome--Boundaries--History.; Rome--History--Empire, 30 B.C.-284 A.D.; Classical antiquities.; Excavations (Archaeology); England--Hadrian's Wall.; Hadrian's Wall.; Roman Empire.; Mur d'Hadrien (Angleterre)--Antiquités romaines.; Rome--Frontières--Histoire.; Rome--Histoire--30 av. J.-C.-284 (Empire)",https://pleiades.stoa.org/places/91358; http://vocab.getty.edu/tgn/7030347;,,0,,cn,,,2024-04-11,2024-04-11
31154069034823,Book,,DA146 .B6622 2023,NYU Inst Study Ancient World,Small Collection,9998655729707876,Hadrian's Wall = der Hadrianswall = le Mur d'Hadrien /,1803274166; 9781803274164; 1803274174; 9781803274171,,"Breeze, David J. author. (David John),",Archaeopress Publishing Ltd,Oxford :,2023.,"Hadrian's Wall (England)--History.; Rome--History--Empire, 30 B.C.-284 A.D.; Rome--Boundaries--History.; Boundaries.; England--Hadrian's Wall.; Rome (Empire); 30 B.C.-284 A.D.; History.; Hadrian's Wall.; Roman Empire.; Mur d'Hadrien (Angleterre)--Histoire.; Rome--Histoire--30 av. J.-C.-284 (Empire); Rome--Frontières--Histoire.",https://pleiades.stoa.org/places/91358; http://vocab.getty.edu/tgn/7030347;,,0,,,,,2024-04-11,2024-04-11
31154069034831,Book,,DB450 .B74 2023,NYU Inst Study Ancient World,Small Collection,9998655729507876,Frontiers of the Roman Empire = Grenzen des Römischen Reiches /,9781803276083; 1803276088; 9781803276090; 1803276096,,"Breeze, David J. author. (David John),",Archaeopress Publishing Ltd,Oxford :,2023.,"Limes (Roman boundary)--Danube River Valley.; Austria--Antiquities, Roman.; Austria--History.; Rome--Boundaries--History.; Rome--History--Empire, 30 B.C.-476 A.D.; Boundaries; Classical antiquities; Limes (Roman boundary); Austria; Danube River Valley; Rome (Empire); 30 B.C.-476 A.D.; History; Noricum (province); Roman Empire.; Austria.; Limes (Frontière romaine)--Danube, Vallée du.; Autriche--Histoire.; Rome--Frontières--Histoire.; Rome--Histoire--30 av. J.-C.-476 (Empire)",https://pleiades.stoa.org/places/981538; http://vocab.getty.edu/tgn/7030347; http://vocab.getty.edu/tgn/1000062;,,0,,,,,2024-04-11,2024-04-11
31154069034849,Book,,DS56 .T6 2023,NYU Inst Study Ancient World,Large Collection,9998655727907876,'To Aleppo gone ... ' : essays in honour of Jonathan N. Tubb /,9781803274706; 1803274700; 9781803274713; 1803274719,,,Archaeopress Publishing,Oxford :,[2023],"Middle East--Antiquities.; Antiquities; Middle East; Archaeologists--Middle East--Biography; Middle East--Antiquities; Eretz Israel--Antiquities; Saʻīdīyah, Tall (Jordan)--Antiquities; Middle East.; Moyen-Orient--Antiquités.",http://vocab.getty.edu/tgn/7001526;,,0,,,,,2024-04-15,2024-04-15
31154069034856,Book,,P911 .B47 Bd.35:2015,NYU Inst Study Ancient World,Large Collection,990041624090107876,The life of Serapion and other Christian Sogdian texts from the manuscripts E25 and E26 /,2503555365; 9782503555362,,,Brepols Publishers,"Turnhout, Belgium :",2015.,"Serapion,--of Thmuis, Saint--Spurious and doubtful works.; Turfansammlung.--Manuscript.--E26/3.; Turfansammlung.--Manuscript.--26/28.; Christian life--Early works to 1800.; Sogdian language--Texts.; Christian literature, Sogdian--Early works to 1800.; Manichaeism--Early works to 1800.; Manuscripts, Sogdian--Germany--Berlin--History.; Christian life; Christian literature, Sogdian; Manichaeism; Manuscripts, Sogdian; Sogdian language; Germany--Berlin; Early works; History; Spurious and doubtful works; Texts; Sogdisch; Legende; Serapion,--of Thmuis, Saint; Turfansammlung--E26/3.--Manuscript.; Turfansammlung--26/28.--Manuscript.; Christian life--Early works to 1800; Sogdian language--Texts; Christian literature, Sogdian--Early works to 1800; Manichaeism--Early works to 1800; Manuscripts, Sogdian--Germany--Berlin--History; Turfan Depression.; Vie chrétienne--Ouvrages avant 1800.; Sogdien (Langue)--Textes.; Littérature chrétienne sogdienne--Ouvrages avant 1800.; Manichéisme--Ouvrages avant 1800.; Manuscrits sogdiens--Allemagne--Berlin--Histoire.",https://vocab.getty.edu/tgn/1103342,https://id.oclc.org/worldcat/entity/E39QbtfRhCMPPtKTjHXB7RqJ9c;,1,,,,,2024-04-15,2024-04-15
31154069034864,Book,,P911 .B47 Bd.33:2015,NYU Inst Study Ancient World,Large Collection,9998655727807876,A study of the Buddhist sūtra called Säkiz yükmäk yaruq or Säkiz törlügin yarumïš yaltrïmïš in Old Turkic /,2503565409; 9782503565408,,,Brepols,Turnhout :,2015.,"Buddhist literature, Uighur--China--Early works to 1800.; Buddhist literature, Uighur--Asia, Central--Early works to 1800.; Buddhist literature, Uighur.; Manuscripts, Old Turkic.; Buddhism--Asia, Central--History--Sources.; Buddhist literature, Uighur--Criticism and interpretation.; Apocryphal books (Tripiṭaka); Buddhist literature, Uighur; Manuscripts, Old Turkic; Central Asia; China; Criticism, interpretation, etc.; Early works; History; Sources; Forschergruppe Strukturwandel und Transformation im Agrarbereich; Buddhismus; Übersetzung; Alttürkisch; Mogao Caves.; Jiaohe.; Littérature bouddhique ouïgoure--Chine--Ouvrages avant 1800.; Littérature bouddhique ouïgoure--Asie centrale--Ouvrages avant 1800.; Littérature bouddhique ouïgoure--Critique et interprétation.; Bouddhisme--Asie centrale--Histoire--Sources.; Littérature bouddhique ouïgoure.",http://vocab.getty.edu/tgn/7029798; http://vocab.getty.edu/tgn/7594059,https://id.oclc.org/worldcat/entity/E39PBJdCqh8h6hJY7PT6MQW4bd;,0,,,,,2024-04-15,2024-04-15
31154069034872,Book,,DS121.5 .B43 2020,NYU Inst Study Ancient World,Small Collection,990076567660107876,Identity in Persian Egypt : the fate of the Yehudite community of Elephantine /,1575067455; 9781575067452; 1646022440; 9781646022441,,"Becking, Bob, author.",Eisenbrauns,"University Park, Pennsylvania :",[2020],Antiquities; Ethnic relations; Jews; Religion; Egypt--Elephantine; To 1500; History; Jews--Egypt--Elephantine--History--To 1500.; Elephantine (Egypt)--Antiquities.; Elephantine (Egypt)--Ethnic relations.; Elephantine (Egypt)--Religion.; Elephantine.; Éléphantine (Égypte)--Relations interethniques.; Éléphantine (Égypte)--Religion.,https://pleiades.stoa.org/places/786021;,,0,,,,,2024-04-16,2024-04-16
31154069034880,Book,,DG78 .D57 2008,NYU Inst Study Ancient World,Small Collection,9998656327707876,Un discours en images de la condamnation de mémoire /,9782857300397; 2857300395,,,Centre régional universitaire lorrain d'histoire Site de Metz,Metz :,2008.,Art and history--Rome.; Collective memory.; Rome--Historiography.; Art and history; Collective memory; Historiography; Monuments; Rome (Empire); Damnatio memoriae; Roman Empire.; Art et histoire--Rome.; Monuments--Rome.; Mémoire collective.; Kongress.; Metz (2007),http://vocab.getty.edu/tgn/7030347,,0,,,,,2024-04-19,2024-04-19
31154069034898,Book,,PJ6958 .A93 2015,NYU Inst Study Ancient World,Small Collection,9998656317207876,Ancient South Arabian within Semitic and Sabaic within ancient South Arabian /,8891307610; 9788891307613; 9788891307620; 8891307629; 9788891307651; 8891307653,,"Avanzini, Alessandra, author.",L'Erma Di Bretschneider,Roma :,2015.,"South Arabian languages.; Semitic languages, Northwest--Classification.; Sabaean language; South Arabian languages; Classification; 18.70 Semitic languages and/or literature.; Sabaean language.; South Arabic language.; Semitic languages, Northwest--Classification--Classification.; Yemen.; Sabéen (Langue); Langues sémitiques septentrionales--Classification.",http://vocab.getty.edu/tgn/7000261,,0,,,,,2024-04-25,2024-04-25
31154069034906,Book,,N6250 .C67 1971,NYU Inst Study Ancient World,Small Collection,9998656517707876,"Corsi di cultura sull'arte ravennate e bizantina : Ravenna, 21 marzo-3 aprile, 1971 /",,,"Corso di cultura sull'arte ravennate e bizantina Ravenna, 1971) (18th :",Longo Editore,Ravenna :,[1971],"Art, Early Christian--Italy--Ravenna.; Art, Byzantine--Italy--Ravenna.; Art--Italy--Ravenna.; Art; Art, Byzantine; Art, Early Christian; Italy--Ravenna; Ravenna.; Art paléochrétien--Italie--Ravenne.; Art byzantin--Italie--Ravenne.; Art--Italie--Ravenne.",https://pleiades.stoa.org/places/393480,https://id.oclc.org/worldcat/entity/E39QbtfRq4XfMtF7GrHkrJdRfY;,0,,Garsoian,,,2024-04-26,2024-04-26
31154069034914,Book,,N6250 .C67 1972,NYU Inst Study Ancient World,Small Collection,9998656517507876,"Corsi di cultura sull'arte ravennate e bizantina, Ravenna, 16-29 Aprile, 1972 /",,,"Corso di cultura sull'arte ravennate e bizantina Ravenna, 1972) (19th :",Longo Editore,Ravenna :,1972.,"Art--Italy--Ravenna.; Art, Byzantine.; Art; Art, Byzantine; Italy--Ravenna; Ravenna.; Art--Italie--Ravenne.; Art byzantin.",https://pleiades.stoa.org/places/393480,https://id.oclc.org/worldcat/entity/E39QbtfRq4XfMtF7GrHkrJdRfY;,0,,,,,2024-04-26,2024-04-26
31154069034922,Book,,DF501.5 .I57 1971b,NYU Inst Study Ancient World,Small Collection,9998656517407876,Résumés - Communications /,,,International Congress of Byzantine Studies Bucharest) 1971 : (14th :,Editions de l'Academie de la Republique Socialiste de Roumania,[Bucarest] :,[1974?],Byzantine Empire--Congresses.; Byzantine Empire--Study and teaching--Congresses.; Education; Byzantine Empire; Conference papers and proceedings; Byzantine Empire.; Empire byzantin--Étude et enseignement--Congrès.,http://vocab.getty.edu/tgn/7024407;,,0,,Garsoian,,,2024-04-26,2024-04-29
31154069034930,Book,,DF501.5 .I57 1971a,NYU Inst Study Ancient World,Small Collection,9998656516507876,"Rapports : Bucarest, 6-12 septembre 1971 /",,,"International Congress of Byzantine Studies Bucharest, Romania) 1971 : (14th :",Éditions de l'Académie de la République socialiste de Roumanie,Bucarest :,1971.,Byzantine Empire--Congresses.; Byzantine Empire--Study and teaching--Congresses.; Byzantine Empire; Conference papers and proceedings; Byzantine Empire.; Empire byzantin--Étude et enseignement--Congrès.,http://vocab.getty.edu/tgn/7024407;,,0,t.1,Garsoian,,,2024-04-29,2024-04-29
31154069034948,Book,,DF501.5 .I57 1971a,NYU Inst Study Ancient World,Small Collection,9998656516507876,"Rapports : Bucarest, 6-12 septembre 1971 /",,,"International Congress of Byzantine Studies Bucharest, Romania) 1971 : (14th :",Éditions de l'Académie de la République socialiste de Roumanie,Bucarest :,1971.,Byzantine Empire--Congresses.; Byzantine Empire--Study and teaching--Congresses.; Byzantine Empire; Conference papers and proceedings; Byzantine Empire.; Empire byzantin--Étude et enseignement--Congrès.,http://vocab.getty.edu/tgn/7024407;,,0,t.2,Garsoian,,,2024-04-29,2024-04-29
31154069034955,Book,,DF501.5 .I57 1971a,NYU Inst Study Ancient World,Small Collection,9998656516507876,"Rapports : Bucarest, 6-12 septembre 1971 /",,,"International Congress of Byzantine Studies Bucharest, Romania) 1971 : (14th :",Éditions de l'Académie de la République socialiste de Roumanie,Bucarest :,1971.,Byzantine Empire--Congresses.; Byzantine Empire--Study and teaching--Congresses.; Byzantine Empire; Conference papers and proceedings; Byzantine Empire.; Empire byzantin--Étude et enseignement--Congrès.,http://vocab.getty.edu/tgn/7024407;,,0,t.3,Garsoian,,,2024-04-29,2024-04-29
31154069034963,Book,,DF501.5 .I57 1971a,NYU Inst Study Ancient World,Small Collection,9998656516507876,"Rapports : Bucarest, 6-12 septembre 1971 /",,,"International Congress of Byzantine Studies Bucharest, Romania) 1971 : (14th :",Éditions de l'Académie de la République socialiste de Roumanie,Bucarest :,1971.,Byzantine Empire--Congresses.; Byzantine Empire--Study and teaching--Congresses.; Byzantine Empire; Conference papers and proceedings; Byzantine Empire.; Empire byzantin--Étude et enseignement--Congrès.,http://vocab.getty.edu/tgn/7024407;,,0,t.4,Garsoian,,,2024-04-29,2024-04-29
31154069034971,Book,,NA5870.H34 M47 1957,NYU Inst Study Ancient World,Large Collection,990020303040107876,Description of the Church of the Holy Apostles at Constantinople /,,,"Mesaritēs, Nikolaos, 1163 or 1164-",American Philosophical Society,Philadelphia :,1957.,"Hagioi Apostoloi (Church : Istanbul, Turkey); Church of the Holy Apostles at Constantinople.",https://pleiades.stoa.org/places/433737150,,0,,Garsoian,,,2024-04-29,2024-04-29
31154069034989,Book,,HB3661.7.K43 D86 2024,NYU Inst Study Ancient World,Small Collection,9998656872907876,"Une population antique : l'oasis de Kharga et ses habitants ; Égypte, IVe siècle a.C.-Ve siècle p.C. /",2915840415; 9782915840414,,"Dunand, Françoise, author.",Éditions Cybele,Paris :,[2024],Excavations (Archaeology)--Egypt--Kharga (Oasis); Tombs--Egypt--Kharga (Oasis); Kharga (Egypt : Oasis)--Population--History--To 1500.; Oasis Magna/Thebaidos.; Fouilles (Archéologie)--Égypte--Kharghèh (Oasis); Tombeaux--Égypte--Kharghèh (Oasis),https://pleiades.stoa.org/places/776210,,0,,,,,2024-04-29,2024-04-29
31154069034997,Book,,DT73.K5 D864,NYU Inst Study Ancient World,Large Collection,990045480590107876,El-Deir nécropoles /,2915840164; 9782915840162; 2915840318; 9782915840315; 2915840369; 9782915840360; 2915840385; 9782915840384; 2915840393; 9782915840391; 2915840407; 9782915840407,,"Dunand, Françoise, author.",Éditions Cybèle,Paris :,[2010]-2023.,Excavations (Archaeology)--Egypt--Kharga (Oasis); Tombs--Egypt--Kharga (Oasis); Mummies--Egypt--Kharga (Oasis); Kharga (Egypt : Oasis)--Antiquities.; Excavations (Archaeology); Mummies; Antiquities; Tombs; Egypt--Kharga (Oasis); Ausgrabung; Gräberfeld; al- Charga; el-Deir.; Oasis Magna/Thebaidos.; Fouilles (Archéologie)--Égypte--Kharghèh (Oasis); Momies--Égypte--Kharghèh (Oasis); Tombeaux--Égypte--Kharghèh (Oasis),https://pleiades.stoa.org/places/776167; https://pleiades.stoa.org/places/776210,,0,t.2:2012,,,,2024-04-29,2024-05-09
31154069035002,Book,,DT73.K5 D864,NYU Inst Study Ancient World,Large Collection,990045480590107876,El-Deir nécropoles /,2915840164; 9782915840162; 2915840318; 9782915840315; 2915840369; 9782915840360; 2915840385; 9782915840384; 2915840393; 9782915840391; 2915840407; 9782915840407,,"Dunand, Françoise, author.",Éditions Cybèle,Paris :,[2010]-2023.,Excavations (Archaeology)--Egypt--Kharga (Oasis); Tombs--Egypt--Kharga (Oasis); Mummies--Egypt--Kharga (Oasis); Kharga (Egypt : Oasis)--Antiquities.; Excavations (Archaeology); Mummies; Antiquities; Tombs; Egypt--Kharga (Oasis); Ausgrabung; Gräberfeld; al- Charga; el-Deir.; Oasis Magna/Thebaidos.; Fouilles (Archéologie)--Égypte--Kharghèh (Oasis); Momies--Égypte--Kharghèh (Oasis); Tombeaux--Égypte--Kharghèh (Oasis),https://pleiades.stoa.org/places/776167; https://pleiades.stoa.org/places/776210,,0,t.5:2022,,,,2024-04-29,2024-05-09
31154069035010,Book,,DT73.K5 D864,NYU Inst Study Ancient World,Large Collection,990045480590107876,El-Deir nécropoles /,2915840164; 9782915840162; 2915840318; 9782915840315; 2915840369; 9782915840360; 2915840385; 9782915840384; 2915840393; 9782915840391; 2915840407; 9782915840407,,"Dunand, Françoise, author.",Éditions Cybèle,Paris :,[2010]-2023.,Excavations (Archaeology)--Egypt--Kharga (Oasis); Tombs--Egypt--Kharga (Oasis); Mummies--Egypt--Kharga (Oasis); Kharga (Egypt : Oasis)--Antiquities.; Excavations (Archaeology); Mummies; Antiquities; Tombs; Egypt--Kharga (Oasis); Ausgrabung; Gräberfeld; al- Charga; el-Deir.; Oasis Magna/Thebaidos.; Fouilles (Archéologie)--Égypte--Kharghèh (Oasis); Momies--Égypte--Kharghèh (Oasis); Tombeaux--Égypte--Kharghèh (Oasis),https://pleiades.stoa.org/places/776167; https://pleiades.stoa.org/places/776210,,0,t.6:2023,,,,2024-04-29,2024-05-09
31154069076402,Book,,N7314 .V53 1973,NYU ISAW Offsite,Offsite Collection,9998655721907876,Mỹ thuật thời Lý /,,,Viện nghệ thuật (Vietnam),Văn Hóa,Hà nội :,1973.,"Art, Vietnamese.; Vietnam--History--Lý dynasty, 1010-1225.; Art, Vietnamese; Dai Viet.; Viet Nam.; Art vietnamien.; Viêt-nam--Histoire--1010-1225 (Dynastie des Ly)",http://vocab.getty.edu/tgn/6001658; http://vocab.getty.edu/tgn/1000145;,,0,,Bunker,,,2024-04-18,2025-02-11
31154069076469,Issue,,CJ201 .J76,NYU Inst Study Ancient World,Oak Collection,990056851440107876,The journal of archaeological numismatics.,,2294-1118,,CEN,Bruxelles :,[2011]-,Numismatics--Periodicals.; Numismatics.; Periodicals.,,,0,v.9(2019),,,,2024-04-04,2024-04-04
31154069076477,Issue,,CJ201 .J76,NYU Inst Study Ancient World,Oak Collection,990056851440107876,The journal of archaeological numismatics.,,2294-1118,,CEN,Bruxelles :,[2011]-,Numismatics--Periodicals.; Numismatics.; Periodicals.,,,0,v.10(2020),,,,2024-04-04,2024-04-04
31154069076485,Issue,,CJ201 .J76,NYU Inst Study Ancient World,Oak Collection,990056851440107876,The journal of archaeological numismatics.,,2294-1118,,CEN,Bruxelles :,[2011]-,Numismatics--Periodicals.; Numismatics.; Periodicals.,,,0,v.11(2021),,,,2024-04-04,2024-04-04
31154069076493,Issue,,DS286 .S277,NYU Inst Study Ancient World,Oak Collection,990086894180107876,Sasanian studies : late antique Iranian world = Sasanidische studien : Spätantike iranische Welt.,,2699-7649,,Harrasowitz Verlag,Wiesbaden :,[2022-],Sassanids--Periodicals.; Sasanian Empire--Periodicals.; Iran--Antiquities--Periodicals.; Periodical; Antiquities; Sassanids; Iran; periodicals.; Serial publications; Periodicals; Serial publications.; Periodicals.; Périodiques.; Persia.; Iran.; Sasanian Empire.; Sassanides--Périodiques.; Iran--Antiquités--Périodiques.,http://vocab.getty.edu/tgn/7024079; http://vocab.getty.edu/tgn/7000231; http://vocab.getty.edu/tgn/6005268;,https://id.oclc.org/worldcat/entity/E39PBJtrYvcVTwChrDqytBvJXd;,0,v.2(2023),,,,2024-04-18,2024-04-18
31154069076527,Issue,,PJ3701 .S7,NYU ISAW Offsite,Offsite Collection,990016611590107876,State archives of Assyria bulletin.,,1120-4699,,SARGON,"Padova, Italy :",1987-,Akkadian language.; Assyriology.; Assyro-Babylonian literature.; Texts.; Periodicals.; Assyriology--Periodicals.; Akkadian language--Texts--Periodicals.; Assyro-Babylonian literature--Periodicals.,,,0,v.28(2022),,,,2024-04-18,2024-06-21
31154069076543,Book,,DS793.L5 X54 2022,NYU Inst Study Ancient World,Large Collection,9998656615107876,Xifeng Xichagou : Xi Han shi qi dong bei min zu mu di /,7501072949; 9787501072941,,,Wen wu chu ban she,Beijing :,2022.,"Excavations (Archaeology)--China--Liaoning Sheng.; Excavations (Archaeology)--China--Xifeng Xian (Liaoning Sheng); Archaeological expeditions--China--Liaoning Sheng.; Archaeological expeditions--China--Xifeng Xian (Liaoning Sheng); Cemeteries--China--Xifeng Xian (Liaoning Sheng)--Antiquities.; Xifeng Xian (Liaoning Sheng, China)--Tombs--Antiquities.; Archaeological expeditions; Excavations (Archaeology); China--Liaoning Sheng; China--Xifeng Xian (Liaoning Sheng); Xichagou site.; Fouilles (Archéologie)--Chine--Liaoning.; Expéditions archéologiques--Chine--Liaoning.",,https://id.oclc.org/worldcat/entity/E39QbtfRBBvYW8473r7Mbh7m7B; https://id.oclc.org/worldcat/entity/E39PBJxhqGCMkv3cpWHxqJ4Xh3; http://www.wikidata.org/entity/Q125706114,0,v.1,,,,2024-04-29,2024-10-24
