id,Material Type,Process Type,call_number,Library Name,Location Name,mms_id,title,ISBN,ISSN,Author,Publisher,Publication Place,Publication Date,Subjects,651$$0,651$$1,Num of Loans Including Pre-Migration (In House),Description,Internal Note 1,Internal Note 2,Internal Note 3,date_acquired,Item Modification Date,predicted_category,confidence,prob_Ancient Western Asia,prob_Central Asia & Siberia,"prob_China, South Asia, & East Asia",prob_Cross-Cultural Studies & Other,prob_Egypt & North Africa,prob_European and Classical Antiquity,prob_The Caucasus & The Western Steppe
31154069010625,Bound Issue,In Process,DS171 .B36,NYU Inst Study Ancient World,Oak Collection,9998789467407876,Banber Matenadarani /,,,,Haykakan SSR gitutʻyunneri akademiayi hratarakchʻutʻyun,Erevan :,1956-,"Armenia--Civilization--Periodicals.; Manuscripts, Armenian--Periodicals.; Civilization.; Manuscripts, Armenian.; Armenia.; Periodicals.",(OCoLC)fst01206470,,0,v.4(1958),Garsoian,,,2026-03-20,2026-03-30,The Caucasus & The Western Steppe,0.8223506903330781,0.0,0.10726313352170583,0.02990366146665738,0.0,0.029369667511895643,0.011112847166663217,0.8223506903330781
31154068978186,Book,,DS795.4.T864 L8953 2025,NYU Inst Study Ancient World,Large Collection,9998788041707876,Lu Xian gu cheng cheng zhi kao gu kan tan bao gao /,7030797698; 9787030797698,,,Ke xue chu ban she,Beijing :,2025.,"Tongzhou Qu (Beijing, China)--Antiquities.; Luxian site.",,http://www.wikidata.org/entity/Q106725255,0,plates,,,,2026-03-16,2026-03-19,"China, South Asia, & East Asia",0.755558707656598,0.10989944838641426,0.06362599643423983,0.755558707656598,0.0,0.04317478329466275,0.01633640448987239,0.011404659738212801
31154068978202,Book,,HF3770.6 .A93 2025,NYU Inst Study Ancient World,Small Collection,9998786554707876,The warehouse of Bamiyan : economic life in medieval Afghanistan /,9781399546706; 1399546708; 9781399546713; 1399546716,,"Azad, Arezou, 1970- author.",Edinburgh University Press,Edinburgh :,[2025],"Commerce--History--Medieval, 500-1500.; Warehouses--History.; Bāmyān (Afghanistan)--Commerce--History.; Bāmyān (Afghanistan)--Economic conditions--History.; Bamiyan.; Commerce--Histoire--500-1500 (Moyen Âge); Entrepôts--Histoire.",http://vocab.getty.edu/tgn/1065380,,0,,,,,2026-03-03,2026-03-03,Central Asia & Siberia,0.5198478887882328,0.0,0.5198478887882328,0.0,0.1708071634589908,0.18282112296833877,0.12652382478443763,0.0
31154068978210,Book,,DS715 .Z46644 2024,NYU Inst Study Ancient World,Reference 5 Collection,9998786553107876,Zhongguo kao gu fa jue bao gao ti yao /,7520531058; 9787520531054,,,Zhongguo wen shi chu ban she,Beijing Shi :,2024.,China--Antiquities.; Excavations (Archaeology)--China--History.; Imperial China.; Ancient China.; Chine--Antiquités.,http://vocab.getty.edu/tgn/8697462; http://vocab.getty.edu/tgn/8697463;,,0,v.5,,,,2026-03-03,2026-03-03,"China, South Asia, & East Asia",0.9027634058405131,0.0,0.014105678216258017,0.9027634058405131,0.038689860250307705,0.03224155020858975,0.012199505484331259,0.0
31154068978228,Book,,DS715 .Z46644 2024,NYU Inst Study Ancient World,Reference 5 Collection,9998786553107876,Zhongguo kao gu fa jue bao gao ti yao /,7520531058; 9787520531054,,,Zhongguo wen shi chu ban she,Beijing Shi :,2024.,China--Antiquities.; Excavations (Archaeology)--China--History.; Imperial China.; Ancient China.; Chine--Antiquités.,http://vocab.getty.edu/tgn/8697462; http://vocab.getty.edu/tgn/8697463;,,0,v.11,,,,2026-03-03,2026-03-03,"China, South Asia, & East Asia",0.9027634058405131,0.0,0.014105678216258017,0.9027634058405131,0.038689860250307705,0.03224155020858975,0.012199505484331259,0.0
31154068978236,Book,,DS715 .Z46644 2024,NYU Inst Study Ancient World,Reference 5 Collection,9998786553107876,Zhongguo kao gu fa jue bao gao ti yao /,7520531058; 9787520531054,,,Zhongguo wen shi chu ban she,Beijing Shi :,2024.,China--Antiquities.; Excavations (Archaeology)--China--History.; Imperial China.; Ancient China.; Chine--Antiquités.,http://vocab.getty.edu/tgn/8697462; http://vocab.getty.edu/tgn/8697463;,,0,v.7,,,,2026-03-03,2026-03-03,"China, South Asia, & East Asia",0.9027634058405131,0.0,0.014105678216258017,0.9027634058405131,0.038689860250307705,0.03224155020858975,0.012199505484331259,0.0
31154068978244,Book,,DS715 .Z46644 2024,NYU Inst Study Ancient World,Reference 5 Collection,9998786553107876,Zhongguo kao gu fa jue bao gao ti yao /,7520531058; 9787520531054,,,Zhongguo wen shi chu ban she,Beijing Shi :,2024.,China--Antiquities.; Excavations (Archaeology)--China--History.; Imperial China.; Ancient China.; Chine--Antiquités.,http://vocab.getty.edu/tgn/8697462; http://vocab.getty.edu/tgn/8697463;,,0,v.6:pt.2,,,,2026-03-03,2026-03-03,"China, South Asia, & East Asia",0.9027634058405131,0.0,0.014105678216258017,0.9027634058405131,0.038689860250307705,0.03224155020858975,0.012199505484331259,0.0
31154068978251,Book,,DS715 .Z46644 2024,NYU Inst Study Ancient World,Reference 5 Collection,9998786553107876,Zhongguo kao gu fa jue bao gao ti yao /,7520531058; 9787520531054,,,Zhongguo wen shi chu ban she,Beijing Shi :,2024.,China--Antiquities.; Excavations (Archaeology)--China--History.; Imperial China.; Ancient China.; Chine--Antiquités.,http://vocab.getty.edu/tgn/8697462; http://vocab.getty.edu/tgn/8697463;,,0,v.6:pt.1,,,,2026-03-03,2026-03-03,"China, South Asia, & East Asia",0.9027634058405131,0.0,0.014105678216258017,0.9027634058405131,0.038689860250307705,0.03224155020858975,0.012199505484331259,0.0
31154068978269,Book,,DS715 .Z46644 2024,NYU Inst Study Ancient World,Reference 5 Collection,9998786553107876,Zhongguo kao gu fa jue bao gao ti yao /,7520531058; 9787520531054,,,Zhongguo wen shi chu ban she,Beijing Shi :,2024.,China--Antiquities.; Excavations (Archaeology)--China--History.; Imperial China.; Ancient China.; Chine--Antiquités.,http://vocab.getty.edu/tgn/8697462; http://vocab.getty.edu/tgn/8697463;,,0,v.9,,,,2026-03-03,2026-03-03,"China, South Asia, & East Asia",0.9027634058405131,0.0,0.014105678216258017,0.9027634058405131,0.038689860250307705,0.03224155020858975,0.012199505484331259,0.0
31154068978277,Book,,DS715 .Z46644 2024,NYU Inst Study Ancient World,Reference 5 Collection,9998786553107876,Zhongguo kao gu fa jue bao gao ti yao /,7520531058; 9787520531054,,,Zhongguo wen shi chu ban she,Beijing Shi :,2024.,China--Antiquities.; Excavations (Archaeology)--China--History.; Imperial China.; Ancient China.; Chine--Antiquités.,http://vocab.getty.edu/tgn/8697462; http://vocab.getty.edu/tgn/8697463;,,0,v.8,,,,2026-03-03,2026-03-03,"China, South Asia, & East Asia",0.9027634058405131,0.0,0.014105678216258017,0.9027634058405131,0.038689860250307705,0.03224155020858975,0.012199505484331259,0.0
31154068978285,Book,,DS715 .Z46644 2024,NYU Inst Study Ancient World,Reference 5 Collection,9998786553107876,Zhongguo kao gu fa jue bao gao ti yao /,7520531058; 9787520531054,,,Zhongguo wen shi chu ban she,Beijing Shi :,2024.,China--Antiquities.; Excavations (Archaeology)--China--History.; Imperial China.; Ancient China.; Chine--Antiquités.,http://vocab.getty.edu/tgn/8697462; http://vocab.getty.edu/tgn/8697463;,,0,v.10:pt.2,,,,2026-03-03,2026-03-03,"China, South Asia, & East Asia",0.9027634058405131,0.0,0.014105678216258017,0.9027634058405131,0.038689860250307705,0.03224155020858975,0.012199505484331259,0.0
31154068978293,Book,,DS715 .Z46644 2024,NYU Inst Study Ancient World,Reference 5 Collection,9998786553107876,Zhongguo kao gu fa jue bao gao ti yao /,7520531058; 9787520531054,,,Zhongguo wen shi chu ban she,Beijing Shi :,2024.,China--Antiquities.; Excavations (Archaeology)--China--History.; Imperial China.; Ancient China.; Chine--Antiquités.,http://vocab.getty.edu/tgn/8697462; http://vocab.getty.edu/tgn/8697463;,,0,v.10:pt.1,,,,2026-03-03,2026-03-03,"China, South Asia, & East Asia",0.9027634058405131,0.0,0.014105678216258017,0.9027634058405131,0.038689860250307705,0.03224155020858975,0.012199505484331259,0.0
31154068978301,Book,,DS715 .Z46644 2024,NYU Inst Study Ancient World,Reference 5 Collection,9998786553107876,Zhongguo kao gu fa jue bao gao ti yao /,7520531058; 9787520531054,,,Zhongguo wen shi chu ban she,Beijing Shi :,2024.,China--Antiquities.; Excavations (Archaeology)--China--History.; Imperial China.; Ancient China.; Chine--Antiquités.,http://vocab.getty.edu/tgn/8697462; http://vocab.getty.edu/tgn/8697463;,,0,v.1:pt.1,,,,2026-03-03,2026-03-03,"China, South Asia, & East Asia",0.9027634058405131,0.0,0.014105678216258017,0.9027634058405131,0.038689860250307705,0.03224155020858975,0.012199505484331259,0.0
31154068978319,Book,,DS715 .Z46644 2024,NYU Inst Study Ancient World,Reference 5 Collection,9998786553107876,Zhongguo kao gu fa jue bao gao ti yao /,7520531058; 9787520531054,,,Zhongguo wen shi chu ban she,Beijing Shi :,2024.,China--Antiquities.; Excavations (Archaeology)--China--History.; Imperial China.; Ancient China.; Chine--Antiquités.,http://vocab.getty.edu/tgn/8697462; http://vocab.getty.edu/tgn/8697463;,,0,v.1:pt.2,,,,2026-03-03,2026-03-03,"China, South Asia, & East Asia",0.9027634058405131,0.0,0.014105678216258017,0.9027634058405131,0.038689860250307705,0.03224155020858975,0.012199505484331259,0.0
31154068978327,Book,,DS715 .Z46644 2024,NYU Inst Study Ancient World,Reference 5 Collection,9998786553107876,Zhongguo kao gu fa jue bao gao ti yao /,7520531058; 9787520531054,,,Zhongguo wen shi chu ban she,Beijing Shi :,2024.,China--Antiquities.; Excavations (Archaeology)--China--History.; Imperial China.; Ancient China.; Chine--Antiquités.,http://vocab.getty.edu/tgn/8697462; http://vocab.getty.edu/tgn/8697463;,,0,v.2:pt.1,,,,2026-03-03,2026-03-03,"China, South Asia, & East Asia",0.9027634058405131,0.0,0.014105678216258017,0.9027634058405131,0.038689860250307705,0.03224155020858975,0.012199505484331259,0.0
31154068978335,Book,,DS715 .Z46644 2024,NYU Inst Study Ancient World,Reference 5 Collection,9998786553107876,Zhongguo kao gu fa jue bao gao ti yao /,7520531058; 9787520531054,,,Zhongguo wen shi chu ban she,Beijing Shi :,2024.,China--Antiquities.; Excavations (Archaeology)--China--History.; Imperial China.; Ancient China.; Chine--Antiquités.,http://vocab.getty.edu/tgn/8697462; http://vocab.getty.edu/tgn/8697463;,,0,v.2:pt.2,,,,2026-03-03,2026-03-03,"China, South Asia, & East Asia",0.9027634058405131,0.0,0.014105678216258017,0.9027634058405131,0.038689860250307705,0.03224155020858975,0.012199505484331259,0.0
31154068978343,Book,,DS715 .Z46644 2024,NYU Inst Study Ancient World,Reference 5 Collection,9998786553107876,Zhongguo kao gu fa jue bao gao ti yao /,7520531058; 9787520531054,,,Zhongguo wen shi chu ban she,Beijing Shi :,2024.,China--Antiquities.; Excavations (Archaeology)--China--History.; Imperial China.; Ancient China.; Chine--Antiquités.,http://vocab.getty.edu/tgn/8697462; http://vocab.getty.edu/tgn/8697463;,,0,v.3:pt.1,,,,2026-03-03,2026-03-03,"China, South Asia, & East Asia",0.9027634058405131,0.0,0.014105678216258017,0.9027634058405131,0.038689860250307705,0.03224155020858975,0.012199505484331259,0.0
31154068978350,Book,,DS715 .Z46644 2024,NYU Inst Study Ancient World,Reference 5 Collection,9998786553107876,Zhongguo kao gu fa jue bao gao ti yao /,7520531058; 9787520531054,,,Zhongguo wen shi chu ban she,Beijing Shi :,2024.,China--Antiquities.; Excavations (Archaeology)--China--History.; Imperial China.; Ancient China.; Chine--Antiquités.,http://vocab.getty.edu/tgn/8697462; http://vocab.getty.edu/tgn/8697463;,,0,v.3:pt.2,,,,2026-03-03,2026-03-03,"China, South Asia, & East Asia",0.9027634058405131,0.0,0.014105678216258017,0.9027634058405131,0.038689860250307705,0.03224155020858975,0.012199505484331259,0.0
31154068978368,Book,,DS715 .Z46644 2024,NYU Inst Study Ancient World,Reference 5 Collection,9998786553107876,Zhongguo kao gu fa jue bao gao ti yao /,7520531058; 9787520531054,,,Zhongguo wen shi chu ban she,Beijing Shi :,2024.,China--Antiquities.; Excavations (Archaeology)--China--History.; Imperial China.; Ancient China.; Chine--Antiquités.,http://vocab.getty.edu/tgn/8697462; http://vocab.getty.edu/tgn/8697463;,,0,v.4:pt.1,,,,2026-03-03,2026-03-03,"China, South Asia, & East Asia",0.9027634058405131,0.0,0.014105678216258017,0.9027634058405131,0.038689860250307705,0.03224155020858975,0.012199505484331259,0.0
31154068978376,Book,,DS715 .Z46644 2024,NYU Inst Study Ancient World,Reference 5 Collection,9998786553107876,Zhongguo kao gu fa jue bao gao ti yao /,7520531058; 9787520531054,,,Zhongguo wen shi chu ban she,Beijing Shi :,2024.,China--Antiquities.; Excavations (Archaeology)--China--History.; Imperial China.; Ancient China.; Chine--Antiquités.,http://vocab.getty.edu/tgn/8697462; http://vocab.getty.edu/tgn/8697463;,,0,v.4:pt.2,,,,2026-03-03,2026-03-03,"China, South Asia, & East Asia",0.9027634058405131,0.0,0.014105678216258017,0.9027634058405131,0.038689860250307705,0.03224155020858975,0.012199505484331259,0.0
31154068978384,Book,,DS62 .A87 2025,NYU Inst Study Ancient World,Small Collection,9998786551407876,"Assyriology, anthropology and theory : analytical perspectives and interpretive prospects /",3963273186; 9783963273186,,,Zaphon,Münster,2025.,Assyriology--History.; Assyriology--Historiography.; Physical anthropology.; Middle East--History.; Middle East--Historiography.; physical anthropology.; Assyriology; Historiography; Physical anthropology; Middle East; History; Middle East.; Assyriologie--Histoire.; Assyriologie--Historiographie.; Anthropologie physique.; Moyen-Orient--Histoire.,http://vocab.getty.edu/tgn/7001526;,,0,,,,,2026-03-03,2026-03-03,Ancient Western Asia,0.6786991817943832,0.6786991817943832,0.15049416639788496,0.04195594942001641,0.04944808324501935,0.052926082983965665,0.015591737960141235,0.010884798198589164
31154068978392,Book,,DS795.4.F364 G836 2023,NYU Inst Study Ancient World,Large Collection,9998718149407876,Guangyangcheng mu di /,7573208758; 9787573208750; 7573214308; 9787573214300,,,Shanghai gu ji chu ban she,Shanghai :,2023-,"Fangshan Qu (Beijing, China)--Antiquities.; Excavations (Archaeology)--China--Beijing.; Fangshan.; Guangyangcheng burial site.; Fouilles (Archéologie)--Chine--Pékin.",http://vocab.getty.edu/tgn/8199076;,http://www.wikidata.org/entity/Q133266215,0,v.2:pt.1,,,,2026-03-03,2026-03-03,"China, South Asia, & East Asia",0.7743820067978876,0.11867802051254434,0.030359493619488084,0.7743820067978876,0.0,0.04662350805849955,0.01764132737348632,0.012315643638094223
31154068978400,Book,,DS795.4.F364 G836 2023,NYU Inst Study Ancient World,Large Collection,9998718149407876,Guangyangcheng mu di /,7573208758; 9787573208750; 7573214308; 9787573214300,,,Shanghai gu ji chu ban she,Shanghai :,2023-,"Fangshan Qu (Beijing, China)--Antiquities.; Excavations (Archaeology)--China--Beijing.; Fangshan.; Guangyangcheng burial site.; Fouilles (Archéologie)--Chine--Pékin.",http://vocab.getty.edu/tgn/8199076;,http://www.wikidata.org/entity/Q133266215,0,v.2:pt.2,,,,2026-03-03,2026-03-03,"China, South Asia, & East Asia",0.7743820067978876,0.11867802051254434,0.030359493619488084,0.7743820067978876,0.0,0.04662350805849955,0.01764132737348632,0.012315643638094223
31154068978418,Book,,DS795.4.F364 G836 2023,NYU Inst Study Ancient World,Large Collection,9998718149407876,Guangyangcheng mu di /,7573208758; 9787573208750; 7573214308; 9787573214300,,,Shanghai gu ji chu ban she,Shanghai :,2023-,"Fangshan Qu (Beijing, China)--Antiquities.; Excavations (Archaeology)--China--Beijing.; Fangshan.; Guangyangcheng burial site.; Fouilles (Archéologie)--Chine--Pékin.",http://vocab.getty.edu/tgn/8199076;,http://www.wikidata.org/entity/Q133266215,0,v.2:pt.3,,,,2026-03-03,2026-03-03,"China, South Asia, & East Asia",0.7743820067978876,0.11867802051254434,0.030359493619488084,0.7743820067978876,0.0,0.04662350805849955,0.01764132737348632,0.012315643638094223
31154068978426,Book,,DS793.Y3 S26953 2022,NYU Inst Study Ancient World,Small Collection,9998711268507876,San Xia hou xu kao gu fa xian = SanXia houxu kaogu faxian /,756905606X; 9787569056068; 7569064739; 9787569064735; 7569064747; 9787569064742,,,Sichuan da xue chu ban she,Chengdu :,2022-,"Excavations (Archaeology)--China--Yangtze River Gorges.; Yangtze River Gorges (China)--Antiquities--Pictorial works.; Antiquities; Excavations (Archaeology); China--Yangtze River Gorges; Three Gorges Project.; Fouilles (Archéologie)--Chine--Yangzi jiang, Gorges du.",http://vocab.getty.edu/tgn/7029727,https://id.oclc.org/worldcat/entity/E39QbtfRF8RmQfRjkPMMBTBQhB;,0,v.3,,,,2026-03-04,2026-03-04,"China, South Asia, & East Asia",0.7813271188185249,0.07102973807441135,0.1019122328893728,0.7813271188185249,0.0,0.03584069352378555,0.009890216693905378,0.0
31154068978434,Book,,PL2448 .S37 2024,NYU Inst Study Ancient World,Large Collection,9998788048507876,Shandong Dingtao wang ling chu tu zhuan wen cui bian /,7547934587; 9787547934586,,"Shandong Sheng wen wu kao gu yan jiu yuan, issuing body.",Shanghai shu hua chu ban she,Shanghai Shi :,2024.,"Ding,--Tai hou,---5 B.C.--Tomb--Catalogs.; Inscriptions, Chinese--China--Heze Shi--Catalogs.; Calligraphy, Chinese--China--Heze Shi--Catalogs.; Bricks--China--Heze Shi--Catalogs.; Dingtao Qu (Heze Shi, China)--Catalogs.; China--History--Han dynasty, 202 B.C.-220 A.D.; catalogs (documents); Catalogs.; Catalogues.; Tombs of Dingtao King.; Chine--Histoire--202 av. J.-C.-220 (Dynastie des Han)",,http://www.wikidata.org/entity/Q133306507;,0,,,,,2026-03-13,2026-03-13,"China, South Asia, & East Asia",0.9846153846153847,0.0,0.015384615384615385,0.9846153846153847,0.0,0.0,0.0,0.0
31154068978442,Book,In Process,NB140 .K35 2025,NYU Inst Study Ancient World,Small Collection,9998787744007876,Kalorësi i Babunjës = The equestrian figurine of Babunja /,3903096873; 9783903096875,,,Verlag des Naturhistorischen Museums Wien,Vienna :,2025,"Bronze sculpture, Ancient--Albania--Exhibitions.; Bronze sculpture, Ancient--Conservation and restoration.; Albania--Antiquities--Exhibitions.; Babunja.; Sculpture en bronze antique--Albanie--Expositions.; Sculpture en bronze antique--Conservation et restauration.; Albanie--Antiquités--Expositions.",https://pleiades.stoa.org/places/559227570;,,0,,,,,2026-03-16,2026-03-18,European and Classical Antiquity,0.6143851063312414,0.176868439701418,0.030399263073681217,0.07074737588056719,0.0,0.08924554296860542,0.6143851063312414,0.018354272044486773
31154068978459,Book,In Process,PK8371 .A3 1952,NYU Inst Study Ancient World,Small Collection,9998787742607876,Liakatar kʻerakanutʻyun hayotsʻ lezvi : hamematutʻyamb 562 lezuneri /,,,"Achaṛean, Hrachʻeay, 1876-1953.",Haykakan SSṚ GA hratarakchʻutʻyun,Erevan :,1952-1971.,"Armenian language--Grammar.; Armenian language--Grammar, Comparative.; Armenian language--Parts of speech.; Armenian language--Grammar; Armenian language--Grammar, Comparative; Armenia (region); Arménien (Langue)--Grammaire.; Arménien (Langue)--Grammaire comparée.; Arménien (Langue)--Parties du discours.",https://pleiades.stoa.org/places/874350,,0,v.5,Garsoian,,,2026-03-16,2026-04-02,The Caucasus & The Western Steppe,0.8642637608270467,0.07856943280245879,0.04548756635931824,0.0,0.0,0.0,0.011679240011176307,0.8642637608270467
31154068978467,Book,In Process,PK8371 .A3 1952,NYU Inst Study Ancient World,Small Collection,9998787742607876,Liakatar kʻerakanutʻyun hayotsʻ lezvi : hamematutʻyamb 562 lezuneri /,,,"Achaṛean, Hrachʻeay, 1876-1953.",Haykakan SSṚ GA hratarakchʻutʻyun,Erevan :,1952-1971.,"Armenian language--Grammar.; Armenian language--Grammar, Comparative.; Armenian language--Parts of speech.; Armenian language--Grammar; Armenian language--Grammar, Comparative; Armenia (region); Arménien (Langue)--Grammaire.; Arménien (Langue)--Grammaire comparée.; Arménien (Langue)--Parties du discours.",https://pleiades.stoa.org/places/874350,,0,v.2,Garsoian,,,2026-03-16,2026-04-02,The Caucasus & The Western Steppe,0.8642637608270467,0.07856943280245879,0.04548756635931824,0.0,0.0,0.0,0.011679240011176307,0.8642637608270467
31154068978475,Book,In Process,PK8371 .A3 1952,NYU Inst Study Ancient World,Small Collection,9998787742607876,Liakatar kʻerakanutʻyun hayotsʻ lezvi : hamematutʻyamb 562 lezuneri /,,,"Achaṛean, Hrachʻeay, 1876-1953.",Haykakan SSṚ GA hratarakchʻutʻyun,Erevan :,1952-1971.,"Armenian language--Grammar.; Armenian language--Grammar, Comparative.; Armenian language--Parts of speech.; Armenian language--Grammar; Armenian language--Grammar, Comparative; Armenia (region); Arménien (Langue)--Grammaire.; Arménien (Langue)--Grammaire comparée.; Arménien (Langue)--Parties du discours.",https://pleiades.stoa.org/places/874350,,0,intr.,Garsoian,,,2026-03-16,2026-04-02,The Caucasus & The Western Steppe,0.8642637608270467,0.07856943280245879,0.04548756635931824,0.0,0.0,0.0,0.011679240011176307,0.8642637608270467
31154068978483,Bound Issue,In Process,DS171 .B36,NYU Inst Study Ancient World,Oak Collection,9998789467407876,Banber Matenadarani /,,,,Haykakan SSR gitutʻyunneri akademiayi hratarakchʻutʻyun,Erevan :,1956-,"Armenia--Civilization--Periodicals.; Manuscripts, Armenian--Periodicals.; Civilization.; Manuscripts, Armenian.; Armenia.; Periodicals.",(OCoLC)fst01206470,,0,v.3(1956),Garsoian,,,2026-03-20,2026-03-30,The Caucasus & The Western Steppe,0.8223506903330781,0.0,0.10726313352170583,0.02990366146665738,0.0,0.029369667511895643,0.011112847166663217,0.8223506903330781
31154068978491,Bound Issue,In Process,DS41 .A73,NYU Inst Study Ancient World,Oak Collection,9998789467307876,Arevelagitakan zhoghovatsu.,,,,Haykakan SSṚ GA Hratarakchʻutʻyun,Erevan [Armenia] :,1960-,Asia--History--Periodicals.; Middle East--History--Periodicals.; History.; Periodicals.; Middle East.; Asia.,(OCoLC)fst01240495 (OCoLC)fst01241586; http://vocab.getty.edu/tgn/7001526.; http://vocab.getty.edu/tgn/1000004,https://id.oclc.org/worldcat/entity/E39PBJxMpyjKQ9Jtm3jkjPBgKd;,0,v.1(1960),Garsoian,,,2026-03-20,2026-03-23,Ancient Western Asia,0.6147275712020408,0.6147275712020408,0.23380102579534778,0.042509277417335956,0.028512320218944853,0.05362408848517151,0.01579736660779377,0.01102835027336546
31154068978509,Bound Issue,In Process,DS41 .A73,NYU Inst Study Ancient World,Oak Collection,9998789467307876,Arevelagitakan zhoghovatsu.,,,,Haykakan SSṚ GA Hratarakchʻutʻyun,Erevan [Armenia] :,1960-,Asia--History--Periodicals.; Middle East--History--Periodicals.; History.; Periodicals.; Middle East.; Asia.,(OCoLC)fst01240495 (OCoLC)fst01241586; http://vocab.getty.edu/tgn/7001526.; http://vocab.getty.edu/tgn/1000004,https://id.oclc.org/worldcat/entity/E39PBJxMpyjKQ9Jtm3jkjPBgKd;,0,v.2(1964),Garsoian,,,2026-03-20,2026-03-23,Ancient Western Asia,0.6147275712020408,0.6147275712020408,0.23380102579534778,0.042509277417335956,0.028512320218944853,0.05362408848517151,0.01579736660779377,0.01102835027336546
31154068978517,Book,In Process,DS175 .H39,NYU Inst Study Ancient World,Small Collection,9998789668907876,Hay zhoghovrdi patmutʻyun /,,,,Haykakan SSH Gitutʻyunneri Akademiayi Hratarakchʻutʻyun,Erevan :,1970-1984.,Armenia--History.; Armenia (Republic)--History.; Armenia.; Arménie--Histoire.; Arménie--Histoire--1991-,http://vocab.getty.edu/tgn/7006651;,,0,maps,Confirm all 9 maps are present upon return,,,2026-03-23,2026-04-23,The Caucasus & The Western Steppe,0.8017314315381475,0.0,0.07032731855597785,0.048589783729584696,0.0,0.06129445195245777,0.018057014223832154,0.8017314315381475
31154068978525,Book,In Process,GN434 .L583 2025,NYU Inst Study Ancient World,Large Collection,9998789470407876,"Lithic raw materials in prehistory : methods, practice and theory /",3700194897; 9783700194897,,,Austrian Academy of Sciences Press,Vienna :,[2025],"Stone implements--Europe--History--Congresses.; Flint--Europe--History--Congresses.; Chert--Europe--History--Congresses.; Stone-cutting--Europe--History--Congresses.; Tools, Prehistoric--Europe--History--Congresses.; Paleolithic period--Europe--Congresses.; Neolithic period--Europe--Congresses.; Europe.; Outils de pierre--Europe--Histoire--Congrès.; Silex--Europe--Histoire--Congrès.; Chert--Europe--Histoire--Congrès.; Pierre--Taille--Histoire--Europe--Congrès.; Outils préhistoriques--Europe--Histoire--Congrès.",http://vocab.getty.edu/tgn/1000003,,0,,,,,2026-03-23,2026-03-23,European and Classical Antiquity,0.5437074676331879,0.0,0.015454217426266324,0.024164776339252795,0.13290626986589038,0.023733262476051852,0.5437074676331879,0.26003400625935075
31154068978533,Book,,PK6199.9 .Q37 2018,NYU Inst Study Ancient World,Small Collection,9998789454407876,Analysis of the verbal system in the Sogdian language = Taḥlīl-i sākhtārī-i fiʻl dar zabān-i Sughdī /,6006326949; 9786006326948; 9647025947; 9789647025942,,"Qarīb, Badr al-Zamān, 1929 or 1930- author.",The Centre for the Great Islamic Encyclopedia (The Centre for Islamic and Iranian Studies),Tehran :,2018.,Sogdian language--Grammar.; Sogdian language--Verb.; Sogdian language--Grammar; Sogdiana.; Sogdien (Langue)--Grammaire.,https://pleiades.stoa.org/places/60058,,0,,,,,2026-03-24,2026-03-24,Central Asia & Siberia,0.7497121805203776,0.13631130554915957,0.7497121805203776,0.0,0.0,0.0,0.02026249136541561,0.0937140225650472
31154068978541,Book,,PJ1809 .N43 2025,NYU Inst Study Ancient World,Large Collection,9998786854507876,Nec pluribus impar : mélanges en l'honneur de Michel Chauveau /,344712444X; 9783447124447,,,Harrassowitz Verlag,Wiesbaden :,2025.,"Egypt--History--332-30 B.C.; Egypt--History--To 332 B.C.; Egypt--Antiquities.; Egyptian language--Papyri, Demotic.; Manuscripts (Papyri)--Egypt.; Ancient Egypt (region); Ptolemaic Kingdom.; Égypte--Histoire--332-30 av. J.-C.; Égypte--Histoire--Jusqu'à 332 av. J.-C.; Égypte--Antiquités.",https://pleiades.stoa.org/places/981503; https://pleiades.stoa.org/places/463803480;,,0,,,,,2026-03-25,2026-03-25,Egypt & North Africa,0.9061522419186653,0.08237747653806048,0.0,0.0,0.0,0.9061522419186653,0.011470281543274244,0.0
31154068978558,Book,In Process,PK8439 .Z5 1969,NYU Inst Study Ancient World,Small Collection,9998789963307876,Zhamanakakitsʻ Hayotsʻ lezvi batsʻatrakan baṛaran /,,,,Haykakan SSH Gitutʻyunneri Akademiayi Hratarakchʻutʻyun,Erevan [Armenian S.S.R.] :,1969-1980.,"Armenian language, Modern--Dictionaries.; Armenian language, Modern; dictionaries.; Dictionaries; Dictionaries.; Dictionnaires.; Armenia.",http://vocab.getty.edu/tgn/7006651,,0,v.4,Garsoian,,,2026-03-26,2026-03-30,The Caucasus & The Western Steppe,0.9161959274187508,0.05089977374548615,0.021306882032994204,0.0,0.0,0.0,0.011597416802768996,0.9161959274187508
31154069008678,Book,,DS797.56.X895 D3986 2025,NYU Inst Study Ancient World,Large Collection,9998788056307876,Dayun Shan : Xi Han Jiangdu wang ling fu zang mu fa jue bao gao /,7501084602; 9787501084609,,,Wen wu chu ban she,Beijing Shi :,2025.,"Jiangdu,--Wang,---127 B.C.--Tomb.; Xuyi Xian (China)--Antiquities.; Excavations (Archaeology)--China--Xuyi Xian.; Tombs--China--Xuyi Xian.; Dayunshan Han Tombs.",,http://www.wikidata.org/entity/Q10933454,0,,,,,2026-03-10,2026-03-10,"China, South Asia, & East Asia",0.9228593414568681,0.0,0.014419677210263564,0.9228593414568681,0.0,0.042332997314535235,0.011681763815909723,0.008706220202423284
31154069008728,Book,,DS795.4.T864 L8953 2025,NYU Inst Study Ancient World,Large Collection,9998788041707876,Lu Xian gu cheng cheng zhi kao gu kan tan bao gao /,7030797698; 9787030797698,,,Ke xue chu ban she,Beijing :,2025.,"Tongzhou Qu (Beijing, China)--Antiquities.; Luxian site.",,http://www.wikidata.org/entity/Q106725255,0,text,,,,2026-03-16,2026-03-19,"China, South Asia, & East Asia",0.755558707656598,0.10989944838641426,0.06362599643423983,0.755558707656598,0.0,0.04317478329466275,0.01633640448987239,0.011404659738212801
31154069008736,Book,,DS797.44.S266 W8357 2024,NYU Inst Study Ancient World,Small Collection,9998788056207876,Kao gu Sanmenxia /,7030803906; 9787030803900,,"Wu, Aiqin, author.",Ke xue chu ban she,Beijing :,2024.,Excavations (Archaeology)--China--Sanmenxia Shi.; Sanmenxia Shi (China)--Antiquities.; Sanmenxia.,http://vocab.getty.edu/tgn/8618788,,0,,,,,2026-03-10,2026-03-10,"China, South Asia, & East Asia",0.9492322459477832,0.0,0.014831753842934113,0.9492322459477832,0.02315200599872642,0.0,0.012783994210556366,0.0
31154069008744,Book,In Process,DS793.S62 X56572 2024,NYU Inst Study Ancient World,Large Collection,9998788054907876,Xinjiang Hami Tian Shan bei lu mu di /,7030792742; 9787030792747,,,Ke xue chu ban she,Beijing :,2024.,Tombs--China--Xinjiang Uygur Zizhiqu.; Excavations (Archaeology)--China--Xinjiang Uygur Zizhiqu.; Xinjiang Uygur Zizhiqu (China)--History.; Hami Tianshan Beilu cemetery.; Tombeaux--Chine--Xinjiang.; Fouilles (Archéologie)--Chine--Xinjiang.; Xinjiang (Chine)--Histoire.,,http://www.wikidata.org/entity/Q138655246;,0,v.1,,,,2026-03-11,2026-03-18,"China, South Asia, & East Asia",0.8661196808077846,0.054132480050486535,0.02014231815832057,0.8661196808077846,0.0,0.039730260587513055,0.011704320010916008,0.008170940384979099
31154069008751,Book,In Process,DS793.S62 X56572 2024,NYU Inst Study Ancient World,Large Collection,9998788054907876,Xinjiang Hami Tian Shan bei lu mu di /,7030792742; 9787030792747,,,Ke xue chu ban she,Beijing :,2024.,Tombs--China--Xinjiang Uygur Zizhiqu.; Excavations (Archaeology)--China--Xinjiang Uygur Zizhiqu.; Xinjiang Uygur Zizhiqu (China)--History.; Hami Tianshan Beilu cemetery.; Tombeaux--Chine--Xinjiang.; Fouilles (Archéologie)--Chine--Xinjiang.; Xinjiang (Chine)--Histoire.,,http://www.wikidata.org/entity/Q138655246;,0,v.3,,,,2026-03-11,2026-03-18,"China, South Asia, & East Asia",0.8661196808077846,0.054132480050486535,0.02014231815832057,0.8661196808077846,0.0,0.039730260587513055,0.011704320010916008,0.008170940384979099
31154069008769,Book,In Process,DS793.S62 X56572 2024,NYU Inst Study Ancient World,Large Collection,9998788054907876,Xinjiang Hami Tian Shan bei lu mu di /,7030792742; 9787030792747,,,Ke xue chu ban she,Beijing :,2024.,Tombs--China--Xinjiang Uygur Zizhiqu.; Excavations (Archaeology)--China--Xinjiang Uygur Zizhiqu.; Xinjiang Uygur Zizhiqu (China)--History.; Hami Tianshan Beilu cemetery.; Tombeaux--Chine--Xinjiang.; Fouilles (Archéologie)--Chine--Xinjiang.; Xinjiang (Chine)--Histoire.,,http://www.wikidata.org/entity/Q138655246;,0,v.2,,,,2026-03-11,2026-03-18,"China, South Asia, & East Asia",0.8661196808077846,0.054132480050486535,0.02014231815832057,0.8661196808077846,0.0,0.039730260587513055,0.011704320010916008,0.008170940384979099
31154069008777,Book,In Process,DS797.28.N564 L6649 2024,NYU Inst Study Ancient World,Large Collection,9998788056107876,Long yuan yu Zhou : Gansu Ning Xian Shijia mu di chu tu wen wu ji cui /,7501085005; 9787501085002,,,Wen wu chu ban she,Beijing :,2024.,Tombs--China--Ning Xian.; Excavations (Archaeology)--China--Ning Xian.; Ning Xian (China)--Antiquities.; Shijia cemetery.,,http://www.wikidata.org/entity/Q138655600,0,,,,,2026-03-10,2026-03-18,"China, South Asia, & East Asia",0.9308501564435344,0.0,0.014544533694430225,0.9308501564435344,0.0,0.03324464844441194,0.012579056168155871,0.008781605249467306
31154069008785,Book,In Process,PL2447 .C453 2024,NYU Inst Study Ancient World,Large Collection,9998788055707876,Chi du su shu : Gansu jian du bo wu guan cang jian du shu xin jing cui /,7564399139; 9787564399139,,,Xi nan jiao tong da xue chu ban she,Chengdu :,2024.,"Gansu jian du bo wu guan--Catalogs.; Chinese letters--China--Gansu Sheng.; Inscriptions, Chinese--China--Gansu Sheng.; Wooden tablets--China--Gansu Sheng.; Gansu.; Inscriptions chinoises--Chine--Gansu.; Tablettes en bois--Chine--Gansu.",http://vocab.getty.edu/tgn/1001261,,0,,,,,2026-03-11,2026-03-18,"China, South Asia, & East Asia",0.972494710521254,0.0,0.015195229851894594,0.972494710521254,0.0,0.0,0.012310059626851317,0.0
31154069008793,Book,,NK6472 .S568 2024,NYU Inst Study Ancient World,Large Collection,9998788055307876,Si lu liu jin : Yazhou wen ming gu guo ye jin yi shu = Treasures along the silk road : metallurgical art of ancient Asian civilizations /,7501084203; 9787501084203,,,Wen wu chu ban she,Beijing Shi :,2024.,Metal-work--Asia--History--Catalogs.; Metallurgy--Asia--History--Catalogs.; Silk Road--Antiquities--Catalogs.; Silk Road.; Travail des métaux--Asie--Histoire--Catalogues.; Métallurgie--Asie--Histoire--Catalogues.,http://vocab.getty.edu/tgn/7031416,,0,,,,,2026-03-11,2026-03-11,"China, South Asia, & East Asia",0.5549311945149656,0.0,0.36995412967664376,0.5549311945149656,0.03171035397228375,0.026425294976903126,0.009998760261530914,0.006980266597672524
31154069008801,Book,,DS796.C59247 C476 2024,NYU Inst Study Ancient World,Large Collection,9998788055407876,Chongqing ku qu kao gu bao gao ji.,7030795911; 9787030795915,,,Ke xue chu ban she,Beijing :,2024.,Chongqing (China)--Antiquities.; Excavations (Archaeology)--China--Chongqing.; Chongqing.; Fouilles (Archéologie)--Chine--Chongqing.,http://vocab.getty.edu/tgn/7001787,,0,v.2,,,,2026-03-11,2026-03-11,"China, South Asia, & East Asia",0.8713606712693699,0.04840892618163166,0.020264201657427205,0.8713606712693699,0.0,0.03997067299400779,0.011775144206342836,0.00822038369122047
31154069008819,Book,,DS796.C59247 C476 2024,NYU Inst Study Ancient World,Large Collection,9998788055407876,Chongqing ku qu kao gu bao gao ji.,7030795911; 9787030795915,,,Ke xue chu ban she,Beijing :,2024.,Chongqing (China)--Antiquities.; Excavations (Archaeology)--China--Chongqing.; Chongqing.; Fouilles (Archéologie)--Chine--Chongqing.,http://vocab.getty.edu/tgn/7001787,,0,v.1,,,,2026-03-11,2026-03-11,"China, South Asia, & East Asia",0.8713606712693699,0.04840892618163166,0.020264201657427205,0.8713606712693699,0.0,0.03997067299400779,0.011775144206342836,0.00822038369122047
31154069008827,Book,,DS797.77.W874 W875 2025,NYU Inst Study Ancient World,Large Collection,9998788058407876,Wushan Jiangdongzui mu di /,7030819810; 9787030819819,,,Ke xue chu ban she,Beijing :,2025.,"Wushan Xian (Sichuan Sheng, China)--History.; Tombs--China--Wushan Xian (Sichuan Sheng); Excavations (Archaeology)--China--Wushan Xian (Sichuan Sheng); Jiangdongzui site.",,http://www.wikidata.org/entity/Q138638994,0,,,,,2026-03-09,2026-03-09,"China, South Asia, & East Asia",0.9302238415990024,0.0,0.014534747524984412,0.9302238415990024,0.0,0.04267081842197259,0.012570592454040574,0.0
31154069008835,Book,In Process,DS797.86.C48 C446 2025,NYU Inst Study Ancient World,Large Collection,9998788058307876,Chengjiang Jinlian Shan /,7501082804; 9787501082803,,,Wen wu chu ban she,Beijing Shi :,2025.,"Chengjiang (Yunnan Sheng, China)--Antiquities.; Tombs--China--Chengjiang (Yunnan Sheng); Excavations (Archaeology)--China--Chengjiang (Yunnan Sheng); Jinlianshan and Xueshan Sites.",,http://www.wikidata.org/entity/Q116695889,0,v.1,,,,2026-03-09,2026-03-11,"China, South Asia, & East Asia",0.8685093793290575,0.0,0.07172064294037792,0.8685093793290575,0.0,0.03983987978573658,0.011736613234176452,0.008193484710651485
31154069008843,Book,In Process,DS797.86.C48 C446 2025,NYU Inst Study Ancient World,Large Collection,9998788058307876,Chengjiang Jinlian Shan /,7501082804; 9787501082803,,,Wen wu chu ban she,Beijing Shi :,2025.,"Chengjiang (Yunnan Sheng, China)--Antiquities.; Tombs--China--Chengjiang (Yunnan Sheng); Excavations (Archaeology)--China--Chengjiang (Yunnan Sheng); Jinlianshan and Xueshan Sites.",,http://www.wikidata.org/entity/Q116695889,0,v.2,,,,2026-03-09,2026-03-11,"China, South Asia, & East Asia",0.8685093793290575,0.0,0.07172064294037792,0.8685093793290575,0.0,0.03983987978573658,0.011736613234176452,0.008193484710651485
31154069008850,Book,In Process,PL2447 .X5695 2024,NYU Inst Study Ancient World,Large Collection,9998788055807876,Baoji chu tu Shang Zhou qing tong qi ming wen yan jiu = Baoji chutu ShangZhou qingtongqi mingwen yanjiu /,7536840128; 9787536840126,,"Xin, Yihua, author.",Shanxi ren min mei shu chu ban she,Xi'an :,2024.,"Inscriptions, Chinese--History and criticism.; Bronzes--China--Inscriptions.; Bronzes, Chinese--China--Baoji Shi.; Bronzes, Chinese--To 221 B.C.; Baoji Shi (China)--Antiquities.; Baoji.; Inscriptions chinoises--Histoire et critique.; Bronzes--Chine--Inscriptions.; Bronzes chinois--Jusqu'à 221 av. J.-C.",http://vocab.getty.edu/tgn/8209961,,0,,,,,2026-03-11,2026-03-18,"China, South Asia, & East Asia",0.9846153846153847,0.0,0.015384615384615385,0.9846153846153847,0.0,0.0,0.0,0.0
31154069008868,Book,In Process,DS797.44.A583 A5983 2024,NYU Inst Study Ancient World,Large Collection,9998788058207876,Anyang Sui Zhang Sheng mu /,7501085498; 9787501085491,,,Wen wu chu ban she,Beijing Shi :,2024.,"Zhang, Sheng,--502-594--Tomb.; Porcelain, Chinese--Three kingdoms-Sui dynasty, 220-618.; Porcelain, Chinese--China--Anyang Shi.; Pottery figures--China--Three kingdoms-Sui dynasty, 220-618.; Pottery figures--China--Anyang Shi.; Tombs--China--Anyang Shi.; Anyang Shi (China)--Antiquities.; Anyang.; Porcelaine chinoise--220-618 (Trois Royaumes-Dynastie des Sui); Figurines de céramique--Chine--220-618 (Trois Royaumes-Dynastie des Sui)",http://vocab.getty.edu/tgn/8212548,,0,,,,,2026-03-09,2026-03-11,"China, South Asia, & East Asia",0.9146848341025516,0.05081582411680842,0.01429195053285237,0.9146848341025516,0.0,0.0,0.011578289039272804,0.008629102208514637
31154069008876,Book,In Process,DS797.39.L554 H434 2024,NYU Inst Study Ancient World,Large Collection,9998788055507876,Hebei Lingshou Gangbei mu di kao gu fa jue bao gao /,7573209975; 9787573209979,,,Shanghai gu ji chu ban she,Shanghai Shi :,2024.,Lingshou Xian (China)--Antiquities.; Tombs--China--Lingshou Xian.; Excavations (Archaeology)--China--Lingshou Xian.; Gangbei cemetery.,,http://www.wikidata.org/entity/Q138655451,0,,,,,2026-03-11,2026-03-18,"China, South Asia, & East Asia",0.9308501564435344,0.0,0.014544533694430225,0.9308501564435344,0.0,0.03324464844441194,0.012579056168155871,0.008781605249467306
31154069008884,Book,In Process,DS797.77.D492 D4936 2024,NYU Inst Study Ancient World,Large Collection,9998788056007876,Deyang Huaqianggou ya mu = Huaqianggou cliff tombs in Deyang /,7501085226; 9787501085224,,,Wen wu chu ban she,Beijing :,2024.,Deyang Shi (China)--History.; Tombs--China--Deyang Shi.; Excavations (Archaeology)--China--Deyang Shi.; Huaqianggou cliff tombs.,,http://www.wikidata.org/entity/Q138655742,0,,,,,2026-03-10,2026-03-18,"China, South Asia, & East Asia",0.917391121657689,0.0,0.021334677247853234,0.917391121657689,0.0,0.04208216154393069,0.0123971773196985,0.006794862230828494
31154069008892,Book,,DS795.15 .H6878 2024,NYU Inst Study Ancient World,Large Collection,9998788055007876,Houtun mu di.,7030793404; 9787030793409,,,Ke xue chu ban she,Beijing :,2024.,Tombs--China--Beijing.; Excavations (Archaeology)--China--Beijing.; Beijing (China)--Antiquities.; Houtun cemetery.; Tombeaux--Chine--Pékin.; Fouilles (Archéologie)--Chine--Pékin.,,http://www.wikidata.org/entity/Q138655392,0,v.1,,,,2026-03-11,2026-03-11,"China, South Asia, & East Asia",0.8713606712693699,0.04840892618163166,0.020264201657427205,0.8713606712693699,0.0,0.03997067299400779,0.011775144206342836,0.00822038369122047
31154069008918,Book,,DS795.15 .H6878 2024,NYU Inst Study Ancient World,Large Collection,9998788055007876,Houtun mu di.,7030793404; 9787030793409,,,Ke xue chu ban she,Beijing :,2024.,Tombs--China--Beijing.; Excavations (Archaeology)--China--Beijing.; Beijing (China)--Antiquities.; Houtun cemetery.; Tombeaux--Chine--Pékin.; Fouilles (Archéologie)--Chine--Pékin.,,http://www.wikidata.org/entity/Q138655392,0,v.2,,,,2026-03-11,2026-03-11,"China, South Asia, & East Asia",0.8713606712693699,0.04840892618163166,0.020264201657427205,0.8713606712693699,0.0,0.03997067299400779,0.011775144206342836,0.00822038369122047
31154069008926,Book,,DS797.59.T65 Z536 2024,NYU Inst Study Ancient World,Large Collection,9998788055607876,"Zi'an shan cheng : 2004, 2007-2009, 2013 nian kao gu fa jue bao gao /",7030700619; 9787030700612,,,Ke xue chu ban she,Beijing :,2024.,Tonghua Shi (China)--Antiquities.; Excavations (Archaeology)--China--Tonghua Shi.; Zi'an Mountain City.,,http://www.wikidata.org/entity/Q113375555,0,,,,,2026-03-11,2026-03-11,"China, South Asia, & East Asia",0.8737914439508992,0.07943558581371812,0.0136529913117328,0.8737914439508992,0.02131198643782681,0.0,0.011807992485822963,0.0
31154069008934,Book,,DS715 .F3668 2024,NYU Inst Study Ancient World,Small Collection,9998788057707876,Qin jun xin tan : yi chu tu wen xian wei zhu yao qie ru dian /,7573213476; 9787573213471,,"Fan, Guodong, author.",Shanghai gu ji chu ban she,Shanghai Shi :,2024.,"Manuscripts, Chinese.; China--Antiquities--Sources.; China--History--Sources.--Qin dynasty, 221-207 B.C.; Imperial China.; Chine--Antiquités--Sources.; Chine--Histoire--Sources.--221-207 av. J.-C. (Dynastie des Qin)",http://vocab.getty.edu/tgn/8697462;,,0,,,,,2026-03-10,2026-03-10,"China, South Asia, & East Asia",0.8786735823388,0.054917098896175,0.04624597801783158,0.8786735823388,0.0,0.0,0.011873967328902705,0.008289373418290566
31154069008942,Book,In Process,DS797.44.L869 W3645 2022,NYU Inst Study Ancient World,Small Collection,9998788058007876,Luoyang gu dai yi yu yi min yi cun yan jiu = Luoyang gudai yiyu yimin yicun yanjiu /,7313274238; 9787313274236,,"Wang, Junhua, author.",Shanghai jiao tong da xue chu ban she,Shanghai Shi :,2022,Luoyang Shi (China)--History.; Luoyang Shi (China)--Antiquities.; Luoyang.,http://vocab.getty.edu/tgn/8627225,,0,,,,,2026-03-09,2026-03-11,"China, South Asia, & East Asia",0.9005455060738237,0.0,0.0473971318986223,0.9005455060738237,0.0,0.032162339502636555,0.011399310203466122,0.008495712321451167
31154069008959,Book,In Process,DS793.S62 W2629 2025,NYU Inst Study Ancient World,Small Collection,9998788058107876,Xiyu hong zhua lu : Wang Binghua Xinjiang kao gu li shi lun cong /,7550645620; 9787550645622,,"Wang, Binghua, author.",Feng huang chu ban she,Nanjing Shi :,2025.,Excavations (Archaeology)--China--Xinjiang Uygur Zizhiqu.; Xinjiang Uygur Zizhiqu (China)--Antiquities.; Xinjiang Uygur Zizhiqu (China)--History.; Xinjiang Uygur Zizhiqu.; Fouilles (Archéologie)--Chine--Xinjiang.; Xinjiang (Chine)--Histoire.,http://vocab.getty.edu/tgn/7001745;,,0,,,,,2026-03-09,2026-03-11,"China, South Asia, & East Asia",0.8526409133484977,0.07751281030440889,0.019828858449965063,0.8526409133484977,0.0,0.030451461191017774,0.011522174504709428,0.008043782201400921
31154069008967,Book,In Process,GT1555 .Z44737 2024,NYU Inst Study Ancient World,Small Collection,9998788057907876,Dong Jin Nan chao fu shi yan jiu /,750108467X; 9787501084678,,"Zhang, Shan, author.",Wen wu chu ban she,Beijing Shi :,2024.,Clothing and dress--China--History.; Costume--China--History.; China--Social life and customs--220-589.; Imperial China.,https://vocab.getty.edu/tgn/8697462,,0,,,,,2026-03-09,2026-03-11,"China, South Asia, & East Asia",0.9305760709010338,0.0,0.0,0.9305760709010338,0.039881831610044306,0.0,0.02954209748892171,0.0
31154069008975,Book,In Process,BF1434.C5 L893 2024,NYU Inst Study Ancient World,Small Collection,9998788057607876,Chu tu jian bo wen xian yu shu shu xin yang yan jiu /,7522734827; 9787522734828,,"Lü, Yahu, 1972- author.",Zhongguo she hui ke xue chu ban she,Beijing :,2024.,"Occultism--China--History--Sources.; Inscriptions, Chinese--History and criticism.; Manuscripts, Chinese--History and criticism.; Imperial China.; Occultisme--Chine--Histoire--Sources.; Inscriptions chinoises--Histoire et critique.",http://vocab.getty.edu/tgn/8697462,,0,,,,,2026-03-10,2026-03-18,"China, South Asia, & East Asia",0.9172391828563627,0.0,0.014331862232130668,0.9172391828563627,0.03931025069384412,0.0,0.029118704217662307,0.0
31154069008983,Book,In Process,GF656 .L5695 2025,NYU Inst Study Ancient World,Small Collection,9998788057407876,Qin Han ju luo di li yu xiang li xing zheng yun zuo : yi kao gu cai liao wei zhong xin /,7307245337; 9787307245334,,"Lin, Xianzhong, author.",Wuhan da xue chu ban she,Wuhan :,2025.,Human settlements--China--History.; Vernacular architecture--China--History.; Imperial China.; Établissements humains--Chine--Histoire.,http://vocab.getty.edu/tgn/8697462,,0,,,,,2026-03-10,2026-03-18,"China, South Asia, & East Asia",0.6235850890047955,0.0,0.00974351701569993,0.6235850890047955,0.026725075243062665,0.022270896035885553,0.31179254450239774,0.005882878198158448
31154069008991,Book,In Process,BF1770.C6 W364 2025,NYU Inst Study Ancient World,Small Collection,9998788057107876,Zhan wen cang tian : chu tu wen xian zhong de shu shu wen hua = Consulting the oracle : the divination culture in excavated documents = Zhan wen cangtian : chutu wenxian zhong de shushu wenhua /,7569722981; 9787569722987,,"Wang, Huaping, author.",Xi nan da xue chu ban she,Chongqing :,2025.,Divination--China--History.; Ancient China.; Imperial China.; Divination--Chine--Histoire.,http://vocab.getty.edu/tgn/8697463; https://vocab.getty.edu/tgn/8697462,,0,,,,,2026-03-10,2026-03-18,"China, South Asia, & East Asia",0.9328396006618117,0.0,0.014575618760340808,0.9328396006618117,0.03997884002836336,0.0,0.012605940549483944,0.0
31154069009007,Book,In Process,CE37 .M875 2025,NYU Inst Study Ancient World,Small Collection,9998788057307876,Dunhuang Tulufan chu tu Huihu wen li fa he zhan bu wen xian yan jiu = Dunhuang Tulufan chutu Huihuwen lifa he zhanbu wenxian yanjiu /,7566024507; 9787566024503,,"Mushajiang, Aili, author.",Zhong yang min zu da xue chu ban she,Beijing Shi :,2025.,"Dunhuang manuscripts.; Calendar, Chinese--China--Turpan-Hami Basin--History.; Astronomy, Chinese--China--Turpan-Hami Basin--History.; Divination--China--Turpan-Hami Basin--History.; Manuscripts, Uighur.; Calendar, Chinese--China--Turpan Shi--History.; Astronomy, Chinese--China--Turpan Shi--History.; Divination--China--Turpan Shi--History.; Mogao Caves.; Turfan Depression.; Calendrier chinois--Chine--Turfan--Histoire.; Astronomie chinoise--Chine--Turfan--Histoire.; Divination--Chine--Turfan--Histoire.",http://vocab.getty.edu/tgn/7029798; https://vocab.getty.edu/tgn/1103342,,0,,,,,2026-03-10,2026-03-18,"China, South Asia, & East Asia",0.933584455734401,0.0,0.014587257120850015,0.933584455734401,0.040010762388617185,0.0,0.011817524756131658,0.0
31154069009031,Book,In Process,NK7983.N363 P464 2024,NYU Inst Study Ancient World,Small Collection,9998788057207876,Ji jin Haihun : Liu He mu yuan chu tu qing tong qi = Jijin Haihun : Liu He muyuan chutu qingtongqi /,7210156615; 9787210156611,,"Peng, Minghan, 1966- author.",Jiangxi ren min chu ban she,Nanchang :,2024.,"Haihun,--hou,--approximately 92-59 B.C.--Tomb.; Bronzes, Chinese--China--Nanchang Shi--To 221 B.C.; Excavations (Archaeology)--China--Nanchang Shi.; Tombs--China--Nanchang Shi.; Nanchang Shi (China)--Antiquities.; Tomb of Marquess of Haihun.",,http://www.wikidata.org/entity/Q22680413,0,,,,,2026-03-10,2026-03-18,"China, South Asia, & East Asia",0.9247018786690862,0.0,0.014448466854204471,0.9247018786690862,0.03963008051438941,0.0,0.01249597133336603,0.008723602628953643
31154069009049,Book,In Process,DS793.N6 W3649 2024,NYU Inst Study Ancient World,Small Collection,9998788055107876,Ji yu wen ming jiao wang de kua guo kao gu yan jiu : yi Yazhou di qu wei li /,703079317X; 9787030793171,,"Wang, Yi, author.",Ke xue chu ban she,Beijing :,2024.,"Silk Road--Antiquities.; China, Northwest--Antiquities.; Silk Road.; Northwest China.",http://vocab.getty.edu/tgn/7031416;,https://www.wikidata.org/entity/Q1153001,0,,,,,2026-03-11,2026-03-18,"China, South Asia, & East Asia",0.6569904283696846,0.0,0.3284952141848423,0.6569904283696846,0.0,0.0,0.008316334536325121,0.006198022909147967
31154069009130,Book,,DS796.C5926 W368 2024,NYU Inst Study Ancient World,Large Collection,9998788057007876,Wanzhou Waziping /,7030787463; 9787030787460,,,Ke xue chu ban she,Beijing :,2024.,"Wanzhou Qu (Chongqing, China)--Antiquities.; Excavations (Archaeology)--China--Chongqing.; Waziping Site.; Fouilles (Archéologie)--Chine--Chongqing.",,http://www.wikidata.org/entity/Q138687749,0,,,,,2026-03-10,2026-03-10,"China, South Asia, & East Asia",0.8661196808077846,0.054132480050486535,0.02014231815832057,0.8661196808077846,0.0,0.039730260587513055,0.011704320010916008,0.008170940384979099
31154069009148,Book,,GN855.C6 J536 2024,NYU Inst Study Ancient World,Large Collection,9998788049807876,Jiangxi Fu He liu yu xian Qin shi qi yi zhi kao gu diao cha bao gao.,7501068127; 9787501068128,,,Wen wu chu ban she,Beijing :,2024.,"Nancheng Xian (Jiangxi Sheng, China)--Antiquities.; Lichuan Xian (Jiangxi Sheng, China)--Antiquities.; Antiquities, Prehistoric--China--Nancheng Xian (Jiangxi Sheng); Antiquities, Prehistoric--China--Lichuan Xian (Jiangxi Sheng); Excavations (Archaeology)--China--Nancheng Xian (Jiangxi Sheng); Excavations (Archaeology)--China--Lichuan Xian (Jiangxi Sheng); China--History--To 221 B.C.; Nancheng.; Lichuan.; Chine--Histoire--Jusqu'à 221 av. J.-C.",http://vocab.getty.edu/tgn/8630755; http://vocab.getty.edu/tgn/8619223;,,0,,,,,2026-03-12,2026-03-12,"China, South Asia, & East Asia",0.7926112556868649,0.0,0.13784543577162867,0.7926112556868649,0.04529207175353513,0.0,0.014281283886249819,0.00996995290172157
31154069009155,Book,,DS797.88.N564 X546 2024,NYU Inst Study Ancient World,Small Collection,9998788050007876,Xiaoxi (Yinjiang) : kao gu diao cha yu fa jue bao gao /,7030804074; 9787030804075,,,Ke xue chu ban she,Beijing :,2024.,Ningbo Shi (China)--Antiquities.; Excavations (Archaeology)--China--Ningbo Shi.; Yinjiang Zhen.; Fouilles (Archéologie)--Chine--Ningbo.,http://vocab.getty.edu/tgn/8677045,,0,,,,,2026-03-12,2026-03-12,"China, South Asia, & East Asia",0.9124415015203831,0.0,0.014256898461255985,0.9124415015203831,0.02225467076878983,0.03258719648287082,0.011549892424308646,0.006909840342391587
31154069009163,Book,,NK7983.A1 C446 2024,NYU Inst Study Ancient World,Large Collection,9998788049707876,Zhongguo qing tong qi ci dian (xiu ding ban) /,7532661547; 9787532661541,,"Chen, Peifen, author, compiler.",Shanghai ci shu chu ban she,Shanghai :,2024.,"Bronzes, Chinese--To 221 B.C.--Dictionaries.; Bronzes, Ancient--China.; Bronzes, Chinese; To 221 B.C.; dictionaries.; Dictionaries; Dictionaries.; Qing tong qi ( kao gu )--zhong guo--ci dian.; Dictionnaires.; Ancient China.; Bronzes antiques--Chine.",http://vocab.getty.edu/tgn/8697463,,0,v.1,,,,2026-03-12,2026-03-12,"China, South Asia, & East Asia",0.8796913375304034,0.0198843134406118,0.013745177148912553,0.8796913375304034,0.037701057322731574,0.028791418897540073,0.011887720777437886,0.008298974882362297
31154069009171,Book,,NK7983.A1 C446 2024,NYU Inst Study Ancient World,Large Collection,9998788049707876,Zhongguo qing tong qi ci dian (xiu ding ban) /,7532661547; 9787532661541,,"Chen, Peifen, author, compiler.",Shanghai ci shu chu ban she,Shanghai :,2024.,"Bronzes, Chinese--To 221 B.C.--Dictionaries.; Bronzes, Ancient--China.; Bronzes, Chinese; To 221 B.C.; dictionaries.; Dictionaries; Dictionaries.; Qing tong qi ( kao gu )--zhong guo--ci dian.; Dictionnaires.; Ancient China.; Bronzes antiques--Chine.",http://vocab.getty.edu/tgn/8697463,,0,v.2,,,,2026-03-12,2026-03-12,"China, South Asia, & East Asia",0.8796913375304034,0.0198843134406118,0.013745177148912553,0.8796913375304034,0.037701057322731574,0.028791418897540073,0.011887720777437886,0.008298974882362297
31154069009189,Book,,NK7983.A1 C446 2024,NYU Inst Study Ancient World,Large Collection,9998788049707876,Zhongguo qing tong qi ci dian (xiu ding ban) /,7532661547; 9787532661541,,"Chen, Peifen, author, compiler.",Shanghai ci shu chu ban she,Shanghai :,2024.,"Bronzes, Chinese--To 221 B.C.--Dictionaries.; Bronzes, Ancient--China.; Bronzes, Chinese; To 221 B.C.; dictionaries.; Dictionaries; Dictionaries.; Qing tong qi ( kao gu )--zhong guo--ci dian.; Dictionnaires.; Ancient China.; Bronzes antiques--Chine.",http://vocab.getty.edu/tgn/8697463,,0,v.3,,,,2026-03-12,2026-03-12,"China, South Asia, & East Asia",0.8796913375304034,0.0198843134406118,0.013745177148912553,0.8796913375304034,0.037701057322731574,0.028791418897540073,0.011887720777437886,0.008298974882362297
31154069009197,Book,,NK7983.A1 C446 2024,NYU Inst Study Ancient World,Large Collection,9998788049707876,Zhongguo qing tong qi ci dian (xiu ding ban) /,7532661547; 9787532661541,,"Chen, Peifen, author, compiler.",Shanghai ci shu chu ban she,Shanghai :,2024.,"Bronzes, Chinese--To 221 B.C.--Dictionaries.; Bronzes, Ancient--China.; Bronzes, Chinese; To 221 B.C.; dictionaries.; Dictionaries; Dictionaries.; Qing tong qi ( kao gu )--zhong guo--ci dian.; Dictionnaires.; Ancient China.; Bronzes antiques--Chine.",http://vocab.getty.edu/tgn/8697463,,0,v.4,,,,2026-03-12,2026-03-12,"China, South Asia, & East Asia",0.8796913375304034,0.0198843134406118,0.013745177148912553,0.8796913375304034,0.037701057322731574,0.028791418897540073,0.011887720777437886,0.008298974882362297
31154069009205,Book,,NK7983.A1 C446 2024,NYU Inst Study Ancient World,Large Collection,9998788049707876,Zhongguo qing tong qi ci dian (xiu ding ban) /,7532661547; 9787532661541,,"Chen, Peifen, author, compiler.",Shanghai ci shu chu ban she,Shanghai :,2024.,"Bronzes, Chinese--To 221 B.C.--Dictionaries.; Bronzes, Ancient--China.; Bronzes, Chinese; To 221 B.C.; dictionaries.; Dictionaries; Dictionaries.; Qing tong qi ( kao gu )--zhong guo--ci dian.; Dictionnaires.; Ancient China.; Bronzes antiques--Chine.",http://vocab.getty.edu/tgn/8697463,,0,v.5,,,,2026-03-12,2026-03-12,"China, South Asia, & East Asia",0.8796913375304034,0.0198843134406118,0.013745177148912553,0.8796913375304034,0.037701057322731574,0.028791418897540073,0.011887720777437886,0.008298974882362297
31154069009213,Book,,NK7983.A1 C446 2024,NYU Inst Study Ancient World,Large Collection,9998788049707876,Zhongguo qing tong qi ci dian (xiu ding ban) /,7532661547; 9787532661541,,"Chen, Peifen, author, compiler.",Shanghai ci shu chu ban she,Shanghai :,2024.,"Bronzes, Chinese--To 221 B.C.--Dictionaries.; Bronzes, Ancient--China.; Bronzes, Chinese; To 221 B.C.; dictionaries.; Dictionaries; Dictionaries.; Qing tong qi ( kao gu )--zhong guo--ci dian.; Dictionnaires.; Ancient China.; Bronzes antiques--Chine.",http://vocab.getty.edu/tgn/8697463,,0,v.6,,,,2026-03-12,2026-03-12,"China, South Asia, & East Asia",0.8796913375304034,0.0198843134406118,0.013745177148912553,0.8796913375304034,0.037701057322731574,0.028791418897540073,0.011887720777437886,0.008298974882362297
31154069009411,Book,In Process,DS797.44.Z446 C4467 2024,NYU Inst Study Ancient World,Small Collection,9998788049907876,Dong Zhou Zheng Han wen hua de kao gu xue yan jiu : yi Zhengzhou di qu du cheng he mu zang cai liao wei zhong xin /,7030788834; 9787030788832,,"Chen, Qinlong, author.",Ke xue chu ban she,Beijing :,2024.,Zhengzhou Shi (China)--Antiquities.; Tombs--China--Zhengzhou Shi.; Excavations (Archaeology)--China--Zhengzhou Shi.; Zhengzhou.; Tombeaux--Chine--Zhengzhou (Shi); Fouilles (Archéologie)--Chine--Zhengzhou (Shi),http://vocab.getty.edu/tgn/7001480,,0,,,,,2026-03-12,2026-03-19,"China, South Asia, & East Asia",0.925016078586442,0.0,0.021512001827591675,0.925016078586442,0.0,0.033036288520944354,0.011709064285904328,0.008726566779117376
31154069009429,Book,In Process,CE37 .D4649 2025,NYU Inst Study Ancient World,Small Collection,9998788049607876,Dunhuang ri yue : chu tu tian wen li fa wen xian tan ze = Dunhuang riyue /,7203138372; 9787203138372,,"Deng, Wenkuan, author.",Shanxi ren min chu ban she,Taiyuan :,2025.,"Dunhuang manuscripts.; Calendar, Chinese--History.; Astronomy, Chinese--History.; Mogao Caves.; Calendrier chinois--Histoire.; Astronomie chinoise--Histoire.",http://vocab.getty.edu/tgn/7029798,,0,,,,,2026-03-12,2026-03-19,"China, South Asia, & East Asia",0.7163446371387702,0.0,0.06156086725411306,0.7163446371387702,0.1688526644684244,0.0,0.05324183113869238,0.0
31154069009437,Book,,DS797.86.S458 L6645 2024,NYU Inst Study Ancient World,Small Collection,9998788049507876,Shizhai Shan wen hua mu di yan jiu /,7501084882; 9787501084883,,"Long, Jingfan, author.",Wen wu chu ban she,Beijing Shi :,2024.,"Shizhai Mound (China); Bronze age--China--Shizhai Mound.; Tombs--China--Shizhai Mound.; Excavations (Archaeology)--China--Shizhai Mound.; Shizhai Cun (Yunnan Sheng, China)--Antiquities.; Shizhaishan Site.",,https://www.wikidata.org/entity/Q2279598,0,,,,,2026-03-12,2026-03-12,"China, South Asia, & East Asia",0.8718821225151799,0.054492632657198746,0.013623158164299686,0.8718821225151799,0.0,0.03999459277592569,0.01178219084479973,0.008225303042596038
31154069009445,Book,,DS797.68.W456 L5363 2025,NYU Inst Study Ancient World,Large Collection,9998788049407876,Liangdai Cun Ruiguo mu di : 2009 nian du fa jue bao gao = LiangdaiCun Ruiguo mudi /,7501086494; 9787501086498,,,Wen wu chu ban she,Beijing Shi :,2025.,Hancheng Shi (China)--Antiquities.; Weinan Shi (China)--Antiquities.; Tombs--China--Weinan Shi.; Excavations (Archaeology)--China--Weinan Shi.; Liangdai cemetery.,,http://www.wikidata.org/entity/Q125939007,0,,,,,2026-03-12,2026-03-12,"China, South Asia, & East Asia",0.9242848278791364,0.0,0.021494995997189216,0.9242848278791364,0.0,0.03301017242425487,0.012490335511880222,0.008719668187539022
31154069009452,Book,In Process,DS73.92 .E53 2025,NYU Inst Study Ancient World,Small Collection,9998786960007876,"Nabuchodonosor : roi de Babylone, entre histoire et légende /",2262105154; 9782262105150,,"Elayi, Josette, author.",Perrin,Paris :,[2025],"Nebuchadnezzar--II,--King of Babylonia,---562 B.C.; Babylonia--Kings and rulers--Biography.; Babylonia.",https://pleiades.stoa.org/places/912816,,0,,,,,2026-03-05,2026-03-11,Ancient Western Asia,0.7979381633825516,0.7979381633825516,0.04641745548762766,0.03207024197327001,0.0,0.04045558047086814,0.027997830294124615,0.05512072839155784
31154069009460,Book,In Process,DS69.5 .S37 2023,NYU Inst Study Ancient World,Small Collection,9998786959707876,I due dittatori : annientiamo Babilonia! /,8864966943; 9788864966946,,"Saporetti, Claudio, author.",Tipheret,Acireale (CT) :,[2023],"Sennacherib,--King of Assyria,---681 B.C.; Xerxes--I,--King of Persia,--519 B.C.-465 B.C. or 464 B.C.; Iraq--Antiquities.; Iran--Antiquities.; Iraq--Civilization--To 634.; Dictators--History.; Babylonia.; Irak--Antiquités.; Iran--Antiquités.; Irak--Civilisation--Jusqu'à 634.; Dictateurs--Histoire.",https://pleiades.stoa.org/places/912816;,,0,,,,,2026-03-05,2026-03-11,Ancient Western Asia,0.8862318878214386,0.8862318878214386,0.02236847264411627,0.03497615722534544,0.0,0.03435158298917856,0.012997896266175672,0.00907400305374528
31154069009478,Book,In Process,BL1616.I5 S26 2021,NYU Inst Study Ancient World,Small Collection,9998786959607876,"La carriera di Inanna : il cosmo, gli dèi della Mesopotamia e un coinvolgimento personale /",8864965823; 9788864965826,,"Saporetti, Claudio, author.",Tipheret,Arcireale :,[2021],"Sumerians--Religion.; Assyro-Babylonian religion.; Mythology, Sumerian.; Venus deities--Middle East.; Inanna--(Sumerian deity); Mesopotamia (region); Sumériens--Religion.; Religion assyro-babylonienne.; Mythologie sumérienne.",https://pleiades.stoa.org/places/874602,,0,,,,,2026-03-05,2026-03-11,Ancient Western Asia,0.8181465631212718,0.8181465631212718,0.0,0.032882445599132455,0.03875431088469182,0.041480149264960665,0.012219827756434359,0.056516703373508906
31154069009486,Book,In Process,DS61.7.M37 A3 2024,NYU Inst Study Ancient World,Small Collection,9998786959507876,Senza veli : ricordi dell'archeologo che scoprì Ebla /,8815389415; 9788815389411,,"Matthiae, Paolo, author.",Società editrice il Mulino,Bologna :,[2024],"Matthiae, Paolo.; Middle East specialists--Italy--Biography.; Archaeologists--Italy--Biography.; Excavations (Archaeology)--Syria.; Ebla (Extinct city); Ebla.; Spécialistes en études moyen-orientales--Italie--Biographies.; Archéologues--Italie--Biographies.",https://pleiades.stoa.org/places/869702586,,0,,,,,2026-03-05,2026-03-11,Ancient Western Asia,0.8822043140336266,0.8822043140336266,0.015235436344330723,0.035457015492260595,0.0,0.044727886515466345,0.013176593595096844,0.00919875401921855
31154069009494,Book,In Process,GR825 .B68 2023,NYU Inst Study Ancient World,Small Collection,9998786959407876,Une histoire des animaux fantastiques /,213084457X; 9782130844570,,"Bouillon, Hélène, author.",PUF,Paris :,"2023, septembre.","Animals, Mythical--History.; Animals, Mythical, in art.; Ancient Egypt (region); Middle East.; Roman Empire.; Animaux fabuleux--Histoire.; Animaux fabuleux dans l'art.",https://pleiades.stoa.org/places/981503; http://vocab.getty.edu/tgn/7001526; http://vocab.getty.edu/tgn/7030347,,0,,,,,2026-03-05,2026-03-11,European and Classical Antiquity,0.7771931817593397,0.05936892360661622,0.014842230901654055,0.03454191918930398,0.040710119044536835,0.033925099203780694,0.7771931817593397,0.03941852629476853
31154069009502,Book,In Process,BL1605.I8 M363 2022,NYU Inst Study Ancient World,Small Collection,9998786959107876,Ishtar la stella : la via della conoscenza e l'unione degli opposti nei Sumeri e Assiro-Babilonesi /,8899668612; 9788899668617,,"Mander, P. author. (Pietro),",Edizioni Ester,Torino :,2022.,Ishtar--(Assyro-Babylonian deity); Mesopotamia (region),https://pleiades.stoa.org/places/874602,,0,,,,,2026-03-05,2026-03-11,Ancient Western Asia,0.4141272945868507,0.4141272945868507,0.0,0.02560059639264168,0.030172131462756265,0.032294330311818636,0.22232096867294088,0.275484678572992
31154069009510,Book,,PJ5229 .T34 2022,NYU Inst Study Ancient World,Small Collection,9998786958807876,Tadmorena : documenti per lo studio della cultura e dell'aramaico di Palmira /,8839409904; 9788839409904,,,Paideia,Torino :,[2022],"Inscriptions, Palmyrene--Syria--Tadmur.; Palmyrene language--Texts.; Inscriptions, Greek--Syria--Tadmur.; Tadmur (Syria)--Civilization.; Civilization; Inscriptions, Greek; Inscriptions, Palmyrene; Palmyrene language; Syria--Tadmur; Texts; Palmyra.; Inscriptions palmyréniennes--Syrie--Palmyre (Ville ancienne); Palmyrénien (Langue)--Textes.; Inscriptions grecques--Syrie--Palmyre (Ville ancienne); Palmyre (Ville ancienne)--Civilisation.",https://pleiades.stoa.org/places/668331;,https://id.oclc.org/worldcat/entity/E39QbtfRpxGBd7jKJ97673wX7B;,0,,,,,2026-03-05,2026-03-05,Ancient Western Asia,0.9392398087179163,0.9392398087179163,0.0,0.0,0.0,0.04761959435798224,0.013140596924101427,0.0
31154069009528,Book,,DF221.T8 A845 2012,NYU Inst Study Ancient World,Small Collection,9998786958607876,Bozköy-Hanaytepe ve çevresi prehistorik dönem araştırmaları /,6056364216; 9786056364211,,"Aslan, Rüstem, author.",Troia Vakfı yayınları,Çanakkale :,2012.,Troas (Turkey); Excavations (Archaeology)--Turkey--Troy (Extinct city); Troy (Extinct city); Turkey--Antiquities.; Hanaytepe Site (Turkey); Antiquities; Excavations (Archaeology); Turkey; Turkey--Troas; Turkey--Troy (Extinct city); Bozköy-Hanaytepe.; Troas (region); Fouilles (Archéologie)--Turquie--Troie (Ville ancienne); Troie (Ville ancienne); Turquie--Antiquités.,https://pleiades.stoa.org/places/581020757; https://pleiades.stoa.org/places/550944;,https://id.oclc.org/worldcat/entity/E39PBJxmHG9jJjCTM3y4pFRqcP;,0,,,,,2026-03-05,2026-03-05,European and Classical Antiquity,0.8583507526052917,0.09863048915682517,0.026823461018915366,0.0,0.0,0.0,0.8583507526052917,0.016195297218967765
31154069009536,Book,,DS156.B34 N54 2017,NYU Inst Study Ancient World,Large Collection,9998786958407876,"Nif dağı : Ballıcaoluk, 2008-2016 : Prof. Dr. Elif Tül Tulunay onuruna /",9944483745; 9789944483742,,,Homer kitabevi,"Beyoğlu, İstanbul :",2017.,"Tulunay, Elif Tül--Bibliography.; Ballıcaoluk Site (Turkey); Kemalpaşa (İzmir İli, Turkey)--Antiquities.; Excavations (Archaeology)--Turkey--Kemalpaşa (İzmir İli); Antiquities; Excavations (Archaeology); Turkey--Kemalpaşa (İzmir İli); Bibliographies; Ballicaoluk.; Fouilles (Archéologie)--Turquie--Kemalpas̜a (Īzmir)",https://pleiades.stoa.org/places/818747000,https://id.oclc.org/worldcat/entity/E39PBJdmgCHRR8p3tPgkmFjpyd;,0,,,,,2026-03-05,2026-03-05,Ancient Western Asia,0.7407291609369235,0.7407291609369235,0.029284641246343487,0.04579052994882799,0.030713160331530976,0.0577632831923289,0.01701675099449689,0.07870247334954812
31154069009544,Book,,DR431 .R525 2013,NYU Inst Study Ancient World,Large Collection,9998786958307876,"Ricerche archeologiche Italiane in Turchia, restauro e valorizzazione = Türkiye'deki İtalyan arkeolojik araştırmaları, restorasyon ve değerlendirme /",6053962120; 9786053962120,,,Arkeoloji ve Sanat Yayınları,"Beyoğlu, İstanbul :",2013.,"Italian Archaeological Mission.; Excavations (Archaeology)--Turkey.; Turkey--Antiquities.; Italian Archaeological Mission; Antiquities; Archaeology--Societies, etc.; Excavations (Archaeology); Turkey; Turkey.; Türkiye--Eski eserler.; Turquie--Antiquités.",https://vocab.getty.edu/tgn/1000144;,https://id.oclc.org/worldcat/entity/E39PBJxmHG9jJjCTM3y4pFRqcP;,0,,,,,2026-03-05,2026-03-05,European and Classical Antiquity,0.8918918918918919,0.10810810810810811,0.0,0.0,0.0,0.0,0.8918918918918919,0.0
31154069009551,Book,,DS66 .C259 2020,NYU Inst Study Ancient World,Large Collection,9998786957907876,La frontiera nord-orientale dell'Impero Ittita : uno studio sulla provincia di Tapika e sulle terre del fiume Kummešmaḫa /,8875753067; 9788875753061,,"Carnevale, Antonio, 1984- author.",Artemide,Roma :,2020,Tokat İli (Turkey)--Antiquities.; Excavations (Archaeology)--Turkey--Maşat Mound.; Antiquities; Excavations (Archaeology); Historical geography; Hittites; Turkey; Turkey--Historical geography.; Turkey--Antiquities.; Excavations (Archaeology)--Turkey.; Maşat Höyük.; Tokat.; Hittites.; Asie Mineure--Géographie historique.; Turquie--Antiquités.; Ancient and medieval history--History of ancient world to ca. 499,https://pleiades.stoa.org/places/133411593; http://vocab.getty.edu/tgn/1001574;,https://id.oclc.org/worldcat/entity/E39PBJxmHG9jJjCTM3y4pFRqcP;,0,,,,,2026-03-05,2026-03-05,Ancient Western Asia,0.8408118308951581,0.8408118308951581,0.021612054404893905,0.03379339416037956,0.03982792883187591,0.042629281624332015,0.012558355937978891,0.008767154145381489
31154069009569,Book,In Process,DB879.P724 S74 2023,NYU Inst Study Ancient World,Large Collection,9998786957407876,Das römische Gräberfeld von Pottenbrunn : Strukturen einer ländlichen Nekropole : die Grabungen des Bundesdenkmalamtes der Jahre 2000-2002 /,3950522026; 9783950522020,,"Steigberg, Eva, author.",Stadtmuseum St Pölten,St. Pölten :,2023.,"Tombs--Austria--Pottenbrunn--History.; Cemeteries--Austria--Pottenbrunn--History.; Excavations (Archaeology)--Austria--Pottenbrunn.; Pottenbrunn (Austria)--Antiquities, Roman.; Pottenbrunn burial ground.",https://pleiades.stoa.org/places/714353568,,0,,,,,2026-03-05,2026-03-11,European and Classical Antiquity,0.6747088434079339,0.12267433516507889,0.021084651356497935,0.04906973406603155,0.05783218657782291,0.06189989389063614,0.6747088434079339,0.012730355535998753
31154069009577,Book,In Process,CC75 .K43 2024,NYU Inst Study Ancient World,Large Collection,9998786957007876,Arkheologicheska karta na Bŭlgarii͡a : nedestruktivni metodi za terenni arkheologicheski prouchvanii͡a i prilozhenie na geografski informat͡sionni sistemi /,6192454825; 9786192454821,,"Kecheva, Nadezhda, 1986- author.","Izdatelstvo na BAN ""Prof Marin Drinov""",Sofii͡a :,2024.,Archaeology--Methodology.; Archaeology--Remote sensing.; Geographic information systems.; Geographic information systems--Bulgaria.; Archaeology--Study and teaching--Bulgaria.; Excavations (Archaeology)--Bulgaria.; Bulgaria.; Archéologie--Méthodologie.; Archéologie--Télédétection.; Archéologie--Étude et enseignement--Bulgarie.,http://vocab.getty.edu/tgn/7006413,,0,,,,,2026-03-05,2026-03-11,Cross-Cultural Studies & Other,0.7077509696944854,0.0,0.011058608901476334,0.025736398897981284,0.7077509696944854,0.025276820346231618,0.22350030621931116,0.0066768959405140126
31154069009593,Book,In Process,NX573.6.A7 H39 1974,NYU Inst Study Ancient World,Large Collection,9998787460307876,Haykakan Arvest /,,,,Haykakan SSH Gitutʻyunneri Akademiayi hratarakchʻutʻyun,Erevan :,1974-,"Art, Armenian--History.; Art, Medieval--Armenia.; Art, Armenian; Art, Medieval; Armenia; History; Armenia (region); Art arménien--Histoire.; Art médiéval--Arménie.",https://pleiades.stoa.org/places/874350,,0,v.1,Garsoian,,,2026-03-06,2026-03-11,The Caucasus & The Western Steppe,0.8582153912415201,0.0,0.03426901735860237,0.07975334948911096,0.0,0.0,0.027762241910766473,0.8582153912415201
31154069009601,Book,In Process,NX573.6.A7 H39 1974,NYU Inst Study Ancient World,Large Collection,9998787460307876,Haykakan Arvest /,,,,Haykakan SSH Gitutʻyunneri Akademiayi hratarakchʻutʻyun,Erevan :,1974-,"Art, Armenian--History.; Art, Medieval--Armenia.; Art, Armenian; Art, Medieval; Armenia; History; Armenia (region); Art arménien--Histoire.; Art médiéval--Arménie.",https://pleiades.stoa.org/places/874350,,0,v.2,Garsoian,,,2026-03-06,2026-03-11,The Caucasus & The Western Steppe,0.8582153912415201,0.0,0.03426901735860237,0.07975334948911096,0.0,0.0,0.027762241910766473,0.8582153912415201
31154069009619,Book,In Process,DS166.5 .E74 1963a,NYU Inst Study Ancient World,Large Collection,9998787460207876,"Hayastaně ěst ""Ashkharhatsʻoytsʻ""-i : (pʻordz VII dari haykakan kʻartezi verakazmutʻyan zhamanakakitsʻ kʻartezagrakan himkʻi vra) = Armenii͡a po ""Ashkharat͡suĭt͡s""-u : (Armi͡anskoĭ geografii VII veka) (opyt. rekonstrukt͡sii Armi͡anskoĭ karty VII veka na sovremennoĭ kartograficheskoĭ osnove) /",,,"Eremyan, S. T. 1908-1992. (Suren Tigrani),",Haykakan SSṚ GA Hratarakchʻutʻyun,Erevan :,1963.,Ashkharhatsʻoytsʻ; Armenia (Republic)--Maps.; Armenia (Republic); Maps; Armenia.; Armenia--Maps.,http://vocab.getty.edu/tgn/7006651;,https://id.oclc.org/worldcat/entity/E39PBJp9mKY4fgRxdKTXWTYXVC;,0,,Garsoian,,,2026-03-06,2026-03-11,The Caucasus & The Western Steppe,0.882584858086663,0.0,0.025086391315124783,0.039225993692740574,0.0,0.03852552951965592,0.014577227385815754,0.882584858086663
31154069009627,Book,In Process,NA1492 .B37 1963,NYU Inst Study Ancient World,Large Collection,9998787460107876,Mijnadaryan hay chartarapetner ev kʻargorts varpetner /,,,"Barkhudaryan, S. G. 1898-1970, author. (Sedrak Gevorgi),",Haykakan SSṚ GA hratarakchʻutʻyun,Erevan :,1963.,"Architecture, Medieval--Armenia.; Church architecture--Armenia.; Sculpture, Medieval--Armenia.; Sculptors--Armenia.; Sculpture, Armenian.; Sculptors; Architecture, Medieval; Church architecture; Sculpture, Armenian; Sculpture, Medieval; Armenia; Armenia (region); Architecture médiévale--Arménie.; Architecture chrétienne--Arménie.; Sculpture médiévale--Arménie.; Sculpteurs--Arménie.",https://pleiades.stoa.org/places/874350,,0,,Garsoian,,,2026-03-06,2026-03-11,The Caucasus & The Western Steppe,0.6913958025351377,0.0,0.010803059414611526,0.025141665546732275,0.029631248680077327,0.02469270723339777,0.21833551659004344,0.6913958025351377
31154069009643,Book,In Process,BQ6345.A58 H68127 2025,NYU Inst Study Ancient World,Small Collection,9998788049307876,Qiuci xun you : kao gu chong jian yu shi jue zai xian /,757321605X; 9787573216052,,"He, Enzhi, author.",Shanghai gu ji chu ban she,Shanghai :,2025.,Buddhist monasteries--China--Aksu Diqu--History.; Monastic and religious life (Buddhism)--China--Aksu Diqu--History.; Meditation--China--Aksu Diqu--Buddhism--History.; Kizil Caves (China); Kizil Caves.,http://vocab.getty.edu/tgn/7030272,,0,,,,,2026-03-13,2026-03-19,"China, South Asia, & East Asia",0.9387116948092558,0.0,0.04940587867417135,0.9387116948092558,0.0,0.0,0.011882426516572857,0.0
31154069009650,Book,In Process,PL2447 .Z484 2024,NYU Inst Study Ancient World,Small Collection,9998788049207876,"""Yuelu shu yuan cang Qin jian (wu)"" shu zheng /",7573210116; 9787573210111,,"Zhu, Honglin, 1972- author.",Shanghai gu ji chu ban she,Shanghai Shi :,2024.,"Yuelu shu yuan--Catalogs.; Inscriptions, Chinese--History and criticism.; Wooden tablets--China.; Imperial China.; Inscriptions chinoises--Histoire et critique.; Tablettes en bois--Chine.",https://vocab.getty.edu/tgn/8697462,,0,,,,,2026-03-13,2026-03-19,"China, South Asia, & East Asia",0.972494710521254,0.0,0.015195229851894594,0.972494710521254,0.0,0.0,0.012310059626851317,0.0
31154069009676,Book,In Process,DS797.54.H455 N456 2024,NYU Inst Study Ancient World,Large Collection,9998789370507876,Nei Menggu Helinge'er Tuchengzi.,7030799062; 9787030799067,,,Ke xue chu ban she,Beijing :,2024.,Horinger Xian (China)--Antiquities.; Excavations (Archaeology)--China--Horinger Xian.; Tombs--China--Horinger Xian.; Tuchengzi Ancient City.,,http://www.wikidata.org/entity/Q126902775,0,,,,,2026-03-19,2026-03-26,"China, South Asia, & East Asia",0.9095867851704906,0.0,0.014212293518288916,0.9095867851704906,0.022185043540743677,0.04172416445736196,0.01229171331311474,0.0
31154069009684,Book,In Process,PK8196.7.A4 G5 1963,NYU Inst Study Ancient World,Large Collection,9998787758207876,Haghbat : chartarapetakan kaṛutsʻvatskʻnerě ev vimakan ardzanagrutʻyunnerě /,,,"Ghafadaryan, K. G. 1907-1976, author. (Karapet Grigori),",Haykakan SSṚ Gitutʻyunneri Akademiayi Hratarakchʻutʻyun,Erevan :,1963.,"Church buildings--Armenia--Haghpat.; Haghpat (Armenia)--Buildings, structures, etc.; Architecture, Medieval--Armenia--Haghpat.; Inscriptions, Armenian--Armenia--Haghpat.; Architecture, Medieval; Buildings; Church buildings; Inscriptions, Armenian; Armenia (Republic)--Haghpat; Haghpat Monastery.",,https://id.oclc.org/worldcat/entity/E39QbtfRgCcbtKrXpFPJQbTW9c; http://www.wikidata.org/entity/Q2423898,0,,,,,2026-03-09,2026-03-11,The Caucasus & The Western Steppe,0.9385246196971989,0.0,0.014664447182768733,0.03412816798898905,0.0,0.0,0.012682765131043229,0.9385246196971989
31154069009692,Issue,,DK511.C2 M33,NYU Inst Study Ancient World,Large Collection,990043242460107876,Materialy i issledovanii͡a po arkheologii Severnogo Kavkaza /,,2782-4888,,Karachaevo-Cherkesskiĭ gosudarstvennyĭ universitet im UD Alieva; T͡Sentr arkheologicheskikh issledovaniĭ AGPU,Armavir :,,"Caucasus, Northern (Russia)--Antiquities--Periodicals.; Excavations (Archaeology)--Russia (Federation)--Caucasus, Northern--Periodicals.; Antiquities; Excavations (Archaeology); Russia (Federation)--Northern Caucasus; Periodicals; Ciscaucasia.",http://vocab.getty.edu/tgn/7025826,,0,vyp.21(2023),,,,2026-03-09,2026-03-09,The Caucasus & The Western Steppe,0.841918294849023,0.0,0.14031971580817051,0.0,0.0,0.0,0.017761989342806393,0.841918294849023
31154069009700,Issue,,DK511.C2 M33,NYU Inst Study Ancient World,Large Collection,990043242460107876,Materialy i issledovanii͡a po arkheologii Severnogo Kavkaza /,,2782-4888,,Karachaevo-Cherkesskiĭ gosudarstvennyĭ universitet im UD Alieva; T͡Sentr arkheologicheskikh issledovaniĭ AGPU,Armavir :,,"Caucasus, Northern (Russia)--Antiquities--Periodicals.; Excavations (Archaeology)--Russia (Federation)--Caucasus, Northern--Periodicals.; Antiquities; Excavations (Archaeology); Russia (Federation)--Northern Caucasus; Periodicals; Ciscaucasia.",http://vocab.getty.edu/tgn/7025826,,0,vyp.22(2024),,,,2026-03-09,2026-03-09,The Caucasus & The Western Steppe,0.841918294849023,0.0,0.14031971580817051,0.0,0.0,0.0,0.017761989342806393,0.841918294849023
31154069009718,Issue,,DK511.C2 M33,NYU Inst Study Ancient World,Large Collection,990043242460107876,Materialy i issledovanii͡a po arkheologii Severnogo Kavkaza /,,2782-4888,,Karachaevo-Cherkesskiĭ gosudarstvennyĭ universitet im UD Alieva; T͡Sentr arkheologicheskikh issledovaniĭ AGPU,Armavir :,,"Caucasus, Northern (Russia)--Antiquities--Periodicals.; Excavations (Archaeology)--Russia (Federation)--Caucasus, Northern--Periodicals.; Antiquities; Excavations (Archaeology); Russia (Federation)--Northern Caucasus; Periodicals; Ciscaucasia.",http://vocab.getty.edu/tgn/7025826,,0,vyp.23(2025),,,,2026-03-09,2026-03-09,The Caucasus & The Western Steppe,0.841918294849023,0.0,0.14031971580817051,0.0,0.0,0.0,0.017761989342806393,0.841918294849023
31154069009726,Book,,DT251 .M33 2025,NYU Inst Study Ancient World,Small Collection,9998783393607876,Sigillata und Lampen aus den Töpfereien von Henchir el Guellal bei Djilma : zur römischen Feinkeramikproduktion in Zentraltunesien vom 3. bis 5. Jahrhundert /,3752009098; 9783752009095; 9783752003512; 3752003510,,"Mackensen, Michael, author.",Reichert Verlag,Wiesbaden :,2025.,"Pottery, Roman--Tunisia.; Tunisia--Antiquities, Roman.; Henchir-el-Guellal.; Djilma.",https://pleiades.stoa.org/places/324723; https://pleiades.stoa.org/places/324700,,0,,,,,2026-03-09,2026-03-09,Egypt & North Africa,0.9561551433389545,0.0,0.0,0.0,0.0,0.9561551433389545,0.04384485666104553,0.0
31154069009734,Book,,PJ3837.S7 A784 2025,NYU Inst Study Ancient World,Small Collection,9998787758107876,"Ṭupšar lā šanān : der Prolog des Chicago-Prismas Sanheribs von Assyrien, intertextuelle und motivgeschichtliche Studien /",9783963273018; 3963273011; 3963273003; 9783963273001,,"Artemov, Nikita, 1979- author.",Zaphon,Münster :,[2025],"Assyria--Kings and rulers.; Cuneiform inscriptions, Akkadian.; Assyro-Babylonian literature.; Akkadian language--Texts.; Assyria--History--Sources.; Assyro-Babylonian literature--History and criticism.; Sennacherib,--King of Assyria,---681 B.C.; Akkadian language; Assyro-Babylonian literature; Middle East--Assyria; History; Sources; Texts; Assyria (kingdom); Littérature assyro-babylonienne.; Akkadien (Langue)--Textes.; Inscriptions cunéiformes akkadiennes.; Littérature assyro-babylonienne--Histoire et critique.",https://pleiades.stoa.org/places/29492,,0,,,,,2026-03-09,2026-03-09,Ancient Western Asia,0.924248112154248,0.924248112154248,0.015961521673716454,0.0,0.0,0.04685951317054372,0.012930853001491811,0.0
31154069009742,Book,,DK511.C2 A678 2025,NYU Inst Study Ancient World,Large Collection,9998787953607876,"XII ""Anfimovskie chtenii͡a"" po arkheologii Zapadnogo Kavkaza : Materialy konferent͡sii 03-06 noi͡abri͡a 2025 g., g. Gori͡achiĭ kli͡uch /",5988136214; 9785988136217,,"""Anfimovskie chtenii͡a"" po arkheologii Zapadnogo Kavkaza Gori͡achiĭ kli͡uch, Russia) 2025 (12th :",T͡sentr paleoėtnologicheskikh issledovaniĭ; Tradit͡sii͡a,Krasnodar :,2025.,"Caucasus, Northern (Russia)--Antiquities--Congresses.; Excavations (Archaeology)--Russia (Federation)--Caucasus, Northern--Congresses.; Archaeology--Russia (Federation)--Caucasus, Northern--History--Congresses.; Ciscaucasia.; Fouilles (Archéologie)--Russie--Ciscaucasie--Congrès.; Archéologie--Russie--Ciscaucasie--Histoire--Congrès.",http://vocab.getty.edu/tgn/7025826,,0,,,,,2026-03-12,2026-03-12,The Caucasus & The Western Steppe,0.8570069149273616,0.0,0.11526993592590241,0.0,0.0,0.0,0.027723149146736025,0.8570069149273616
31154069009759,Book,,DK511.C2 A678 2020,NYU Inst Study Ancient World,Large Collection,9998787953507876,"X ""Anfimovskie chtenii͡a"" po arkheologii Zapadnogo Kavkaza : Zapadnyĭ Kavkaz v kontekste evraziĭskikh drevnosteĭ : materialy mezhdunarodnoĭ arkheologicheskoĭ konferent͡sii (Anapa, 23-25 okti͡abri͡a 2020 g.) = 10th ""Anfimov Readings"" on the archaeology of the Western Caucasus : Western Caucasus in the context of Eurasian antiquities ; Proceedings of the International archaeological conference (Anapa, 23-25 October 2020) /",5604258229; 9785604258224,,"""Anfimovskie chtenii͡a"" po arkheologii Zapadnogo Kavkaza Anapa, Russia) 2020 : (10th :",IP Smorodin EV,Krasnodar :,2020.,"Caucasus, Northern (Russia)--Antiquities--Congresses.; Excavations (Archaeology)--Russia (Federation)--Caucasus, Northern--Congresses.; Archaeology--Russia (Federation)--Caucasus, Northern--History--Congresses.; Ciscaucasia.; Fouilles (Archéologie)--Russie--Ciscaucasie--Congrès.; Archéologie--Russie--Ciscaucasie--Histoire--Congrès.",http://vocab.getty.edu/tgn/7025826,,0,,,,,2026-03-12,2026-03-12,The Caucasus & The Western Steppe,0.7322348094747683,0.0,0.24407826982492273,0.0,0.0,0.0,0.023686920700308957,0.7322348094747683
31154069009767,Book,,CJ1367 .X836 2025,NYU Inst Study Ancient World,Small Collection,9998788042207876,Qi guo huo bi de kao gu xue yan jiu /,7573215177; 9787573215178,,"Xu, Bo, author.",Shanghai gu ji chu ban she,Shanghai Shi :,2025.,"Coins, Chinese--History.; Money--China--History.; China--History--Spring and Autumn period, 722-481 B.C.; Qi.; Monnaies chinoises--Histoire.; Monnaie--Chine--Histoire.; Chine--Histoire--722-481 av. J.-C. (Époque des Printemps et des Automnes)",,http://www.wikidata.org/entity/Q837855;,0,,,,,2026-03-16,2026-03-16,European and Classical Antiquity,0.5674708838035809,0.0630523204226201,0.02639399459551539,0.28373544190179045,0.04864036146887837,0.0,0.5674708838035809,0.010706997807614733
31154069009791,Book,,DS793.S62 O4127 2024,NYU Inst Study Ancient World,Small Collection,9998788048607876,"1909-1910 nian Eluosi Xinjiang tan xian kao cha chu bu jian bao = Preliminary report of the Russian expedition to Xinjiang, China, 1909-1910 /",7573213301; 9787573213303,,"Olʹdenburg, S. F. 1863-1934, author. (Sergeĭ Fedorovich),",Shanghai gu ji chu ban she,Shanghai :,2024.,Excavations (Archaeology)--China--Xinjiang Uygur Zizhiqu--History--20th century.; Xinjiang Uygur Zizhiqu (China)--Antiquities.; Xinjiang Uygur Zizhiqu.; Fouilles (Archéologie)--Chine--Xinjiang--Histoire--20e siècle.,http://vocab.getty.edu/tgn/7001745,,0,,,,,2026-03-13,2026-03-13,"China, South Asia, & East Asia",0.775095914693852,0.07046326497216836,0.10109946713398069,0.775095914693852,0.0,0.03555485847219504,0.010474269117484485,0.007312225610319358
31154069009809,Book,In Process,DS797.68.X535 G36 2025,NYU Inst Study Ancient World,Small Collection,9998788048707876,Changan yu si lu wen hua yi zhi tu xiang chuan bo /,7569539575; 9787569539578,,"Gao, Ming, author.",Shanxi shi fan da xue chu ban zong she you xian gong si,Xi'an :,2025.,Historic sites--Silk Road.; Xi'an Shi (China)--History.; Xi'an Shi (China)--Civilization.; Silk Road--History.; Sian.; Silk Road.; Lieux historiques--Route de la soie.; Route de la soie--Histoire.,http://vocab.getty.edu/tgn/7001810; http://vocab.getty.edu/tgn/7031416;,,0,,,,,2026-03-13,2026-03-19,Central Asia & Siberia,0.5903818407363304,0.0,0.5903818407363304,0.3689886504602065,0.0,0.02708173581359314,0.007978132982923384,0.005569640006946513
31154069009817,Book,,NK1068 .Z466 2024,NYU Inst Study Ancient World,Reference 5 Collection,9998788037007876,Zhongguo wen wu zhi.,7501070997; 9787501070992,,,Wen wu chu ban she,Beijing :,2024.,"Art objects, Chinese--China.; Cultural property--China.; China--Antiquities.; China.; Objets d'art chinois--Chine.; Chine--Antiquités.",http://vocab.getty.edu/tgn/1000111;,,0,v.4,,,,2026-03-18,2026-03-18,"China, South Asia, & East Asia",0.9247018786690862,0.0,0.014448466854204471,0.9247018786690862,0.03963008051438941,0.0,0.01249597133336603,0.008723602628953643
31154069009825,Book,,TP856 .M49 2020,NYU Inst Study Ancient World,Large Collection,9998787953207876,"Steklo na puti͡akh Evrazii v drevnosti i Srednevekovʹe : materialy mezhdunarodnoĭ nauchnoĭ konferent͡sii 29-senti͡abri͡a -1 oki͡abri͡a 2020 g., Moskva /",5943754369; 9785943754364,,"Mezhdunarodnai͡a nauchnai͡a konferent͡sii͡a ""Steklo na puti͡akh Evrazii v drevnosti i Srednevekovʹe"" Moscow, Russia), (2020 : author.",IA RAN,Moskva :,2024.,Glass--Eurasia--History--Congresses.; Eurasia.; Verre--Eurasie--Histoire--Congrès.,http://vocab.getty.edu/tgn/3000006,,0,,,,,2026-03-12,2026-03-12,Ancient Western Asia,0.6924054383815981,0.6924054383815981,0.04172979204531953,0.0,0.0651391875829378,0.0,0.03380641380886645,0.1669191681812781
31154069009833,Book,,DK5850.K78 I29 2024,NYU Inst Study Ancient World,Large Collection,9998787951407876,Poselenie Stena 1 v I͡Ugo-Zapadnom Krymu /,5943754296; 9785943754296,,"I͡Azikov, S. V. author. (Sergeĭ Vladimirovich),",IA RAN,Moskva :,2024.,"Crimea (Ukraine)--Antiquities.; Excavations (Archaeology)--Ukraine--Crimea.; Pottery, Ancient--Ukraine--Crimea.; Stena 1.; Fouilles (Archéologie)--Ukraine--Crimée.",https://pleiades.stoa.org/places/43240983,,0,,,,,2026-03-12,2026-03-12,The Caucasus & The Western Steppe,0.4174254488842123,0.0,0.304492208676468,0.0,0.21467594514045205,0.0,0.0634063972988677,0.4174254488842123
31154069009841,Book,In Process,BX123.2 .G43 1957,NYU Inst Study Ancient World,Large Collection,9998787751607876,Sanahni vankʻě ev nra ardzanagrutʻyunnerě /,,,"Ghafadaryan, K. G. 1907-1976. (Karapet Grigori),",HSSṚ GA Hratarakchʻutʻyun,Erevan :,1957.,"Sanahni Vankʻ.; Monasteries--Armenia.; Inscriptions, Armenian.; Inscriptions, Armenian; Monasteries; Armenia; Sanahin Monastery.",https://pleiades.stoa.org/places/285923206,,0,,,,,2026-03-12,2026-03-18,The Caucasus & The Western Steppe,0.9302238415990024,0.0,0.014534747524984412,0.0,0.0,0.04267081842197259,0.012570592454040574,0.9302238415990024
31154069009858,Book,,PJ3721.H34 N55 2025,NYU Inst Study Ancient World,Small Collection,9998787751407876,Untersuchungen zu mittelbabylonischen Texten aus Haft-Tappe /,3963272287; 9783963272288; 9783963272295; 3963272295,,"Nikkhah Bahrami, Gita, author.",Zaphon,Münster:,2025,Assyro-Babylonian literature--Iran--Haft Tepe.; Assyro-Babylonian literature--Iran--Haft Tepe--History and criticism.; Akkadian language--Texts.; Haft Tepe (Iran)--History--Sources.; Iran--Antiquities.; Assyro-Babylonian literature.; Antiquities; Assyro-Babylonian literature; Iran; Iran--Haft Tepe; Kabnak.; Littérature assyro-babylonienne.; Iran--Antiquités.; Akkadien (Langue)--Textes.,https://pleiades.stoa.org/places/379400932;,https://id.oclc.org/worldcat/entity/E39PBJtrYvcVTwChrDqytBvJXd;,0,,,,,2026-03-12,2026-03-12,Ancient Western Asia,0.9547735334536637,0.9547735334536637,0.0,0.0,0.0,0.04522646654633631,0.0,0.0
31154069009866,Book,,TX407.P4 P65 2022,NYU Inst Study Ancient World,Small Collection,9998787751107876,"Le poivre, fragments d'histoire globale : circulations et consommations, de l'Antiquité à l'époque moderne /",9791037016744,,,Hermann,Paris :,[2022],Pepper (Spice)--History.; Eastern Hemisphere.,,https://www.wikidata.org/entity/Q186198,0,,,,,2026-03-12,2026-03-12,European and Classical Antiquity,0.8065750858113102,0.0,0.03990866310003879,0.0,0.062296449717133724,0.09121980137151722,0.8065750858113102,0.0
31154069009874,Book,In Process,N7973.6.A7 S87 1984,NYU Inst Study Ancient World,Oversize Collection,9998787751007876,Ējmiatsni gandzer = Sokrovishcha Ėchmiadzina = Treasures of Etchmiadzin.,,,"Gandzatun Alekʻ ew Mari Manukean, sponsoring institution.",Yhteiskirjapaino Oy; Editions Erebouni; Mayr Atʻoṛ,Sb. Ējmiatsin : [New York] :,1984.,"Gandzatun Alekʻ ew Mari Manukean--Catalogs.; Christian art and symbolism--Armenia--Catalogs.; Art, Armenian--Catalogs.; Christian art and symbolism--Armenia (Republic)--Ējmiatsin--Catalogs.; Gandzatun Alekʻ ew Mari Manukean; Art, Armenian; Christian art and symbolism; Armenia (Republic)--Ējmiatsin; Armenia; Catalogs; Etchmiadzin Cathedral.; Art arménien--Catalogues.",https://pleiades.stoa.org/places/327730568,,0,,,,,2026-03-12,2026-03-18,The Caucasus & The Western Steppe,0.6584410961872293,0.0,0.025520972720435246,0.21524095724382578,0.026765898218993063,0.039192922392096985,0.03483815323741954,0.6584410961872293
31154069009882,Book,In Process,D2.514.A76 Y474 1964,NYU Inst Study Ancient World,Large Collection,9998787750907876,Hatkanshakan tsʻutsʻak tʻangaranayin zhoghovatsuneri = Katalog Muzeĭnykh Kollekt͡siĭ /,,,"Haykakan SSṚ Gitutʻyunneri Akademia. Petakan Patmakan Tʻangaran, issuing body.",HSSṚ GA Hratarakchʻutʻyun,Erevan :,1964.,"Historical museums--Armenia (Republic)--Yerevan--Catalogs.; Inscriptions, Armenian--Armenia.; Museums; Armenia (Republic)--Yerevan; Catalogs; Armenia (region); Musées--Arménie--Erevan--Catalogues.; Histoire--Musées--Arménie--Erevan--Catalogues.",https://pleiades.stoa.org/places/874350,https://id.oclc.org/worldcat/entity/E39QbtfRFwMFxYQ7V77p7GRBmM;,0,,,,,2026-03-12,2026-03-18,The Caucasus & The Western Steppe,0.9328396006618119,0.0,0.014575618760340811,0.0,0.03997884002836337,0.0,0.012605940549483946,0.9328396006618119
31154069009890,Book,In Process,DS186 .H68 1969,NYU Inst Study Ancient World,Large Collection,9998787750707876,Khaghbakeankʻ kam Pṛosheankʻ hayotsʻ patmutʻean mēj /,,,"Hovsepʻyan, Garegin, 1867-1952, author.",Tparan Katʻoghikosutʻean Hayoy Metsi Tann Kilikioy; Calouste Gulbenkian Foundation Armenian Library,Lisboa :,1969.,Armenia--History--428-1522.; Siwnikʻ (Armenia)--History.; Armenia (Republic)--Siwnikʻ; Armenia; 428-1522; History; Siwnik.; Arménie--Histoire--428-1522.,https://pleiades.stoa.org/places/884213;,https://id.oclc.org/worldcat/entity/E39QbtfRpBTqrbmg3qttvMrWKM;,0,,,,,2026-03-12,2026-03-18,The Caucasus & The Western Steppe,0.8069407082990596,0.0,0.09862608656988506,0.0358640314799582,0.0,0.045241324114626176,0.013327849536470954,0.8069407082990596
31154069009908,Book,In Process,NA5974 .H3 1970,NYU Inst Study Ancient World,Large Collection,9998787750507876,Haykakan ekeghetsʻiner /,,,,Mayr Atʻoṛ S Ējmiadzin,[Ējmiadzin] :,1970.,Church buildings--Armenia (Republic); Church architecture--Armenia (Republic); Church architecture; Church buildings; Armenia (Republic); Armenia (region); Armenia.; Architecture chrétienne--Arménie.,https://pleiades.stoa.org/places/874350; http://vocab.getty.edu/tgn/7006651,https://id.oclc.org/worldcat/entity/E39PBJp9mKY4fgRxdKTXWTYXVC;,0,,,,,2026-03-12,2026-03-18,The Caucasus & The Western Steppe,0.5617942576290167,0.0,0.015968312232349312,0.02496863367240074,0.029427318256758015,0.02452276521396501,0.34331871299551014,0.5617942576290167
31154069009916,Book,,CS2353 .P47 2024,NYU Inst Study Ancient World,Small Collection,9998787750307876,Personal names in cuneiform texts from Babylonia (c. 750-100 BCE) : an introduction /,1009291084; 9781009291088; 1009291092; 9781009291095; 9781009291071; 1009291076,,,Cambridge University Press,"Cambridge, United Kingdom ; New York, NY :",2024.,"Names, Personal--Akkadian--Iraq--Babylonia.; Cuneiform inscriptions, Akkadian--Iraq--Babylonia.; Akkadian language--Iraq--Babylonia--Etymology--Names.; Akkadian language--Etymology--Names; Cuneiform inscriptions, Akkadian; Names, Personal--Akkadian; Essays; Essays.; Babylonia.; Noms de personnes akkadiens--Irak--Babylonie.; Inscriptions cunéiformes akkadiennes--Irak--Babylonie.; Akkadien (Langue)--Irak--Babylonie--Étymologie--Noms.",https://pleiades.stoa.org/places/912816,,0,,,,,2026-03-12,2026-03-12,Cross-Cultural Studies & Other,0.4372606167693774,0.19838676131203234,0.011956344989787664,0.027825675612596745,0.4372606167693774,0.03510119630029406,0.2416440250567612,0.047825379959150656
31154069009924,Book,,BT1475 .V35 2020,NYU Inst Study Ancient World,Small Collection,9998787750207876,Valentinian Christianity : texts and translations /,0520297466; 9780520297463; 9780520969803; 0520969804,,,University of California Press,"Oakland, California :",[2020],"Church history--Primitive and early church; Gnostic literature; Valentinians; 30-600; History; Sources; Valentinians--History--Sources.; Church history--Primitive and early church, ca. 30-600--Sources.; Gnostic literature.; Eastern Mediterranean.; Valentiniens--Histoire--Sources.; Littérature gnostique.",http://vocab.getty.edu/tgn/7593196,,0,,,,,2026-03-12,2026-03-12,Ancient Western Asia,0.49202911140948846,0.49202911140948846,0.013069523271814537,0.030416345068950194,0.0,0.03836924263285002,0.4182247446980652,0.007891032918831418
31154069009932,Book,In Process,GT2850 .S26 2022,NYU Inst Study Ancient World,Small Collection,9998787749707876,Banchetti : storie d'amore e di morte : condite di ricordi ed osservazioni personali /,9791280353450,,"Saporetti, Claudio, author.",WriteUp,Roma :,2022,Food habits--History--To 1500.; Food habits--Social aspects--History--To 1500.; Dinners and dining--History--To 1500.; Europe.; Middle East.,http://vocab.getty.edu/tgn/1000003; http://vocab.getty.edu/tgn/7001526,,0,,,,,2026-03-12,2026-03-18,European and Classical Antiquity,0.6790123456790124,0.0,0.0,0.04938271604938271,0.271604938271605,0.0,0.6790123456790124,0.0
31154069009940,Book,In Process,DS48 .C63 2021,NYU Inst Study Ancient World,Small Collection,9998787749507876,"Passaggio in Oriente : viaggiatrici, scrittrici, archeologhe e scienziate tra '800 e '900 /",8866871990; 9788866871996,,"Ciafardoni, Paola, author.",Scienze e lettere,Roma :,2021.,"Middle East--Description and travel.; Women travelers--Middle East--History--19th century.; Women travelers--Middle East--History--20th century.; Women travelers--Great Britain--Biography.; Women travelers--Europe--Biography.; Travelers' writings, English--19th century--History and criticism.; Travelers' writings, English--20th century--History and criticism.; Travelers' writings, European--19th century--History and criticism.; Travelers' writings, European--20th century--History and criticism.; Travel; Travelers' writings, English; Travelers' writings, European; Women travelers; Europe; Great Britain; Middle East; 1800-1999; Biographies; Criticism, interpretation, etc.; History; Middle East.; North Africa.; Voyageuses--Grande-Bretagne--Biographies.; Voyageuses--Europe--Biographies.; Écrits de voyageurs anglais--19e siècle--Histoire et critique.; Écrits de voyageurs anglais--20e siècle--Histoire et critique.; Écrits de voyageurs européens--19e siècle--Histoire et critique.; Écrits de voyageurs européens--20e siècle--Histoire et critique.",http://vocab.getty.edu/tgn/7001526; http://vocab.getty.edu/tgn/7016886,https://id.oclc.org/worldcat/entity/E39PBJxCxPbbk4CPJDQJb4r6rq; https://id.oclc.org/worldcat/entity/E39PBJdmp7p3cx8hpmJ8HvmTpP;,0,,,,,2026-03-12,2026-03-18,Ancient Western Asia,0.5514751234313018,0.5514751234313018,0.08838649070753972,0.032140542075468986,0.0,0.04054426179244941,0.2791152338132833,0.008338348179956576
31154069009957,Book,In Process,GN416 .F44 2022,NYU Inst Study Ancient World,Small Collection,9998787749407876,"Le feu dans la cité antique : usages, risques, réglementations /",2757433679; 9782757433676,,,Presses universitaires du Septentrion,"Villeneuve d'Ascq, France :",2022.,Fire--Social aspects--Congresses.; Classical antiquities--Congresses.; Classical antiquities; Fire--Social aspects; proceedings (reports); Conference papers and proceedings; Conference papers and proceedings.; Internum Mare.; Actes de congrès.; Feu--Aspect social--Congrès.; Antiquités gréco-romaines--Congrès.,https://pleiades.stoa.org/places/1043,,0,,,,,2026-03-12,2026-03-18,Cross-Cultural Studies & Other,0.57548729313884,0.09155479663572454,0.201420552598594,0.03662191865428981,0.57548729313884,0.0,0.03197151628549111,0.06294392268706062
31154069009965,Book,,QC84 .A83 2006,NYU Inst Study Ancient World,Large Collection,9998787749107876,I pesi da bilancia del bronzo antico e del bronzo medio /,8888233041; 8888233040; 9788888233048; 97888233048,,"Ascalone, Enrico, author",Università degli studi di Roma La Sapienza,[Roma] :,2006.,"Weights and measures, Ancient.; Weights and measures--Syria--Ebla (Extinct city); Excavations (Archaeology)--Syria--Ebla (Extinct city); Syria--Antiquities.; Antiquities; Excavations (Archaeology); Weights and measures; Weights and measures, Ancient; Syria; Syria--Ebla (Extinct city); Archäologische Stätte; Gewicht; Ebla; Ebla.; Arkeologi--Syrien--Ebla (övergivna städer); Ebla (övergivna städer)--bronsåldern.; Geschichte 2400 v. Chr.-1600 v. Chr.; Poids et mesures anciens.; Poids et mesures--Syrie--Ebla (Ville ancienne); Fouilles (Archéologie)--Syrie--Ebla (Ville ancienne); Syrie--Antiquités.",https://pleiades.stoa.org/places/869702586;,https://id.oclc.org/worldcat/entity/E39QbtfRrbPWVQ3tvhM9q9jX7B; https://id.oclc.org/worldcat/entity/E39PBJjCRBKkHMFhK6qCKbXfMP;,0,,,,,2026-03-12,2026-03-12,Ancient Western Asia,0.7274162895907638,0.7274162895907638,0.012562287895893124,0.02923587001226036,0.160797285067432,0.03688011125399816,0.02552337858213206,0.007584777597520376
31154069009973,Book,In Process,Z286.A73 F76 2014,NYU Inst Study Ancient World,Small Collection,9998787746907876,From a dusty dig to the dusty shelves : the development of the archaeological literature in Turkey = Hafriyattan hurufata :Türkiye'de arkeoloji literatürünün gelişimi.,,,,German Archeological Institute,"Gümüşsuyu, İstanbul :",2014.,Archaeological literature--Turkey.; Archaeological literature--Publishing--Turkey.; Archaeological literature; Archaeological literature--Publishing; Turkey; Turkey.,https://vocab.getty.edu/tgn/1000144,https://id.oclc.org/worldcat/entity/E39PBJxmHG9jJjCTM3y4pFRqcP;,0,,,,,2026-03-12,2026-03-18,Ancient Western Asia,0.7991885118837102,0.7991885118837102,0.0,0.049404380734629355,0.03313708463908067,0.062322039917537035,0.043130808577851024,0.012817174247191579
31154069009981,Book,,PJ4013 .C58 2020,NYU Inst Study Ancient World,Reference 4 Collection,9998787746807876,Esbós de gramàtica sumèria = An outline of Sumerian grammar /,8491683747; 9788491683742,,"Civil, Miguel, author.",Edicions Universitat de Barcelona,Barcelona :,[2020],Sumerian language--Grammar; Sumerian language--Grammar.; Sumer.; Sumérien (Langue)--Grammaire.,https://pleiades.stoa.org/places/202833934,,0,,,,,2026-03-12,2026-03-12,Ancient Western Asia,0.9705652048975039,0.9705652048975039,0.016261180511169242,0.0,0.0,0.0,0.013173614591326982,0.0
31154069009999,Book,In Process,DS175 .M27 1977,NYU Inst Study Ancient World,Small Collection,9998787746607876,Erker /,,,"Manandyan, Hakob, 1873-1952, author.",Haykakan SSH GA Hratarakchʻutʻyun,Erevan :,1977-<1985>,"Armenia--History.; Armenian literature--History and criticism.; Armenian literature; Armenia; Criticism, interpretation, etc.; History; Armenia (region); Arménie--Histoire.; Littérature arménienne--Histoire et critique.",https://pleiades.stoa.org/places/874350;,,0,v.1,Garsoian,,,2026-03-12,2026-03-31,The Caucasus & The Western Steppe,0.8936514366400325,0.0,0.0207825915497682,0.032496415877819367,0.0,0.04099318516697397,0.012076370765405846,0.8936514366400325
31154069010005,Book,In Process,DS175 .M27 1977,NYU Inst Study Ancient World,Small Collection,9998787746607876,Erker /,,,"Manandyan, Hakob, 1873-1952, author.",Haykakan SSH GA Hratarakchʻutʻyun,Erevan :,1977-<1985>,"Armenia--History.; Armenian literature--History and criticism.; Armenian literature; Armenia; Criticism, interpretation, etc.; History; Armenia (region); Arménie--Histoire.; Littérature arménienne--Histoire et critique.",https://pleiades.stoa.org/places/874350;,,0,v.2,Garsoian,,,2026-03-12,2026-03-31,The Caucasus & The Western Steppe,0.8936514366400325,0.0,0.0207825915497682,0.032496415877819367,0.0,0.04099318516697397,0.012076370765405846,0.8936514366400325
31154069010013,Book,In Process,DS175 .M27 1977,NYU Inst Study Ancient World,Small Collection,9998787746607876,Erker /,,,"Manandyan, Hakob, 1873-1952, author.",Haykakan SSH GA Hratarakchʻutʻyun,Erevan :,1977-<1985>,"Armenia--History.; Armenian literature--History and criticism.; Armenian literature; Armenia; Criticism, interpretation, etc.; History; Armenia (region); Arménie--Histoire.; Littérature arménienne--Histoire et critique.",https://pleiades.stoa.org/places/874350;,,0,v.3,Garsoian,,,2026-03-12,2026-03-31,The Caucasus & The Western Steppe,0.8936514366400325,0.0,0.0207825915497682,0.032496415877819367,0.0,0.04099318516697397,0.012076370765405846,0.8936514366400325
31154069010021,Book,In Process,DS175 .M27 1977,NYU Inst Study Ancient World,Small Collection,9998787746607876,Erker /,,,"Manandyan, Hakob, 1873-1952, author.",Haykakan SSH GA Hratarakchʻutʻyun,Erevan :,1977-<1985>,"Armenia--History.; Armenian literature--History and criticism.; Armenian literature; Armenia; Criticism, interpretation, etc.; History; Armenia (region); Arménie--Histoire.; Littérature arménienne--Histoire et critique.",https://pleiades.stoa.org/places/874350;,,0,v.5,Garsoian,,,2026-03-12,2026-03-31,The Caucasus & The Western Steppe,0.8936514366400325,0.0,0.0207825915497682,0.032496415877819367,0.0,0.04099318516697397,0.012076370765405846,0.8936514366400325
31154069010039,Book,In Process,DS175 .M27 1977,NYU Inst Study Ancient World,Small Collection,9998787746607876,Erker /,,,"Manandyan, Hakob, 1873-1952, author.",Haykakan SSH GA Hratarakchʻutʻyun,Erevan :,1977-<1985>,"Armenia--History.; Armenian literature--History and criticism.; Armenian literature; Armenia; Criticism, interpretation, etc.; History; Armenia (region); Arménie--Histoire.; Littérature arménienne--Histoire et critique.",https://pleiades.stoa.org/places/874350;,,0,v.6,Garsoian,,,2026-03-12,2026-03-31,The Caucasus & The Western Steppe,0.8936514366400325,0.0,0.0207825915497682,0.032496415877819367,0.0,0.04099318516697397,0.012076370765405846,0.8936514366400325
31154069010047,Book,In Process,PK8531 .M38 2003,NYU Inst Study Ancient World,Large Collection,9998787746407876,Matenagirkʻ Hayotsʻ /,5550016478; 9785550016473; 555001775X; 9785550017753,,,Metsi Tann Kilikioy Katʻoghikosutʻiwn,"Antʻilias, Libanan :",2003-,"Armenian Church--History--Sources.; Armenian Church--Doctrines.; Armenia--History--Sources.; Armenian language, Classical.; Armenian Church; Armenian language, Classical; Theology, Doctrinal; Armenia; History; Sources; Armenia (region); Arménie--Histoire--Sources.; Arménien classique (Langue)",https://pleiades.stoa.org/places/874350;,,0,v.3,Garsoian,,,2026-03-12,2026-03-18,The Caucasus & The Western Steppe,0.9212804487709503,0.0,0.048488444672155274,0.0009841081832134284,0.0,0.0,0.02924699837368096,0.9212804487709503
31154069010054,Book,In Process,PK8531 .M38 2003,NYU Inst Study Ancient World,Large Collection,9998787746407876,Matenagirkʻ Hayotsʻ /,5550016478; 9785550016473; 555001775X; 9785550017753,,,Metsi Tann Kilikioy Katʻoghikosutʻiwn,"Antʻilias, Libanan :",2003-,"Armenian Church--History--Sources.; Armenian Church--Doctrines.; Armenia--History--Sources.; Armenian language, Classical.; Armenian Church; Armenian language, Classical; Theology, Doctrinal; Armenia; History; Sources; Armenia (region); Arménie--Histoire--Sources.; Arménien classique (Langue)",https://pleiades.stoa.org/places/874350;,,0,v.4,Garsoian,,,2026-03-12,2026-03-18,The Caucasus & The Western Steppe,0.9212804487709503,0.0,0.048488444672155274,0.0009841081832134284,0.0,0.0,0.02924699837368096,0.9212804487709503
31154069010062,Book,In Process,PK8531 .M38 2003,NYU Inst Study Ancient World,Large Collection,9998787746407876,Matenagirkʻ Hayotsʻ /,5550016478; 9785550016473; 555001775X; 9785550017753,,,Metsi Tann Kilikioy Katʻoghikosutʻiwn,"Antʻilias, Libanan :",2003-,"Armenian Church--History--Sources.; Armenian Church--Doctrines.; Armenia--History--Sources.; Armenian language, Classical.; Armenian Church; Armenian language, Classical; Theology, Doctrinal; Armenia; History; Sources; Armenia (region); Arménie--Histoire--Sources.; Arménien classique (Langue)",https://pleiades.stoa.org/places/874350;,,0,v.5,Garsoian,,,2026-03-12,2026-03-18,The Caucasus & The Western Steppe,0.9212804487709503,0.0,0.048488444672155274,0.0009841081832134284,0.0,0.0,0.02924699837368096,0.9212804487709503
31154069010070,Book,In Process,PK8531 .M38 2003,NYU Inst Study Ancient World,Large Collection,9998787746407876,Matenagirkʻ Hayotsʻ /,5550016478; 9785550016473; 555001775X; 9785550017753,,,Metsi Tann Kilikioy Katʻoghikosutʻiwn,"Antʻilias, Libanan :",2003-,"Armenian Church--History--Sources.; Armenian Church--Doctrines.; Armenia--History--Sources.; Armenian language, Classical.; Armenian Church; Armenian language, Classical; Theology, Doctrinal; Armenia; History; Sources; Armenia (region); Arménie--Histoire--Sources.; Arménien classique (Langue)",https://pleiades.stoa.org/places/874350;,,0,v.6,Garsoian,,,2026-03-12,2026-03-18,The Caucasus & The Western Steppe,0.9212804487709503,0.0,0.048488444672155274,0.0009841081832134284,0.0,0.0,0.02924699837368096,0.9212804487709503
31154069010088,Book,In Process,PK8531 .M38 2003,NYU Inst Study Ancient World,Large Collection,9998787746407876,Matenagirkʻ Hayotsʻ /,5550016478; 9785550016473; 555001775X; 9785550017753,,,Metsi Tann Kilikioy Katʻoghikosutʻiwn,"Antʻilias, Libanan :",2003-,"Armenian Church--History--Sources.; Armenian Church--Doctrines.; Armenia--History--Sources.; Armenian language, Classical.; Armenian Church; Armenian language, Classical; Theology, Doctrinal; Armenia; History; Sources; Armenia (region); Arménie--Histoire--Sources.; Arménien classique (Langue)",https://pleiades.stoa.org/places/874350;,,0,v.7,Garsoian,,,2026-03-12,2026-03-18,The Caucasus & The Western Steppe,0.9212804487709503,0.0,0.048488444672155274,0.0009841081832134284,0.0,0.0,0.02924699837368096,0.9212804487709503
31154069010096,Book,In Process,PK8531 .M38 2003,NYU Inst Study Ancient World,Large Collection,9998787746407876,Matenagirkʻ Hayotsʻ /,5550016478; 9785550016473; 555001775X; 9785550017753,,,Metsi Tann Kilikioy Katʻoghikosutʻiwn,"Antʻilias, Libanan :",2003-,"Armenian Church--History--Sources.; Armenian Church--Doctrines.; Armenia--History--Sources.; Armenian language, Classical.; Armenian Church; Armenian language, Classical; Theology, Doctrinal; Armenia; History; Sources; Armenia (region); Arménie--Histoire--Sources.; Arménien classique (Langue)",https://pleiades.stoa.org/places/874350;,,0,v.11,Garsoian,,,2026-03-12,2026-03-18,The Caucasus & The Western Steppe,0.9212804487709503,0.0,0.048488444672155274,0.0009841081832134284,0.0,0.0,0.02924699837368096,0.9212804487709503
31154069010179,Book,,NK1068 .Z466 2024,NYU Inst Study Ancient World,Reference 5 Collection,9998788037007876,Zhongguo wen wu zhi.,7501070997; 9787501070992,,,Wen wu chu ban she,Beijing :,2024.,"Art objects, Chinese--China.; Cultural property--China.; China--Antiquities.; China.; Objets d'art chinois--Chine.; Chine--Antiquités.",http://vocab.getty.edu/tgn/1000111;,,0,v.1,,,,2026-03-18,2026-03-18,"China, South Asia, & East Asia",0.9247018786690862,0.0,0.014448466854204471,0.9247018786690862,0.03963008051438941,0.0,0.01249597133336603,0.008723602628953643
31154069010187,Book,,NK1068 .Z466 2024,NYU Inst Study Ancient World,Reference 5 Collection,9998788037007876,Zhongguo wen wu zhi.,7501070997; 9787501070992,,,Wen wu chu ban she,Beijing :,2024.,"Art objects, Chinese--China.; Cultural property--China.; China--Antiquities.; China.; Objets d'art chinois--Chine.; Chine--Antiquités.",http://vocab.getty.edu/tgn/1000111;,,0,v.3,,,,2026-03-18,2026-03-18,"China, South Asia, & East Asia",0.9247018786690862,0.0,0.014448466854204471,0.9247018786690862,0.03963008051438941,0.0,0.01249597133336603,0.008723602628953643
31154069010195,Book,,NK1068 .Z466 2024,NYU Inst Study Ancient World,Reference 5 Collection,9998788037007876,Zhongguo wen wu zhi.,7501070997; 9787501070992,,,Wen wu chu ban she,Beijing :,2024.,"Art objects, Chinese--China.; Cultural property--China.; China--Antiquities.; China.; Objets d'art chinois--Chine.; Chine--Antiquités.",http://vocab.getty.edu/tgn/1000111;,,0,v.2,,,,2026-03-18,2026-03-18,"China, South Asia, & East Asia",0.9247018786690862,0.0,0.014448466854204471,0.9247018786690862,0.03963008051438941,0.0,0.01249597133336603,0.008723602628953643
31154069010203,Book,In Process,PK8009.A24 H37 1970,NYU Inst Study Ancient World,Small Collection,9998787943207876,Manuk Abeghyan : kyankʻn u gortsě /,,,"Harutʻyunyan, Sargis.",Haykakan SSH GA Hratarakchʻutʻyun,Erevan :,1970.,"Abeghyan, Manuk,--1865-1944.; Linguists--Armenia--Biography.; Philologists--Armenia--Biography.; Abeghyan, Manuk,--1865-1944; Linguists; Philologists; Armenia; Biographies; Biographies.; Armenia.; Linguistes--Arménie--Biographies.; Philologues--Arménie--Biographies.",http://vocab.getty.edu/tgn/7006651,,0,,Garsoian,,,2026-03-17,2026-03-19,The Caucasus & The Western Steppe,0.9318509762577939,0.0,0.021670952936227766,0.03388549004573796,0.0,0.0,0.012592580760240458,0.9318509762577939
31154069010211,Book,In Process,DK689.28 .G43 1975,NYU Inst Study Ancient World,Large Collection,9998787943407876,Erevan : mijnadaryan hushardzannerě ev vimakan ardzanagrutʻyunnerě /,,,"Ghafadaryan, K. G. 1907-1976. (Karapet Grigori),",Haykakan SSH Gitutʻyunneri Akademiayi Hratarakchʻutʻyun,Erevan :,1975.,"Yerevan (Armenia)--Antiquities.; Yerevan (Armenia)--History.; Cities and towns--Armenia (Republic)--History.; Inscriptions, Armenian--Armenia (Republic)--Yerevan.; Antiquities; Cities and towns; Inscriptions, Armenian; Armenia (Republic); Armenia (Republic)--Yerevan; History; Yerevan.; Villes--Arménie--Histoire.",https://pleiades.stoa.org/places/863922,https://id.oclc.org/worldcat/entity/E39PBJp9mKY4fgRxdKTXWTYXVC; https://id.oclc.org/worldcat/entity/E39QbtfRFwMFxYQ7V77p7GRBmM;,0,,Garsoian,,,2026-03-18,2026-03-23,The Caucasus & The Western Steppe,0.824634655532359,0.0,0.16492693110647183,0.0,0.0,0.0,0.010438413361169102,0.824634655532359
31154069010229,Book,In Process,ND3239.A7 G48 1982,NYU Inst Study Ancient World,Large Collection,9998787943307876,"Haykakan manrankarchʻutʻyun, dimankar = Armi͡anskai͡a miniati͡ura, portret = Miniature arménienne, portrait /",,,"Gevorgyan, Astghik.","""Sovetakan Grogh"" Hratarakchʻutʻyun",Erevan :,1982.,"Illumination of books and manuscripts, Armenian.; Illumination of books and manuscripts, Medieval--Armenia.; Christian saints--Portraits.; Fathers of the church--Portraits.; Art patrons--Portraits.; Art patrons; Christian saints; Fathers of the church; Illumination of books and manuscripts, Armenian; Illumination of books and manuscripts, Medieval; Armenia; Portraits; Armenia (region); Enluminure arménienne.; Enluminure médiévale--Arménie.; Saints chrétiens--Portraits.; Pères de l'Église--Portraits.; Mécènes--Portraits.",https://pleiades.stoa.org/places/874350,,0,,Garsoian,,,2026-03-18,2026-03-18,The Caucasus & The Western Steppe,0.5356137396135656,0.0,0.03445468500438141,0.4091493844270293,0.0,0.0,0.02078219095502371,0.5356137396135656
31154069010237,Book,In Process,PK8002. A34 1966,NYU Inst Study Ancient World,Small Collection,9998787943107876,Erker /,,,"Abeghyan, Manuk, 1865-1944, author.",Haykakan SSʹH GA Hratarakchʻutʻyun,Erevan :,1966-1985.,"Armenian philology.; Armenian language--Grammar.; Armenian literature--History and criticism.; Armenian language.; Armenian (language); Armenian language--Grammar; Armenian literature; Armenian philology; Criticism, interpretation, etc.; Literary criticism.; Armenia (region); Critiques littéraires.; Armenia--History--Sources.; Armenia--History--To 428.; Armenia--History.; Philologie arménienne.; Arménien (Langue)--Grammaire.; Littérature arménienne--Histoire et critique.; Arménien (Langue)",https://pleiades.stoa.org/places/874350;,,0,v.2,Garsoian,,,2026-03-17,2026-03-23,The Caucasus & The Western Steppe,0.9379586390927285,0.0,0.04936624416277518,0.0,0.0,0.0,0.012675116744496331,0.9379586390927285
31154069010245,Book,In Process,PK8002. A34 1966,NYU Inst Study Ancient World,Small Collection,9998787943107876,Erker /,,,"Abeghyan, Manuk, 1865-1944, author.",Haykakan SSʹH GA Hratarakchʻutʻyun,Erevan :,1966-1985.,"Armenian philology.; Armenian language--Grammar.; Armenian literature--History and criticism.; Armenian language.; Armenian (language); Armenian language--Grammar; Armenian literature; Armenian philology; Criticism, interpretation, etc.; Literary criticism.; Armenia (region); Critiques littéraires.; Armenia--History--Sources.; Armenia--History--To 428.; Armenia--History.; Philologie arménienne.; Arménien (Langue)--Grammaire.; Littérature arménienne--Histoire et critique.; Arménien (Langue)",https://pleiades.stoa.org/places/874350;,,0,v.3,Garsoian,,,2026-03-17,2026-03-20,The Caucasus & The Western Steppe,0.9379586390927285,0.0,0.04936624416277518,0.0,0.0,0.0,0.012675116744496331,0.9379586390927285
31154069010252,Book,In Process,PK8002. A34 1966,NYU Inst Study Ancient World,Small Collection,9998787943107876,Erker /,,,"Abeghyan, Manuk, 1865-1944, author.",Haykakan SSʹH GA Hratarakchʻutʻyun,Erevan :,1966-1985.,"Armenian philology.; Armenian language--Grammar.; Armenian literature--History and criticism.; Armenian language.; Armenian (language); Armenian language--Grammar; Armenian literature; Armenian philology; Criticism, interpretation, etc.; Literary criticism.; Armenia (region); Critiques littéraires.; Armenia--History--Sources.; Armenia--History--To 428.; Armenia--History.; Philologie arménienne.; Arménien (Langue)--Grammaire.; Littérature arménienne--Histoire et critique.; Arménien (Langue)",https://pleiades.stoa.org/places/874350;,,0,v.4,Garsoian,,,2026-03-17,2026-03-20,The Caucasus & The Western Steppe,0.9379586390927285,0.0,0.04936624416277518,0.0,0.0,0.0,0.012675116744496331,0.9379586390927285
31154069010260,Book,In Process,PK8002. A34 1966,NYU Inst Study Ancient World,Small Collection,9998787943107876,Erker /,,,"Abeghyan, Manuk, 1865-1944, author.",Haykakan SSʹH GA Hratarakchʻutʻyun,Erevan :,1966-1985.,"Armenian philology.; Armenian language--Grammar.; Armenian literature--History and criticism.; Armenian language.; Armenian (language); Armenian language--Grammar; Armenian literature; Armenian philology; Criticism, interpretation, etc.; Literary criticism.; Armenia (region); Critiques littéraires.; Armenia--History--Sources.; Armenia--History--To 428.; Armenia--History.; Philologie arménienne.; Arménien (Langue)--Grammaire.; Littérature arménienne--Histoire et critique.; Arménien (Langue)",https://pleiades.stoa.org/places/874350;,,0,v.5,Garsoian,,,2026-03-17,2026-03-20,The Caucasus & The Western Steppe,0.9379586390927285,0.0,0.04936624416277518,0.0,0.0,0.0,0.012675116744496331,0.9379586390927285
31154069010278,Book,In Process,DK679.5.U73 Z3 1965,NYU Inst Study Ancient World,Small Collection,9998787942507876,Nakʻalakʻar Urbnisis xurotʻmożġvreba /,,,"Zakarai͡a, P. P. (Parmen Parnaozovich)","Gamomcʻemloba ""Mecʻniereba""",Tʻbilisi :,1965.,"Urbnisi (Georgia)--Antiquities.; Architecture--Georgia (Republic)--Urbnisi.; Antiquities; Architecture; Georgia (Republic)--Urbnisi; Urbnisi.; Architecture;--Urbnisi, Georgia",https://pleiades.stoa.org/places/863914,https://id.oclc.org/worldcat/entity/E39PBJgCQJXGBCKkYdK9DfQrMP;,0,,Garsoian,,,2026-03-17,2026-03-19,The Caucasus & The Western Steppe,0.501147578026146,0.0,0.48154552363361175,0.0,0.0,0.0,0.017306898340242276,0.501147578026146
31154069010286,Book,In Process,DK679.C65 L867 1972,NYU Inst Study Ancient World,Small Collection,9998787942407876,Żveli kolxetis kultura = Kulʹtura drevneĭ Kolkhidy /,,,"Lordkipanidze, Otar, 1930-2002, author.","Gamomcʻemloba ""Xelovneba""",Tʻbilisi :,1972.,Colchis--Civilization.; Colchis--Antiquities.; Antiquities; Civilization; Asia--Colchis; Colchis/Lazike.,https://pleiades.stoa.org/places/863770,https://id.oclc.org/worldcat/entity/E39PBJkp4QGC6jcH3BxD3v3xXd;,0,,Garsoian,,,2026-03-17,2026-03-19,The Caucasus & The Western Steppe,0.5470725153481987,0.0,0.45292748465180144,0.0,0.0,0.0,0.0,0.5470725153481987
31154069010294,Book,In Process,GN778.22.S65 J37 1969,NYU Inst Study Ancient World,Small Collection,9998787735807876,Arkʻeologiuri gatʻxrebi Tʻrialetʻši : kʻartʻveli tomebis istoriisatʻvis żv. c. II atʻascleulši /,,,"Japʻariże, Otʻar.","""Sabčotʻa Sakʻartʻvelo""",Tʻbilisi :,1969.,Bronze age--Georgia (Republic)--Tʻrialetʻi Region.; Excavations (Archaeology)--Georgia (Republic)--Tʻrialetʻi Region.; Tʻrialetʻi Region (Georgia)--Antiquities.; Antiquities; Bronze age; Excavations (Archaeology); Georgia (Republic)--Trialet Range Region; T’rialet’i.,http://vocab.getty.edu/tgn/1060430,,0,,Garsoian,,,2026-03-18,2026-03-19,The Caucasus & The Western Steppe,0.7536994638458194,0.07851036081727286,0.029213157513403854,0.0,0.05383567598898711,0.04486306332415592,0.03987827851036082,0.7536994638458194
31154069010302,Book,In Process,Z6621.M415 A75 1965,NYU Inst Study Ancient World,Large Collection,9998787735407876,Tsʻutsʻak dzeṛagratsʻ Mashtotsʻi anvan Matenadarani. /,,,Mashtotsʻi Anvan Hin Dzeṛagreri Institut Matenadaran.,Haykakan SSṚ Gitutʻyunneri Akademiayi Hratarakchʻutʻyun,Erevan :,1965-1970.,"Mashtotsʻi Anvan Hin Dzeṛagreri Institut Matenadaran.; Manuscripts, Armenian--Armenia (Republic)--Yerevan--Catalogs.; Mashtotsʻi Anvan Hin Dzeṛagreri Institut Matenadaran; Manuscripts, Armenian; Armenia (Republic)--Yerevan; Catalogs; Armenia (region); Matenadaran.; Mashtotsì Anvan Hin Dzeṛagreri Institut Matenadaran.; Manuscrits arméniens--Arménie--Erevan--Catalogues.",https://pleiades.stoa.org/places/874350;,https://id.oclc.org/worldcat/entity/E39QbtfRFwMFxYQ7V77p7GRBmM; http://www.wikidata.org/entity/Q1322278,0,v.1,Garsoian,,,2026-03-18,2026-03-19,The Caucasus & The Western Steppe,0.8553436874696578,0.0,0.0,0.038015274998651455,0.02549805030397354,0.04795504873683097,0.03318793849088619,0.8553436874696578
31154069010310,Book,In Process,Z6621.M415 A75 1965,NYU Inst Study Ancient World,Large Collection,9998787735407876,Tsʻutsʻak dzeṛagratsʻ Mashtotsʻi anvan Matenadarani. /,,,Mashtotsʻi Anvan Hin Dzeṛagreri Institut Matenadaran.,Haykakan SSṚ Gitutʻyunneri Akademiayi Hratarakchʻutʻyun,Erevan :,1965-1970.,"Mashtotsʻi Anvan Hin Dzeṛagreri Institut Matenadaran.; Manuscripts, Armenian--Armenia (Republic)--Yerevan--Catalogs.; Mashtotsʻi Anvan Hin Dzeṛagreri Institut Matenadaran; Manuscripts, Armenian; Armenia (Republic)--Yerevan; Catalogs; Armenia (region); Matenadaran.; Mashtotsì Anvan Hin Dzeṛagreri Institut Matenadaran.; Manuscrits arméniens--Arménie--Erevan--Catalogues.",https://pleiades.stoa.org/places/874350;,https://id.oclc.org/worldcat/entity/E39QbtfRFwMFxYQ7V77p7GRBmM; http://www.wikidata.org/entity/Q1322278,0,v.2,Garsoian,,,2026-03-18,2026-03-19,The Caucasus & The Western Steppe,0.8553436874696578,0.0,0.0,0.038015274998651455,0.02549805030397354,0.04795504873683097,0.03318793849088619,0.8553436874696578
31154069010328,Book,,DS70.5.A7 E97 v.2 2024,NYU Inst Study Ancient World,Large Collection,9998759655307876,Assur 2024 : continuing the excavations in the New Town and other research across the site /,3935012705; 9783935012706,,,PeWe-Verlag,Gladbeck :,2025.,Ashur (Extinct city)--Antiquities.; New towns--Iraq--Ashur (Extinct city); Excavations (Archaeology)--Iraq--Ashur (Extinct city); Ashur/'Lamban'?/'Liba(nai)'?; Villes nouvelles--Irak--Assour (Ville ancienne); Fouilles (Archéologie)--Irak--Assour (Ville ancienne),https://pleiades.stoa.org/places/893945,,0,,,,,2026-03-19,2026-03-19,Ancient Western Asia,0.8315100683044423,0.8315100683044423,0.02578325793192069,0.040315639675366895,0.027040977831038773,0.050856884911586686,0.014033925203450502,0.010459246142194241
31154069010336,Book,,CC67 .C86 2022,NYU Inst Study Ancient World,Small Collection,9998789470607876,Studia Pontica II ; Études syriennes ; Fouilles de Doura-Europos (1922-1923) /,9062810519; 9789062810512,,"Cumont, Franz, 1868-1947, author.",Academia Belgica,Rome :,[2022],Classical antiquities.; classical archaeology.; Classical antiquities; Pontus.; Syria.; D(o)ura/Europos.; Antiquités gréco-romaines.,https://pleiades.stoa.org/places/857287; https://pleiades.stoa.org/places/1306; https://pleiades.stoa.org/places/893990,,0,,,,,2026-03-19,2026-03-19,European and Classical Antiquity,0.4605890116339356,0.2512303699821467,0.04318021984068146,0.10049214799285867,0.11843717442015488,0.0,0.4605890116339356,0.02607107613022277
31154069010344,Book,,GN784 .A72 2021,NYU Inst Study Ancient World,Large Collection,9998789470507876,Archaeology of coastal settlements = Archéologie des peuplements littoraux /,9464263423; 9789464263428; 9464263415; 9789464263411,,"Colloque International HOMER Oléron, Ile d', France), creator. (2021 :",Sidestone Press,Leiden :,[2025],Coastal archaeology--Congresses.; Coastal archaeology; Conference papers and proceedings; Archéologie côtière--Congrès.,,,0,,,,,2026-03-19,2026-03-19,Cross-Cultural Studies & Other,0.82856077662606,0.07532370696600545,0.0465557474540793,0.03012948278640218,0.82856077662606,0.0,0.011196767251703514,0.008233518915749513
31154069010369,Book,,DS155 .A78 2021,NYU Inst Study Ancient World,Large Collection,9998789470307876,"Arte, funzione e simboli nella cultura materiale dell'Anatolia Antica = Eski Anadolu'nun maddi kültüründe sanat, işlev ve semboller : XII Convegno sul contributo italiano a scavi, ricerche e studi nelle missioni archeologiche in Turchia = XII Türkiye'deki arkeolojik çalışmalara eğitim, araştırma ve kazıda İtalya katkısı archeologiche in Turchia /",9757035092; 9789757035091,,"Convegno sul contributo italiano a scavi, ricerche e studi nelle missioni archeologiche in Turchia Istanbul), 2021 : author. (12th :",Istituto Italiano di Cultura di Istanbul,Istanbul :,[2023],Excavations (Archaeology)--Turkey--Congresses.; Archaeological expeditions--Turkey--Congresses.; Archaeologists--Italy--Congresses.; Turkey--Antiquities--Congresses.; Asia Minor.; Archéologues--Italie--Congrès.; Turquie--Antiquités--Congrès.,https://pleiades.stoa.org/places/837;,,0,,,,,2026-03-19,2026-03-19,Ancient Western Asia,0.8295302295266402,0.8295302295266402,0.030866241098665682,0.048263576990640884,0.0,0.06088295262580846,0.01793578874652195,0.01252121101172287
31154069010377,Book,,DS110.G3 Z95 2025,NYU Inst Study Ancient World,Large Collection,9998789470207876,Gaza : archaeology and history /,3963272961; 9783963272967; 9783963272974; 396327297X,,"Zwickel, Wolfgang, author.",Zaphon,Münster :,2025.,"Excavations (Archaeology)--Gaza Strip.; Gaza Strip--Antiquities.; Archaeology and history--Gaza Strip.; Archaeology and history--Palestine.; Gaza Strip--History.; Gaza Strip.; Archéologie et histoire--Palestine.; Gaza, Bande de--Histoire.",http://vocab.getty.edu/tgn/7001390;,,0,,,,,2026-03-19,2026-03-19,Ancient Western Asia,0.8339925577898508,0.8339925577898508,0.021436773211244636,0.03351931811212797,0.03950491063215083,0.0422835434900697,0.02926289676455617,0.0
31154069010385,Book,In Process,DK673 .P46 1969,NYU Inst Study Ancient World,Large Collection,9998789469707876,"Kʻalakʻebi, sopʻlebi da sacarmoo kerebi Rustʻavelis xanis Sakʻartʻveloši /",,,,"Gamomcʻemloba ""Mecʻniereba""",Tʻbilisi :,1969.,Georgia (Republic)--Antiquities.; Excavations (Archaeology)--Georgia (Republic); Georgia (Republic)--History--To 1801.; Antiquities; Excavations (Archaeology); Georgia (Republic); To 1801; History; Georgia.; Géorgie (République)--Antiquités.; Fouilles (Archéologie)--Géorgie (République); Géorgie (République)--Histoire--Jusqu'à 1801.,http://vocab.getty.edu/tgn/7006653;,https://id.oclc.org/worldcat/entity/E39PBJtRMHxc6jDdXPVCXhmmVC;,0,,Garsoïan Collection,,,2026-03-19,2026-03-23,Central Asia & Siberia,0.6756949394155382,0.0,0.6756949394155382,0.0,0.0,0.0,0.04276550249465431,0.2815395580898075
31154069010393,Book,In Process,GT1057 .H39 1967,NYU Inst Study Ancient World,Large Collection,9998789469507876,Haykakan taraz : hnaguyn zhamanakneritsʻ minchʻev mer ōrerě = Armi͡anskai͡a odezhda : s drevneĭshikh vremen do nashikh dneĭ /,,,"Patrik, Aṛakʻel N., author.",Haykakan SSH GA Hratarakchʻutʻyun,Erevan :,1967.,Costume--Armenia (Republic); Costume; Armenia (Republic); Armenia.,http://vocab.getty.edu/tgn/7006651,https://id.oclc.org/worldcat/entity/E39PBJp9mKY4fgRxdKTXWTYXVC;,0,,Garsoïan,,,2026-03-19,2026-03-23,The Caucasus & The Western Steppe,0.47330298700867196,0.0,0.0,0.20653221251287504,0.24341296474731702,0.0,0.076751835731136,0.47330298700867196
31154069010401,Book,In Process,BL1616.D44 S27 2021,NYU Inst Study Ancient World,Small Collection,9998789469407876,"Amaru / Abūbu : il diluvio mesopotamico : scritti e concetti: posti, proposti e riproposti /",8864965831; 9788864965833,,"Saporetti, Claudio, author.",Tipheret,Acireale (Catania) :,[2021],"Bible. Genesis Criticism, interpretation, etc.; Deluge.; Mythology, Assyro-Babylonian.; Mythology, Sumerian.; Assyro-Babylonian religion--Influence.; Jews--History--Babylonian captivity, 598-515 B.C.; Bible. Genesis; Deluge; Jews; Mythology, Assyro-Babylonian; Jews in Babylonian captivity--(598 - 515 B.C.); 598-515 B.C.; Criticism, interpretation, etc.; History; Mesopotamia (region); Déluge.; Mythologie assyro-babylonienne.; Religion assyro-babylonienne--Influence.; Juifs--Histoire--598-515 av. J.-C. (Captivité de Babylone); Mythologie sumérienne.",https://pleiades.stoa.org/places/874602,,0,,,,,2026-03-19,2026-03-23,Ancient Western Asia,0.8447553523288326,0.8447553523288326,0.0,0.03395188975867078,0.04001472721557628,0.04282921873226819,0.02964053867820465,0.008808273286447609
31154069010419,Book,,DS715 .Z466 2024,NYU Inst Study Ancient World,Reference 5 Collection,9998789367907876,Zhongguo wen wu zhi.,7501066590; 9787501066599,,,Wen wu chu ban she,Beijing Shi :,2024.,China--Antiquities.; Cultural property.; intangible cultural heritage.; China.; Chine--Antiquités.; Patrimoine culturel immatériel.,http://vocab.getty.edu/tgn/1000111;,,0,v.1,,,,2026-03-21,2026-03-21,"China, South Asia, & East Asia",0.9182226900148854,0.0,0.021354016046857802,0.9182226900148854,0.03935240100063795,0.0,0.012408414729930886,0.0086624782076876
31154069010427,Book,,DS715 .Z466 2024,NYU Inst Study Ancient World,Reference 5 Collection,9998789367907876,Zhongguo wen wu zhi.,7501066590; 9787501066599,,,Wen wu chu ban she,Beijing Shi :,2024.,China--Antiquities.; Cultural property.; intangible cultural heritage.; China.; Chine--Antiquités.; Patrimoine culturel immatériel.,http://vocab.getty.edu/tgn/1000111;,,0,v.2,,,,2026-03-21,2026-03-21,"China, South Asia, & East Asia",0.9182226900148854,0.0,0.021354016046857802,0.9182226900148854,0.03935240100063795,0.0,0.012408414729930886,0.0086624782076876
31154069010435,Book,,DS715 .Z466 2024,NYU Inst Study Ancient World,Reference 5 Collection,9998789367907876,Zhongguo wen wu zhi.,7501066590; 9787501066599,,,Wen wu chu ban she,Beijing Shi :,2024.,China--Antiquities.; Cultural property.; intangible cultural heritage.; China.; Chine--Antiquités.; Patrimoine culturel immatériel.,http://vocab.getty.edu/tgn/1000111;,,0,v.3,,,,2026-03-21,2026-03-21,"China, South Asia, & East Asia",0.9182226900148854,0.0,0.021354016046857802,0.9182226900148854,0.03935240100063795,0.0,0.012408414729930886,0.0086624782076876
31154069010443,Book,,DS715 .Z466 2024,NYU Inst Study Ancient World,Reference 5 Collection,9998789367907876,Zhongguo wen wu zhi.,7501066590; 9787501066599,,,Wen wu chu ban she,Beijing Shi :,2024.,China--Antiquities.; Cultural property.; intangible cultural heritage.; China.; Chine--Antiquités.; Patrimoine culturel immatériel.,http://vocab.getty.edu/tgn/1000111;,,0,v.4,,,,2026-03-21,2026-03-21,"China, South Asia, & East Asia",0.9182226900148854,0.0,0.021354016046857802,0.9182226900148854,0.03935240100063795,0.0,0.012408414729930886,0.0086624782076876
31154069010450,Book,In Process,DS162 .T875 1967,NYU Inst Study Ancient World,Small Collection,9998789669407876,Tʻurkʻakan aghbyurner /,,,,Haykakan SSH Gitutʻyunneri Akademiayi Hratarakchʻutʻyun,Erevan :,1967-<1972>,Armenia (Republic)--History--Sources.; Armenia (Republic); History; Sources; Armenia.; Arménie--Histoire--1991---Sources.,http://vocab.getty.edu/tgn/7006651;,https://id.oclc.org/worldcat/entity/E39PBJp9mKY4fgRxdKTXWTYXVC;,0,v.4,Garsoian,,,2026-03-20,2026-04-23,The Caucasus & The Western Steppe,0.6337037306855565,0.0,0.2112345768951855,0.05888963961926383,0.0,0.07428738942797043,0.021884663372023723,0.6337037306855565
31154069010468,Book,In Process,DS186 .C66 1970,NYU Inst Study Ancient World,Small Collection,9998789669307876,Kostandin Tsiranatsin /,,,"Constantine VII Porphyrogenitus, Emperor of the East, 905-959.",Haykakan SSH Gitutʻyunneri Akademiayi Hratarakchʻutʻyun,Erevan :,1970.,"Basil--I,--Emperor of the East,--approximately 812-886.; Constantine--VII Porphyrogenitus,--Emperor of the East,--905-959.; Armenia--History--428-1522--Sources.; Byzantine Empire--History--527-1081--Sources.; Emperors--Byzantine Empire--Biography.; Education of princes--Byzantine Empire.; Basil--I,--Emperor of the East,--approximately 812-886; Constantine--VII Porphyrogenitus,--Emperor of the East,--905-959; Education of princes; Emperors; Armenia; Byzantine Empire; 428-1522; History; Biographies; Sources; Biographies.; Byzantine Empire.; Arménie--Histoire--428-1522--Sources.; Empire byzantin--Histoire--527-1081--Sources.; Empereurs--Empire byzantin--Biographies.",http://vocab.getty.edu/tgn/7024407;,,0,,Garsoian,,,2026-03-20,2026-03-23,Ancient Western Asia,0.7896922696207959,0.7896922696207959,0.024486582003745608,0.03828811004222041,0.0,0.04829922138353492,0.03342612781463686,0.06580768913506632
31154069010476,Book,In Process,BX129.N48 H35 1964,NYU Inst Study Ancient World,Small Collection,9998789669207876,Nerses Shnorhali /,,,"Hakobyan, G. A. 1907-1981. (Grigor Arshaki),",Haykakan SSṚ KA Hrat,Erevan :,1964.,"Nersēs,--Shnorhali, Saint,--1102-1173.; Nersēs,--Shnorhali, Saint,--1102-1173; Armenia (region)",https://pleiades.stoa.org/places/874350,,0,,Garsoian,,,2026-03-20,2026-03-23,The Caucasus & The Western Steppe,0.6163207280317481,0.32245243716696753,0.0,0.0,0.0,0.04441946838524553,0.01680736641603885,0.6163207280317481
31154069010484,Book,In Process,GB239.G4 K3 1965,NYU Inst Study Ancient World,Small Collection,9998789669107876,Fiziko-geograficheskai͡a kharakteristika okrestnosteĭ Tbilisi /,,,"Kavrishvili, K. V. (Ketevan Vissarionovna)",Met͡sniereba = Mecʻniereba,Tbilisi = Tʻbilisi :,1965.,Physical geography--Georgia (Republic)--Tʻbilisi.; Physical geography; Georgia (Republic); Tbilisi.; Géographie physique--Géorgie (République),https://pleiades.stoa.org/places/863903,https://id.oclc.org/worldcat/entity/E39PBJtRMHxc6jDdXPVCXhmmVC;,0,,Garsoian,,,2026-03-20,2026-03-23,European and Classical Antiquity,0.5456635854928592,0.2436447200112373,0.01705198704665185,0.03968462439948067,0.04677116447081651,0.038975970392347084,0.5456635854928592,0.0682079481866074
31154069010492,Book,In Process,DS162 .B95 1967,NYU Inst Study Ancient World,Small Collection,9998789669007876,Prokopios Kesaratsʻi /,,,Procopius.,Haykakan SSH Gitutʻyunneri Akademiayi Hratarakchʻutʻyun,Erevan :,1967.,Armenia--History--428-640.; Armenia--History--Sources.; Armenia; 428-640; History; Sources; Armenia (region); Arménie--Histoire--428-640.; Arménie--Histoire--Sources.,https://pleiades.stoa.org/places/874350;,,0,,Garsoian,,,2026-03-20,2026-03-23,The Caucasus & The Western Steppe,0.7315833463383085,0.0,0.12193055772305142,0.04433838462656415,0.02973916042025644,0.05593144849681258,0.016477102395006948,0.7315833463383085
31154069010500,Book,In Process,PK8002. A34 1966,NYU Inst Study Ancient World,Small Collection,9998787943107876,Erker /,,,"Abeghyan, Manuk, 1865-1944, author.",Haykakan SSʹH GA Hratarakchʻutʻyun,Erevan :,1966-1985.,"Armenian philology.; Armenian language--Grammar.; Armenian literature--History and criticism.; Armenian language.; Armenian (language); Armenian language--Grammar; Armenian literature; Armenian philology; Criticism, interpretation, etc.; Literary criticism.; Armenia (region); Critiques littéraires.; Armenia--History--Sources.; Armenia--History--To 428.; Armenia--History.; Philologie arménienne.; Arménien (Langue)--Grammaire.; Littérature arménienne--Histoire et critique.; Arménien (Langue)",https://pleiades.stoa.org/places/874350;,,0,v.6,Garsoian,,,2026-03-20,2026-03-23,The Caucasus & The Western Steppe,0.9379586390927285,0.0,0.04936624416277518,0.0,0.0,0.0,0.012675116744496331,0.9379586390927285
31154069010518,Book,In Process,PK8002. A34 1966,NYU Inst Study Ancient World,Small Collection,9998787943107876,Erker /,,,"Abeghyan, Manuk, 1865-1944, author.",Haykakan SSʹH GA Hratarakchʻutʻyun,Erevan :,1966-1985.,"Armenian philology.; Armenian language--Grammar.; Armenian literature--History and criticism.; Armenian language.; Armenian (language); Armenian language--Grammar; Armenian literature; Armenian philology; Criticism, interpretation, etc.; Literary criticism.; Armenia (region); Critiques littéraires.; Armenia--History--Sources.; Armenia--History--To 428.; Armenia--History.; Philologie arménienne.; Arménien (Langue)--Grammaire.; Littérature arménienne--Histoire et critique.; Arménien (Langue)",https://pleiades.stoa.org/places/874350;,,0,v.7,Garsoian,,,2026-03-20,2026-03-23,The Caucasus & The Western Steppe,0.9379586390927285,0.0,0.04936624416277518,0.0,0.0,0.0,0.012675116744496331,0.9379586390927285
31154069010526,Book,In Process,DS175 .H39,NYU Inst Study Ancient World,Small Collection,9998789668907876,Hay zhoghovrdi patmutʻyun /,,,,Haykakan SSH Gitutʻyunneri Akademiayi Hratarakchʻutʻyun,Erevan :,1970-1984.,Armenia--History.; Armenia (Republic)--History.; Armenia.; Arménie--Histoire.; Arménie--Histoire--1991-,http://vocab.getty.edu/tgn/7006651;,,0,t.2:1984,Garsoian,,,2026-03-20,2026-03-23,The Caucasus & The Western Steppe,0.8017314315381475,0.0,0.07032731855597785,0.048589783729584696,0.0,0.06129445195245777,0.018057014223832154,0.8017314315381475
31154069010534,Book,In Process,HD951.A7 P35,NYU Inst Study Ancient World,Small Collection,9998789668807876,Kalvatsagrer /,,,"Pʻapʻazyan, H. D.",Haykakan SSH Gitutʻyunneri Akademiayi Hratarakchʻutʻyun,Erevan :,1968.,Church lands--Armenia.; Deeds--Armenia.; Church lands; Deeds; Armenia; Matenadaran.; Terres d'Église--Arménie.; Actes formalistes--Arménie.,,http://www.wikidata.org/entity/Q1322278,0,prak.1:1968,Garsoian,,,2026-03-20,2026-03-23,The Caucasus & The Western Steppe,0.7085390189790638,0.0,0.10346582380472594,0.06584403004653926,0.0,0.0646682437957082,0.05748288337396284,0.7085390189790638
31154069010542,Book,In Process,DS181 .J67 1976,NYU Inst Study Ancient World,Small Collection,9998789668707876,"Hovsepos Pʻlavios, Dion Kassios /",,,"Josephus, Flavius.",Haykakan SSH GA Hratarakchʻutʻyun,Erevan :,1976.,Armenia--History--To 428--Sources.; Armenia; To 428; History; Sources; Armenia (region); Arménie--Histoire--Jusqu'à 428--Sources.,https://pleiades.stoa.org/places/874350;,,0,,Garsoian,,,2026-03-20,2026-03-23,The Caucasus & The Western Steppe,0.7911191843414092,0.0,0.12612044967761593,0.035160852637395955,0.0,0.03453298026887103,0.013066533074707959,0.7911191843414092
31154069010559,Book,In Process,DK511.G44 B47 1967,NYU Inst Study Ancient World,Small Collection,9998789668607876,Berżeni mcerlebis cʻnobebi Sakʻartʻvelos šesaxeb /,,,,"""Mecʻniereba """,Tʻbilisi :,1967-<1987>,Georgia (Republic)--History--Historiography.--To 1801; Georgia (Republic)--History--To 1801--Sources.; Historiography; Georgia (Republic); To 1801; Sources; History; Georgia.; Géorgie (République)--Histoire--Historiographie.--Jusqu'à 1801; Géorgie (République)--Histoire--Jusqu'à 1801--Sources.,http://vocab.getty.edu/tgn/7006653;,https://id.oclc.org/worldcat/entity/E39PBJtRMHxc6jDdXPVCXhmmVC;,0,v.1,Garsoian,,,2026-03-20,2026-03-23,The Caucasus & The Western Steppe,0.6469788226151156,0.0,0.3306780648921702,0.0,0.0,0.0,0.022343112492714205,0.6469788226151156
31154069010567,Book,In Process,DS175 .H39,NYU Inst Study Ancient World,Small Collection,9998789668907876,Hay zhoghovrdi patmutʻyun /,,,,Haykakan SSH Gitutʻyunneri Akademiayi Hratarakchʻutʻyun,Erevan :,1970-1984.,Armenia--History.; Armenia (Republic)--History.; Armenia.; Arménie--Histoire.; Arménie--Histoire--1991-,http://vocab.getty.edu/tgn/7006651;,,0,t.1:1971,Garsoian,,,2026-03-20,2026-03-23,The Caucasus & The Western Steppe,0.8017314315381475,0.0,0.07032731855597785,0.048589783729584696,0.0,0.06129445195245777,0.018057014223832154,0.8017314315381475
31154069010575,Bound Issue,,PA3339 .Z45,NYU Inst Study Ancient World,Oak Collection,990028566520107876,Zeitschrift für Papyrologie und Epigraphik.,,0084-5388,,Rudolf Habelt Verlag GMBH,Bonn :,1967-,"Manuscripts (Papyri)--Periodicals.; Inscriptions; Manuscripts, Greek (Papyri); Manuscripts (Papyri); Periodicals; Periodicals.; Papyri.; Inscripties.; Oudheid.; Greek philology--Periodicals.; Inscriptions--Periodicals.; Manuscripts, Greek (Papyri)--Periodicals.; Papyrus (Manuscrits)--Périodiques.; Papyrus grecs--Périodiques.; Inscriptions--Périodiques.",,,0,Bd.236(2025),,,,2026-03-20,2026-03-20,Egypt & North Africa,0.9547714894624676,0.0,0.014918304522851056,0.0,0.0,0.9547714894624676,0.03031020601468151,0.0
31154069010583,Book,In Process,DS156.P38 C64 2017,NYU Inst Study Ancient World,Large Collection,9998789466807876,Perge batı Nekropolis mezar buluntuları : 1997-2007 yılları arasında 169 numaralı parselde yürütülen çalışmalar /,6059680534; 9786059680530,,"Çokay-Kepçe, Sedef, author.",Ege Yayınları,"Taksim, İstanbul :",2017.,Perga (Extinct city); Excavations (Archaeology)--Turkey--Perga (Extinct city); Turkey--Antiquities.; Antiquities; Excavations (Archaeology); Turkey; Turkey--Perga (Extinct city); Perge.; Perge (Ville ancienne); Fouilles (Archéologie)--Turquie--Perge (Ville ancienne); Turquie--Antiquités.,https://pleiades.stoa.org/places/639048;,https://id.oclc.org/worldcat/entity/E39PBJxmHG9jJjCTM3y4pFRqcP;,0,,,,,2026-03-20,2026-03-23,Ancient Western Asia,0.8546198240197259,0.8546198240197259,0.026499839504487626,0.041436112679744286,0.0,0.05227032562811779,0.01442396327459453,0.010749934893329885
31154069010591,Book,In Process,BS2615.6.J44 N86 2021,NYU Inst Study Ancient World,Small Collection,9998789466707876,John and anti-Judaism : reading the Gospel in light of Greco-Roman culture /,1725298163; 9781725298163; 1725298171; 9781725298170; 9781725298187; 172529818X,,"Numada, Jonathan, author.",Pickwick Publications,"Eugene, OR :",[2021],"Bible. John Criticism, interpretation, etc.; Jews in the New Testament.; Jews--Mediterranean Region--History--To 70 A.D.; Jews--Rome--History--168 B.C.-135 A.D.; Judaism--Relations--Christianity.; Christianity and other religions--Judaism.; Bible. John; Jews in the New Testament; Jews; Judaism; Interfaith relations; Christianity; Rome (Empire); Mediterranean Region; To 135; History; Criticism, interpretation, etc.; Roman Empire.; Judaïsme--Relations--Christianisme.; Christianisme--Relations--Judaïsme.; Juifs dans le Nouveau Testament.; Juifs--Rome--Histoire--168 av. J.-C.-135.",http://vocab.getty.edu/tgn/7030347,,0,,,,,2026-03-20,2026-03-23,Ancient Western Asia,0.6397712833545108,0.6397712833545108,0.0,0.0,0.0,0.0,0.35355781448538753,0.006670902160101652
31154069010609,Book,In Process,BS1199.E35 E25 2023,NYU Inst Study Ancient World,Small Collection,9998789466607876,Economics and empire in the ancient Near East /,1532657994; 9781532657993; 1532657986; 9781532657986; 1532658001; 9781532658006,,,Cascade Books,"Eugene, Oregon :",[2023],"Bible. Old Testament Criticism, interpretation, etc.; Economics in the Bible.; Economics--Religious aspects.; Jews--History--To 70 A.D.; Middle East--Religion.; Bible. Old Testament; Economics in the Bible; Economics--Religious aspects; Jews; Religion--Economic aspects; Middle East; To 70; Criticism, interpretation, etc.; History; Middle East.; Économie politique dans la Bible.; Économie politique--Aspect religieux.; Juifs--Histoire--Jusqu'à 70.",http://vocab.getty.edu/tgn/7001526,,0,,,,,2026-03-20,2026-03-23,Ancient Western Asia,0.9384066179667264,0.9384066179667264,0.0,0.0,0.0,0.047577351466202934,0.014016030567070594,0.0
31154069010617,Book,In Process,DS175 .H39,NYU Inst Study Ancient World,Small Collection,9998789668907876,Hay zhoghovrdi patmutʻyun /,,,,Haykakan SSH Gitutʻyunneri Akademiayi Hratarakchʻutʻyun,Erevan :,1970-1984.,Armenia--History.; Armenia (Republic)--History.; Armenia.; Arménie--Histoire.; Arménie--Histoire--1991-,http://vocab.getty.edu/tgn/7006651;,,0,t.4:1972,Garsoian,,,2026-03-20,2026-03-23,The Caucasus & The Western Steppe,0.8017314315381475,0.0,0.07032731855597785,0.048589783729584696,0.0,0.06129445195245777,0.018057014223832154,0.8017314315381475
31154069010633,Bound Issue,In Process,DS171 .B36,NYU Inst Study Ancient World,Oak Collection,9998789467407876,Banber Matenadarani /,,,,Haykakan SSR gitutʻyunneri akademiayi hratarakchʻutʻyun,Erevan :,1956-,"Armenia--Civilization--Periodicals.; Manuscripts, Armenian--Periodicals.; Civilization.; Manuscripts, Armenian.; Armenia.; Periodicals.",(OCoLC)fst01206470,,0,v.5(1960),Garsoian,,,2026-03-20,2026-03-30,The Caucasus & The Western Steppe,0.8223506903330781,0.0,0.10726313352170583,0.02990366146665738,0.0,0.029369667511895643,0.011112847166663217,0.8223506903330781
31154069010641,Bound Issue,In Process,DS171 .B36,NYU Inst Study Ancient World,Oak Collection,9998789467407876,Banber Matenadarani /,,,,Haykakan SSR gitutʻyunneri akademiayi hratarakchʻutʻyun,Erevan :,1956-,"Armenia--Civilization--Periodicals.; Manuscripts, Armenian--Periodicals.; Civilization.; Manuscripts, Armenian.; Armenia.; Periodicals.",(OCoLC)fst01206470,,0,v.6(1962),Garsoian,,,2026-03-20,2026-03-30,The Caucasus & The Western Steppe,0.8223506903330781,0.0,0.10726313352170583,0.02990366146665738,0.0,0.029369667511895643,0.011112847166663217,0.8223506903330781
31154069010658,Bound Issue,In Process,DS171 .B36,NYU Inst Study Ancient World,Oak Collection,9998789467407876,Banber Matenadarani /,,,,Haykakan SSR gitutʻyunneri akademiayi hratarakchʻutʻyun,Erevan :,1956-,"Armenia--Civilization--Periodicals.; Manuscripts, Armenian--Periodicals.; Civilization.; Manuscripts, Armenian.; Armenia.; Periodicals.",(OCoLC)fst01206470,,0,v.7(1964),Garsoian,,,2026-03-20,2026-03-30,The Caucasus & The Western Steppe,0.8223506903330781,0.0,0.10726313352170583,0.02990366146665738,0.0,0.029369667511895643,0.011112847166663217,0.8223506903330781
31154069010666,Bound Issue,In Process,DS171 .B36,NYU Inst Study Ancient World,Oak Collection,9998789467407876,Banber Matenadarani /,,,,Haykakan SSR gitutʻyunneri akademiayi hratarakchʻutʻyun,Erevan :,1956-,"Armenia--Civilization--Periodicals.; Manuscripts, Armenian--Periodicals.; Civilization.; Manuscripts, Armenian.; Armenia.; Periodicals.",(OCoLC)fst01206470,,0,v.8(1967),Garsoian,,,2026-03-20,2026-03-30,The Caucasus & The Western Steppe,0.8223506903330781,0.0,0.10726313352170583,0.02990366146665738,0.0,0.029369667511895643,0.011112847166663217,0.8223506903330781
31154069010674,Bound Issue,In Process,DS171 .B36,NYU Inst Study Ancient World,Oak Collection,9998789467407876,Banber Matenadarani /,,,,Haykakan SSR gitutʻyunneri akademiayi hratarakchʻutʻyun,Erevan :,1956-,"Armenia--Civilization--Periodicals.; Manuscripts, Armenian--Periodicals.; Civilization.; Manuscripts, Armenian.; Armenia.; Periodicals.",(OCoLC)fst01206470,,0,v.9(1969),Garsoian,,,2026-03-20,2026-03-30,The Caucasus & The Western Steppe,0.8223506903330781,0.0,0.10726313352170583,0.02990366146665738,0.0,0.029369667511895643,0.011112847166663217,0.8223506903330781
31154069010682,Bound Issue,In Process,DS171 .B36,NYU Inst Study Ancient World,Oak Collection,9998789467407876,Banber Matenadarani /,,,,Haykakan SSR gitutʻyunneri akademiayi hratarakchʻutʻyun,Erevan :,1956-,"Armenia--Civilization--Periodicals.; Manuscripts, Armenian--Periodicals.; Civilization.; Manuscripts, Armenian.; Armenia.; Periodicals.",(OCoLC)fst01206470,,0,v.10(1971),Garsoian,,,2026-03-20,2026-03-30,The Caucasus & The Western Steppe,0.8223506903330781,0.0,0.10726313352170583,0.02990366146665738,0.0,0.029369667511895643,0.011112847166663217,0.8223506903330781
31154069010690,Bound Issue,In Process,DS171 .B36,NYU Inst Study Ancient World,Oak Collection,9998789467407876,Banber Matenadarani /,,,,Haykakan SSR gitutʻyunneri akademiayi hratarakchʻutʻyun,Erevan :,1956-,"Armenia--Civilization--Periodicals.; Manuscripts, Armenian--Periodicals.; Civilization.; Manuscripts, Armenian.; Armenia.; Periodicals.",(OCoLC)fst01206470,,0,v.11(1973),Garsoian,,,2026-03-20,2026-03-30,The Caucasus & The Western Steppe,0.8223506903330781,0.0,0.10726313352170583,0.02990366146665738,0.0,0.029369667511895643,0.011112847166663217,0.8223506903330781
31154069010708,Bound Issue,In Process,DS171 .B36,NYU Inst Study Ancient World,Oak Collection,9998789467407876,Banber Matenadarani /,,,,Haykakan SSR gitutʻyunneri akademiayi hratarakchʻutʻyun,Erevan :,1956-,"Armenia--Civilization--Periodicals.; Manuscripts, Armenian--Periodicals.; Civilization.; Manuscripts, Armenian.; Armenia.; Periodicals.",(OCoLC)fst01206470,,0,v.12(1977),Garsoian,,,2026-03-20,2026-03-30,The Caucasus & The Western Steppe,0.8223506903330781,0.0,0.10726313352170583,0.02990366146665738,0.0,0.029369667511895643,0.011112847166663217,0.8223506903330781
31154069010716,Bound Issue,In Process,DS171 .B36,NYU Inst Study Ancient World,Oak Collection,9998789467407876,Banber Matenadarani /,,,,Haykakan SSR gitutʻyunneri akademiayi hratarakchʻutʻyun,Erevan :,1956-,"Armenia--Civilization--Periodicals.; Manuscripts, Armenian--Periodicals.; Civilization.; Manuscripts, Armenian.; Armenia.; Periodicals.",(OCoLC)fst01206470,,0,v.13(1980),Garsoian,,,2026-03-20,2026-03-30,The Caucasus & The Western Steppe,0.8223506903330781,0.0,0.10726313352170583,0.02990366146665738,0.0,0.029369667511895643,0.011112847166663217,0.8223506903330781
31154069010724,Bound Issue,In Process,DS171 .B36,NYU Inst Study Ancient World,Oak Collection,9998789467407876,Banber Matenadarani /,,,,Haykakan SSR gitutʻyunneri akademiayi hratarakchʻutʻyun,Erevan :,1956-,"Armenia--Civilization--Periodicals.; Manuscripts, Armenian--Periodicals.; Civilization.; Manuscripts, Armenian.; Armenia.; Periodicals.",(OCoLC)fst01206470,,0,v.14(1984),Garsoian,,,2026-03-20,2026-03-30,The Caucasus & The Western Steppe,0.8223506903330781,0.0,0.10726313352170583,0.02990366146665738,0.0,0.029369667511895643,0.011112847166663217,0.8223506903330781
31154069010732,Bound Issue,In Process,DS171 .B36,NYU Inst Study Ancient World,Oak Collection,9998789467407876,Banber Matenadarani /,,,,Haykakan SSR gitutʻyunneri akademiayi hratarakchʻutʻyun,Erevan :,1956-,"Armenia--Civilization--Periodicals.; Manuscripts, Armenian--Periodicals.; Civilization.; Manuscripts, Armenian.; Armenia.; Periodicals.",(OCoLC)fst01206470,,0,v.16(1994),Garsoian,,,2026-03-20,2026-03-30,The Caucasus & The Western Steppe,0.8223506903330781,0.0,0.10726313352170583,0.02990366146665738,0.0,0.029369667511895643,0.011112847166663217,0.8223506903330781
31154069010740,Book,,PJ4150 .S374 2022,NYU Inst Study Ancient World,Reference 4 Collection,9998789465507876,A grammar of Ugaritic /,1628374519; 9781628374513; 1628374527; 9781628374520; 9781628374537; 1628374535,,"Screnock, John, author.",SBL Press,"Atlanta, GA :",[2022],Ugaritic language--Grammar.; Ugaritic language--Grammar; Grammars.; Leukos Limen.; Ougaritique (Langue)--Grammaire.,https://pleiades.stoa.org/places/668295,,0,,,,,2026-03-20,2026-03-20,Ancient Western Asia,0.9339386927736028,0.9339386927736028,0.016128875450859916,0.0,0.0,0.03686600103053695,0.013066430745000438,0.0
31154069010757,Book,In Process,BT1390 .G49375 2020,NYU Inst Study Ancient World,Small Collection,9998789465407876,Gnostic countercultures : terror and intrigue /,9004436987; 9789004436985; 9789004439986; 9004439986,,,Brill,Leiden ; Boston :,[2020],Gnosticism--Congresses.; Gnosticism; Conference papers and proceedings; Gnosticisme.; Gnose.; Eastern Mediterranean.; Gnosticisme--Congrès.,http://vocab.getty.edu/tgn/7593196,,0,,,,,2026-03-20,2026-03-23,Ancient Western Asia,0.8136784256271007,0.8136784256271007,0.016951633867231263,0.03945107518192003,0.04649591003583432,0.0387465916965286,0.03444141484135876,0.010234948750026424
31154069010765,Book,In Process,BV761.A8 H35,NYU Inst Study Ancient World,Small Collection,9998789461407876,Kanonagirkʻ Hayotsʻ /,,,Armenian Church.,Haykakan SSR Gitutʻyunneri Akademiayi Hratarakchʻutʻyun,Erevan :,1964-1971.,Canon law--Eastern churches; Direito canonico.; Historia da asia.; Canon law--Eastern churches.; Eastern Europe.; Droit canonique--Églises orientales.,http://vocab.getty.edu/tgn/4003756,,0,v.2(1971),Garsoian,,,2026-03-23,2026-03-26,Ancient Western Asia,0.9522707808387177,0.9522707808387177,0.024476972334899722,0.0,0.0,0.0,0.013322908992413772,0.009929337833968755
31154069010773,Book,In Process,DS191 .H39 1974,NYU Inst Study Ancient World,Small Collection,990028238560107876,Hayeren dzeṛagreri 17 dari hishatakaranner /,,,,Haykakan S S H Gitutʻyunneri Akademiayi Hratarakchʻutʻyun,Erevan :,1974-<1984 >,"Armenia--History--Sources.--1522-1800; Colophons of manuscripts.; Manuscripts, Armenian.; Colophons of manuscripts; Manuscripts, Armenian; Armenia; 1522-1800; History; Sources; Armenia (region); Arménie--Histoire--Sources.--1522-1800; Achevés d'imprimer de manuscrits.; Manuscrits arméniens.",https://pleiades.stoa.org/places/874350;,,0,v.1,Garsoian,,,2026-03-23,2026-03-26,The Caucasus & The Western Steppe,0.8085117042728803,0.05489894288272643,0.05200952483626715,0.03593385352323912,0.0,0.03529217756746699,0.013353796917419945,0.8085117042728803
31154069010781,Book,In Process,DS191 .H39 1974,NYU Inst Study Ancient World,Small Collection,990028238560107876,Hayeren dzeṛagreri 17 dari hishatakaranner /,,,,Haykakan S S H Gitutʻyunneri Akademiayi Hratarakchʻutʻyun,Erevan :,1974-<1984 >,"Armenia--History--Sources.--1522-1800; Colophons of manuscripts.; Manuscripts, Armenian.; Colophons of manuscripts; Manuscripts, Armenian; Armenia; 1522-1800; History; Sources; Armenia (region); Arménie--Histoire--Sources.--1522-1800; Achevés d'imprimer de manuscrits.; Manuscrits arméniens.",https://pleiades.stoa.org/places/874350;,,0,v.2,Garsoian,,,2026-03-23,2026-03-26,The Caucasus & The Western Steppe,0.8085117042728803,0.05489894288272643,0.05200952483626715,0.03593385352323912,0.0,0.03529217756746699,0.013353796917419945,0.8085117042728803
31154069010799,Book,In Process,DS191 .H39 1974,NYU Inst Study Ancient World,Small Collection,990028238560107876,Hayeren dzeṛagreri 17 dari hishatakaranner /,,,,Haykakan S S H Gitutʻyunneri Akademiayi Hratarakchʻutʻyun,Erevan :,1974-<1984 >,"Armenia--History--Sources.--1522-1800; Colophons of manuscripts.; Manuscripts, Armenian.; Colophons of manuscripts; Manuscripts, Armenian; Armenia; 1522-1800; History; Sources; Armenia (region); Arménie--Histoire--Sources.--1522-1800; Achevés d'imprimer de manuscrits.; Manuscrits arméniens.",https://pleiades.stoa.org/places/874350;,,0,v.3,Garsoian,,,2026-03-23,2026-03-26,The Caucasus & The Western Steppe,0.8085117042728803,0.05489894288272643,0.05200952483626715,0.03593385352323912,0.0,0.03529217756746699,0.013353796917419945,0.8085117042728803
31154069010807,Book,In Process,B440 .D3 1967,NYU Inst Study Ancient World,Small Collection,9998789461207876,Tolkovanie Analitiki Aristoteli͡a : svodnyĭ kriticheskiĭ tekst /,,,"David, the Invincible, author.",Izd-vo AN Armi͡anskoĭ SSR,Erevan :,1967.,Aristotle.--Analytica priora.; Aristotle.--Prior analytics.; Prior analytics (Aristotle); Alexandria.,https://pleiades.stoa.org/places/727070,,0,,Garsoian,,,2026-03-23,2026-03-30,Cross-Cultural Studies & Other,0.3385459338154098,0.0,0.12342820503686817,0.28725109535852955,0.3385459338154098,0.0,0.25077476578919244,0.0
31154069010815,Book,In Process,DS186 .K37 1974,NYU Inst Study Ancient World,Small Collection,9998789461107876,"Kilikioy Haykakan Ishkhanapetutʻiwně Merdzawor Arewelkʻi kʻaghakʻakan holovoytʻin mēj, 1080-1137 /",,,"Kassouny, Yervant H.",Kassouny,Pēyrutʻ :,1974.,"Cilicia--History--Armenian Kingdom, 1080-1375.; Middle East--History.; Asia--Cilicia; Middle East; 1080-1375; History; Cilicia.; Cilicie--Histoire--1080-1375 (Royaume de Petite Arménie); Moyen-Orient--Histoire.",https://pleiades.stoa.org/places/658440;,https://id.oclc.org/worldcat/entity/E39PBJd3KTRVMw3CVJqrw3xdQq;,0,,Garsoian,,,2026-03-23,2026-03-30,Ancient Western Asia,0.4529867426779477,0.4529867426779477,0.2279001624653029,0.06353580286911474,0.04261547753416233,0.08014837517892916,0.023611278093252103,0.10920216118129097
31154069010823,Book,In Process,BX129.N44 H3 1971,NYU Inst Study Ancient World,Small Collection,9998789461007876,Nerses Lambronatsʻi /,,,"Hakobyan, Grigor Arshaki, author.",Haykakan SSH GA Hratarakchʻutʻyun,Erevan :,1971.,"Nerses,--of Lambron, Saint,--1153-1198; Tarsus/Antiochia ad Cydnum.; Nerses,--of Lambron, Saint,--1153-1198.",https://pleiades.stoa.org/places/648789,,0,,Garsoian,,,2026-03-23,2026-03-30,Ancient Western Asia,0.6070219236176377,0.6070219236176377,0.012943541760690173,0.0,0.0,0.029585238310148965,0.026297989609021303,0.32415130670250175
31154069010831,Book,In Process,GR203.G3 C53 1963,NYU Inst Study Ancient World,Small Collection,9998789460907876,Skazanii͡a i legendy. Perevod s gruzinskogo.,,,"Čʻikʻovani, Mixeil, 1909-1983, editor.",Zari͡a Vostoka,Tbilisi :,1963.,Folklore--Georgia.; Folklore; Georgia; Georgia.; Folklore--Géorgie (État),http://vocab.getty.edu/tgn/7006653,https://id.oclc.org/worldcat/entity/E39QbtfRqxTprd8K9cKJmxr4Wc;,0,,Garsoian,,,2026-03-23,2026-03-30,"China, South Asia, & East Asia",0.7271738126888098,0.04544836329305061,0.011362090823262653,0.7271738126888098,0.031164591972377562,0.03335659691233073,0.09089672658610122,0.06059781772406748
31154069010849,Book,In Process,PK8535 .H27 1961,NYU Inst Study Ancient World,Small Collection,9998789460407876,Hay ashughner XVII-XVIII d.d. /,,,,Haykakan SSṚ GA Hratarakchʻutyun,Erevan :,1961.,"Armenian poetry.; Poets, Armenian--Biography.; Armenian poetry; Poets, Armenian; Biographies; Armenia (region); Biographies.; Poésie arménienne.",https://pleiades.stoa.org/places/874350,,0,,Garsoian,,,2026-03-23,2026-03-30,The Caucasus & The Western Steppe,0.9325942527416031,0.0,0.021688238435851236,0.033912518281512836,0.0,0.0,0.01180499054103295,0.9325942527416031
31154069010856,Book,In Process,DK511.G32 I5 1968,NYU Inst Study Ancient World,Small Collection,9998789460107876,Prichernomorskie goroda drevneĭ Kolkhidy /,,,"Inaże, M.","""Met͡sniereba"" = ""Mecʻniereba""",Tbilisi = Tʻbilisi :,1968.,Cities and towns--Georgia (Republic)--Colchis.; Colchis--Antiquities.; Antiquities; Cities and towns; Asia--Colchis; Colchis/Lazike.,https://pleiades.stoa.org/places/863770,https://id.oclc.org/worldcat/entity/E39PBJkp4QGC6jcH3BxD3v3xXd;,0,,Garsoian,,,2026-03-23,2026-03-30,The Caucasus & The Western Steppe,0.7383177570093458,0.0,0.24610591900311526,0.0,0.0,0.0,0.01557632398753894,0.7383177570093458
31154069010864,Book,In Process,BS2635.3 .E64 1968,NYU Inst Study Ancient World,Small Collection,9998789459707876,Epistoletʻa cigni /,,,,Mecʻniereba,Tʻbilisi :,1968.,Bible. Epistles Commentaries.; Georgia (Republic)--Church history.; Bible. Epistles; Georgia (Republic); Church history; Commentaries; Georgia.,http://vocab.getty.edu/tgn/7006653,https://id.oclc.org/worldcat/entity/E39PBJtRMHxc6jDdXPVCXhmmVC;,0,,Garsoian,,,2026-03-23,2026-03-30,Ancient Western Asia,0.7379226950294216,0.7379226950294216,0.0,0.0,0.0,0.0541594638553704,0.19677938534117909,0.011138455774029004
31154069010872,Book,In Process,DS42 .P36 1956,NYU Inst Study Ancient World,Small Collection,9998789459407876,Hrovartakner /,9789994111053; 9994111051; 5550015218; 9785550015216,,Mashtotsʻi Anvan Hin Dzeṛagreri Institut Matenadaran.,Zangak-97; Haykakan SSṚ Gitutʻyunneri akademiayi hratarakchʻutʻyun,Erevan :,1956-,"Mashtotsʻi Anvan Hin Dzeṛagreri Institut Matenadaran--Catalogs.; Manuscripts, Persian--Armenia (Republic)--Yerevan--Catalogs.; Iran--History--Sources--Catalogs.; Mashtotsʻi Anvan Hin Dzeṛagreri Institut Matenadaran; Manuscripts, Persian; Armenia (Republic)--Yerevan; Iran; Catalogs; History; Matenadaran.; Manuscrits persans--Arménie--Erevan--Catalogues.; Iran--Histoire--Sources--Catalogues.",,https://id.oclc.org/worldcat/entity/E39QbtfRFwMFxYQ7V77p7GRBmM; https://id.oclc.org/worldcat/entity/E39PBJtrYvcVTwChrDqytBvJXd; http://www.wikidata.org/entity/Q1322278;,0,prak.1,Garsoian,,,2026-03-23,2026-03-30,Ancient Western Asia,0.5950922167456285,0.5950922167456285,0.018452471837073752,0.028852955963424413,0.0,0.03639707747679685,0.010722382283705019,0.3104828956933714
31154069010880,Book,In Process,DS42 .P36 1956,NYU Inst Study Ancient World,Small Collection,9998789459407876,Hrovartakner /,9789994111053; 9994111051; 5550015218; 9785550015216,,Mashtotsʻi Anvan Hin Dzeṛagreri Institut Matenadaran.,Zangak-97; Haykakan SSṚ Gitutʻyunneri akademiayi hratarakchʻutʻyun,Erevan :,1956-,"Mashtotsʻi Anvan Hin Dzeṛagreri Institut Matenadaran--Catalogs.; Manuscripts, Persian--Armenia (Republic)--Yerevan--Catalogs.; Iran--History--Sources--Catalogs.; Mashtotsʻi Anvan Hin Dzeṛagreri Institut Matenadaran; Manuscripts, Persian; Armenia (Republic)--Yerevan; Iran; Catalogs; History; Matenadaran.; Manuscrits persans--Arménie--Erevan--Catalogues.; Iran--Histoire--Sources--Catalogues.",,https://id.oclc.org/worldcat/entity/E39QbtfRFwMFxYQ7V77p7GRBmM; https://id.oclc.org/worldcat/entity/E39PBJtrYvcVTwChrDqytBvJXd; http://www.wikidata.org/entity/Q1322278;,0,prak.2,Garsoian,,,2026-03-23,2026-03-30,Ancient Western Asia,0.5950922167456285,0.5950922167456285,0.018452471837073752,0.028852955963424413,0.0,0.03639707747679685,0.010722382283705019,0.3104828956933714
31154069010898,Issue,,CB3 .A53,NYU Inst Study Ancient World,Oak Collection,990036142830107876,Anabasis : studia classica et orientalia.,,2082-8993,,Wydawnictwo Uniwersytetu Rzeszowskiego,Rzeszów :,2010-,"Civilization, Ancient--Periodicals.; Asia, Central--Civilization--Periodicals.; Caucasus--Civilization--Periodicals.; Europe, Eastern--Civilization--Periodicals.; Middle East--Civilization--Periodicals.; Turkey--Civilization--Periodicals.; Civilization, Greco-Roman--Periodicals.; Civilization, Oriental--Periodicals.; Civilization; Civilization, Ancient; Civilization, Greco-Roman; Civilization, Oriental; Central Asia; Caucasus; Eastern Europe; Middle East; Turkey; Periodicals; Periodicals.; Caucasus (mountain range); Asia Minor.; Turkey.; Eastern Europe.; Middle East.; Central Asia.",https://pleiades.stoa.org/places/863766; https://pleiades.stoa.org/places/837; https://vocab.getty.edu/tgn/1000144; http://vocab.getty.edu/tgn/4003756; http://vocab.getty.edu/tgn/7001526; http://vocab.getty.edu/tgn/8697475,https://id.oclc.org/worldcat/entity/E39PBJvmQdDFKvWPC3kQ3WRdwC; https://id.oclc.org/worldcat/entity/E39PBJxmHG9jJjCTM3y4pFRqcP;,0,v.14-15(2023-2024),,,,2026-03-23,2026-03-23,European and Classical Antiquity,0.6089161595632868,0.17529404593488562,0.04484266291357539,0.07011761837395424,0.08263862165501751,0.0,0.6089161595632868,0.01819089155928058
31154069010906,Book,,DT57. F8 t.158 2025,NYU Inst Study Ancient World,Oversize Collection,9998789459307876,Bagawat : inscriptions pariétales et graffites coptes et copto-grecs /,2724710932; 9782724710939,,"Roquet, Gérard, author.",Institut Français D'archéologie Orientale,Le Caire :,[2025],Coptic inscriptions--Egypt--Catalogs.; Bagawat.; Inscriptions coptes--Bagawat (Égypte ; site archéologique)--Antiquité.; Inscriptions grecques--Bagawat (Égypte ; site archéologique)--Antiquité.; Monuments funéraires--Bagawat (Égypte ; site archéologique)--Antiquité.; Bagawat (Égypte ; site archéologique).; Inscriptions coptes--Égypte--Catalogues.,https://pleiades.stoa.org/places/776156;,,0,,,,,2026-03-23,2026-03-23,Egypt & North Africa,0.9866666666666666,0.0,0.0,0.0,0.0,0.9866666666666666,0.013333333333333332,0.0
31154069010914,Book,In Process,DS186 .M368 1984,NYU Inst Study Ancient World,Small Collection,9998789968407876,"Hayeren dzeṛagreri hishatakaranner, 13 dar /",,,"Matʻevosyan, A. S., author.",Haykakan SSH Gitutʻyunneri Akademiayi Hratarakchʻutʻyun,Erevan :,1984.,"Armenia--History--Sources.--Turkic Mongol Domination, 1045-1522; Manuscripts, Armenian.; Colophons of manuscripts.; Colophons of manuscripts; Manuscripts, Armenian; Armenia (Republic); Turkic Mongol Domination--(Armenia :--1045-1522); 1045-1522; History; Sources; Armenia (region); Arménie--Histoire--Sources.--1045-1522 (Domination turco-mongole); Manuscrits arméniens.; Achevés d'imprimer de manuscrits.",https://pleiades.stoa.org/places/874350;,https://id.oclc.org/worldcat/entity/E39PBJp9mKY4fgRxdKTXWTYXVC;,0,,Garsoian,,,2026-03-26,2026-03-26,The Caucasus & The Western Steppe,0.8554764574478256,0.0,0.055030649309509246,0.03802117588657002,0.0,0.037342226317166986,0.014129491038928051,0.8554764574478256
31154069010922,Book,,PJ25 .B6 t.191 2025,NYU Inst Study Ancient World,Large Collection,9998789968307876,"Musiciens, fêtes et piété populaire : figurines en terre cuite de l'Égypte ptolémaïque et romaine /",9782724710885; 2724710886,,"Vendries, Christophe, author.",Institut français d'archéologie orientale,Le Caire :,2025.,"Terra-cotta figurines, Hellenistic--Egypt.; Terra-cotta figurines, Roman--Egypt.; Decoration and ornament--Egypt.; Art, Egyptian.; Musicians in art.; Art, Egyptian; Decoration and ornament; Musicians in art; Egypt; Ptolemaic Kingdom.; Aegyptus (Roman imperial province); Art égyptien.; Musiciens dans l'art.; Décoration et ornement--Égypte.; Figurines de terre cuite hellénistiques--Égypte.; Figurines de terre cuite romaines--Égypte.",https://pleiades.stoa.org/places/463803480; https://pleiades.stoa.org/places/766,https://id.oclc.org/worldcat/entity/E39QbtfRDwpX7XgppvP7ww3J9c;,0,,,,,2026-03-26,2026-03-26,Egypt & North Africa,0.9219189341177487,0.05121771856209715,0.014404983345589824,0.0,0.0,0.9219189341177487,0.012458363974564172,0.0
31154069010930,Book,,PJ3711 .E75 v.2 2025,NYU Inst Study Ancient World,Oversize Collection,9998789967807876,The second millennium cuneiform documents in the Babylon collection of the Istanbul Archaeological Museum /,3447123931; 9783447123938; 9783447396899; 344739689X,,"Ridder, Jacob Jan de, 1986- author.",Harrassowitz Verlag,Wiesbaden :,2025.,İstanbul Arkeoloji Müzeleri--Catalogs.; Inscriptions--Iraq--Babylon (Extinct city)--Texts.; Cuneiform inscriptions--Catalogs.; catalogs (documents); Catalogs.; Informational works.; Babylon.; Catalogues.; Documents d'information.; Inscriptions cunéiformes--Catalogues.,https://pleiades.stoa.org/places/893951,,0,,,,,2026-03-26,2026-03-26,Ancient Western Asia,0.9392398087179163,0.9392398087179163,0.0,0.0,0.0,0.04761959435798224,0.013140596924101427,0.0
31154069010948,Book,,PJ3711 .E75 v.1 2025,NYU Inst Study Ancient World,Oversize Collection,9998789967907876,Keilschrifttexte aus Babylon in Istanbul : Katalog und Keilschriftkopien /,3447124369; 9783447124362; 9783447397209; 3447397209,,"Heessel, Nils P., compiler, writer of supplementary textual content.",Harrassowitz Verlag,Wiesbaden :,2025.,"Eski Şark Eserleri Müzesi (Istanbul, Turkey)--Catalogs.; Cuneiform inscriptions--Catalogs.; Inscriptions--Iraq--Babylon (Extinct city)--Texts.; Civilization, Assyro-Babylonian--Catalogs.; Eski Şark Eserleri Müzesi (Istanbul, Turkey); Civilization, Assyro-Babylonian; Cuneiform inscriptions; Inscriptions; Iraq--Babylon (Extinct city); Catalogs; Texts; Babylon.; Inscriptions cunéiformes--Catalogues.; Civilisation assyro-babylonienne--Catalogues.",https://pleiades.stoa.org/places/893951,,0,,,,,2026-03-26,2026-03-26,Ancient Western Asia,0.9517463235294117,0.9517463235294117,0.0,0.0,0.0,0.04825367647058824,0.0,0.0
31154069010955,Book,,KL5314 .M31 2025,NYU Inst Study Ancient World,Small Collection,9998789967407876,Sasanian law in its social context /,3447123850; 9783447123853; 9783447396813; 3447396814,,"Macuch, Maria, author.",Harrassowitz Verlag,Wiesbaden :,2025.,"Law, Sassanid.; Sassanids--Legal status, laws, etc.--History.--Iran; Law--Iran--History.; Law--Social aspects--History.--Iran; Sasanian Empire.",http://vocab.getty.edu/tgn/6005268,,0,,,,,2026-03-26,2026-03-26,Ancient Western Asia,0.9502474602761136,0.9502474602761136,0.016410523573847355,0.0,0.0,0.0,0.033342016150039074,0.0
31154069010963,Book,,DS747.2 .M494 2025,NYU Inst Study Ancient World,Small Collection,9998789967307876,"To rule all under heaven : a history of classical China, from Confucius to the First Emperor /",9780197667484; 0197667481,,"Meyer, Andrew Seth, author.",Oxford University Press,"New York, NY :",[2025],"China--History--Warring States, 403-221 B.C.; China--History--Zhou dynasty, 1122-221 B.C.; China--History--Qin dynasty, 221-207 B.C.; Ancient China.; Chine--Histoire--403-221 av. J.-C. (Royaumes combattants); Chine--Histoire--1122-221 av. J.-C. (Dynastie des Zhou); Chine--Histoire--221-207 av. J.-C. (Dynastie des Qin)",http://vocab.getty.edu/tgn/8697463;,,0,,,,,2026-03-26,2026-03-26,"China, South Asia, & East Asia",0.8324894259640053,0.07568085690581866,0.01936021920846524,0.8324894259640053,0.0,0.03818758834697272,0.026428235744889055,0.007853673829849106
31154069010971,Book,,CS2351 .B35 2025,NYU Inst Study Ancient World,Small Collection,9998789967107876,"Roman names on Crete : immigration, enfranchisement, integration /",9603711039; 9789603711032,,"Baldwin Bowsky, Martha W., author.",National Hellenic Research Foundation Institute of Historical Research,Athens :,2025.,"Names, Personal--Greece--Crete--History.; Names, Personal--Social aspects--Greece--Crete.; Crete (Greece)--History--67 B.C.-826 A.D.; Romans--Social aspects--Greece--Crete.; Romans--Cultural assimilation--Greece.; Onomastics--Greece--Crete.; Creta (island); Noms de personnes--Grèce--Crète--Histoire.; Noms de personnes--Aspect social--Grèce--Crète.; Crète (Grèce)--Histoire--67 av. J.-C.-826.; Romains--Aspect social--Grèce--Crète.; Onomastique--Grèce--Crète.",https://pleiades.stoa.org/places/589748;,,0,,,,,2026-03-26,2026-03-26,European and Classical Antiquity,0.7335856704727786,0.0,0.014009448568056533,0.03260380757656793,0.17932094167112364,0.03202159672698636,0.7335856704727786,0.008458534984486963
31154069010989,Book,,P1038 .I58 2021,NYU Inst Study Ancient World,Small Collection,9998789965907876,"KO-RO-NO-WE-SA : proceedings of the 15th international colloquium on Mycenaean studies, September 2021 = Praktika tou 15ou diethnous synedriou mykēnaikōn spoudōn septembrios 2021 /",6188549698; 9786188549692; 9786185762001; 6185762005,,"International Colloquium on Mycenaean Studies Online), 2021 : author. (15th :",Rethymnon,"Faculty of Philosophy, University of Crete :",2024.,"Inscriptions, Linear B--Congresses.; Inscriptions, Linear A--Congresses.; Civilization, Mycenaean--Congresses.; Civilization, Mycenaean; Inscriptions, Linear A; Inscriptions, Linear B; Conference papers and proceedings; Aegaeum Mare.; Civilisation mycénienne--Congrès.",https://pleiades.stoa.org/places/560221,,0,,,,,2026-03-26,2026-03-26,Ancient Western Asia,0.8936168522409937,0.8936168522409937,0.015432527875872426,0.0,0.04232921931667866,0.035274349430565545,0.013347051135889666,0.0
31154069010997,Book,,BR131 .F78 2025,NYU Inst Study Ancient World,Large Collection,9998789965807876,Frühes Christentum im archäologischen Befund /,3447123435; 9783447123433,,,Harrassowitz Verlag,Wiesbaden :,2025.,"Christian antiquities--Congresses.; Church architecture--History--To 1500--Congresses.; Church history--Primitive and early church, ca. 30-600--Congresses.; Excavations (Archaeology)--Noricum--Congresses.; Noricum--Antiquities--Congresses.; Noricum (province); Roman Empire.; Antiquités chrétiennes--Congrès.; Église--Histoire--ca 30-600 (Église primitive)--Congrès.",https://pleiades.stoa.org/places/981538; http://vocab.getty.edu/tgn/7030347,,0,,,,,2026-03-26,2026-03-26,Ancient Western Asia,0.5735838184215877,0.5735838184215877,0.0,0.0,0.0,0.03508157910835399,0.38411971167230247,0.00721489079775582
31154069011003,Book,,GT2340 .F35 2025,NYU Inst Study Ancient World,Small Collection,9998789965407876,"Scent, colour and glitter in the ancient world : a comparative history of aromatics, cosmetics and adornment, from the Mediterranean to the China seas /",0755656822; 9780755656820; 0755656830; 9780755656837; 9780755656851; 0755656857; 9780755656844; 0755656849,,"Farmānfarmāʼiyān, Fāṭimah Sūdʹāvar, author.",IB Tauris,London ; New York :,2025.,"Cosmetics--Middle East--History.; Perfumes--Middle East--History.; Essences and essential oils--Middle East--History.; Jewelry--Middle East--History.; Cosmetics--China--History.; Perfumes--China--History.; Essences and essential oils--China--History.; Jewelry--China--History.; Civilization, Ancient.; Cosmetics--Eurasia--History.; Perfumes--Eurasia--History.; Essences and essential oils--Eurasia--History.; Jewelry--Eurasia--History.; Civilization, Ancient; Cosmetics--History.; Essences and essential oils--History.; Jewelry--History.; Perfumes--History.; China; Middle East; Middle East.; China.; Eurasia.; Cosmétiques--Chine--Histoire.; Parfums--Chine--Histoire.; Huiles essentielles--Chine--Histoire.; Civilisation ancienne.; Cosmétiques--Eurasie--Histoire.; Parfums--Eurasie--Histoire.; Huiles essentielles--Eurasie--Histoire.",http://vocab.getty.edu/tgn/7001526; http://vocab.getty.edu/tgn/1000111; http://vocab.getty.edu/tgn/3000006,https://id.oclc.org/worldcat/entity/E39PBJdCqh8h6hJY7PT6MQW4bd;,0,,,,,2026-03-26,2026-03-26,Cross-Cultural Studies & Other,0.9227350839890316,0.0,0.014417735687328619,0.0335540030541466,0.9227350839890316,0.0,0.029293177269493063,0.0
31154069011011,Book,In Process,GN585.A75 H39 1970,NYU Inst Study Ancient World,Large Collection,9998789965107876,Hay azgagrutʻyun ev banahyusutʻyun : nyutʻer ev usumnasirutʻyunner /,9785808001428; 5808001420,,,Haykakan SSH GA Hrat,Erevan :,1970-,Ethnology--Armenia.; Folklore--Armenia.; Armenia--Civilization.; Civilization; Ethnology; Folklore; Armenia; Armenia (region); Ethnologie--Arménie.; Folklore--Arménie.,https://pleiades.stoa.org/places/874350,,0,v.1,Garsoian,,,2026-03-26,2026-03-26,The Caucasus & The Western Steppe,0.81754846501461,0.0,0.10663675630625347,0.02972903509144036,0.035037791357769,0.0,0.011047952229927162,0.81754846501461
31154069011029,Book,In Process,GN585.A75 H39 1970,NYU Inst Study Ancient World,Large Collection,9998789965107876,Hay azgagrutʻyun ev banahyusutʻyun : nyutʻer ev usumnasirutʻyunner /,9785808001428; 5808001420,,,Haykakan SSH GA Hrat,Erevan :,1970-,Ethnology--Armenia.; Folklore--Armenia.; Armenia--Civilization.; Civilization; Ethnology; Folklore; Armenia; Armenia (region); Ethnologie--Arménie.; Folklore--Arménie.,https://pleiades.stoa.org/places/874350,,0,v.2,Garsoian,,,2026-03-26,2026-03-26,The Caucasus & The Western Steppe,0.81754846501461,0.0,0.10663675630625347,0.02972903509144036,0.035037791357769,0.0,0.011047952229927162,0.81754846501461
31154069011037,Book,In Process,GN585.A75 H39 1970,NYU Inst Study Ancient World,Large Collection,9998789965107876,Hay azgagrutʻyun ev banahyusutʻyun : nyutʻer ev usumnasirutʻyunner /,9785808001428; 5808001420,,,Haykakan SSH GA Hrat,Erevan :,1970-,Ethnology--Armenia.; Folklore--Armenia.; Armenia--Civilization.; Civilization; Ethnology; Folklore; Armenia; Armenia (region); Ethnologie--Arménie.; Folklore--Arménie.,https://pleiades.stoa.org/places/874350,,0,v.3,Garsoian,,,2026-03-26,2026-03-26,The Caucasus & The Western Steppe,0.81754846501461,0.0,0.10663675630625347,0.02972903509144036,0.035037791357769,0.0,0.011047952229927162,0.81754846501461
31154069011045,Book,In Process,GN585.A75 H39 1970,NYU Inst Study Ancient World,Large Collection,9998789965107876,Hay azgagrutʻyun ev banahyusutʻyun : nyutʻer ev usumnasirutʻyunner /,9785808001428; 5808001420,,,Haykakan SSH GA Hrat,Erevan :,1970-,Ethnology--Armenia.; Folklore--Armenia.; Armenia--Civilization.; Civilization; Ethnology; Folklore; Armenia; Armenia (region); Ethnologie--Arménie.; Folklore--Arménie.,https://pleiades.stoa.org/places/874350,,0,v.4,Garsoian,,,2026-03-26,2026-03-26,The Caucasus & The Western Steppe,0.81754846501461,0.0,0.10663675630625347,0.02972903509144036,0.035037791357769,0.0,0.011047952229927162,0.81754846501461
31154069011052,Book,In Process,GN585.A75 H39 1970,NYU Inst Study Ancient World,Large Collection,9998789965107876,Hay azgagrutʻyun ev banahyusutʻyun : nyutʻer ev usumnasirutʻyunner /,9785808001428; 5808001420,,,Haykakan SSH GA Hrat,Erevan :,1970-,Ethnology--Armenia.; Folklore--Armenia.; Armenia--Civilization.; Civilization; Ethnology; Folklore; Armenia; Armenia (region); Ethnologie--Arménie.; Folklore--Arménie.,https://pleiades.stoa.org/places/874350,,0,v.5,Garsoian,,,2026-03-26,2026-03-26,The Caucasus & The Western Steppe,0.81754846501461,0.0,0.10663675630625347,0.02972903509144036,0.035037791357769,0.0,0.011047952229927162,0.81754846501461
31154069011060,Book,In Process,GN585.A75 H39 1970,NYU Inst Study Ancient World,Large Collection,9998789965107876,Hay azgagrutʻyun ev banahyusutʻyun : nyutʻer ev usumnasirutʻyunner /,9785808001428; 5808001420,,,Haykakan SSH GA Hrat,Erevan :,1970-,Ethnology--Armenia.; Folklore--Armenia.; Armenia--Civilization.; Civilization; Ethnology; Folklore; Armenia; Armenia (region); Ethnologie--Arménie.; Folklore--Arménie.,https://pleiades.stoa.org/places/874350,,0,v.6,Garsoian,,,2026-03-26,2026-03-26,The Caucasus & The Western Steppe,0.81754846501461,0.0,0.10663675630625347,0.02972903509144036,0.035037791357769,0.0,0.011047952229927162,0.81754846501461
31154069011078,Book,In Process,GN585.A75 H39 1970,NYU Inst Study Ancient World,Large Collection,9998789965107876,Hay azgagrutʻyun ev banahyusutʻyun : nyutʻer ev usumnasirutʻyunner /,9785808001428; 5808001420,,,Haykakan SSH GA Hrat,Erevan :,1970-,Ethnology--Armenia.; Folklore--Armenia.; Armenia--Civilization.; Civilization; Ethnology; Folklore; Armenia; Armenia (region); Ethnologie--Arménie.; Folklore--Arménie.,https://pleiades.stoa.org/places/874350,,0,v.7,Garsoian,,,2026-03-26,2026-03-26,The Caucasus & The Western Steppe,0.81754846501461,0.0,0.10663675630625347,0.02972903509144036,0.035037791357769,0.0,0.011047952229927162,0.81754846501461
31154069011086,Book,In Process,GN585.A75 H39 1970,NYU Inst Study Ancient World,Large Collection,9998789965107876,Hay azgagrutʻyun ev banahyusutʻyun : nyutʻer ev usumnasirutʻyunner /,9785808001428; 5808001420,,,Haykakan SSH GA Hrat,Erevan :,1970-,Ethnology--Armenia.; Folklore--Armenia.; Armenia--Civilization.; Civilization; Ethnology; Folklore; Armenia; Armenia (region); Ethnologie--Arménie.; Folklore--Arménie.,https://pleiades.stoa.org/places/874350,,0,v.8,Garsoian,,,2026-03-26,2026-03-26,The Caucasus & The Western Steppe,0.81754846501461,0.0,0.10663675630625347,0.02972903509144036,0.035037791357769,0.0,0.011047952229927162,0.81754846501461
31154069011094,Book,In Process,GN585.A75 H39 1970,NYU Inst Study Ancient World,Large Collection,9998789965107876,Hay azgagrutʻyun ev banahyusutʻyun : nyutʻer ev usumnasirutʻyunner /,9785808001428; 5808001420,,,Haykakan SSH GA Hrat,Erevan :,1970-,Ethnology--Armenia.; Folklore--Armenia.; Armenia--Civilization.; Civilization; Ethnology; Folklore; Armenia; Armenia (region); Ethnologie--Arménie.; Folklore--Arménie.,https://pleiades.stoa.org/places/874350,,0,v.14,Garsoian,,,2026-03-26,2026-03-26,The Caucasus & The Western Steppe,0.81754846501461,0.0,0.10663675630625347,0.02972903509144036,0.035037791357769,0.0,0.011047952229927162,0.81754846501461
31154069011102,Book,In Process,GN585.A75 H39 1970,NYU Inst Study Ancient World,Large Collection,9998789965107876,Hay azgagrutʻyun ev banahyusutʻyun : nyutʻer ev usumnasirutʻyunner /,9785808001428; 5808001420,,,Haykakan SSH GA Hrat,Erevan :,1970-,Ethnology--Armenia.; Folklore--Armenia.; Armenia--Civilization.; Civilization; Ethnology; Folklore; Armenia; Armenia (region); Ethnologie--Arménie.; Folklore--Arménie.,https://pleiades.stoa.org/places/874350,,0,v.15,Garsoian,,,2026-03-26,2026-03-26,The Caucasus & The Western Steppe,0.81754846501461,0.0,0.10663675630625347,0.02972903509144036,0.035037791357769,0.0,0.011047952229927162,0.81754846501461
31154069011110,Book,,DK679.5.V36 V36 1972,NYU Inst Study Ancient World,Large Collection,990040511410107876,Vani : arkʻeologiuri gatʻxrebi = Vani : arkheologicheskie raskopki = Vani : archaeological excavations /,,,,"""Mecʻniereba""",Tʻbilisi :,1972-,Vani (Georgia)--Antiquities.; Excavations (Archaeology)--Georgia (Republic)--Vani.; Vani (Georgia)--History.; Georgia (Republic)--History--To 330.; Antiquities; Excavations (Archaeology); Georgia (Republic); Georgia (Republic)--Vani; To 330; History; Vani.; Georgia.; Fouilles (Archéologie)--Géorgie (République)--Vania.; Géorgie (République)--Histoire--Jusqu'à 330.,https://pleiades.stoa.org/places/863918; http://vocab.getty.edu/tgn/7006653;,https://id.oclc.org/worldcat/entity/E39PBJtRMHxc6jDdXPVCXhmmVC; https://id.oclc.org/worldcat/entity/E39PBJdx7DTMqPfHjJtkMmM773;,0,v.1,Garsoian,,,2026-03-26,2026-03-26,Central Asia & Siberia,0.7268545140885566,0.0,0.7268545140885566,0.0,0.0,0.0,0.0460034502587694,0.22714203565267393
31154069011128,Book,In Process,DS165 .N27 1965,NYU Inst Study Ancient World,Small Collection,9998789964607876,Arabakan aghbyurnerě Hayastani ev harevan erkrneri masin = Arabskie istochniki ob Armenii i sopredelʹnykh stranakh /,,,,HSSṚ Gitutʻyunneri Akademiayi Hratarakchʻutʻyun,Erevan :,1965.,Armenia--Description and travel.; Travel; Armenia; Armenia (region),https://pleiades.stoa.org/places/874350,,0,,Garsoian,,,2026-03-26,2026-03-30,The Caucasus & The Western Steppe,0.8260188408710883,0.04588993560394935,0.04970746755442053,0.030037048758948665,0.0,0.0378907725170224,0.010455934694570738,0.8260188408710883
31154069011136,Book,In Process,DS162 .T44 1983,NYU Inst Study Ancient World,Small Collection,9998789964507876,Tʻeopʻanes Khostovanogh /,,,"Theophanes, the Confessor, -approximately 818.",Haykakan SSH GA Hratarakchʻutʻyun,Erevan :,1983.,Armenia--History--Sources.; Byzantine Empire--History--527-1081--Sources.; Armenia; Byzantine Empire; 527-1081; History; Sources; Armenia (region); Byzantine Empire.; Arménie--Histoire--Sources.; Empire byzantin--Histoire--527-1081--Sources.,https://pleiades.stoa.org/places/874350; http://vocab.getty.edu/tgn/7024407;,,0,,Garsoian,,,2026-03-26,2026-03-30,The Caucasus & The Western Steppe,0.4244930657369569,0.2812484921137862,0.08046523541211204,0.03944784045232326,0.0,0.038743414729960346,0.1356019515548612,0.4244930657369569
31154069011144,Book,In Process,DS162 .A76 1976,NYU Inst Study Ancient World,Small Collection,9998789964407876,Asorakan aghbyurner /,,,,Haykakan SSH GA Hratarakchʻutʻyun,Erevan :,1976-,Armenia--History--Sources.; Armenia; History; Sources; Armenia (region); Arménie--Histoire--Sources.,https://pleiades.stoa.org/places/874350;,,0,v.1,Garsoian,,,2026-03-26,2026-03-30,The Caucasus & The Western Steppe,0.7911191843414092,0.0,0.12612044967761593,0.035160852637395955,0.0,0.03453298026887103,0.013066533074707959,0.7911191843414092
31154069011151,Book,In Process,DS162 .A76 1976,NYU Inst Study Ancient World,Small Collection,9998789964407876,Asorakan aghbyurner /,,,,Haykakan SSH GA Hratarakchʻutʻyun,Erevan :,1976-,Armenia--History--Sources.; Armenia; History; Sources; Armenia (region); Arménie--Histoire--Sources.,https://pleiades.stoa.org/places/874350;,,0,v.2,Garsoian,,,2026-03-26,2026-03-30,The Caucasus & The Western Steppe,0.7911191843414092,0.0,0.12612044967761593,0.035160852637395955,0.0,0.03453298026887103,0.013066533074707959,0.7911191843414092
31154069011169,Book,In Process,DS167 .K34 1982,NYU Inst Study Ancient World,Large Collection,9998789964207876,Rannesrednevekovye bully Dvina = Dvini vaghmijnadaryan knkʻadroshmnerě /,,,"Kalantari͡an, A. A. (Aram Ashotovich)",Izd-vo AN Armi͡anskoĭ SSR,Erevan :,1982.,Dvin (Armenia)--Antiquities.; Armenia (Republic)--Antiquities.; Antiquities; Armenia; Doubios.; Arménie--Antiquités.,https://pleiades.stoa.org/places/863780;,,0,,Garsoian,,,2026-03-26,2026-03-26,The Caucasus & The Western Steppe,0.765635633965462,0.0519876047754326,0.09357768859577868,0.03402825039846497,0.0,0.04292554522742142,0.011845277037440339,0.765635633965462
31154069011177,Book,In Process,PK8002 .D5 1960,NYU Inst Study Ancient World,Large Collection,9998789964007876,Divan hay vimagrutʻyan. /,9785808001442; 5808001447; 5808009812; 9785808009813; 5808012945; 9785808012943,,,Haykakan SSṚ GA hratarakchʻutʻyun,Erevan :,1960-<1977>,"Inscriptions, Armenian.; Epitaphs.; epitaphs.; Epitaphs; Inscriptions, Armenian; Armenia (region); Épitaphes.",https://pleiades.stoa.org/places/874350,,0,v.1,Garsoian,,,2026-03-26,2026-03-26,The Caucasus & The Western Steppe,0.9385246196971989,0.0,0.014664447182768733,0.03412816798898905,0.0,0.0,0.012682765131043229,0.9385246196971989
31154069011185,Book,In Process,PK8002 .D5 1960,NYU Inst Study Ancient World,Large Collection,9998789964007876,Divan hay vimagrutʻyan. /,9785808001442; 5808001447; 5808009812; 9785808009813; 5808012945; 9785808012943,,,Haykakan SSṚ GA hratarakchʻutʻyun,Erevan :,1960-<1977>,"Inscriptions, Armenian.; Epitaphs.; epitaphs.; Epitaphs; Inscriptions, Armenian; Armenia (region); Épitaphes.",https://pleiades.stoa.org/places/874350,,0,v.2,Garsoian,,,2026-03-26,2026-03-26,The Caucasus & The Western Steppe,0.9385246196971989,0.0,0.014664447182768733,0.03412816798898905,0.0,0.0,0.012682765131043229,0.9385246196971989
31154069011193,Book,In Process,PK8002 .D5 1960,NYU Inst Study Ancient World,Large Collection,9998789964007876,Divan hay vimagrutʻyan. /,9785808001442; 5808001447; 5808009812; 9785808009813; 5808012945; 9785808012943,,,Haykakan SSṚ GA hratarakchʻutʻyun,Erevan :,1960-<1977>,"Inscriptions, Armenian.; Epitaphs.; epitaphs.; Epitaphs; Inscriptions, Armenian; Armenia (region); Épitaphes.",https://pleiades.stoa.org/places/874350,,0,v.3,Garsoian,,,2026-03-26,2026-03-26,The Caucasus & The Western Steppe,0.9385246196971989,0.0,0.014664447182768733,0.03412816798898905,0.0,0.0,0.012682765131043229,0.9385246196971989
31154069011201,Book,In Process,PK8002 .D5 1960,NYU Inst Study Ancient World,Large Collection,9998789964007876,Divan hay vimagrutʻyan. /,9785808001442; 5808001447; 5808009812; 9785808009813; 5808012945; 9785808012943,,,Haykakan SSṚ GA hratarakchʻutʻyun,Erevan :,1960-<1977>,"Inscriptions, Armenian.; Epitaphs.; epitaphs.; Epitaphs; Inscriptions, Armenian; Armenia (region); Épitaphes.",https://pleiades.stoa.org/places/874350,,0,v.4,Garsoian,,,2026-03-26,2026-03-26,The Caucasus & The Western Steppe,0.9385246196971989,0.0,0.014664447182768733,0.03412816798898905,0.0,0.0,0.012682765131043229,0.9385246196971989
31154069011219,Book,In Process,PK8002 .D5 1960,NYU Inst Study Ancient World,Large Collection,9998789964007876,Divan hay vimagrutʻyan. /,9785808001442; 5808001447; 5808009812; 9785808009813; 5808012945; 9785808012943,,,Haykakan SSṚ GA hratarakchʻutʻyun,Erevan :,1960-<1977>,"Inscriptions, Armenian.; Epitaphs.; epitaphs.; Epitaphs; Inscriptions, Armenian; Armenia (region); Épitaphes.",https://pleiades.stoa.org/places/874350,,0,v.5,Garsoian,,,2026-03-26,2026-03-26,The Caucasus & The Western Steppe,0.9385246196971989,0.0,0.014664447182768733,0.03412816798898905,0.0,0.0,0.012682765131043229,0.9385246196971989
31154069011227,Book,In Process,PK8002 .D5 1960,NYU Inst Study Ancient World,Large Collection,9998789964007876,Divan hay vimagrutʻyan. /,9785808001442; 5808001447; 5808009812; 9785808009813; 5808012945; 9785808012943,,,Haykakan SSṚ GA hratarakchʻutʻyun,Erevan :,1960-<1977>,"Inscriptions, Armenian.; Epitaphs.; epitaphs.; Epitaphs; Inscriptions, Armenian; Armenia (region); Épitaphes.",https://pleiades.stoa.org/places/874350,,0,v.6,Garsoian,,,2026-03-26,2026-03-26,The Caucasus & The Western Steppe,0.9385246196971989,0.0,0.014664447182768733,0.03412816798898905,0.0,0.0,0.012682765131043229,0.9385246196971989
31154069011235,Book,In Process,PK8002 .D5 1960,NYU Inst Study Ancient World,Large Collection,9998789964007876,Divan hay vimagrutʻyan. /,9785808001442; 5808001447; 5808009812; 9785808009813; 5808012945; 9785808012943,,,Haykakan SSṚ GA hratarakchʻutʻyun,Erevan :,1960-<1977>,"Inscriptions, Armenian.; Epitaphs.; epitaphs.; Epitaphs; Inscriptions, Armenian; Armenia (region); Épitaphes.",https://pleiades.stoa.org/places/874350,,0,v.7,Garsoian,,,2026-03-26,2026-03-26,The Caucasus & The Western Steppe,0.9385246196971989,0.0,0.014664447182768733,0.03412816798898905,0.0,0.0,0.012682765131043229,0.9385246196971989
31154069011243,Book,In Process,PK8439 .Z5 1969,NYU Inst Study Ancient World,Small Collection,9998789963307876,Zhamanakakitsʻ Hayotsʻ lezvi batsʻatrakan baṛaran /,,,,Haykakan SSH Gitutʻyunneri Akademiayi Hratarakchʻutʻyun,Erevan [Armenian S.S.R.] :,1969-1980.,"Armenian language, Modern--Dictionaries.; Armenian language, Modern; dictionaries.; Dictionaries; Dictionaries.; Dictionnaires.; Armenia.",http://vocab.getty.edu/tgn/7006651,,0,v.1,Garsoian,,,2026-03-26,2026-03-30,The Caucasus & The Western Steppe,0.9161959274187508,0.05089977374548615,0.021306882032994204,0.0,0.0,0.0,0.011597416802768996,0.9161959274187508
31154069011250,Book,In Process,PK8439 .Z5 1969,NYU Inst Study Ancient World,Small Collection,9998789963307876,Zhamanakakitsʻ Hayotsʻ lezvi batsʻatrakan baṛaran /,,,,Haykakan SSH Gitutʻyunneri Akademiayi Hratarakchʻutʻyun,Erevan [Armenian S.S.R.] :,1969-1980.,"Armenian language, Modern--Dictionaries.; Armenian language, Modern; dictionaries.; Dictionaries; Dictionaries.; Dictionnaires.; Armenia.",http://vocab.getty.edu/tgn/7006651,,0,v.2,Garsoian,,,2026-03-26,2026-03-30,The Caucasus & The Western Steppe,0.9161959274187508,0.05089977374548615,0.021306882032994204,0.0,0.0,0.0,0.011597416802768996,0.9161959274187508
31154069011268,Book,In Process,PK8439 .Z5 1969,NYU Inst Study Ancient World,Small Collection,9998789963307876,Zhamanakakitsʻ Hayotsʻ lezvi batsʻatrakan baṛaran /,,,,Haykakan SSH Gitutʻyunneri Akademiayi Hratarakchʻutʻyun,Erevan [Armenian S.S.R.] :,1969-1980.,"Armenian language, Modern--Dictionaries.; Armenian language, Modern; dictionaries.; Dictionaries; Dictionaries.; Dictionnaires.; Armenia.",http://vocab.getty.edu/tgn/7006651,,0,v.3,Garsoian,,,2026-03-26,2026-03-30,The Caucasus & The Western Steppe,0.9161959274187508,0.05089977374548615,0.021306882032994204,0.0,0.0,0.0,0.011597416802768996,0.9161959274187508
31154069011276,Book,In Process,DK671.5 .U3414 1975,NYU Inst Study Ancient World,Small Collection,9998789962907876,Istoria gamoqopʻisa kʻartʻveltʻa somextʻagan /,,,"Ukhtanēs, Bishop of Sebastia, active 10th century, author.","Gamomcʻemloba ""Mecʻniereba""",Tʻbilisi :,1975.,Armenian Church--History.; Orthodox Eastern Church--Georgia (Republic)--History.; Orthodox Eastern Church--History.; Georgia (Republic)--History--Sources.; Armenia--History--Sources.; Geschichte--600-650; Armenian Church; Orthodox Eastern Church; Armenia; Georgia (Republic); History; Sources; Armenia (region); Georgia.; Église orthodoxe--Histoire.; Géorgie (République)--Histoire--Sources.; Arménie--Histoire--Sources.,https://pleiades.stoa.org/places/874350; http://vocab.getty.edu/tgn/7006653;,https://id.oclc.org/worldcat/entity/E39PBJtRMHxc6jDdXPVCXhmmVC;,0,,Garsoian,,,2026-03-26,2026-03-30,The Caucasus & The Western Steppe,0.7331168088046413,0.0,0.25477465531420107,0.0,0.0,0.0,0.012108535881157737,0.7331168088046413
31154069011284,Book,,N7292.6 .I57 1978,NYU Inst Study Ancient World,Small Collection,9998789962807876,"Hay Arvestin Nvirvats Mijazgayin Erkrord Simpozium : zekutsʻumneri zhoghovatsu : Erevan, 12-18 Septemberi, 1978 /",,,"International Symposium on Armenian Art Yerevan, Armenia) 1978 : (2nd :",Haykakan SSH GA Hratarakchʻutʻyun,Erevan :,1981-,"Art, Armenian--Congresses.; Art, Armenian; Conference papers and proceedings; Armenia (region); Art arménien--Congrès.",https://pleiades.stoa.org/places/874350,,0,v.1,Garsoian,,,2026-03-26,2026-03-26,The Caucasus & The Western Steppe,0.6760059612518629,0.0,0.08262295081967212,0.1502235469448584,0.03540983606557377,0.02950819672131147,0.026229508196721308,0.6760059612518629
31154069011292,Book,In Process,N7292.6 .I57 1978,NYU Inst Study Ancient World,Small Collection,9998789962807876,"Hay Arvestin Nvirvats Mijazgayin Erkrord Simpozium : zekutsʻumneri zhoghovatsu : Erevan, 12-18 Septemberi, 1978 /",,,"International Symposium on Armenian Art Yerevan, Armenia) 1978 : (2nd :",Haykakan SSH GA Hratarakchʻutʻyun,Erevan :,1981-,"Art, Armenian--Congresses.; Art, Armenian; Conference papers and proceedings; Armenia (region); Art arménien--Congrès.",https://pleiades.stoa.org/places/874350,,0,v.2,Garsoian,,,2026-03-26,2026-03-30,The Caucasus & The Western Steppe,0.6760059612518629,0.0,0.08262295081967212,0.1502235469448584,0.03540983606557377,0.02950819672131147,0.026229508196721308,0.6760059612518629
31154069011300,Book,In Process,N7292.6 .I57 1978,NYU Inst Study Ancient World,Small Collection,9998789962807876,"Hay Arvestin Nvirvats Mijazgayin Erkrord Simpozium : zekutsʻumneri zhoghovatsu : Erevan, 12-18 Septemberi, 1978 /",,,"International Symposium on Armenian Art Yerevan, Armenia) 1978 : (2nd :",Haykakan SSH GA Hratarakchʻutʻyun,Erevan :,1981-,"Art, Armenian--Congresses.; Art, Armenian; Conference papers and proceedings; Armenia (region); Art arménien--Congrès.",https://pleiades.stoa.org/places/874350,,0,v.3,Garsoian,,,2026-03-26,2026-03-30,The Caucasus & The Western Steppe,0.6760059612518629,0.0,0.08262295081967212,0.1502235469448584,0.03540983606557377,0.02950819672131147,0.026229508196721308,0.6760059612518629
31154069011318,Book,In Process,N7292.6 .I57 1978,NYU Inst Study Ancient World,Small Collection,9998789962807876,"Hay Arvestin Nvirvats Mijazgayin Erkrord Simpozium : zekutsʻumneri zhoghovatsu : Erevan, 12-18 Septemberi, 1978 /",,,"International Symposium on Armenian Art Yerevan, Armenia) 1978 : (2nd :",Haykakan SSH GA Hratarakchʻutʻyun,Erevan :,1981-,"Art, Armenian--Congresses.; Art, Armenian; Conference papers and proceedings; Armenia (region); Art arménien--Congrès.",https://pleiades.stoa.org/places/874350,,0,v.4,Garsoian,,,2026-03-26,2026-03-30,The Caucasus & The Western Steppe,0.6760059612518629,0.0,0.08262295081967212,0.1502235469448584,0.03540983606557377,0.02950819672131147,0.026229508196721308,0.6760059612518629
31154069011326,Book,In Process,DK681.8.C55 H35 1986,NYU Inst Study Ancient World,Small Collection,9998789962707876,Hayastani ev harakitsʻ shrjanneri teghanunneri baṛaran : chʻors hatorov /,,,"Hakobyan, Tʻ. Kh. (Tʻadevos Khachʻaturi)",Erevani Hamalsarani hratarakchʻutʻyun,Erevan :,1986-2001.,Armenia (Republic)--Gazetteers.; Cilicia--Gazetteers.; Armenia--Gazetteers.; Iran--Gazetteers.; Armenia (Republic); Armenia; Asia--Cilicia; Iran; Gazetteers; Armenia (region); Cilicia.; Iran.,https://pleiades.stoa.org/places/874350; https://pleiades.stoa.org/places/658440; http://vocab.getty.edu/tgn/7000231,https://id.oclc.org/worldcat/entity/E39PBJp9mKY4fgRxdKTXWTYXVC; https://id.oclc.org/worldcat/entity/E39PBJd3KTRVMw3CVJqrw3xdQq; https://id.oclc.org/worldcat/entity/E39PBJtrYvcVTwChrDqytBvJXd;,0,v.1,Garsoian,,,2026-03-26,2026-03-30,The Caucasus & The Western Steppe,0.8748194511314396,0.0,0.11410688493018777,0.0,0.0,0.0,0.011073663938372653,0.8748194511314396
31154069011334,Book,In Process,DK681.8.C55 H35 1986,NYU Inst Study Ancient World,Small Collection,9998789962707876,Hayastani ev harakitsʻ shrjanneri teghanunneri baṛaran : chʻors hatorov /,,,"Hakobyan, Tʻ. Kh. (Tʻadevos Khachʻaturi)",Erevani Hamalsarani hratarakchʻutʻyun,Erevan :,1986-2001.,Armenia (Republic)--Gazetteers.; Cilicia--Gazetteers.; Armenia--Gazetteers.; Iran--Gazetteers.; Armenia (Republic); Armenia; Asia--Cilicia; Iran; Gazetteers; Armenia (region); Cilicia.; Iran.,https://pleiades.stoa.org/places/874350; https://pleiades.stoa.org/places/658440; http://vocab.getty.edu/tgn/7000231,https://id.oclc.org/worldcat/entity/E39PBJp9mKY4fgRxdKTXWTYXVC; https://id.oclc.org/worldcat/entity/E39PBJd3KTRVMw3CVJqrw3xdQq; https://id.oclc.org/worldcat/entity/E39PBJtrYvcVTwChrDqytBvJXd;,0,v.2,Garsoian,,,2026-03-26,2026-03-30,The Caucasus & The Western Steppe,0.8748194511314396,0.0,0.11410688493018777,0.0,0.0,0.0,0.011073663938372653,0.8748194511314396
31154069011342,Book,In Process,DK681.8.C55 H35 1986,NYU Inst Study Ancient World,Small Collection,9998789962707876,Hayastani ev harakitsʻ shrjanneri teghanunneri baṛaran : chʻors hatorov /,,,"Hakobyan, Tʻ. Kh. (Tʻadevos Khachʻaturi)",Erevani Hamalsarani hratarakchʻutʻyun,Erevan :,1986-2001.,Armenia (Republic)--Gazetteers.; Cilicia--Gazetteers.; Armenia--Gazetteers.; Iran--Gazetteers.; Armenia (Republic); Armenia; Asia--Cilicia; Iran; Gazetteers; Armenia (region); Cilicia.; Iran.,https://pleiades.stoa.org/places/874350; https://pleiades.stoa.org/places/658440; http://vocab.getty.edu/tgn/7000231,https://id.oclc.org/worldcat/entity/E39PBJp9mKY4fgRxdKTXWTYXVC; https://id.oclc.org/worldcat/entity/E39PBJd3KTRVMw3CVJqrw3xdQq; https://id.oclc.org/worldcat/entity/E39PBJtrYvcVTwChrDqytBvJXd;,0,v.3,Garsoian,,,2026-03-26,2026-03-30,The Caucasus & The Western Steppe,0.8748194511314396,0.0,0.11410688493018777,0.0,0.0,0.0,0.011073663938372653,0.8748194511314396
31154069011359,Book,In Process,DK681.8.C55 H35 1986,NYU Inst Study Ancient World,Small Collection,9998789962707876,Hayastani ev harakitsʻ shrjanneri teghanunneri baṛaran : chʻors hatorov /,,,"Hakobyan, Tʻ. Kh. (Tʻadevos Khachʻaturi)",Erevani Hamalsarani hratarakchʻutʻyun,Erevan :,1986-2001.,Armenia (Republic)--Gazetteers.; Cilicia--Gazetteers.; Armenia--Gazetteers.; Iran--Gazetteers.; Armenia (Republic); Armenia; Asia--Cilicia; Iran; Gazetteers; Armenia (region); Cilicia.; Iran.,https://pleiades.stoa.org/places/874350; https://pleiades.stoa.org/places/658440; http://vocab.getty.edu/tgn/7000231,https://id.oclc.org/worldcat/entity/E39PBJp9mKY4fgRxdKTXWTYXVC; https://id.oclc.org/worldcat/entity/E39PBJd3KTRVMw3CVJqrw3xdQq; https://id.oclc.org/worldcat/entity/E39PBJtrYvcVTwChrDqytBvJXd;,0,v.4,Garsoian,,,2026-03-26,2026-03-30,The Caucasus & The Western Steppe,0.8748194511314396,0.0,0.11410688493018777,0.0,0.0,0.0,0.011073663938372653,0.8748194511314396
31154069011367,Book,In Process,PK8093.R8 G54 1968,NYU Inst Study Ancient World,Small Collection,9998789962607876,Ṛus-hayeren baṛaran : mek hatorov /,,,"Gharibyan, A. S. compiler. (Ararat Sahaki),",Hayastan hratarakchʻutʻyun,Erevan :,1968.,Russian language--Dictionaries--Armenian.; Russian language; Dictionaries,,,0,,Garsoian,,,2026-03-26,2026-03-30,The Caucasus & The Western Steppe,0.7005233542001482,0.07297118272918211,0.14698477447459699,0.04245596086061504,0.0,0.0,0.037064727735457575,0.7005233542001482
31154069011375,Book,In Process,DS186 .K5 1955,NYU Inst Study Ancient World,Small Collection,9998789962507876,15. dari hayeren dzeṛagreri hishatakaranner /,,,"Khachʻikyan, L. S. 1918-1982, compiler. (Levon Stepʻani),",Haykakan SSṚ Gitutʻyunneri Akademiayi Hratarkchʻ,Erevan :,1955-67.,"Colophons of manuscripts.; Manuscripts, Armenian.; Armenia--History--Turkic Mongol Domination, 1045-1522--Sources.; Colophons of manuscripts; Manuscripts, Armenian; Armenia (Republic); Turkic Mongol Domination--(Armenia :--1045-1522); 1045-1522; History; Sources; Armenia (region); Achevés d'imprimer de manuscrits.; Manuscrits arméniens.; Arménie--Histoire--1045-1522 (Domination turco-mongole)--Sources.",https://pleiades.stoa.org/places/874350;,https://id.oclc.org/worldcat/entity/E39PBJp9mKY4fgRxdKTXWTYXVC;,0,v.1,Garsoian,,,2026-03-26,2026-03-30,The Caucasus & The Western Steppe,0.8066252485718943,0.0,0.10899226886085706,0.03585001104763975,0.0,0.035209832278931895,0.013322639240676934,0.8066252485718943
31154069011383,Book,In Process,DS186 .K5 1955,NYU Inst Study Ancient World,Small Collection,9998789962507876,15. dari hayeren dzeṛagreri hishatakaranner /,,,"Khachʻikyan, L. S. 1918-1982, compiler. (Levon Stepʻani),",Haykakan SSṚ Gitutʻyunneri Akademiayi Hratarkchʻ,Erevan :,1955-67.,"Colophons of manuscripts.; Manuscripts, Armenian.; Armenia--History--Turkic Mongol Domination, 1045-1522--Sources.; Colophons of manuscripts; Manuscripts, Armenian; Armenia (Republic); Turkic Mongol Domination--(Armenia :--1045-1522); 1045-1522; History; Sources; Armenia (region); Achevés d'imprimer de manuscrits.; Manuscrits arméniens.; Arménie--Histoire--1045-1522 (Domination turco-mongole)--Sources.",https://pleiades.stoa.org/places/874350;,https://id.oclc.org/worldcat/entity/E39PBJp9mKY4fgRxdKTXWTYXVC;,0,v.3,Garsoian,,,2026-03-26,2026-03-30,The Caucasus & The Western Steppe,0.8066252485718943,0.0,0.10899226886085706,0.03585001104763975,0.0,0.035209832278931895,0.013322639240676934,0.8066252485718943
31154069011391,Book,In Process,DS186 .G44 1982,NYU Inst Study Ancient World,Small Collection,9998791262807876,Patmutʻyun /,,,"Ghewond, Erētsʻ, active 8th century, author.","""Sovetakan Grogh"" Hratarakchʻutʻyun",Erevan :,1982.,"Armenia--History--Arab period, 640-885.; Armenia; 640-885; History; Armenia (region); Arménie--Histoire--640-885 (Période arabe)",https://pleiades.stoa.org/places/874350;,,0,,Garsoian,,,2026-03-30,2026-04-01,The Caucasus & The Western Steppe,0.8472362423169497,0.0,0.054500576991148804,0.037654944102975534,0.0,0.047500502882193915,0.01310773370673199,0.8472362423169497
31154069011409,Book,In Process,DS183 .M38 1973,NYU Inst Study Ancient World,Small Collection,9998791262707876,Zhamanakagrutʻyun /,,,"Matthew, of Edessa, active 12th century, author.","""Hayastan"" Hratarakchʻutʻyun",Erevan :,1973.,Armenia--History--428-1522.; Armenia; 428-1522; History; Armenia (region); Arménie--Histoire--428-1522.,https://pleiades.stoa.org/places/874350;,,0,,Garsoian,,,2026-03-30,2026-04-01,The Caucasus & The Western Steppe,0.7315833463383085,0.0,0.12193055772305142,0.04433838462656415,0.02973916042025644,0.05593144849681258,0.016477102395006948,0.7315833463383085
31154069011417,Book,In Process,PK8438 .T4 1968,NYU Inst Study Ancient World,Small Collection,9998791262607876,Hayotsʻ lezowi nor baṛaran /,,,"Tēr Khachʻaturean, Artashēs.",K Tōnikean Hratarakchʻatun,Pēyrutʻ :,1968.,Armenian language; Dictionaries; Armenian language--Dictionaries.; Armenia (region),https://pleiades.stoa.org/places/874350,,0,,Garsoian,,,2026-03-30,2026-04-01,The Caucasus & The Western Steppe,0.9645347074871174,0.0,0.02243103970900273,0.0,0.0,0.0,0.013034252803879966,0.9645347074871174
31154069011425,Book,In Process,PK8075 .A94 1969,NYU Inst Study Ancient World,Small Collection,9998791262507876,Hayagitakan hetazotutʻyunner /,,,"Avdalbegyan, Tʻad. 1885-1937. (Tʻadevos),",,,1969,"Armenia--History.; Mythology, Armenian.; Authors, Armenian.; Authors, Armenian--Criticism and interpretation.; Authors, Armenian; Mythology, Armenian; Armenia; Criticism, interpretation, etc.; History; Armenia (region); Arménie--Histoire.; Écrivains arméniens--Critique et interprétation.; Mythologie arménienne.; Écrivains arméniens.",https://pleiades.stoa.org/places/874350;,,0,,Garsoian,,,2026-03-30,2026-04-01,The Caucasus & The Western Steppe,0.9318509762577939,0.0,0.021670952936227766,0.03388549004573796,0.0,0.0,0.012592580760240458,0.9318509762577939
31154069011433,Book,In Process,CJ3481 .M85 1983,NYU Inst Study Ancient World,Small Collection,9998791262407876,Dramakan shrjanaṛutʻyuně Hayastanum : (m.tʻ.a. V d-m.tʻ. XIV d.) /,,,"Musheghean, Kh. A.",Haykakan SSH GA Hratarakchʻutʻyun,Erevan :,1983.,Numismatics--Armenia--History.; Mints--Armenia--History.; Mints; Numismatics; Armenia; History; Armenia (region); Numismatique--Arménie--Histoire.,https://pleiades.stoa.org/places/874350,,0,,Garsoian,,,2026-03-30,2026-04-01,The Caucasus & The Western Steppe,0.5167968150269537,0.0,0.1429697839658959,0.03132101909254265,0.03691405821621098,0.0,0.2719983236983967,0.5167968150269537
31154069011441,Book,In Process,DS186 .S4218 1979,NYU Inst Study Ancient World,Small Collection,9998791262307876,Patmutʻiwn Sebēosi /,,,"Sebēos, Bishop of Bagratunikʻ, active 7th century.",Haykakan SSH Gitutʻyunneri Akademiayi Hratarakchʻutʻyun,Erevan :,1979.,Armenia--History--428-640.; Armenia; 428-640; History; Armenia (region); Arménie--Histoire--428-640.,https://pleiades.stoa.org/places/874350;,,0,,Garsoian,,,2026-03-30,2026-04-01,The Caucasus & The Western Steppe,0.7655462607554435,0.0,0.12204360678709969,0.034024278255797485,0.02282116224474222,0.04292053449699225,0.012644157459924744,0.7655462607554435
31154069011458,Book,,DK689.5.D58 K35 v.1 1976,NYU Inst Study Ancient World,Small Collection,9998791262107876,Dvin /,9785808000391; 5808000394; 9785808000186; 5808000181,,"Kalantari͡an, A. A. author. (Aram Ashotovich),",Haykakan SSH GA Hratarakchʻutʻyun,Erevan :,1976-2002.,Excavations (Archaeology)--Armenia (Republic)--Dvin.; Dvin (Armenia)--Antiquities.; Antiquities; Armenia (Republic)--Dvin; Armenia; Doubios.,https://pleiades.stoa.org/places/863780,https://id.oclc.org/worldcat/entity/E39PBJbM678hPKJXwdMFb9Qcyd;,0,,Garsoian,,,2026-03-30,2026-03-30,The Caucasus & The Western Steppe,0.824634655532359,0.0,0.16492693110647183,0.0,0.0,0.0,0.010438413361169102,0.824634655532359
31154069011466,Book,,DK689.5.G37 G37,NYU Inst Study Ancient World,Small Collection,9998791262007876,Garni /,,,,Haykakan SSH Gitutʻyuneri Akademiayi Hratarakchʻutʻyun,Erevan :,1951-<1969>,Excavations (Archaeology)--Armenia (Republic)--Garni.; Armenia (Republic)--Antiquities.; Garni (Armenia)--Antiquities.; Antiquities; Excavations (Archaeology); Armenia (Republic); Armenia (Republic)--Garni; Gorneae.; Arménie--Antiquités.,https://pleiades.stoa.org/places/863795;,https://id.oclc.org/worldcat/entity/E39PBJp9mKY4fgRxdKTXWTYXVC; https://id.oclc.org/worldcat/entity/E39PBJwX9h643CPPTgmyTYPxXd;,0,t.4:1969,Garsoian,,,2026-03-30,2026-03-30,The Caucasus & The Western Steppe,0.7970455039162684,0.0,0.1948333454017545,0.0,0.0,0.0,0.008121150681977156,0.7970455039162684
31154069011474,Book,In Process,PK8089 .M3 1963,NYU Inst Study Ancient World,Large Collection,9998791261707876,Hayerēn batsʻatrakan baṛaran /,,,"Malkhasyantsʻ, Stepʻan, 1857-1947, compiler.",Shirkat-i Ufsit (Sihāmī-i ʻĀm); Kitābfurūshī-i Nāyirī,Tihrān :,1361 [1982 or 1983].,Armenian language--Dictionaries.; Armenian language; Dictionaries; Armenia (region),https://pleiades.stoa.org/places/874350,,0,v.1,Garsoian,,,2026-03-30,2026-04-01,The Caucasus & The Western Steppe,0.9077264780586495,0.0,0.047775077792560496,0.033008235565769074,0.0,0.0,0.01149020858302088,0.9077264780586495
31154069011482,Book,In Process,PK8089 .M3 1963,NYU Inst Study Ancient World,Large Collection,9998791261707876,Hayerēn batsʻatrakan baṛaran /,,,"Malkhasyantsʻ, Stepʻan, 1857-1947, compiler.",Shirkat-i Ufsit (Sihāmī-i ʻĀm); Kitābfurūshī-i Nāyirī,Tihrān :,1361 [1982 or 1983].,Armenian language--Dictionaries.; Armenian language; Dictionaries; Armenia (region),https://pleiades.stoa.org/places/874350,,0,v.2,Garsoian,,,2026-03-30,2026-04-01,The Caucasus & The Western Steppe,0.9077264780586495,0.0,0.047775077792560496,0.033008235565769074,0.0,0.0,0.01149020858302088,0.9077264780586495
31154069011490,Book,In Process,PK8089 .M3 1963,NYU Inst Study Ancient World,Large Collection,9998791261707876,Hayerēn batsʻatrakan baṛaran /,,,"Malkhasyantsʻ, Stepʻan, 1857-1947, compiler.",Shirkat-i Ufsit (Sihāmī-i ʻĀm); Kitābfurūshī-i Nāyirī,Tihrān :,1361 [1982 or 1983].,Armenian language--Dictionaries.; Armenian language; Dictionaries; Armenia (region),https://pleiades.stoa.org/places/874350,,0,v.3,Garsoian,,,2026-03-30,2026-04-01,The Caucasus & The Western Steppe,0.9077264780586495,0.0,0.047775077792560496,0.033008235565769074,0.0,0.0,0.01149020858302088,0.9077264780586495
31154069011508,Book,In Process,PK8089 .M3 1963,NYU Inst Study Ancient World,Large Collection,9998791261707876,Hayerēn batsʻatrakan baṛaran /,,,"Malkhasyantsʻ, Stepʻan, 1857-1947, compiler.",Shirkat-i Ufsit (Sihāmī-i ʻĀm); Kitābfurūshī-i Nāyirī,Tihrān :,1361 [1982 or 1983].,Armenian language--Dictionaries.; Armenian language; Dictionaries; Armenia (region),https://pleiades.stoa.org/places/874350,,0,v.4,Garsoian,,,2026-03-30,2026-04-01,The Caucasus & The Western Steppe,0.9077264780586495,0.0,0.047775077792560496,0.033008235565769074,0.0,0.0,0.01149020858302088,0.9077264780586495
31154069011516,Book,In Process,PK8547 .F7 1952,NYU Inst Study Ancient World,Large Collection,9998791261607876,"Diwan : I luys ěntsayetsʻ aṛajin angam amroghjakan bnagrov, usumnasirutʻeamb, tsanōtʻutʻiwnnerov, yaweluatsʻnerov ew baṛaranov /",,,"Frik, approximately 1236-",Hratarakutʻiwn Hay Baregortsakan Endhanur Miutʻean Melgonean Himnadrami,"Niw Ēorkʻ,",1952.,Armenian poetry.; Armenia (region); Poésie arménienne.,https://pleiades.stoa.org/places/874350,,0,,Garsoian,,,2026-03-30,2026-04-01,The Caucasus & The Western Steppe,0.9227350839890318,0.0,0.014417735687328622,0.03355400305414661,0.0,0.0,0.02929317726949307,0.9227350839890318
31154069011524,Book,In Process,BS2777 .S24 1998,NYU Inst Study Ancient World,Large Collection,9998791261507876,Meknutʻiwn eōtʻantsʻ Tʻghtʻotsʻ katʻughikeaytsʻ /,,,"Sargis, Shnorhali, active 12th century.",I Tparani Srbotsʻ Hakobeantsʻ,Erusaghēm :,1998.,"Bible. Catholic Epistles Commentaries.; Christian literature, Armenian--Early works to 1800.; Bible. Catholic Epistles; Christian literature, Armenian; Early works; Commentaries; Armenia (region); Bible New Testament. Épîtres catholiques Ouvrages avant 1800. Commentaires; Littérature chrétienne arménienne--Ouvrages avant 1800.",https://pleiades.stoa.org/places/874350,,0,,Garsoian,,,2026-03-30,2026-04-01,Ancient Western Asia,0.5766934649367189,0.5766934649367189,0.0,0.0,0.0,0.03295391228209822,0.0292923664729762,0.36106025630820665
31154069011532,Book,In Process,BX126.6 .G75 1998,NYU Inst Study Ancient World,Large Collection,9998791261407876,Dzmeṛan hator /,,,"Grigor, Tatʻevatsʻi, Saint, 1346-1409.",I Tparani Srbotsʻ Hakobeantsʻ,Erusaghēm :,1998.,"Sermons, Armenian.; Sermons, Armenian; Armenia (region); Église arménienne--Sermons--Ouvrages avant 1800.; Sermons arméniens--Ouvrages avant 1800.",https://pleiades.stoa.org/places/874350,,0,,Garsoian,,,2026-03-30,2026-04-01,The Caucasus & The Western Steppe,0.9232882986031601,0.0,0.014426379665674376,0.0,0.0,0.03297458209297,0.029310739638195558,0.9232882986031601
31154069011540,Book,In Process,CJ43.A752 Y475,NYU Inst Study Ancient World,Small Collection,9998791261307876,Hayastani dramakan gandzerě /,,,"Musheghean, Kh. A.",Haykakan SSH GA Hratarakchʻutʻyun,Erevan :,1973-,"Coins, Ancient--Armenia.; Hayastani Patmutʻyan Tʻangaran; Coins, Ancient; Armenia; Armenia (region); Hayastani Patmutʻyan Tʻangaran.; Monnaies antiques--Arménie.",https://pleiades.stoa.org/places/874350,,0,v.1(1973),Garsoian,,,2026-03-30,2026-04-01,The Caucasus & The Western Steppe,0.7926992740024236,0.0,0.012385926156287868,0.028825428145542675,0.033972826028675296,0.0,0.1321165456670706,0.7926992740024236
31154069011557,Book,In Process,Z3461 .A52,NYU Inst Study Ancient World,Small Collection,9998791261207876,"Haykakan matenagitutʻyun, 5-18 dd. /",9789993029045; 9993029041,,"Anasyan, H. S. 1904-1988. (Hakob Sedrakʻi),",Zangak-97; Haykakan SSṚ GA hratarakchʻutʻyun,Erevan :,1959-,Armenia--Bibliography.; Armenia; Bibliographies; Armenia (Republic)--Bibliography.; Armenia (region),https://pleiades.stoa.org/places/874350,,0,v.2(1976),Garsoian,,,2026-03-30,2026-04-01,The Caucasus & The Western Steppe,0.8479772676288043,0.0,0.0,0.03768787856128019,0.04441785687579451,0.03701488072982876,0.03290211620429223,0.8479772676288043
31154069011565,Book,In Process,DS162 .G58 1984 v.1,NYU Inst Study Ancient World,Small Collection,9998791261007876,Ghukas Karnetsʻi /,9785808005174; 5808005175,,"Ghukas I, Karnetsʻi, Catholicos, 1722-1799.",Haykakan SSH GA hratarakchʻutʻyun,Erevan :,1984-,"Armenian Church--History--Sources.; Ghukas--I,--Karnetsʻi, Catholicos,--1722-1799.; Armenia--History--1522-1800--Sources.; Ghukas--I,--Karnetsʻi, Catholicos,--1722-1799; Armenian Church; Armenia; 1522-1800; History; Sources; Armenia (region); Arménie--Histoire--1522-1800--Sources.",https://pleiades.stoa.org/places/874350;,,0,,Garsoian,,,2026-03-30,2026-04-01,The Caucasus & The Western Steppe,0.8227377294368388,0.0,0.10684296718542417,0.029917735615885042,0.0,0.02938349033702995,0.011118077424822145,0.8227377294368388
31154069011573,Book,In Process,DK651.D85 G47 v.2 1982,NYU Inst Study Ancient World,Large Collection,9998791260907876,Dvin kʻaghakʻě ev nra peghumnerě /,,,"Ghafadaryan, K. G. 1907-1976. (Karapet Grigori),",Haykakan SSR Gitutʻyunneri Akademiayi Hratarakchʻutʻyun,Erevan :,1952-1982.,Dvin (Armenia)--Antiquities.; Armenia (Republic)--Antiquities.; Antiquities; Armenia (Republic); Armenia (Republic)--Dvin; Doubios.; Arménie--Antiquités.,https://pleiades.stoa.org/places/863780;,https://id.oclc.org/worldcat/entity/E39PBJp9mKY4fgRxdKTXWTYXVC; https://id.oclc.org/worldcat/entity/E39PBJbM678hPKJXwdMFb9Qcyd;,0,,Garsoian,,,2026-03-30,2026-04-01,The Caucasus & The Western Steppe,0.7419636311430554,0.0,0.2580363688569446,0.0,0.0,0.0,0.0,0.7419636311430554
31154069011581,Book,In Process,ND2583.G43 A8 1984,NYU Inst Study Ancient World,Oversize Collection,9998791260807876,Atenis Sionis moxatuloba = Rospisi Atenskogo Siona /,,,,Xelovneba,Tʻbilisi :,1984.,"Atenis Sioni (Georgia); Mural painting and decoration, Byzantine--Georgia (Republic)--Goriĭskiĭ raĭon.; Mural painting and decoration, Medieval--Georgia (Republic)--Goriĭskiĭ raĭon.; Church buildings--Georgia (Republic)--Goriĭskiĭ raĭon.; Church buildings; Mural painting and decoration, Byzantine; Mural painting and decoration, Medieval; Ateni Sioni.",https://pleiades.stoa.org/places/891702684,,0,,Garsoian,,,2026-03-30,2026-04-01,"China, South Asia, & East Asia",0.7154807915340058,0.0,0.033190428573802694,0.7154807915340058,0.0,0.0,0.23786473811225264,0.013464041779938828
31154069011599,Book,In Process,ND3245.A7 G48 1973,NYU Inst Study Ancient World,Oversize Collection,9998791260707876,Arhestnern u kentsʻaghu haykakan manrankarnerum /,,,"Gevorgyan, Astghik.","""Hayastan""",Erevan :,1973.,"Illumination of books and manuscripts, Armenian.; Occupations in art.; Miniature painting--Armenia.; Mashtotsʻi Anvan Hin Dzeṛagreri Institut Matenadaran; Illumination of books and manuscripts, Armenian; Miniature painting; Occupations in art; Armenia; Armenia (region); Mashtotsʻi Anvan Hin Dzeṛagreri Institut Matenadaran.; Enluminure arménienne.; Professions dans l'art.; Miniature (Peinture)--Arménie.",https://pleiades.stoa.org/places/874350,,0,,Garsoian,,,2026-03-30,2026-04-01,The Caucasus & The Western Steppe,0.5155102349882632,0.0,0.08218279108508544,0.3937925406160344,0.0,0.0,0.008514433310616961,0.5155102349882632
31154069011607,Book,In Process,Z115.5.A7 A43125 2006,NYU Inst Study Ancient World,Folio Collection,9998791260607876,Haykakan hnagrutʻean albom /,9789994101542; 9994101544,,"Stone, Michael E., 1938-",Tigran Mets Hratarakchʻutyun PʻBĚ,[Erevan] :,2006.,"Paleography, Armenian.; Armenian language--Alphabet--History.; Armenian language--Alphabet; Paleography, Armenian; History; Armenia (region); Arménien (Langue)--Alphabet--Histoire.",https://pleiades.stoa.org/places/874350,,0,,Garsoian,,,2026-03-30,2026-04-01,The Caucasus & The Western Steppe,0.8603585603271349,0.0,0.013443102505111482,0.03128576583007763,0.03687250972830578,0.030727091440254813,0.02731297016911539,0.8603585603271349
31154069011615,Book,In Process,NK1045.A7 A27 1956,NYU Inst Study Ancient World,Small Collection,9998791260507876,"Arhestnerě Hayastanum, IV-XVIII d.d. /",,,"Abrahamyan, V. A. 1908-1986, author. (Valentina Abrahami),",Haykakan SSṚ GA hratkchʻ,Erevan :,1956.,Handicraft--Armenia.; Decorative arts--Armenia.; Decorative arts; Handicraft; Armenia; Armenia (region); Artisanat--Arménie.; Arts décoratifs--Arménie.,https://pleiades.stoa.org/places/874350,,0,,Garsoian,,,2026-03-30,2026-04-01,The Caucasus & The Western Steppe,0.5771306412640053,0.0,0.009017666269750082,0.3607066507900033,0.024734170339885942,0.020611808616571616,0.007799062719783856,0.5771306412640053
31154069011623,Book,In Process,CC350.A98 H39 1984,NYU Inst Study Ancient World,Small Collection,9998791260407876,Hayastani mijnadaryan kotʻoghayin hushardzannerě : IX-XIII dareri khachʻkʻarerě /,,,,Haykakan SSH GA Hratarakchʻutʻyun,Erevan :,1984.,Crosses--Armenia (Republic); Stone carving--Armenia (Republic); Christian art and symbolism--Armenia (Republic); Christian art and symbolism; Crosses; Stone carving; Armenia (Republic); Armenia (region); Armenia.; Sculpture en pierre--Arménie.,https://pleiades.stoa.org/places/874350; http://vocab.getty.edu/tgn/7006651,https://id.oclc.org/worldcat/entity/E39PBJp9mKY4fgRxdKTXWTYXVC;,0,,Garsoian,,,2026-03-30,2026-04-01,The Caucasus & The Western Steppe,0.7691378962702474,0.0,0.029811546367063853,0.04661441795577257,0.05493842116216053,0.05880259145796999,0.04069512678678557,0.7691378962702474
31154069011631,Book,In Process,NA1474 .T67 1984,NYU Inst Study Ancient World,Small Collection,9998791260307876,"Zvartʻnotsʻ, Gagkashen /",,,"Tʻoramanyan, Tʻoros, 1864-1934, author.","""Sovetakan grogh"" hratarakchʻutʻyun",Erevan :,1984.,"Architecture, Armenian.; Architecture, Medieval--Armenia.; Church architecture--Armenia.; Armenia--Antiquities.; Zvartʻnotsʻ (Armenia); Architecture, Medieval; Antiquities; Architecture, Armenian; Church architecture; Armenia; Zvartnots Cathedral.; Architecture médiévale--Arménie.; Architecture chrétienne--Arménie.",https://pleiades.stoa.org/places/929634889,,0,,Garsoian,,,2026-03-30,2026-04-01,The Caucasus & The Western Steppe,0.5997396311147414,0.0,0.015450194708324103,0.024158486271197686,0.028472501676768704,0.0,0.3321791862289682,0.5997396311147414
31154069011649,Book,In Process,BX125.K65 P3 1999,NYU Inst Study Ancient World,Large Collection,9998791260207876,Knikʻ hawatoy bnagrin baṛatsʻank /,9782921945011; 2921945010,,"Palandjian, Haroutiun.",Metsi Tann Kilikioy Katʻoghikosutʻiwn,"Antʻilias, Libanan :",1999.,Knikʻ hawatoy Concordances.; Knikʻ hawatoy; Concordances; Armenia (region),https://pleiades.stoa.org/places/874350,,0,,Garsoian,,,2026-03-30,2026-04-01,The Caucasus & The Western Steppe,0.8791130941230565,0.05494456838269103,0.013736142095672758,0.0,0.0,0.040326288721241124,0.011879906677338601,0.8791130941230565
31154069011656,Book,In Process,N7975.7.G42 G443 1982,NYU Inst Study Ancient World,Oversize Collection,990028918590107876,"Gelatʻi : arkʻitekʻtura, mozaika, pʻreskebi /",,,"Derlemenko, I͡Evhen.",,,1982,"Christian art and symbolism--Georgia (Republic)--Medieval, 500-1500.; Gelatʻi (Tqibuli, Georgia)--Buildings, structures, etc.; Gelatʻi (Monastery); Buildings; Christian art and symbolism--Medieval; Georgia (Republic); Georgia (Republic)--Gelatʻi (Tqibuli); 500-1500; Gelati Monastery.",https://pleiades.stoa.org/places/477179882,https://id.oclc.org/worldcat/entity/E39PBJtRMHxc6jDdXPVCXhmmVC;,0,,Garsoian,,,2026-03-30,2026-04-01,"China, South Asia, & East Asia",0.4462618481524646,0.2231309240762323,0.057080003833454775,0.4462618481524646,0.05986439426435501,0.1125889983870897,0.07791873539170016,0.02315509589470335
31154069011664,Book,In Process,DS175 .M27 1977,NYU Inst Study Ancient World,Small Collection,9998787746607876,Erker /,,,"Manandyan, Hakob, 1873-1952, author.",Haykakan SSH GA Hratarakchʻutʻyun,Erevan :,1977-<1985>,"Armenia--History.; Armenian literature--History and criticism.; Armenian literature; Armenia; Criticism, interpretation, etc.; History; Armenia (region); Arménie--Histoire.; Littérature arménienne--Histoire et critique.",https://pleiades.stoa.org/places/874350;,,0,v.4,Garsoian,,,2026-03-31,2026-04-02,The Caucasus & The Western Steppe,0.8936514366400325,0.0,0.0207825915497682,0.032496415877819367,0.0,0.04099318516697397,0.012076370765405846,0.8936514366400325
31154069011672,Book,In Process,DS167 .A7,NYU Inst Study Ancient World,Small Collection,9998791060407876,Kʻaghaknerĕ ev arhestnerĕ Hayastanum IX-XIII darerum /,,,"Aṛakʻelyan, B. N. (Babken Nikoghosi)",Haykakan SSṚ GA Hratarakchʻutʻyun,Erevan :,1958-1964.,Armenia--Antiquities.; Antiquities; Armenia; Armenia (region),https://pleiades.stoa.org/places/874350,,0,v.1(1958),Garsoian,,,2026-03-31,2026-04-23,The Caucasus & The Western Steppe,0.7742570993301737,0.0,0.15856286651939072,0.028829612094434673,0.0,0.02831479759274834,0.010035624463252577,0.7742570993301737
31154069011680,Book,In Process,DK689.5.T44 T67 1976,NYU Inst Study Ancient World,Small Collection,9998791060307876,Tʻeghuti vagh erkragortsakan bnakavayrĕ : (M.Tʻ.A. IV hazaramyak) /,,,"Tʻorosyan, Ṛ. M.",Haykakan SSH Gitutʻyunneri Akademiayi Hratarakchʻutʻyun,Erevan :,1976.,"Agriculture--Armenia--History.; Agriculture, Prehistoric--Armenia (Republic); Agriculture; Armenia; History; Armenia (region); Agriculture--Arménie--Histoire.",https://pleiades.stoa.org/places/874350,,0,,Garsoian,,,2026-03-31,2026-04-02,The Caucasus & The Western Steppe,0.824634655532359,0.0,0.16492693110647183,0.0,0.0,0.0,0.010438413361169102,0.824634655532359
31154069011698,Book,In Process,DK511.G32 O8 1975,NYU Inst Study Ancient World,Large Collection,9998791060207876,Kʻvemo kʻartʻlis arkʻeologiuri ekʻspedicʻiis šedegebi (1965-1971 cc.) /,,,"Javaxišvili, Alekʻsandre, 1917-1997, editor.","Gamomcʻemloba ""Mecʻniereba""",Tʻbilisi :,1975.,Excavations (Archaeology)--Georgia (Republic)--Kʻvemo Kʻartʻli.; Kʻvemo Kʻartʻli (Georgia)--Antiquities.; Georgia (Republic)--Antiquities.; Antiquities; Georgia (Republic); Kvemo Kartli.; Géorgie (République)--Antiquités.,http://vocab.getty.edu/tgn/7594771;,https://id.oclc.org/worldcat/entity/E39PBJtRMHxc6jDdXPVCXhmmVC;,0,,Garsoian,,,2026-03-31,2026-04-02,The Caucasus & The Western Steppe,0.7322348094747683,0.0,0.24407826982492273,0.0,0.0,0.0,0.023686920700308957,0.7322348094747683
31154069011706,Book,In Process,NA1492.62.O49 S53 1983,NYU Inst Study Ancient World,Small Collection,9998791060107876,Ōdzuni ekeghetsʻin : chartarapetakan-kʻnnakan aknark /,,,"Shakhkyan, Gaṛnik, 1937-2018","""Sovetakan Grogh"" Hratarakchʻutʻyun",Erevan :,1983.,"Armenian Church--History.; Ōdzun Ekeghetsʻi.; Church architecture--Armenia (Republic)--Ōdzun.; Architecture, Medieval--Armenia (Republic)--Ōdzun.; Architecture--Armenia (Republic)--Ōdzun.; Armenian Church; Architecture; Architecture, Medieval; Church architecture; Armenia (Republic)--Ōdzun; History; Odzun.",https://pleiades.stoa.org/places/403031321,https://id.oclc.org/worldcat/entity/E39QbtfRhPXp7P9hF4B93fCYmM;,0,,Garsoian,,,2026-03-31,2026-04-02,The Caucasus & The Western Steppe,0.5617942576290167,0.0,0.015968312232349312,0.02496863367240074,0.029427318256758015,0.02452276521396501,0.34331871299551014,0.5617942576290167
31154069011714,Book,In Process,HD2346.A74 A65 1971,NYU Inst Study Ancient World,Small Collection,9998791060007876,"Hay hamkʻarutʻyunnerě Andrkovkasi kʻaghakʻnerum, 18-20rd dari skizbě /",,,"Abrahamyan, V. A. 1908-1986, author. (Valentina Abrahami),","""Hayastan"" Hratarakchutʻyun",Erevan :,1971.,Guilds--Armenia (Republic); Guilds.; guilds.; Guilds; Armenia (Republic); Lesser Caucasus.; Corporations--Arménie.; Corporations.,http://vocab.getty.edu/tgn/1109316,https://id.oclc.org/worldcat/entity/E39PBJp9mKY4fgRxdKTXWTYXVC;,0,,Garsoian,,,2026-03-31,2026-04-02,The Caucasus & The Western Steppe,0.7661318028918037,0.0,0.030592068518249107,0.07119608673337974,0.0,0.06992472804171224,0.06215531381485532,0.7661318028918037
31154069037545,Issue,,DS793.S4 Q488,NYU Inst Study Ancient World,Library 6,990041466770107876,Qi Lu wen wu /,,,,Ke xue chu ban she,Beijing :,2012-,Shandong Sheng (China)--Antiquities--Periodicals.; Antiquities; China--Shandong Sheng; Periodicals; Shandong.,http://vocab.getty.edu/tgn/7002085,https://id.oclc.org/worldcat/entity/E39QbtfRr8hB9YQrXP6JCrVKqp;,0,no.4(2024),,,,2026-03-03,2026-03-03,"China, South Asia, & East Asia",0.9005455060738237,0.0,0.0473971318986223,0.9005455060738237,0.0,0.032162339502636555,0.011399310203466122,0.008495712321451167
31154069037552,Issue,,DS793.H75 H8287,NYU Inst Study Ancient World,Library 6,9998786551207876,Hubei wen bo /,,,,Ke xue chu ban she,Beijing :,2024-,"Hubei Sheng (China)--Antiquities.; Art objects, Chinese--China--Hubei Sheng.; Excavations (Archaeology)--China--Hubei Sheng.; Hubei.; Objets d'art chinois--Chine--Hubei.; Fouilles (Archéologie)--Chine--Hubei.",http://vocab.getty.edu/tgn/7002078,,0,no. 1 (2024),,,,2026-03-03,2026-03-04,"China, South Asia, & East Asia",0.9005455060738237,0.0,0.0473971318986223,0.9005455060738237,0.0,0.032162339502636555,0.011399310203466122,0.008495712321451167
31154069037560,Issue,,GN772.32.C6 K36,NYU Inst Study Ancient World,Library 6,9998786549907876,Kao gu Zhongguo zhong da xiang mu cheng guo /,,,,Wen wu chu ban she,Beijing :,2021-,Excavations (Archaeology)--China.; China--Antiquities.; Historic sites--China.; Ancient China.; Imperial China.; Chine--Antiquités.; Lieux historiques--Chine.,http://vocab.getty.edu/tgn/8697463; http://vocab.getty.edu/tgn/8697462;,,0,2024,,,,2026-03-04,2026-03-04,"China, South Asia, & East Asia",0.8755597790463535,0.0,0.020361855326659385,0.8755597790463535,0.03752399053055801,0.0,0.011831888906031806,0.054722486190397095
31154069037578,Issue,,GN772.32.C6 K36,NYU Inst Study Ancient World,Library 6,9998786549907876,Kao gu Zhongguo zhong da xiang mu cheng guo /,,,,Wen wu chu ban she,Beijing :,2021-,Excavations (Archaeology)--China.; China--Antiquities.; Historic sites--China.; Ancient China.; Imperial China.; Chine--Antiquités.; Lieux historiques--Chine.,http://vocab.getty.edu/tgn/8697463; http://vocab.getty.edu/tgn/8697462;,,0,2023,,,,2026-03-04,2026-03-04,"China, South Asia, & East Asia",0.8755597790463535,0.0,0.020361855326659385,0.8755597790463535,0.03752399053055801,0.0,0.011831888906031806,0.054722486190397095
31154069037586,Book,,BL1660 .G35 2022,NYU Inst Study Ancient World,Small Collection,9998784726607876,"Al di là : gli uomini, gli dèi, la morte in contesto fenicio /",8854913065; 9788854913066,,"Garbati, Giuseppe, author.",Edizioni Quasar,Roma :,[2022],Phoenicians--Funeral customs and rites.; Phoenician antiquities.; Death--Religious aspects; Phoenician antiquities; Phoenicians--Religion; Death--Religious aspects.; Phoenicians--Religion.; Phoenicians.; Phoenice.; Phéniciens--Religion.; Phéniciens--Rites et cérémonies funéraires.; Mort--Aspect religieux.; Antiquités phéniciennes.,https://pleiades.stoa.org/places/678334,,0,,,,,2026-03-05,2026-03-05,Ancient Western Asia,0.5876808006233495,0.5876808006233495,0.03541826253756794,0.08242795645106721,0.09714723438875779,0.10398022029377745,0.0719609143620428,0.021384611343437245
31154069037594,Book,In Process,DS175 .L44,NYU Inst Study Ancient World,Small Collection,9998787948007876,Erkeri zhoghovatsu : tasě hatorov /,9785550004074; 5550004070,,"Leo, 1860-1932.","""Hayastan"" Hratarakchyʻutyʻun",Erevan :,<1966-1989 >,Armenia--History.; Armenia--Civilization.; Civilization; Armenia; History; Armenia (region); Arménie--Histoire.,https://pleiades.stoa.org/places/874350;,,0,v.7(1983),Garsoian,,,2026-03-16,2026-03-18,The Caucasus & The Western Steppe,0.6876518442890485,0.0,0.10962565633593525,0.15281152095312187,0.0,0.03855336537808121,0.011357613043813112,0.6876518442890485
31154069037602,Book,In Process,DS175 .L44,NYU Inst Study Ancient World,Small Collection,9998787948007876,Erkeri zhoghovatsu : tasě hatorov /,9785550004074; 5550004070,,"Leo, 1860-1932.","""Hayastan"" Hratarakchyʻutyʻun",Erevan :,<1966-1989 >,Armenia--History.; Armenia--Civilization.; Civilization; Armenia; History; Armenia (region); Arménie--Histoire.,https://pleiades.stoa.org/places/874350;,,0,v.6(1987),Garsoian,,,2026-03-16,2026-03-18,The Caucasus & The Western Steppe,0.6876518442890485,0.0,0.10962565633593525,0.15281152095312187,0.0,0.03855336537808121,0.011357613043813112,0.6876518442890485
31154069037610,Book,In Process,DS175 .L44,NYU Inst Study Ancient World,Small Collection,9998787948007876,Erkeri zhoghovatsu : tasě hatorov /,9785550004074; 5550004070,,"Leo, 1860-1932.","""Hayastan"" Hratarakchyʻutyʻun",Erevan :,<1966-1989 >,Armenia--History.; Armenia--Civilization.; Civilization; Armenia; History; Armenia (region); Arménie--Histoire.,https://pleiades.stoa.org/places/874350;,,0,v.5(1986),Garsoian,,,2026-03-16,2026-03-18,The Caucasus & The Western Steppe,0.6876518442890485,0.0,0.10962565633593525,0.15281152095312187,0.0,0.03855336537808121,0.011357613043813112,0.6876518442890485
31154069037628,Book,In Process,DS175 .L44,NYU Inst Study Ancient World,Small Collection,9998787948007876,Erkeri zhoghovatsu : tasě hatorov /,9785550004074; 5550004070,,"Leo, 1860-1932.","""Hayastan"" Hratarakchyʻutyʻun",Erevan :,<1966-1989 >,Armenia--History.; Armenia--Civilization.; Civilization; Armenia; History; Armenia (region); Arménie--Histoire.,https://pleiades.stoa.org/places/874350;,,0,v.4(1984),Garsoian,,,2026-03-16,2026-03-17,The Caucasus & The Western Steppe,0.6876518442890485,0.0,0.10962565633593525,0.15281152095312187,0.0,0.03855336537808121,0.011357613043813112,0.6876518442890485
31154069037636,Book,In Process,DS175 .L44,NYU Inst Study Ancient World,Small Collection,9998787948007876,Erkeri zhoghovatsu : tasě hatorov /,9785550004074; 5550004070,,"Leo, 1860-1932.","""Hayastan"" Hratarakchyʻutyʻun",Erevan :,<1966-1989 >,Armenia--History.; Armenia--Civilization.; Civilization; Armenia; History; Armenia (region); Arménie--Histoire.,https://pleiades.stoa.org/places/874350;,,0,v.3(1969),Garsoian,,,2026-03-16,2026-03-17,The Caucasus & The Western Steppe,0.6876518442890485,0.0,0.10962565633593525,0.15281152095312187,0.0,0.03855336537808121,0.011357613043813112,0.6876518442890485
31154069037644,Book,In Process,DS175 .L44,NYU Inst Study Ancient World,Small Collection,9998787948007876,Erkeri zhoghovatsu : tasě hatorov /,9785550004074; 5550004070,,"Leo, 1860-1932.","""Hayastan"" Hratarakchyʻutyʻun",Erevan :,<1966-1989 >,Armenia--History.; Armenia--Civilization.; Civilization; Armenia; History; Armenia (region); Arménie--Histoire.,https://pleiades.stoa.org/places/874350;,,0,v.2(1967),Garsoian,,,2026-03-16,2026-03-17,The Caucasus & The Western Steppe,0.6876518442890485,0.0,0.10962565633593525,0.15281152095312187,0.0,0.03855336537808121,0.011357613043813112,0.6876518442890485
31154069037651,Book,In Process,DS175 .L44,NYU Inst Study Ancient World,Small Collection,9998787948007876,Erkeri zhoghovatsu : tasě hatorov /,9785550004074; 5550004070,,"Leo, 1860-1932.","""Hayastan"" Hratarakchyʻutyʻun",Erevan :,<1966-1989 >,Armenia--History.; Armenia--Civilization.; Civilization; Armenia; History; Armenia (region); Arménie--Histoire.,https://pleiades.stoa.org/places/874350;,,0,v.1(1966),Garsoian,,,2026-03-16,2026-03-17,The Caucasus & The Western Steppe,0.6876518442890485,0.0,0.10962565633593525,0.15281152095312187,0.0,0.03855336537808121,0.011357613043813112,0.6876518442890485
31154069037669,Book,In Process,PK8371 .A3 1952,NYU Inst Study Ancient World,Small Collection,9998787742607876,Liakatar kʻerakanutʻyun hayotsʻ lezvi : hamematutʻyamb 562 lezuneri /,,,"Achaṛean, Hrachʻeay, 1876-1953.",Haykakan SSṚ GA hratarakchʻutʻyun,Erevan :,1952-1971.,"Armenian language--Grammar.; Armenian language--Grammar, Comparative.; Armenian language--Parts of speech.; Armenian language--Grammar; Armenian language--Grammar, Comparative; Armenia (region); Arménien (Langue)--Grammaire.; Arménien (Langue)--Grammaire comparée.; Arménien (Langue)--Parties du discours.",https://pleiades.stoa.org/places/874350,,0,v.4:pt.2,Garsoian,,,2026-03-16,2026-04-02,The Caucasus & The Western Steppe,0.8642637608270467,0.07856943280245879,0.04548756635931824,0.0,0.0,0.0,0.011679240011176307,0.8642637608270467
31154069037677,Book,In Process,PK8371 .A3 1952,NYU Inst Study Ancient World,Small Collection,9998787742607876,Liakatar kʻerakanutʻyun hayotsʻ lezvi : hamematutʻyamb 562 lezuneri /,,,"Achaṛean, Hrachʻeay, 1876-1953.",Haykakan SSṚ GA hratarakchʻutʻyun,Erevan :,1952-1971.,"Armenian language--Grammar.; Armenian language--Grammar, Comparative.; Armenian language--Parts of speech.; Armenian language--Grammar; Armenian language--Grammar, Comparative; Armenia (region); Arménien (Langue)--Grammaire.; Arménien (Langue)--Grammaire comparée.; Arménien (Langue)--Parties du discours.",https://pleiades.stoa.org/places/874350,,0,v.4:pt.1,Garsoian,,,2026-03-16,2026-04-02,The Caucasus & The Western Steppe,0.8642637608270467,0.07856943280245879,0.04548756635931824,0.0,0.0,0.0,0.011679240011176307,0.8642637608270467
31154069037685,Book,In Process,PK8371 .A3 1952,NYU Inst Study Ancient World,Small Collection,9998787742607876,Liakatar kʻerakanutʻyun hayotsʻ lezvi : hamematutʻyamb 562 lezuneri /,,,"Achaṛean, Hrachʻeay, 1876-1953.",Haykakan SSṚ GA hratarakchʻutʻyun,Erevan :,1952-1971.,"Armenian language--Grammar.; Armenian language--Grammar, Comparative.; Armenian language--Parts of speech.; Armenian language--Grammar; Armenian language--Grammar, Comparative; Armenia (region); Arménien (Langue)--Grammaire.; Arménien (Langue)--Grammaire comparée.; Arménien (Langue)--Parties du discours.",https://pleiades.stoa.org/places/874350,,0,v.3,Garsoian,,,2026-03-16,2026-04-02,The Caucasus & The Western Steppe,0.8642637608270467,0.07856943280245879,0.04548756635931824,0.0,0.0,0.0,0.011679240011176307,0.8642637608270467
31154069078671,Book,,DS797.77.S258 N56 2023,NYU Inst Study Ancient World,Large Collection,9998788055907876,Ning shi Sanxingdui : Sichuan kao gu xin fa xian = Gazing at Sanxingdui : new archaeological discoveries in Sichuan /,7547931960; 9787547931967,,,Shanghai shu hua chu ban she,Shanghai Shi :,2023.,Archaeology.; Archaeology--China--Sichuan Sheng.; Sanxingdui Site (China)--Exhibitions.; Jinsha Site (China)--Exhibitions.; Sichuan Sheng (China)--Antiquities--Exhibitions.; archaeology.; exhibition catalogs.; Exhibition catalogs.; Catalogues d'exposition.; Guanghan Sanxingdui.; Jinsha.; Archéologie.; Archéologie--Chine--Sichuan.; Sanxingdui (Chine : Site archéologique)--Expositions.,http://vocab.getty.edu/tgn/8712371;,https://www.wikidata.org/entity/Q217618;,0,,,,,2026-03-11,2026-03-11,"China, South Asia, & East Asia",0.9331593560223291,0.0,0.021701380372612305,0.9331593560223291,0.0,0.033327119857940325,0.01181214374711809,0.0
31154069078689,Book,,RS180.C5 Y895 2025,NYU Inst Study Ancient World,Small Collection,9998788055207876,Qian han zhao zhang : Dunhuang Tulufan chu tu ben cao xie ben yan jiu /,7547870902; 9787547870907,,"Yu, Yeli, author.",Shanghai ke xue ji shu chu ban she,Shanghai :,2025.,"Dunhuang manuscripts.; Medicinal plants--China.; Materia medica, Vegetable--China--History.; Medicine, Chinese--China--History.; Pharmacology--China.; Mogao Caves.; Turfan Depression.; Plantes médicinales--Chine.; Phytothérapie--Chine--Histoire.; Médecine chinoise--Chine--Histoire.; Pharmacologie--Chine.",http://vocab.getty.edu/tgn/7029798; https://vocab.getty.edu/tgn/1103342,,0,,,,,2026-03-11,2026-03-11,"China, South Asia, & East Asia",0.9093702206104509,0.0,0.014208909697038296,0.9093702206104509,0.038973009454733615,0.0,0.028868895892395267,0.008578964345381612
31154069078697,Book,,PL3031.D86 Z474 2024,NYU Inst Study Ancient World,Small Collection,9998788056907876,Dunhuang Meng shu jiao shi yu yan jiu.,7501084653; 9787501084654,,"Zheng, Acai, author.",Wen wu chu ban she,Beijing Shi :,2024.,Dunhuang manuscripts.; Chinese language--Readers--Early works to 1800.; Mogao Caves.,http://vocab.getty.edu/tgn/7029798,,0,,,,,2026-03-10,2026-03-12,"China, South Asia, & East Asia",0.972494710521254,0.0,0.015195229851894594,0.972494710521254,0.0,0.0,0.012310059626851317,0.0
31154069078747,Issue,,DS793.N6 S5343,NYU Inst Study Ancient World,Library 6,990079219630107876,Si chou zhi lu kao gu /,,,,She hui ke xue wen xian chu ban she; Ke xue chu ban she,Beijing :,2018-,"Silk Road--Antiquities--Periodicals.; China, Northwest--Antiquities--Periodicals.; Silk Road--History--Periodicals.; China, Northwest--History--Periodicals.; Periodical; Antiquities; Asia--Silk Road; Northwest China; periodicals.; History; Periodicals; Periodicals.; Périodiques.; Silk Road.; Northwest China.; Route de la soie--Histoire--Périodiques.; Chine (Nord-Ouest)--Histoire--Périodiques.",http://vocab.getty.edu/tgn/7031416;,https://id.oclc.org/worldcat/entity/E39PBJj8JTKRmWPGXFqt87Vpyd; https://www.wikidata.org/entity/Q1153001;,0,v.10(2025),,,,2026-03-02,2026-03-02,Central Asia & Siberia,0.5543134145036767,0.0,0.5543134145036767,0.41573506087775747,0.0,0.021723203227201084,0.00701662550004654,0.0012116958913181773
31154069078754,Book,,DS99.E25 P56 1993,NYU Inst Study Ancient World,Large Collection,9998786958207876,Le perle del palazzo reale G /,,,"Pinnock, Frances.",Missione archeologica italiana in Siria,[Rome] :,1993.,"Ebla (Extinct city); Excavations (Archaeology)--Syria.; Beads--Syria--Ebla (Extinct city)--Catalogs.; Jewelry, Ancient--Syria--Ebla (Extinct city); Beads; Excavations (Archaeology); Jewelry, Ancient; Syria; Syria--Ebla (Extinct city); catalogs (documents); Catalogs; Catalogs.; Perle; Ebla; Palace G at Ebla.; Ebla.; Catalogues.; Ebla (Ville ancienne); Bijoux antiques--Syrie--Ebla (Ville ancienne)",https://pleiades.stoa.org/places/586301784; https://pleiades.stoa.org/places/869702586;,https://id.oclc.org/worldcat/entity/E39QbtfRrbPWVQ3tvhM9q9jX7B; https://id.oclc.org/worldcat/entity/E39PBJjCRBKkHMFhK6qCKbXfMP;,0,,,,,2026-03-05,2026-03-05,Ancient Western Asia,0.8624134914805685,0.8624134914805685,0.014893654046950608,0.03466159487290323,0.023248630707435096,0.043724488945176096,0.012065745050694162,0.008992394896272064
31154069078762,Book,,HQ1137.T9 D38 2013,NYU Inst Study Ancient World,Small Collection,9998786957507876,"Anadolu'da kadın : on bin yıldır eş, anne, tüccar, kraliçe /",9750824261; 9789750824265,,"Darga, A. Muhibbe, author.",Yapı Kredi Yayınları,İstanbul :,2013.,Women--Turkey--History.; Women--History--To 500.; Hittites; Women; Turkey; To 500; History; Turkey.; Femmes--Histoire--Jusqu'à 500.; Hittites.,https://vocab.getty.edu/tgn/1000144,https://id.oclc.org/worldcat/entity/E39PBJxmHG9jJjCTM3y4pFRqcP;,0,,,,,2026-03-05,2026-03-05,European and Classical Antiquity,0.8243559718969554,0.14988290398126464,0.025761124121779857,0.0,0.0,0.0,0.8243559718969554,0.0
31154069078770,Book,,HM753 .I3468 2025,NYU Inst Study Ancient World,Small Collection,9998786957307876,Identity negotiation and social competition through a materiality lens /,,,,Charles University Faculty of Arts,Prague :,2025,Group identity--History--To 1500--Congresses.; Material culture--Social aspects--History--To 1500--Congresses.; Excavations (Archaeology)--Congresses.; Eurasia.; Fouilles (Archéologie)--Congrès.,http://vocab.getty.edu/tgn/3000006,,0,,,,,2026-03-05,2026-03-05,Cross-Cultural Studies & Other,0.4749862561847169,0.0,0.1731720725673447,0.0,0.4749862561847169,0.0,0.3518416712479384,0.0
31154069078788,Book,In Process,DS75 .C97 2025,NYU Inst Study Ancient World,Large Collection,9998786957107876,Die Aneignung und Umnutzung von Herrschaftsräumen ; am Beispiel der Squattersiedlung der südwestasiatischen Eisenzeit /,9781803279879; 1803279877; 9781803279886; 1803279885,,"Cyrus, Georg, author.",Archaeopress Publishing Ltd,Bicester :,[2025],"Architecture, Ancient--Middle East.; Squatter settlements--Middle East--History--To 1500.; Middle East--Civilization--To 622.; Middle East--Antiquities.; Architecture, Ancient; Civilization, Ancient; Middle East; Middle East.; Civilisation ancienne.; Moyen-Orient--Civilisation--Jusqu'à 622.; Moyen-Orient--Antiquités.",http://vocab.getty.edu/tgn/7001526;,,0,,,,,2026-03-05,2026-03-11,Ancient Western Asia,0.6780895899664149,0.6780895899664149,0.14151434921038222,0.03945248523440959,0.046497571883411304,0.049768043300287335,0.034442645839563926,0.01023531456553079
31154069078796,Book,In Process,DS166.5 .A476 1950,NYU Inst Study Ancient World,Large Collection,9998787460007876,Patmakan Hayastani sahmannerě /,,,"Alpōyachean, Arshak, 1879-1962, author.",The New-Star Press; tp Nor-Astgh,Gahirē :,1950.,Armenia--Historical geography.; Armenia--History.; Armenia--Boundaries.; Armenia (region); Arménie--Histoire.,https://pleiades.stoa.org/places/874350;,,0,,,,,2026-03-06,2026-03-10,The Caucasus & The Western Steppe,0.8151062155782849,0.0,0.0996240930151237,0.036226942914590436,0.0,0.035580033219687036,0.013462715272314013,0.8151062155782849
31154069078812,Issue,,DS67 .A55,NYU Inst Study Ancient World,Oversize Collection,990017935600107876,Akkadica.,,1378-5087,,Fondation assyriologique Georges Dossin,Bruxelles :,1977,Assyriology; Periodicals; Periodicals.; Assyriologie.; Assyriology--Periodicals.; Akkadians.; Assyriologie--Périodiques.,,,0,no.146:fasc.1(2025),,,,2026-03-12,2026-03-12,Ancient Western Asia,0.6427435721592173,0.6427435721592173,0.025410792387689986,0.1986661950310308,0.0,0.050122205168379334,0.014765730711765804,0.06829150454191683
31154069078820,Issue,,DS67 .A55,NYU Inst Study Ancient World,Oversize Collection,990017935600107876,Akkadica.,,1378-5087,,Fondation assyriologique Georges Dossin,Bruxelles :,1977,Assyriology; Periodicals; Periodicals.; Assyriologie.; Assyriology--Periodicals.; Akkadians.; Assyriologie--Périodiques.,,,0,no.146:fasc.2(2025),,,,2026-03-12,2026-03-12,Ancient Western Asia,0.6427435721592173,0.6427435721592173,0.025410792387689986,0.1986661950310308,0.0,0.050122205168379334,0.014765730711765804,0.06829150454191683
31154069078838,Issue,,DK30 .A1733,NYU ISAW Offsite,Offsite Collection,990021661500107876,Rossiĭskai͡a arkheologii͡a.,,0869-6063,,"Izd-vo ""Nauka""",Moskva :,1992-,Russia (Federation)--Antiquities--Periodicals.; Archaeology--Periodicals.; Antiquities; Archaeology; Russia (Federation); Periodicals; Periodicals.; 15.30 archaeology: general.; Archeologie.; Russia.; Archéologie--Périodiques.; Russie--Antiquités--Périodiques.,http://vocab.getty.edu/tgn/7002435;,https://id.oclc.org/worldcat/entity/E39PBJhhmCp3jtcMQbx3WgpXVC;,0,2025:no.3,,,,2026-03-12,2026-03-12,The Caucasus & The Western Steppe,0.7322348094747683,0.0,0.24407826982492273,0.0,0.0,0.0,0.023686920700308957,0.7322348094747683
31154069078846,Book,In Process,CN1230.A75 G434 1948,NYU Inst Study Ancient World,Large Collection,9998787750407876,Hovhannavankʻě ev nra ardzanagrutʻyunnerě /,,,"Ghafadaryan, K. G. 1907-1976, author. (Karapet Grigori),",Haykakan SSṚ Gitutʻyunneri Akademiayi Hratarakchʻutʻyun,Erevan :,1948.,"Hovhannavankʻ (Ōhanavan, Armenia)--Buildings, structures, etc.; Church architecture--Armenia.; Inscriptions, Armenian.; Monasteries--Armenia.; Church architecture; Inscriptions, Armenian; Monasteries; Armenia; Hovhannavank.; Architecture chrétienne--Arménie.",https://pleiades.stoa.org/places/248570175,,0,,,,,2026-03-12,2026-03-12,The Caucasus & The Western Steppe,0.486120125268774,0.0,0.019411046668718405,0.04517479951992647,0.0,0.05698655902743018,0.39230746951515094,0.486120125268774
31154069078853,Book,,BD495 .A34 2020,NYU Inst Study Ancient World,Small Collection,9998787746707876,Alphanumeric cosmology from Greek into Arabic : the idea of stoicheia through the Medieval Mediterranean /,316159245X; 9783161592454,,"Acevedo, Juan, 1971- author.",Mohr Siebeck,"Tübingen, Germany :",[2020],"Stoicheion (The Greek word)--History.; Cosmology, Ancient.; Cosmology, Medieval.; Philosophy, Ancient; Stoicheion (The Greek word); Philosophy, Ancient.; Internum Mare.; Philosophie ancienne.; Cosmologie antique.; Cosmologie médiévale.",https://pleiades.stoa.org/places/1043,,0,,,,,2026-03-12,2026-03-16,Cross-Cultural Studies & Other,0.4749862561847169,0.0,0.1731720725673447,0.0,0.4749862561847169,0.0,0.3518416712479384,0.0
31154069078861,Book,In Process,PK8531 .M38 2003,NYU Inst Study Ancient World,Large Collection,9998787746407876,Matenagirkʻ Hayotsʻ /,5550016478; 9785550016473; 555001775X; 9785550017753,,,Metsi Tann Kilikioy Katʻoghikosutʻiwn,"Antʻilias, Libanan :",2003-,"Armenian Church--History--Sources.; Armenian Church--Doctrines.; Armenia--History--Sources.; Armenian language, Classical.; Armenian Church; Armenian language, Classical; Theology, Doctrinal; Armenia; History; Sources; Armenia (region); Arménie--Histoire--Sources.; Arménien classique (Langue)",https://pleiades.stoa.org/places/874350;,,0,v.2,,,,2026-03-12,2026-03-16,The Caucasus & The Western Steppe,0.9212804487709503,0.0,0.048488444672155274,0.0009841081832134284,0.0,0.0,0.02924699837368096,0.9212804487709503
31154069078879,Book,In Process,DS175 .H39,NYU Inst Study Ancient World,Small Collection,9998789668907876,Hay zhoghovrdi patmutʻyun /,,,,Haykakan SSH Gitutʻyunneri Akademiayi Hratarakchʻutʻyun,Erevan :,1970-1984.,Armenia--History.; Armenia (Republic)--History.; Armenia.; Arménie--Histoire.; Arménie--Histoire--1991-,http://vocab.getty.edu/tgn/7006651;,,0,t.5:1974,Garsoian,,,2026-03-20,2026-03-23,The Caucasus & The Western Steppe,0.8017314315381475,0.0,0.07032731855597785,0.048589783729584696,0.0,0.06129445195245777,0.018057014223832154,0.8017314315381475
31154069078887,Book,In Process,Z6605.A7 J45,NYU Inst Study Ancient World,Large Collection,9998787947907876,"Mayr tsʻutsʻak dzeṛagratsʻ Srbotsʻ Hakobeantsʻ,",,,Srbotsʻ Hakobeantsʻ (Monastery : Jerusalem). Dzeṛagratsʻ Matenadaran.,Tp Srbotsʻ Hakobeantsʻ,"Erusaghēm,",1966-1991,"Srbotsʻ Hakobeantsʻ (Monastery : Jerusalem).--Dzeṛagratsʻ Matenadaran--Catalogs.; Manuscripts, Armenian--Jerusalem--Catalogs.; Srbotsʻ Hakobeantsʻ (Monastery : Jerusalem).--Dzeṛagratsʻ Matenadaran; Manuscripts, Armenian; Middle East--Jerusalem; Catalogs; Cathedral of St. James, Jerusalem.; Manuscrits arméniens--Jérusalem--Catalogues.",https://pleiades.stoa.org/places/969121824,https://id.oclc.org/worldcat/entity/E39PBJkp9jBRd8fKjb3BBXQDv3;,0,v.2(1967),Garsoian,,,2026-03-13,2026-04-16,The Caucasus & The Western Steppe,0.5024595531721406,0.3329053006613771,0.0,0.046693211001855486,0.03131861713539088,0.045859403662536644,0.04076391436669924,0.5024595531721406
31154069078895,Book,In Process,Z6605.A7 J45,NYU Inst Study Ancient World,Large Collection,9998787947907876,"Mayr tsʻutsʻak dzeṛagratsʻ Srbotsʻ Hakobeantsʻ,",,,Srbotsʻ Hakobeantsʻ (Monastery : Jerusalem). Dzeṛagratsʻ Matenadaran.,Tp Srbotsʻ Hakobeantsʻ,"Erusaghēm,",1966-1991,"Srbotsʻ Hakobeantsʻ (Monastery : Jerusalem).--Dzeṛagratsʻ Matenadaran--Catalogs.; Manuscripts, Armenian--Jerusalem--Catalogs.; Srbotsʻ Hakobeantsʻ (Monastery : Jerusalem).--Dzeṛagratsʻ Matenadaran; Manuscripts, Armenian; Middle East--Jerusalem; Catalogs; Cathedral of St. James, Jerusalem.; Manuscrits arméniens--Jérusalem--Catalogues.",https://pleiades.stoa.org/places/969121824,https://id.oclc.org/worldcat/entity/E39PBJkp9jBRd8fKjb3BBXQDv3;,0,v.3(1968),Garsoian,,,2026-03-13,2026-04-16,The Caucasus & The Western Steppe,0.5024595531721406,0.3329053006613771,0.0,0.046693211001855486,0.03131861713539088,0.045859403662536644,0.04076391436669924,0.5024595531721406
31154069078903,Book,In Process,Z6605.A7 J45,NYU Inst Study Ancient World,Large Collection,9998787947907876,"Mayr tsʻutsʻak dzeṛagratsʻ Srbotsʻ Hakobeantsʻ,",,,Srbotsʻ Hakobeantsʻ (Monastery : Jerusalem). Dzeṛagratsʻ Matenadaran.,Tp Srbotsʻ Hakobeantsʻ,"Erusaghēm,",1966-1991,"Srbotsʻ Hakobeantsʻ (Monastery : Jerusalem).--Dzeṛagratsʻ Matenadaran--Catalogs.; Manuscripts, Armenian--Jerusalem--Catalogs.; Srbotsʻ Hakobeantsʻ (Monastery : Jerusalem).--Dzeṛagratsʻ Matenadaran; Manuscripts, Armenian; Middle East--Jerusalem; Catalogs; Cathedral of St. James, Jerusalem.; Manuscrits arméniens--Jérusalem--Catalogues.",https://pleiades.stoa.org/places/969121824,https://id.oclc.org/worldcat/entity/E39PBJkp9jBRd8fKjb3BBXQDv3;,0,v.4(1969),Garsoian,,,2026-03-13,2026-04-16,The Caucasus & The Western Steppe,0.5024595531721406,0.3329053006613771,0.0,0.046693211001855486,0.03131861713539088,0.045859403662536644,0.04076391436669924,0.5024595531721406
31154069078911,Book,In Process,Z6605.A7 J45,NYU Inst Study Ancient World,Large Collection,9998787947907876,"Mayr tsʻutsʻak dzeṛagratsʻ Srbotsʻ Hakobeantsʻ,",,,Srbotsʻ Hakobeantsʻ (Monastery : Jerusalem). Dzeṛagratsʻ Matenadaran.,Tp Srbotsʻ Hakobeantsʻ,"Erusaghēm,",1966-1991,"Srbotsʻ Hakobeantsʻ (Monastery : Jerusalem).--Dzeṛagratsʻ Matenadaran--Catalogs.; Manuscripts, Armenian--Jerusalem--Catalogs.; Srbotsʻ Hakobeantsʻ (Monastery : Jerusalem).--Dzeṛagratsʻ Matenadaran; Manuscripts, Armenian; Middle East--Jerusalem; Catalogs; Cathedral of St. James, Jerusalem.; Manuscrits arméniens--Jérusalem--Catalogues.",https://pleiades.stoa.org/places/969121824,https://id.oclc.org/worldcat/entity/E39PBJkp9jBRd8fKjb3BBXQDv3;,0,v.5(1971),Garsoian,,,2026-03-13,2026-04-16,The Caucasus & The Western Steppe,0.5024595531721406,0.3329053006613771,0.0,0.046693211001855486,0.03131861713539088,0.045859403662536644,0.04076391436669924,0.5024595531721406
31154069078929,Book,In Process,Z6605.A7 J45,NYU Inst Study Ancient World,Large Collection,9998787947907876,"Mayr tsʻutsʻak dzeṛagratsʻ Srbotsʻ Hakobeantsʻ,",,,Srbotsʻ Hakobeantsʻ (Monastery : Jerusalem). Dzeṛagratsʻ Matenadaran.,Tp Srbotsʻ Hakobeantsʻ,"Erusaghēm,",1966-1991,"Srbotsʻ Hakobeantsʻ (Monastery : Jerusalem).--Dzeṛagratsʻ Matenadaran--Catalogs.; Manuscripts, Armenian--Jerusalem--Catalogs.; Srbotsʻ Hakobeantsʻ (Monastery : Jerusalem).--Dzeṛagratsʻ Matenadaran; Manuscripts, Armenian; Middle East--Jerusalem; Catalogs; Cathedral of St. James, Jerusalem.; Manuscrits arméniens--Jérusalem--Catalogues.",https://pleiades.stoa.org/places/969121824,https://id.oclc.org/worldcat/entity/E39PBJkp9jBRd8fKjb3BBXQDv3;,0,v.6(1972),Garsoian,,,2026-03-13,2026-04-16,The Caucasus & The Western Steppe,0.5024595531721406,0.3329053006613771,0.0,0.046693211001855486,0.03131861713539088,0.045859403662536644,0.04076391436669924,0.5024595531721406
31154069078937,Book,In Process,Z6605.A7 J45,NYU Inst Study Ancient World,Large Collection,9998787947907876,"Mayr tsʻutsʻak dzeṛagratsʻ Srbotsʻ Hakobeantsʻ,",,,Srbotsʻ Hakobeantsʻ (Monastery : Jerusalem). Dzeṛagratsʻ Matenadaran.,Tp Srbotsʻ Hakobeantsʻ,"Erusaghēm,",1966-1991,"Srbotsʻ Hakobeantsʻ (Monastery : Jerusalem).--Dzeṛagratsʻ Matenadaran--Catalogs.; Manuscripts, Armenian--Jerusalem--Catalogs.; Srbotsʻ Hakobeantsʻ (Monastery : Jerusalem).--Dzeṛagratsʻ Matenadaran; Manuscripts, Armenian; Middle East--Jerusalem; Catalogs; Cathedral of St. James, Jerusalem.; Manuscrits arméniens--Jérusalem--Catalogues.",https://pleiades.stoa.org/places/969121824,https://id.oclc.org/worldcat/entity/E39PBJkp9jBRd8fKjb3BBXQDv3;,0,v.7(1974),Garsoian,,,2026-03-13,2026-04-16,The Caucasus & The Western Steppe,0.5024595531721406,0.3329053006613771,0.0,0.046693211001855486,0.03131861713539088,0.045859403662536644,0.04076391436669924,0.5024595531721406
31154069078945,Book,In Process,Z6605.A7 J45,NYU Inst Study Ancient World,Large Collection,9998787947907876,"Mayr tsʻutsʻak dzeṛagratsʻ Srbotsʻ Hakobeantsʻ,",,,Srbotsʻ Hakobeantsʻ (Monastery : Jerusalem). Dzeṛagratsʻ Matenadaran.,Tp Srbotsʻ Hakobeantsʻ,"Erusaghēm,",1966-1991,"Srbotsʻ Hakobeantsʻ (Monastery : Jerusalem).--Dzeṛagratsʻ Matenadaran--Catalogs.; Manuscripts, Armenian--Jerusalem--Catalogs.; Srbotsʻ Hakobeantsʻ (Monastery : Jerusalem).--Dzeṛagratsʻ Matenadaran; Manuscripts, Armenian; Middle East--Jerusalem; Catalogs; Cathedral of St. James, Jerusalem.; Manuscrits arméniens--Jérusalem--Catalogues.",https://pleiades.stoa.org/places/969121824,https://id.oclc.org/worldcat/entity/E39PBJkp9jBRd8fKjb3BBXQDv3;,0,v.8(1977),Garsoian,,,2026-03-13,2026-04-16,The Caucasus & The Western Steppe,0.5024595531721406,0.3329053006613771,0.0,0.046693211001855486,0.03131861713539088,0.045859403662536644,0.04076391436669924,0.5024595531721406
31154069078952,Book,In Process,Z6605.A7 J45,NYU Inst Study Ancient World,Large Collection,9998787947907876,"Mayr tsʻutsʻak dzeṛagratsʻ Srbotsʻ Hakobeantsʻ,",,,Srbotsʻ Hakobeantsʻ (Monastery : Jerusalem). Dzeṛagratsʻ Matenadaran.,Tp Srbotsʻ Hakobeantsʻ,"Erusaghēm,",1966-1991,"Srbotsʻ Hakobeantsʻ (Monastery : Jerusalem).--Dzeṛagratsʻ Matenadaran--Catalogs.; Manuscripts, Armenian--Jerusalem--Catalogs.; Srbotsʻ Hakobeantsʻ (Monastery : Jerusalem).--Dzeṛagratsʻ Matenadaran; Manuscripts, Armenian; Middle East--Jerusalem; Catalogs; Cathedral of St. James, Jerusalem.; Manuscrits arméniens--Jérusalem--Catalogues.",https://pleiades.stoa.org/places/969121824,https://id.oclc.org/worldcat/entity/E39PBJkp9jBRd8fKjb3BBXQDv3;,0,v.9(1979),Garsoian,,,2026-03-13,2026-04-16,The Caucasus & The Western Steppe,0.5024595531721406,0.3329053006613771,0.0,0.046693211001855486,0.03131861713539088,0.045859403662536644,0.04076391436669924,0.5024595531721406
31154069078960,Book,In Process,Z6605.A7 J45,NYU Inst Study Ancient World,Large Collection,9998787947907876,"Mayr tsʻutsʻak dzeṛagratsʻ Srbotsʻ Hakobeantsʻ,",,,Srbotsʻ Hakobeantsʻ (Monastery : Jerusalem). Dzeṛagratsʻ Matenadaran.,Tp Srbotsʻ Hakobeantsʻ,"Erusaghēm,",1966-1991,"Srbotsʻ Hakobeantsʻ (Monastery : Jerusalem).--Dzeṛagratsʻ Matenadaran--Catalogs.; Manuscripts, Armenian--Jerusalem--Catalogs.; Srbotsʻ Hakobeantsʻ (Monastery : Jerusalem).--Dzeṛagratsʻ Matenadaran; Manuscripts, Armenian; Middle East--Jerusalem; Catalogs; Cathedral of St. James, Jerusalem.; Manuscrits arméniens--Jérusalem--Catalogues.",https://pleiades.stoa.org/places/969121824,https://id.oclc.org/worldcat/entity/E39PBJkp9jBRd8fKjb3BBXQDv3;,0,v.10(1990),Garsoian,,,2026-03-13,2026-04-16,The Caucasus & The Western Steppe,0.5024595531721406,0.3329053006613771,0.0,0.046693211001855486,0.03131861713539088,0.045859403662536644,0.04076391436669924,0.5024595531721406
31154069078978,Book,In Process,Z6605.A7 J45,NYU Inst Study Ancient World,Large Collection,9998787947907876,"Mayr tsʻutsʻak dzeṛagratsʻ Srbotsʻ Hakobeantsʻ,",,,Srbotsʻ Hakobeantsʻ (Monastery : Jerusalem). Dzeṛagratsʻ Matenadaran.,Tp Srbotsʻ Hakobeantsʻ,"Erusaghēm,",1966-1991,"Srbotsʻ Hakobeantsʻ (Monastery : Jerusalem).--Dzeṛagratsʻ Matenadaran--Catalogs.; Manuscripts, Armenian--Jerusalem--Catalogs.; Srbotsʻ Hakobeantsʻ (Monastery : Jerusalem).--Dzeṛagratsʻ Matenadaran; Manuscripts, Armenian; Middle East--Jerusalem; Catalogs; Cathedral of St. James, Jerusalem.; Manuscrits arméniens--Jérusalem--Catalogues.",https://pleiades.stoa.org/places/969121824,https://id.oclc.org/worldcat/entity/E39PBJkp9jBRd8fKjb3BBXQDv3;,0,v.11(1991),Garsoian,,,2026-03-13,2026-04-16,The Caucasus & The Western Steppe,0.5024595531721406,0.3329053006613771,0.0,0.046693211001855486,0.03131861713539088,0.045859403662536644,0.04076391436669924,0.5024595531721406
31154069079000,Book,In Process,DS186 .H68,NYU Inst Study Ancient World,Large Collection,9998789466407876,Khaghbakyankʻ kam Pṛoshyankʻ Hayotsʻ patmutʻyan mēj : patmagitakan usumnasirutʻyun /,,,"Hovsepʻyan, Garegin, 1867-1952.",Pethrati aṛajin Tp,Vagharshapat,1928-1942/3.,Armenia--History.; Siwnikʻ (Armenia)--History.; Monasteries--Armenia.; Church architecture--Armenia.; Church architecture; Monasteries; Armenia (Republic)--Siwnikʻ; Armenia; History; Siwnik.; Arménie--Histoire.; Architecture chrétienne--Arménie.,https://pleiades.stoa.org/places/884213;,https://id.oclc.org/worldcat/entity/E39QbtfRpBTqrbmg3qttvMrWKM;,0,v.1:1928,Garsoian,,,2026-03-20,2026-03-23,The Caucasus & The Western Steppe,0.7462340688762366,0.00859746075005502,0.11896485155997973,0.03316595861672162,0.022245460047801088,0.041837791833020395,0.02895440831618554,0.7462340688762366
31154069079018,Book,In Process,DS175 .H39,NYU Inst Study Ancient World,Small Collection,9998789668907876,Hay zhoghovrdi patmutʻyun /,,,,Haykakan SSH Gitutʻyunneri Akademiayi Hratarakchʻutʻyun,Erevan :,1970-1984.,Armenia--History.; Armenia (Republic)--History.; Armenia.; Arménie--Histoire.; Arménie--Histoire--1991-,http://vocab.getty.edu/tgn/7006651;,,0,t.3:1976,Garsoian,,,2026-03-20,2026-03-23,The Caucasus & The Western Steppe,0.8017314315381475,0.0,0.07032731855597785,0.048589783729584696,0.0,0.06129445195245777,0.018057014223832154,0.8017314315381475
31154069079026,Book,In Process,DS175 .H39,NYU Inst Study Ancient World,Small Collection,9998789668907876,Hay zhoghovrdi patmutʻyun /,,,,Haykakan SSH Gitutʻyunneri Akademiayi Hratarakchʻutʻyun,Erevan :,1970-1984.,Armenia--History.; Armenia (Republic)--History.; Armenia.; Arménie--Histoire.; Arménie--Histoire--1991-,http://vocab.getty.edu/tgn/7006651;,,0,t.6:1981,Garsoian,,,2026-03-20,2026-03-23,The Caucasus & The Western Steppe,0.8017314315381475,0.0,0.07032731855597785,0.048589783729584696,0.0,0.06129445195245777,0.018057014223832154,0.8017314315381475
31154069079034,Book,In Process,DS175 .H39,NYU Inst Study Ancient World,Small Collection,9998789668907876,Hay zhoghovrdi patmutʻyun /,,,,Haykakan SSH Gitutʻyunneri Akademiayi Hratarakchʻutʻyun,Erevan :,1970-1984.,Armenia--History.; Armenia (Republic)--History.; Armenia.; Arménie--Histoire.; Arménie--Histoire--1991-,http://vocab.getty.edu/tgn/7006651;,,0,t.7:1967,Garsoian,,,2026-03-20,2026-03-23,The Caucasus & The Western Steppe,0.8017314315381475,0.0,0.07032731855597785,0.048589783729584696,0.0,0.06129445195245777,0.018057014223832154,0.8017314315381475
31154069079042,Bound Issue,In Process,DS171 .B36,NYU Inst Study Ancient World,Oak Collection,9998789467407876,Banber Matenadarani /,,,,Haykakan SSR gitutʻyunneri akademiayi hratarakchʻutʻyun,Erevan :,1956-,"Armenia--Civilization--Periodicals.; Manuscripts, Armenian--Periodicals.; Civilization.; Manuscripts, Armenian.; Armenia.; Periodicals.",(OCoLC)fst01206470,,0,v.15(1986),Garsoian,,,2026-03-20,2026-03-30,The Caucasus & The Western Steppe,0.8223506903330781,0.0,0.10726313352170583,0.02990366146665738,0.0,0.029369667511895643,0.011112847166663217,0.8223506903330781
31154069079059,Book,In Process,BV761.A8 H35,NYU Inst Study Ancient World,Small Collection,9998789461407876,Kanonagirkʻ Hayotsʻ /,,,Armenian Church.,Haykakan SSR Gitutʻyunneri Akademiayi Hratarakchʻutʻyun,Erevan :,1964-1971.,Canon law--Eastern churches; Direito canonico.; Historia da asia.; Canon law--Eastern churches.; Eastern Europe.; Droit canonique--Églises orientales.,http://vocab.getty.edu/tgn/4003756,,0,v.1(1964),Garsoian,,,2026-03-23,2026-03-24,Ancient Western Asia,0.9522707808387177,0.9522707808387177,0.024476972334899722,0.0,0.0,0.0,0.013322908992413772,0.009929337833968755
31154069079067,Book,In Process,NA5697.G4 M4 1965,NYU Inst Study Ancient World,Large Collection,9998789968507876,Gelati = Gelatʻi = Gelati /,,,"Mepisashvili, Rusudan, author.",Sabchota Sakartvelo = Sabčotʻa Sakʻartʻvelo,Tbilisi = Tʻbilisi :,1965.,"Church decoration and ornament--Georgia (Republic)--Gelatʻi (Tqibuli); Church architecture--Georgia (Republic)--Gelatʻi (Tqibuli); Gelatʻi (Tqibuli, Georgia); Gelatʻi (Monastery); Church decoration and ornament; Church architecture; Georgia (Republic)--Gelatʻi (Tqibuli); Gelati Monastery.",https://pleiades.stoa.org/places/477179882,,0,,Garsoian,,,2026-03-26,2026-03-26,European and Classical Antiquity,0.5472837398093531,0.06633742300719431,0.016970038443700868,0.02653496920287772,0.03127335656053446,0.02606113046711205,0.5472837398093531,0.2855393425092277
31154069079075,Issue,,DS715 .W439,NYU ISAW Offsite,Offsite Collection,990018258730107876,Wen wu.,,0511-4772,,Wen wu chu ban she,Beijing :,1959-,"Electronic journals.; Antiquities; China; Periodicals; Periodicals.; Art, Chinese--History--Periodicals.; China--Antiquities--Periodicals.; Imperial China.; China.; Ancient China.; Chine--Antiquités--Périodiques.",http://vocab.getty.edu/tgn/8697462; http://vocab.getty.edu/tgn/1000111; http://vocab.getty.edu/tgn/8697463;,https://id.oclc.org/worldcat/entity/E39PBJdCqh8h6hJY7PT6MQW4bd;,0,2026:no.2,,,,2026-03-26,2026-03-26,"China, South Asia, & East Asia",0.925016078586442,0.0,0.021512001827591675,0.925016078586442,0.0,0.033036288520944354,0.011709064285904328,0.008726566779117376
31154069079083,Book,In Process,NK4695.A6 D932 1982,NYU Inst Study Ancient World,Large Collection,9998789964307876,Sferokonicheskie sosudy iz Dvina i Ani /,,,"Janpʻoladyan, H. M. (Hṛipʻsime Mikʻayeli)",Izd-vo AN Armi͡anskoĭ SSR,Erevan :,1982.,"Pottery, Medieval--Armenia.; Implements, utensils, etc.--Armenia.; Apothecary jars--Armenia.; Dvin (Armenia)--Antiquities.; Ani (Extinct city); Antiquities; Pottery, Medieval; Armenia; Ani.; Doubios.; Pots à pharmacie--Arménie.; Ani (Ville ancienne)",https://pleiades.stoa.org/places/863739; https://pleiades.stoa.org/places/863780;,,0,,Garsoian,,,2026-03-26,2026-03-26,The Caucasus & The Western Steppe,0.7754774645575122,0.0,0.012116835383711128,0.1409959026468204,0.03323474848103623,0.027695623734196862,0.010479425196723138,0.7754774645575122
31154069079091,Book,In Process,DS186 .K5 1955,NYU Inst Study Ancient World,Small Collection,9998789962507876,15. dari hayeren dzeṛagreri hishatakaranner /,,,"Khachʻikyan, L. S. 1918-1982, compiler. (Levon Stepʻani),",Haykakan SSṚ Gitutʻyunneri Akademiayi Hratarkchʻ,Erevan :,1955-67.,"Colophons of manuscripts.; Manuscripts, Armenian.; Armenia--History--Turkic Mongol Domination, 1045-1522--Sources.; Colophons of manuscripts; Manuscripts, Armenian; Armenia (Republic); Turkic Mongol Domination--(Armenia :--1045-1522); 1045-1522; History; Sources; Armenia (region); Achevés d'imprimer de manuscrits.; Manuscrits arméniens.; Arménie--Histoire--1045-1522 (Domination turco-mongole)--Sources.",https://pleiades.stoa.org/places/874350;,https://id.oclc.org/worldcat/entity/E39PBJp9mKY4fgRxdKTXWTYXVC;,0,v.2,Garsoian,,,2026-03-26,2026-03-27,The Caucasus & The Western Steppe,0.8066252485718943,0.0,0.10899226886085706,0.03585001104763975,0.0,0.035209832278931895,0.013322639240676934,0.8066252485718943
31154069079109,Book,In Process,PK8487.R8 G3 1984,NYU Inst Study Ancient World,Reference 5 Collection,9998791262207876,Hay-ṛuseren baṛaran /,,,,Haykakan SSH Gitutʻyunneri Akademiayi Hratarakchʻutʻyun,Erevan :,1984.,Armenian language--Dictionaries--Russian.; Armenian language; Dictionaries; Armenia (region),https://pleiades.stoa.org/places/874350,,0,,Garsoian,,,2026-03-30,2026-04-23,The Caucasus & The Western Steppe,0.9194150456854445,0.0,0.03551351479073515,0.03343327438856161,0.0,0.0,0.011638165135258791,0.9194150456854445
31154069079117,Book,,DK689.5.G37 G37,NYU Inst Study Ancient World,Small Collection,9998791262007876,Garni /,,,,Haykakan SSH Gitutʻyuneri Akademiayi Hratarakchʻutʻyun,Erevan :,1951-<1969>,Excavations (Archaeology)--Armenia (Republic)--Garni.; Armenia (Republic)--Antiquities.; Garni (Armenia)--Antiquities.; Antiquities; Excavations (Archaeology); Armenia (Republic); Armenia (Republic)--Garni; Gorneae.; Arménie--Antiquités.,https://pleiades.stoa.org/places/863795;,https://id.oclc.org/worldcat/entity/E39PBJp9mKY4fgRxdKTXWTYXVC; https://id.oclc.org/worldcat/entity/E39PBJwX9h643CPPTgmyTYPxXd;,0,t.3:1962,Garsoian,,,2026-03-30,2026-03-30,The Caucasus & The Western Steppe,0.7970455039162684,0.0,0.1948333454017545,0.0,0.0,0.0,0.008121150681977156,0.7970455039162684
31154069079125,Book,In Process,NA5974 .H395 1972,NYU Inst Study Ancient World,Large Collection,9998791261807876,Haykakan chartarapetutʻean hushardzanner /,,,,Hamazgayin,Pēyrutʻ :,1972.,"Church architecture--Armenia.; Architecture--Armenia.; Architecture, Early Christian--Armenia.; Architecture; Architecture, Early Christian; Church architecture; Armenia; Armenia (region); Architecture chrétienne--Arménie.; Architecture--Arménie.; Architecture paléochrétienne--Arménie.",https://pleiades.stoa.org/places/874350,,0,,Garsoian,,,2026-03-30,2026-04-01,The Caucasus & The Western Steppe,0.47693534748360145,0.04416068032255569,0.01848586618153494,0.028905172574763723,0.03406681053454296,0.0,0.39744612290300124,0.47693534748360145
31154069079133,Book,In Process,Z3461 .A52,NYU Inst Study Ancient World,Small Collection,9998791261207876,"Haykakan matenagitutʻyun, 5-18 dd. /",9789993029045; 9993029041,,"Anasyan, H. S. 1904-1988. (Hakob Sedrakʻi),",Zangak-97; Haykakan SSṚ GA hratarakchʻutʻyun,Erevan :,1959-,Armenia--Bibliography.; Armenia; Bibliographies; Armenia (Republic)--Bibliography.; Armenia (region),https://pleiades.stoa.org/places/874350,,0,v.1(1959),Garsoian,,,2026-03-30,2026-04-01,The Caucasus & The Western Steppe,0.8479772676288043,0.0,0.0,0.03768787856128019,0.04441785687579451,0.03701488072982876,0.03290211620429223,0.8479772676288043
31154069079141,Book,In Process,BX123 .O7,NYU Inst Study Ancient World,Large Collection,9998791059907876,Azgapatum : Hay ughghapʻaṛ Ekeghetsʻwoy antsʻkʻerě skizbēn minchʻew mer ōrerě yarakitsʻ azgayin paraganerov patmuats /,,,"Ōrmanean, Maghakʻia, 1841-1918.",Hratarakutʻiwn V ew H Ter-Nersesean,Kostandnupolis :,1912-1927.,Armenian Church--History.; Armenia--History.; Armenian Church; Armenia; History; Armenia (region); Arménie--Histoire.,https://pleiades.stoa.org/places/874350;,,0,v.1:1912,Garsoian,,,2026-03-31,2026-04-01,The Caucasus & The Western Steppe,0.9147100633342143,0.0,0.014292344739597099,0.0,0.0,0.0419591772171658,0.029038414709022676,0.9147100633342143
31154069079158,Book,In Process,BX123 .O7,NYU Inst Study Ancient World,Large Collection,9998791059907876,Azgapatum : Hay ughghapʻaṛ Ekeghetsʻwoy antsʻkʻerě skizbēn minchʻew mer ōrerě yarakitsʻ azgayin paraganerov patmuats /,,,"Ōrmanean, Maghakʻia, 1841-1918.",Hratarakutʻiwn V ew H Ter-Nersesean,Kostandnupolis :,1912-1927.,Armenian Church--History.; Armenia--History.; Armenian Church; Armenia; History; Armenia (region); Arménie--Histoire.,https://pleiades.stoa.org/places/874350;,,0,v.2:1914,Garsoian,,,2026-03-31,2026-04-01,The Caucasus & The Western Steppe,0.9147100633342143,0.0,0.014292344739597099,0.0,0.0,0.0419591772171658,0.029038414709022676,0.9147100633342143
31154069079166,Book,In Process,BX123 .O7,NYU Inst Study Ancient World,Large Collection,9998791059907876,Azgapatum : Hay ughghapʻaṛ Ekeghetsʻwoy antsʻkʻerě skizbēn minchʻew mer ōrerě yarakitsʻ azgayin paraganerov patmuats /,,,"Ōrmanean, Maghakʻia, 1841-1918.",Hratarakutʻiwn V ew H Ter-Nersesean,Kostandnupolis :,1912-1927.,Armenian Church--History.; Armenia--History.; Armenian Church; Armenia; History; Armenia (region); Arménie--Histoire.,https://pleiades.stoa.org/places/874350;,,0,v.3:1927,Garsoian,,,2026-03-31,2026-04-01,The Caucasus & The Western Steppe,0.9147100633342143,0.0,0.014292344739597099,0.0,0.0,0.0419591772171658,0.029038414709022676,0.9147100633342143
alma220497,Book,,NX573.6.A7 H39 1974,NYU Inst Study Ancient World,Large Collection,9998787460307876,Haykakan Arvest /,,,,Haykakan SSH Gitutʻyunneri Akademiayi hratarakchʻutʻyun,Erevan :,1974-,"Art, Armenian--History.; Art, Medieval--Armenia.; Art, Armenian; Art, Medieval; Armenia; History; Armenia (region); Art arménien--Histoire.; Art médiéval--Arménie.",https://pleiades.stoa.org/places/874350,,0,,,,,2026-03-06,2026-03-06,The Caucasus & The Western Steppe,0.8582153912415201,0.0,0.03426901735860237,0.07975334948911096,0.0,0.0,0.027762241910766473,0.8582153912415201
alma228851,Book,,DS181 .I5 1835,NYU Inst Study Ancient World,Antiquarian Collection,9998791261107876,Hnakhōsutʻiwn ashkharhagrakan Hayastaneaytsʻ ashkharhi /,,,"Inchichean, Ghukas, 1758-1833.",I tparani Srboyn Ghazarow,I Venetik :,1835.,Armenia--History.; Armenia--Antiquities.; Antiquities; Armenia; History; Armenia (region); Arménie--Histoire.,https://pleiades.stoa.org/places/874350;,,0,v.1,Garsoian,,,2026-03-30,2026-03-30,The Caucasus & The Western Steppe,0.7661593898671448,0.0,0.12214135200780568,0.034051528438539765,0.02283943980633765,0.04295490972751576,0.011853380152656247,0.7661593898671448
alma228852,Book,,DS181 .I5 1835,NYU Inst Study Ancient World,Antiquarian Collection,9998791261107876,Hnakhōsutʻiwn ashkharhagrakan Hayastaneaytsʻ ashkharhi /,,,"Inchichean, Ghukas, 1758-1833.",I tparani Srboyn Ghazarow,I Venetik :,1835.,Armenia--History.; Armenia--Antiquities.; Antiquities; Armenia; History; Armenia (region); Arménie--Histoire.,https://pleiades.stoa.org/places/874350;,,0,v.2,Garsoian,,,2026-03-30,2026-03-30,The Caucasus & The Western Steppe,0.7661593898671448,0.0,0.12214135200780568,0.034051528438539765,0.02283943980633765,0.04295490972751576,0.011853380152656247,0.7661593898671448
alma228853,Book,,DS181 .I5 1835,NYU Inst Study Ancient World,Antiquarian Collection,9998791261107876,Hnakhōsutʻiwn ashkharhagrakan Hayastaneaytsʻ ashkharhi /,,,"Inchichean, Ghukas, 1758-1833.",I tparani Srboyn Ghazarow,I Venetik :,1835.,Armenia--History.; Armenia--Antiquities.; Antiquities; Armenia; History; Armenia (region); Arménie--Histoire.,https://pleiades.stoa.org/places/874350;,,0,v.3,Garsoian,,,2026-03-30,2026-03-30,The Caucasus & The Western Steppe,0.7661593898671448,0.0,0.12214135200780568,0.034051528438539765,0.02283943980633765,0.04295490972751576,0.011853380152656247,0.7661593898671448
