id,mms_id,call_number,title,date_acquired,Author,Publisher,Publication Date,Subjects
31154069010625,9998789467407876,DS171 .B36,Banber Matenadarani /,2026-03-20,,Haykakan SSR gitutʻyunneri akademiayi hratarakchʻutʻyun,1956-,"Armenia--Civilization--Periodicals.; Manuscripts, Armenian--Periodicals.; Civilization.; Manuscripts, Armenian.; Armenia.; Periodicals."
31154068978186,9998788041707876,DS795.4.T864 L8953 2025,Lu Xian gu cheng cheng zhi kao gu kan tan bao gao /,2026-03-16,,Ke xue chu ban she,2025.,"Tongzhou Qu (Beijing, China)--Antiquities.; Luxian site."
31154068978202,9998786554707876,HF3770.6 .A93 2025,The warehouse of Bamiyan : economic life in medieval Afghanistan /,2026-03-03,"Azad, Arezou, 1970- author.",Edinburgh University Press,[2025],"Commerce--History--Medieval, 500-1500.; Warehouses--History.; Bāmyān (Afghanistan)--Commerce--History.; Bāmyān (Afghanistan)--Economic conditions--History.; Bamiyan.; Commerce--Histoire--500-1500 (Moyen Âge); Entrepôts--Histoire."
31154068978210,9998786553107876,DS715 .Z46644 2024,Zhongguo kao gu fa jue bao gao ti yao /,2026-03-03,,Zhongguo wen shi chu ban she,2024.,China--Antiquities.; Excavations (Archaeology)--China--History.; Imperial China.; Ancient China.; Chine--Antiquités.
31154068978228,9998786553107876,DS715 .Z46644 2024,Zhongguo kao gu fa jue bao gao ti yao /,2026-03-03,,Zhongguo wen shi chu ban she,2024.,China--Antiquities.; Excavations (Archaeology)--China--History.; Imperial China.; Ancient China.; Chine--Antiquités.
31154068978236,9998786553107876,DS715 .Z46644 2024,Zhongguo kao gu fa jue bao gao ti yao /,2026-03-03,,Zhongguo wen shi chu ban she,2024.,China--Antiquities.; Excavations (Archaeology)--China--History.; Imperial China.; Ancient China.; Chine--Antiquités.
31154068978244,9998786553107876,DS715 .Z46644 2024,Zhongguo kao gu fa jue bao gao ti yao /,2026-03-03,,Zhongguo wen shi chu ban she,2024.,China--Antiquities.; Excavations (Archaeology)--China--History.; Imperial China.; Ancient China.; Chine--Antiquités.
31154068978251,9998786553107876,DS715 .Z46644 2024,Zhongguo kao gu fa jue bao gao ti yao /,2026-03-03,,Zhongguo wen shi chu ban she,2024.,China--Antiquities.; Excavations (Archaeology)--China--History.; Imperial China.; Ancient China.; Chine--Antiquités.
31154068978269,9998786553107876,DS715 .Z46644 2024,Zhongguo kao gu fa jue bao gao ti yao /,2026-03-03,,Zhongguo wen shi chu ban she,2024.,China--Antiquities.; Excavations (Archaeology)--China--History.; Imperial China.; Ancient China.; Chine--Antiquités.
31154068978277,9998786553107876,DS715 .Z46644 2024,Zhongguo kao gu fa jue bao gao ti yao /,2026-03-03,,Zhongguo wen shi chu ban she,2024.,China--Antiquities.; Excavations (Archaeology)--China--History.; Imperial China.; Ancient China.; Chine--Antiquités.
31154068978285,9998786553107876,DS715 .Z46644 2024,Zhongguo kao gu fa jue bao gao ti yao /,2026-03-03,,Zhongguo wen shi chu ban she,2024.,China--Antiquities.; Excavations (Archaeology)--China--History.; Imperial China.; Ancient China.; Chine--Antiquités.
31154068978293,9998786553107876,DS715 .Z46644 2024,Zhongguo kao gu fa jue bao gao ti yao /,2026-03-03,,Zhongguo wen shi chu ban she,2024.,China--Antiquities.; Excavations (Archaeology)--China--History.; Imperial China.; Ancient China.; Chine--Antiquités.
31154068978301,9998786553107876,DS715 .Z46644 2024,Zhongguo kao gu fa jue bao gao ti yao /,2026-03-03,,Zhongguo wen shi chu ban she,2024.,China--Antiquities.; Excavations (Archaeology)--China--History.; Imperial China.; Ancient China.; Chine--Antiquités.
31154068978319,9998786553107876,DS715 .Z46644 2024,Zhongguo kao gu fa jue bao gao ti yao /,2026-03-03,,Zhongguo wen shi chu ban she,2024.,China--Antiquities.; Excavations (Archaeology)--China--History.; Imperial China.; Ancient China.; Chine--Antiquités.
31154068978327,9998786553107876,DS715 .Z46644 2024,Zhongguo kao gu fa jue bao gao ti yao /,2026-03-03,,Zhongguo wen shi chu ban she,2024.,China--Antiquities.; Excavations (Archaeology)--China--History.; Imperial China.; Ancient China.; Chine--Antiquités.
31154068978335,9998786553107876,DS715 .Z46644 2024,Zhongguo kao gu fa jue bao gao ti yao /,2026-03-03,,Zhongguo wen shi chu ban she,2024.,China--Antiquities.; Excavations (Archaeology)--China--History.; Imperial China.; Ancient China.; Chine--Antiquités.
31154068978343,9998786553107876,DS715 .Z46644 2024,Zhongguo kao gu fa jue bao gao ti yao /,2026-03-03,,Zhongguo wen shi chu ban she,2024.,China--Antiquities.; Excavations (Archaeology)--China--History.; Imperial China.; Ancient China.; Chine--Antiquités.
31154068978350,9998786553107876,DS715 .Z46644 2024,Zhongguo kao gu fa jue bao gao ti yao /,2026-03-03,,Zhongguo wen shi chu ban she,2024.,China--Antiquities.; Excavations (Archaeology)--China--History.; Imperial China.; Ancient China.; Chine--Antiquités.
31154068978368,9998786553107876,DS715 .Z46644 2024,Zhongguo kao gu fa jue bao gao ti yao /,2026-03-03,,Zhongguo wen shi chu ban she,2024.,China--Antiquities.; Excavations (Archaeology)--China--History.; Imperial China.; Ancient China.; Chine--Antiquités.
31154068978376,9998786553107876,DS715 .Z46644 2024,Zhongguo kao gu fa jue bao gao ti yao /,2026-03-03,,Zhongguo wen shi chu ban she,2024.,China--Antiquities.; Excavations (Archaeology)--China--History.; Imperial China.; Ancient China.; Chine--Antiquités.
31154068978384,9998786551407876,DS62 .A87 2025,"Assyriology, anthropology and theory : analytical perspectives and interpretive prospects /",2026-03-03,,Zaphon,2025.,Assyriology--History.; Assyriology--Historiography.; Physical anthropology.; Middle East--History.; Middle East--Historiography.; physical anthropology.; Assyriology; Historiography; Physical anthropology; Middle East; History; Middle East.; Assyriologie--Histoire.; Assyriologie--Historiographie.; Anthropologie physique.; Moyen-Orient--Histoire.
31154068978392,9998718149407876,DS795.4.F364 G836 2023,Guangyangcheng mu di /,2026-03-03,,Shanghai gu ji chu ban she,2023-,"Fangshan Qu (Beijing, China)--Antiquities.; Excavations (Archaeology)--China--Beijing.; Fangshan.; Guangyangcheng burial site.; Fouilles (Archéologie)--Chine--Pékin."
31154068978400,9998718149407876,DS795.4.F364 G836 2023,Guangyangcheng mu di /,2026-03-03,,Shanghai gu ji chu ban she,2023-,"Fangshan Qu (Beijing, China)--Antiquities.; Excavations (Archaeology)--China--Beijing.; Fangshan.; Guangyangcheng burial site.; Fouilles (Archéologie)--Chine--Pékin."
31154068978418,9998718149407876,DS795.4.F364 G836 2023,Guangyangcheng mu di /,2026-03-03,,Shanghai gu ji chu ban she,2023-,"Fangshan Qu (Beijing, China)--Antiquities.; Excavations (Archaeology)--China--Beijing.; Fangshan.; Guangyangcheng burial site.; Fouilles (Archéologie)--Chine--Pékin."
31154068978426,9998711268507876,DS793.Y3 S26953 2022,San Xia hou xu kao gu fa xian = SanXia houxu kaogu faxian /,2026-03-04,,Sichuan da xue chu ban she,2022-,"Excavations (Archaeology)--China--Yangtze River Gorges.; Yangtze River Gorges (China)--Antiquities--Pictorial works.; Antiquities; Excavations (Archaeology); China--Yangtze River Gorges; Three Gorges Project.; Fouilles (Archéologie)--Chine--Yangzi jiang, Gorges du."
31154068978434,9998788048507876,PL2448 .S37 2024,Shandong Dingtao wang ling chu tu zhuan wen cui bian /,2026-03-13,"Shandong Sheng wen wu kao gu yan jiu yuan, issuing body.",Shanghai shu hua chu ban she,2024.,"Ding,--Tai hou,---5 B.C.--Tomb--Catalogs.; Inscriptions, Chinese--China--Heze Shi--Catalogs.; Calligraphy, Chinese--China--Heze Shi--Catalogs.; Bricks--China--Heze Shi--Catalogs.; Dingtao Qu (Heze Shi, China)--Catalogs.; China--History--Han dynasty, 202 B.C.-220 A.D.; catalogs (documents); Catalogs.; Catalogues.; Tombs of Dingtao King.; Chine--Histoire--202 av. J.-C.-220 (Dynastie des Han)"
31154068978442,9998787744007876,NB140 .K35 2025,Kalorësi i Babunjës = The equestrian figurine of Babunja /,2026-03-16,,Verlag des Naturhistorischen Museums Wien,2025,"Bronze sculpture, Ancient--Albania--Exhibitions.; Bronze sculpture, Ancient--Conservation and restoration.; Albania--Antiquities--Exhibitions.; Babunja.; Sculpture en bronze antique--Albanie--Expositions.; Sculpture en bronze antique--Conservation et restauration.; Albanie--Antiquités--Expositions."
31154068978459,9998787742607876,PK8371 .A3 1952,Liakatar kʻerakanutʻyun hayotsʻ lezvi : hamematutʻyamb 562 lezuneri /,2026-03-16,"Achaṛean, Hrachʻeay, 1876-1953.",Haykakan SSṚ GA hratarakchʻutʻyun,1952-1971.,"Armenian language--Grammar.; Armenian language--Grammar, Comparative.; Armenian language--Parts of speech.; Armenian language--Grammar; Armenian language--Grammar, Comparative; Armenia (region); Arménien (Langue)--Grammaire.; Arménien (Langue)--Grammaire comparée.; Arménien (Langue)--Parties du discours."
31154068978467,9998787742607876,PK8371 .A3 1952,Liakatar kʻerakanutʻyun hayotsʻ lezvi : hamematutʻyamb 562 lezuneri /,2026-03-16,"Achaṛean, Hrachʻeay, 1876-1953.",Haykakan SSṚ GA hratarakchʻutʻyun,1952-1971.,"Armenian language--Grammar.; Armenian language--Grammar, Comparative.; Armenian language--Parts of speech.; Armenian language--Grammar; Armenian language--Grammar, Comparative; Armenia (region); Arménien (Langue)--Grammaire.; Arménien (Langue)--Grammaire comparée.; Arménien (Langue)--Parties du discours."
31154068978475,9998787742607876,PK8371 .A3 1952,Liakatar kʻerakanutʻyun hayotsʻ lezvi : hamematutʻyamb 562 lezuneri /,2026-03-16,"Achaṛean, Hrachʻeay, 1876-1953.",Haykakan SSṚ GA hratarakchʻutʻyun,1952-1971.,"Armenian language--Grammar.; Armenian language--Grammar, Comparative.; Armenian language--Parts of speech.; Armenian language--Grammar; Armenian language--Grammar, Comparative; Armenia (region); Arménien (Langue)--Grammaire.; Arménien (Langue)--Grammaire comparée.; Arménien (Langue)--Parties du discours."
31154068978483,9998789467407876,DS171 .B36,Banber Matenadarani /,2026-03-20,,Haykakan SSR gitutʻyunneri akademiayi hratarakchʻutʻyun,1956-,"Armenia--Civilization--Periodicals.; Manuscripts, Armenian--Periodicals.; Civilization.; Manuscripts, Armenian.; Armenia.; Periodicals."
31154068978491,9998789467307876,DS41 .A73,Arevelagitakan zhoghovatsu.,2026-03-20,,Haykakan SSṚ GA Hratarakchʻutʻyun,1960-,Asia--History--Periodicals.; Middle East--History--Periodicals.; History.; Periodicals.; Middle East.; Asia.
31154068978509,9998789467307876,DS41 .A73,Arevelagitakan zhoghovatsu.,2026-03-20,,Haykakan SSṚ GA Hratarakchʻutʻyun,1960-,Asia--History--Periodicals.; Middle East--History--Periodicals.; History.; Periodicals.; Middle East.; Asia.
31154068978517,9998789668907876,DS175 .H39,Hay zhoghovrdi patmutʻyun /,2026-03-23,,Haykakan SSH Gitutʻyunneri Akademiayi Hratarakchʻutʻyun,1970-1984.,Armenia--History.; Armenia (Republic)--History.; Armenia.; Arménie--Histoire.; Arménie--Histoire--1991-
31154068978525,9998789470407876,GN434 .L583 2025,"Lithic raw materials in prehistory : methods, practice and theory /",2026-03-23,,Austrian Academy of Sciences Press,[2025],"Stone implements--Europe--History--Congresses.; Flint--Europe--History--Congresses.; Chert--Europe--History--Congresses.; Stone-cutting--Europe--History--Congresses.; Tools, Prehistoric--Europe--History--Congresses.; Paleolithic period--Europe--Congresses.; Neolithic period--Europe--Congresses.; Europe.; Outils de pierre--Europe--Histoire--Congrès.; Silex--Europe--Histoire--Congrès.; Chert--Europe--Histoire--Congrès.; Pierre--Taille--Histoire--Europe--Congrès.; Outils préhistoriques--Europe--Histoire--Congrès."
31154068978533,9998789454407876,PK6199.9 .Q37 2018,Analysis of the verbal system in the Sogdian language = Taḥlīl-i sākhtārī-i fiʻl dar zabān-i Sughdī /,2026-03-24,"Qarīb, Badr al-Zamān, 1929 or 1930- author.",The Centre for the Great Islamic Encyclopedia (The Centre for Islamic and Iranian Studies),2018.,Sogdian language--Grammar.; Sogdian language--Verb.; Sogdian language--Grammar; Sogdiana.; Sogdien (Langue)--Grammaire.
31154068978541,9998786854507876,PJ1809 .N43 2025,Nec pluribus impar : mélanges en l'honneur de Michel Chauveau /,2026-03-25,,Harrassowitz Verlag,2025.,"Egypt--History--332-30 B.C.; Egypt--History--To 332 B.C.; Egypt--Antiquities.; Egyptian language--Papyri, Demotic.; Manuscripts (Papyri)--Egypt.; Ancient Egypt (region); Ptolemaic Kingdom.; Égypte--Histoire--332-30 av. J.-C.; Égypte--Histoire--Jusqu'à 332 av. J.-C.; Égypte--Antiquités."
31154068978558,9998789963307876,PK8439 .Z5 1969,Zhamanakakitsʻ Hayotsʻ lezvi batsʻatrakan baṛaran /,2026-03-26,,Haykakan SSH Gitutʻyunneri Akademiayi Hratarakchʻutʻyun,1969-1980.,"Armenian language, Modern--Dictionaries.; Armenian language, Modern; dictionaries.; Dictionaries; Dictionaries.; Dictionnaires.; Armenia."
31154069008678,9998788056307876,DS797.56.X895 D3986 2025,Dayun Shan : Xi Han Jiangdu wang ling fu zang mu fa jue bao gao /,2026-03-10,,Wen wu chu ban she,2025.,"Jiangdu,--Wang,---127 B.C.--Tomb.; Xuyi Xian (China)--Antiquities.; Excavations (Archaeology)--China--Xuyi Xian.; Tombs--China--Xuyi Xian.; Dayunshan Han Tombs."
31154069008728,9998788041707876,DS795.4.T864 L8953 2025,Lu Xian gu cheng cheng zhi kao gu kan tan bao gao /,2026-03-16,,Ke xue chu ban she,2025.,"Tongzhou Qu (Beijing, China)--Antiquities.; Luxian site."
31154069008736,9998788056207876,DS797.44.S266 W8357 2024,Kao gu Sanmenxia /,2026-03-10,"Wu, Aiqin, author.",Ke xue chu ban she,2024.,Excavations (Archaeology)--China--Sanmenxia Shi.; Sanmenxia Shi (China)--Antiquities.; Sanmenxia.
31154069008744,9998788054907876,DS793.S62 X56572 2024,Xinjiang Hami Tian Shan bei lu mu di /,2026-03-11,,Ke xue chu ban she,2024.,Tombs--China--Xinjiang Uygur Zizhiqu.; Excavations (Archaeology)--China--Xinjiang Uygur Zizhiqu.; Xinjiang Uygur Zizhiqu (China)--History.; Hami Tianshan Beilu cemetery.; Tombeaux--Chine--Xinjiang.; Fouilles (Archéologie)--Chine--Xinjiang.; Xinjiang (Chine)--Histoire.
31154069008751,9998788054907876,DS793.S62 X56572 2024,Xinjiang Hami Tian Shan bei lu mu di /,2026-03-11,,Ke xue chu ban she,2024.,Tombs--China--Xinjiang Uygur Zizhiqu.; Excavations (Archaeology)--China--Xinjiang Uygur Zizhiqu.; Xinjiang Uygur Zizhiqu (China)--History.; Hami Tianshan Beilu cemetery.; Tombeaux--Chine--Xinjiang.; Fouilles (Archéologie)--Chine--Xinjiang.; Xinjiang (Chine)--Histoire.
31154069008769,9998788054907876,DS793.S62 X56572 2024,Xinjiang Hami Tian Shan bei lu mu di /,2026-03-11,,Ke xue chu ban she,2024.,Tombs--China--Xinjiang Uygur Zizhiqu.; Excavations (Archaeology)--China--Xinjiang Uygur Zizhiqu.; Xinjiang Uygur Zizhiqu (China)--History.; Hami Tianshan Beilu cemetery.; Tombeaux--Chine--Xinjiang.; Fouilles (Archéologie)--Chine--Xinjiang.; Xinjiang (Chine)--Histoire.
31154069008777,9998788056107876,DS797.28.N564 L6649 2024,Long yuan yu Zhou : Gansu Ning Xian Shijia mu di chu tu wen wu ji cui /,2026-03-10,,Wen wu chu ban she,2024.,Tombs--China--Ning Xian.; Excavations (Archaeology)--China--Ning Xian.; Ning Xian (China)--Antiquities.; Shijia cemetery.
31154069008785,9998788055707876,PL2447 .C453 2024,Chi du su shu : Gansu jian du bo wu guan cang jian du shu xin jing cui /,2026-03-11,,Xi nan jiao tong da xue chu ban she,2024.,"Gansu jian du bo wu guan--Catalogs.; Chinese letters--China--Gansu Sheng.; Inscriptions, Chinese--China--Gansu Sheng.; Wooden tablets--China--Gansu Sheng.; Gansu.; Inscriptions chinoises--Chine--Gansu.; Tablettes en bois--Chine--Gansu."
31154069008793,9998788055307876,NK6472 .S568 2024,Si lu liu jin : Yazhou wen ming gu guo ye jin yi shu = Treasures along the silk road : metallurgical art of ancient Asian civilizations /,2026-03-11,,Wen wu chu ban she,2024.,Metal-work--Asia--History--Catalogs.; Metallurgy--Asia--History--Catalogs.; Silk Road--Antiquities--Catalogs.; Silk Road.; Travail des métaux--Asie--Histoire--Catalogues.; Métallurgie--Asie--Histoire--Catalogues.
31154069008801,9998788055407876,DS796.C59247 C476 2024,Chongqing ku qu kao gu bao gao ji.,2026-03-11,,Ke xue chu ban she,2024.,Chongqing (China)--Antiquities.; Excavations (Archaeology)--China--Chongqing.; Chongqing.; Fouilles (Archéologie)--Chine--Chongqing.
31154069008819,9998788055407876,DS796.C59247 C476 2024,Chongqing ku qu kao gu bao gao ji.,2026-03-11,,Ke xue chu ban she,2024.,Chongqing (China)--Antiquities.; Excavations (Archaeology)--China--Chongqing.; Chongqing.; Fouilles (Archéologie)--Chine--Chongqing.
31154069008827,9998788058407876,DS797.77.W874 W875 2025,Wushan Jiangdongzui mu di /,2026-03-09,,Ke xue chu ban she,2025.,"Wushan Xian (Sichuan Sheng, China)--History.; Tombs--China--Wushan Xian (Sichuan Sheng); Excavations (Archaeology)--China--Wushan Xian (Sichuan Sheng); Jiangdongzui site."
31154069008835,9998788058307876,DS797.86.C48 C446 2025,Chengjiang Jinlian Shan /,2026-03-09,,Wen wu chu ban she,2025.,"Chengjiang (Yunnan Sheng, China)--Antiquities.; Tombs--China--Chengjiang (Yunnan Sheng); Excavations (Archaeology)--China--Chengjiang (Yunnan Sheng); Jinlianshan and Xueshan Sites."
31154069008843,9998788058307876,DS797.86.C48 C446 2025,Chengjiang Jinlian Shan /,2026-03-09,,Wen wu chu ban she,2025.,"Chengjiang (Yunnan Sheng, China)--Antiquities.; Tombs--China--Chengjiang (Yunnan Sheng); Excavations (Archaeology)--China--Chengjiang (Yunnan Sheng); Jinlianshan and Xueshan Sites."
31154069008850,9998788055807876,PL2447 .X5695 2024,Baoji chu tu Shang Zhou qing tong qi ming wen yan jiu = Baoji chutu ShangZhou qingtongqi mingwen yanjiu /,2026-03-11,"Xin, Yihua, author.",Shanxi ren min mei shu chu ban she,2024.,"Inscriptions, Chinese--History and criticism.; Bronzes--China--Inscriptions.; Bronzes, Chinese--China--Baoji Shi.; Bronzes, Chinese--To 221 B.C.; Baoji Shi (China)--Antiquities.; Baoji.; Inscriptions chinoises--Histoire et critique.; Bronzes--Chine--Inscriptions.; Bronzes chinois--Jusqu'à 221 av. J.-C."
31154069008868,9998788058207876,DS797.44.A583 A5983 2024,Anyang Sui Zhang Sheng mu /,2026-03-09,,Wen wu chu ban she,2024.,"Zhang, Sheng,--502-594--Tomb.; Porcelain, Chinese--Three kingdoms-Sui dynasty, 220-618.; Porcelain, Chinese--China--Anyang Shi.; Pottery figures--China--Three kingdoms-Sui dynasty, 220-618.; Pottery figures--China--Anyang Shi.; Tombs--China--Anyang Shi.; Anyang Shi (China)--Antiquities.; Anyang.; Porcelaine chinoise--220-618 (Trois Royaumes-Dynastie des Sui); Figurines de céramique--Chine--220-618 (Trois Royaumes-Dynastie des Sui)"
31154069008876,9998788055507876,DS797.39.L554 H434 2024,Hebei Lingshou Gangbei mu di kao gu fa jue bao gao /,2026-03-11,,Shanghai gu ji chu ban she,2024.,Lingshou Xian (China)--Antiquities.; Tombs--China--Lingshou Xian.; Excavations (Archaeology)--China--Lingshou Xian.; Gangbei cemetery.
31154069008884,9998788056007876,DS797.77.D492 D4936 2024,Deyang Huaqianggou ya mu = Huaqianggou cliff tombs in Deyang /,2026-03-10,,Wen wu chu ban she,2024.,Deyang Shi (China)--History.; Tombs--China--Deyang Shi.; Excavations (Archaeology)--China--Deyang Shi.; Huaqianggou cliff tombs.
31154069008892,9998788055007876,DS795.15 .H6878 2024,Houtun mu di.,2026-03-11,,Ke xue chu ban she,2024.,Tombs--China--Beijing.; Excavations (Archaeology)--China--Beijing.; Beijing (China)--Antiquities.; Houtun cemetery.; Tombeaux--Chine--Pékin.; Fouilles (Archéologie)--Chine--Pékin.
31154069008918,9998788055007876,DS795.15 .H6878 2024,Houtun mu di.,2026-03-11,,Ke xue chu ban she,2024.,Tombs--China--Beijing.; Excavations (Archaeology)--China--Beijing.; Beijing (China)--Antiquities.; Houtun cemetery.; Tombeaux--Chine--Pékin.; Fouilles (Archéologie)--Chine--Pékin.
31154069008926,9998788055607876,DS797.59.T65 Z536 2024,"Zi'an shan cheng : 2004, 2007-2009, 2013 nian kao gu fa jue bao gao /",2026-03-11,,Ke xue chu ban she,2024.,Tonghua Shi (China)--Antiquities.; Excavations (Archaeology)--China--Tonghua Shi.; Zi'an Mountain City.
31154069008934,9998788057707876,DS715 .F3668 2024,Qin jun xin tan : yi chu tu wen xian wei zhu yao qie ru dian /,2026-03-10,"Fan, Guodong, author.",Shanghai gu ji chu ban she,2024.,"Manuscripts, Chinese.; China--Antiquities--Sources.; China--History--Sources.--Qin dynasty, 221-207 B.C.; Imperial China.; Chine--Antiquités--Sources.; Chine--Histoire--Sources.--221-207 av. J.-C. (Dynastie des Qin)"
31154069008942,9998788058007876,DS797.44.L869 W3645 2022,Luoyang gu dai yi yu yi min yi cun yan jiu = Luoyang gudai yiyu yimin yicun yanjiu /,2026-03-09,"Wang, Junhua, author.",Shanghai jiao tong da xue chu ban she,2022,Luoyang Shi (China)--History.; Luoyang Shi (China)--Antiquities.; Luoyang.
31154069008959,9998788058107876,DS793.S62 W2629 2025,Xiyu hong zhua lu : Wang Binghua Xinjiang kao gu li shi lun cong /,2026-03-09,"Wang, Binghua, author.",Feng huang chu ban she,2025.,Excavations (Archaeology)--China--Xinjiang Uygur Zizhiqu.; Xinjiang Uygur Zizhiqu (China)--Antiquities.; Xinjiang Uygur Zizhiqu (China)--History.; Xinjiang Uygur Zizhiqu.; Fouilles (Archéologie)--Chine--Xinjiang.; Xinjiang (Chine)--Histoire.
31154069008967,9998788057907876,GT1555 .Z44737 2024,Dong Jin Nan chao fu shi yan jiu /,2026-03-09,"Zhang, Shan, author.",Wen wu chu ban she,2024.,Clothing and dress--China--History.; Costume--China--History.; China--Social life and customs--220-589.; Imperial China.
31154069008975,9998788057607876,BF1434.C5 L893 2024,Chu tu jian bo wen xian yu shu shu xin yang yan jiu /,2026-03-10,"Lü, Yahu, 1972- author.",Zhongguo she hui ke xue chu ban she,2024.,"Occultism--China--History--Sources.; Inscriptions, Chinese--History and criticism.; Manuscripts, Chinese--History and criticism.; Imperial China.; Occultisme--Chine--Histoire--Sources.; Inscriptions chinoises--Histoire et critique."
31154069008983,9998788057407876,GF656 .L5695 2025,Qin Han ju luo di li yu xiang li xing zheng yun zuo : yi kao gu cai liao wei zhong xin /,2026-03-10,"Lin, Xianzhong, author.",Wuhan da xue chu ban she,2025.,Human settlements--China--History.; Vernacular architecture--China--History.; Imperial China.; Établissements humains--Chine--Histoire.
31154069008991,9998788057107876,BF1770.C6 W364 2025,Zhan wen cang tian : chu tu wen xian zhong de shu shu wen hua = Consulting the oracle : the divination culture in excavated documents = Zhan wen cangtian : chutu wenxian zhong de shushu wenhua /,2026-03-10,"Wang, Huaping, author.",Xi nan da xue chu ban she,2025.,Divination--China--History.; Ancient China.; Imperial China.; Divination--Chine--Histoire.
31154069009007,9998788057307876,CE37 .M875 2025,Dunhuang Tulufan chu tu Huihu wen li fa he zhan bu wen xian yan jiu = Dunhuang Tulufan chutu Huihuwen lifa he zhanbu wenxian yanjiu /,2026-03-10,"Mushajiang, Aili, author.",Zhong yang min zu da xue chu ban she,2025.,"Dunhuang manuscripts.; Calendar, Chinese--China--Turpan-Hami Basin--History.; Astronomy, Chinese--China--Turpan-Hami Basin--History.; Divination--China--Turpan-Hami Basin--History.; Manuscripts, Uighur.; Calendar, Chinese--China--Turpan Shi--History.; Astronomy, Chinese--China--Turpan Shi--History.; Divination--China--Turpan Shi--History.; Mogao Caves.; Turfan Depression.; Calendrier chinois--Chine--Turfan--Histoire.; Astronomie chinoise--Chine--Turfan--Histoire.; Divination--Chine--Turfan--Histoire."
31154069009031,9998788057207876,NK7983.N363 P464 2024,Ji jin Haihun : Liu He mu yuan chu tu qing tong qi = Jijin Haihun : Liu He muyuan chutu qingtongqi /,2026-03-10,"Peng, Minghan, 1966- author.",Jiangxi ren min chu ban she,2024.,"Haihun,--hou,--approximately 92-59 B.C.--Tomb.; Bronzes, Chinese--China--Nanchang Shi--To 221 B.C.; Excavations (Archaeology)--China--Nanchang Shi.; Tombs--China--Nanchang Shi.; Nanchang Shi (China)--Antiquities.; Tomb of Marquess of Haihun."
31154069009049,9998788055107876,DS793.N6 W3649 2024,Ji yu wen ming jiao wang de kua guo kao gu yan jiu : yi Yazhou di qu wei li /,2026-03-11,"Wang, Yi, author.",Ke xue chu ban she,2024.,"Silk Road--Antiquities.; China, Northwest--Antiquities.; Silk Road.; Northwest China."
31154069009130,9998788057007876,DS796.C5926 W368 2024,Wanzhou Waziping /,2026-03-10,,Ke xue chu ban she,2024.,"Wanzhou Qu (Chongqing, China)--Antiquities.; Excavations (Archaeology)--China--Chongqing.; Waziping Site.; Fouilles (Archéologie)--Chine--Chongqing."
31154069009148,9998788049807876,GN855.C6 J536 2024,Jiangxi Fu He liu yu xian Qin shi qi yi zhi kao gu diao cha bao gao.,2026-03-12,,Wen wu chu ban she,2024.,"Nancheng Xian (Jiangxi Sheng, China)--Antiquities.; Lichuan Xian (Jiangxi Sheng, China)--Antiquities.; Antiquities, Prehistoric--China--Nancheng Xian (Jiangxi Sheng); Antiquities, Prehistoric--China--Lichuan Xian (Jiangxi Sheng); Excavations (Archaeology)--China--Nancheng Xian (Jiangxi Sheng); Excavations (Archaeology)--China--Lichuan Xian (Jiangxi Sheng); China--History--To 221 B.C.; Nancheng.; Lichuan.; Chine--Histoire--Jusqu'à 221 av. J.-C."
31154069009155,9998788050007876,DS797.88.N564 X546 2024,Xiaoxi (Yinjiang) : kao gu diao cha yu fa jue bao gao /,2026-03-12,,Ke xue chu ban she,2024.,Ningbo Shi (China)--Antiquities.; Excavations (Archaeology)--China--Ningbo Shi.; Yinjiang Zhen.; Fouilles (Archéologie)--Chine--Ningbo.
31154069009163,9998788049707876,NK7983.A1 C446 2024,Zhongguo qing tong qi ci dian (xiu ding ban) /,2026-03-12,"Chen, Peifen, author, compiler.",Shanghai ci shu chu ban she,2024.,"Bronzes, Chinese--To 221 B.C.--Dictionaries.; Bronzes, Ancient--China.; Bronzes, Chinese; To 221 B.C.; dictionaries.; Dictionaries; Dictionaries.; Qing tong qi ( kao gu )--zhong guo--ci dian.; Dictionnaires.; Ancient China.; Bronzes antiques--Chine."
31154069009171,9998788049707876,NK7983.A1 C446 2024,Zhongguo qing tong qi ci dian (xiu ding ban) /,2026-03-12,"Chen, Peifen, author, compiler.",Shanghai ci shu chu ban she,2024.,"Bronzes, Chinese--To 221 B.C.--Dictionaries.; Bronzes, Ancient--China.; Bronzes, Chinese; To 221 B.C.; dictionaries.; Dictionaries; Dictionaries.; Qing tong qi ( kao gu )--zhong guo--ci dian.; Dictionnaires.; Ancient China.; Bronzes antiques--Chine."
31154069009189,9998788049707876,NK7983.A1 C446 2024,Zhongguo qing tong qi ci dian (xiu ding ban) /,2026-03-12,"Chen, Peifen, author, compiler.",Shanghai ci shu chu ban she,2024.,"Bronzes, Chinese--To 221 B.C.--Dictionaries.; Bronzes, Ancient--China.; Bronzes, Chinese; To 221 B.C.; dictionaries.; Dictionaries; Dictionaries.; Qing tong qi ( kao gu )--zhong guo--ci dian.; Dictionnaires.; Ancient China.; Bronzes antiques--Chine."
31154069009197,9998788049707876,NK7983.A1 C446 2024,Zhongguo qing tong qi ci dian (xiu ding ban) /,2026-03-12,"Chen, Peifen, author, compiler.",Shanghai ci shu chu ban she,2024.,"Bronzes, Chinese--To 221 B.C.--Dictionaries.; Bronzes, Ancient--China.; Bronzes, Chinese; To 221 B.C.; dictionaries.; Dictionaries; Dictionaries.; Qing tong qi ( kao gu )--zhong guo--ci dian.; Dictionnaires.; Ancient China.; Bronzes antiques--Chine."
31154069009205,9998788049707876,NK7983.A1 C446 2024,Zhongguo qing tong qi ci dian (xiu ding ban) /,2026-03-12,"Chen, Peifen, author, compiler.",Shanghai ci shu chu ban she,2024.,"Bronzes, Chinese--To 221 B.C.--Dictionaries.; Bronzes, Ancient--China.; Bronzes, Chinese; To 221 B.C.; dictionaries.; Dictionaries; Dictionaries.; Qing tong qi ( kao gu )--zhong guo--ci dian.; Dictionnaires.; Ancient China.; Bronzes antiques--Chine."
31154069009213,9998788049707876,NK7983.A1 C446 2024,Zhongguo qing tong qi ci dian (xiu ding ban) /,2026-03-12,"Chen, Peifen, author, compiler.",Shanghai ci shu chu ban she,2024.,"Bronzes, Chinese--To 221 B.C.--Dictionaries.; Bronzes, Ancient--China.; Bronzes, Chinese; To 221 B.C.; dictionaries.; Dictionaries; Dictionaries.; Qing tong qi ( kao gu )--zhong guo--ci dian.; Dictionnaires.; Ancient China.; Bronzes antiques--Chine."
31154069009411,9998788049907876,DS797.44.Z446 C4467 2024,Dong Zhou Zheng Han wen hua de kao gu xue yan jiu : yi Zhengzhou di qu du cheng he mu zang cai liao wei zhong xin /,2026-03-12,"Chen, Qinlong, author.",Ke xue chu ban she,2024.,Zhengzhou Shi (China)--Antiquities.; Tombs--China--Zhengzhou Shi.; Excavations (Archaeology)--China--Zhengzhou Shi.; Zhengzhou.; Tombeaux--Chine--Zhengzhou (Shi); Fouilles (Archéologie)--Chine--Zhengzhou (Shi)
31154069009429,9998788049607876,CE37 .D4649 2025,Dunhuang ri yue : chu tu tian wen li fa wen xian tan ze = Dunhuang riyue /,2026-03-12,"Deng, Wenkuan, author.",Shanxi ren min chu ban she,2025.,"Dunhuang manuscripts.; Calendar, Chinese--History.; Astronomy, Chinese--History.; Mogao Caves.; Calendrier chinois--Histoire.; Astronomie chinoise--Histoire."
31154069009437,9998788049507876,DS797.86.S458 L6645 2024,Shizhai Shan wen hua mu di yan jiu /,2026-03-12,"Long, Jingfan, author.",Wen wu chu ban she,2024.,"Shizhai Mound (China); Bronze age--China--Shizhai Mound.; Tombs--China--Shizhai Mound.; Excavations (Archaeology)--China--Shizhai Mound.; Shizhai Cun (Yunnan Sheng, China)--Antiquities.; Shizhaishan Site."
31154069009445,9998788049407876,DS797.68.W456 L5363 2025,Liangdai Cun Ruiguo mu di : 2009 nian du fa jue bao gao = LiangdaiCun Ruiguo mudi /,2026-03-12,,Wen wu chu ban she,2025.,Hancheng Shi (China)--Antiquities.; Weinan Shi (China)--Antiquities.; Tombs--China--Weinan Shi.; Excavations (Archaeology)--China--Weinan Shi.; Liangdai cemetery.
31154069009452,9998786960007876,DS73.92 .E53 2025,"Nabuchodonosor : roi de Babylone, entre histoire et légende /",2026-03-05,"Elayi, Josette, author.",Perrin,[2025],"Nebuchadnezzar--II,--King of Babylonia,---562 B.C.; Babylonia--Kings and rulers--Biography.; Babylonia."
31154069009460,9998786959707876,DS69.5 .S37 2023,I due dittatori : annientiamo Babilonia! /,2026-03-05,"Saporetti, Claudio, author.",Tipheret,[2023],"Sennacherib,--King of Assyria,---681 B.C.; Xerxes--I,--King of Persia,--519 B.C.-465 B.C. or 464 B.C.; Iraq--Antiquities.; Iran--Antiquities.; Iraq--Civilization--To 634.; Dictators--History.; Babylonia.; Irak--Antiquités.; Iran--Antiquités.; Irak--Civilisation--Jusqu'à 634.; Dictateurs--Histoire."
31154069009478,9998786959607876,BL1616.I5 S26 2021,"La carriera di Inanna : il cosmo, gli dèi della Mesopotamia e un coinvolgimento personale /",2026-03-05,"Saporetti, Claudio, author.",Tipheret,[2021],"Sumerians--Religion.; Assyro-Babylonian religion.; Mythology, Sumerian.; Venus deities--Middle East.; Inanna--(Sumerian deity); Mesopotamia (region); Sumériens--Religion.; Religion assyro-babylonienne.; Mythologie sumérienne."
31154069009486,9998786959507876,DS61.7.M37 A3 2024,Senza veli : ricordi dell'archeologo che scoprì Ebla /,2026-03-05,"Matthiae, Paolo, author.",Società editrice il Mulino,[2024],"Matthiae, Paolo.; Middle East specialists--Italy--Biography.; Archaeologists--Italy--Biography.; Excavations (Archaeology)--Syria.; Ebla (Extinct city); Ebla.; Spécialistes en études moyen-orientales--Italie--Biographies.; Archéologues--Italie--Biographies."
31154069009494,9998786959407876,GR825 .B68 2023,Une histoire des animaux fantastiques /,2026-03-05,"Bouillon, Hélène, author.",PUF,"2023, septembre.","Animals, Mythical--History.; Animals, Mythical, in art.; Ancient Egypt (region); Middle East.; Roman Empire.; Animaux fabuleux--Histoire.; Animaux fabuleux dans l'art."
31154069009502,9998786959107876,BL1605.I8 M363 2022,Ishtar la stella : la via della conoscenza e l'unione degli opposti nei Sumeri e Assiro-Babilonesi /,2026-03-05,"Mander, P. author. (Pietro),",Edizioni Ester,2022.,Ishtar--(Assyro-Babylonian deity); Mesopotamia (region)
31154069009510,9998786958807876,PJ5229 .T34 2022,Tadmorena : documenti per lo studio della cultura e dell'aramaico di Palmira /,2026-03-05,,Paideia,[2022],"Inscriptions, Palmyrene--Syria--Tadmur.; Palmyrene language--Texts.; Inscriptions, Greek--Syria--Tadmur.; Tadmur (Syria)--Civilization.; Civilization; Inscriptions, Greek; Inscriptions, Palmyrene; Palmyrene language; Syria--Tadmur; Texts; Palmyra.; Inscriptions palmyréniennes--Syrie--Palmyre (Ville ancienne); Palmyrénien (Langue)--Textes.; Inscriptions grecques--Syrie--Palmyre (Ville ancienne); Palmyre (Ville ancienne)--Civilisation."
31154069009528,9998786958607876,DF221.T8 A845 2012,Bozköy-Hanaytepe ve çevresi prehistorik dönem araştırmaları /,2026-03-05,"Aslan, Rüstem, author.",Troia Vakfı yayınları,2012.,Troas (Turkey); Excavations (Archaeology)--Turkey--Troy (Extinct city); Troy (Extinct city); Turkey--Antiquities.; Hanaytepe Site (Turkey); Antiquities; Excavations (Archaeology); Turkey; Turkey--Troas; Turkey--Troy (Extinct city); Bozköy-Hanaytepe.; Troas (region); Fouilles (Archéologie)--Turquie--Troie (Ville ancienne); Troie (Ville ancienne); Turquie--Antiquités.
31154069009536,9998786958407876,DS156.B34 N54 2017,"Nif dağı : Ballıcaoluk, 2008-2016 : Prof. Dr. Elif Tül Tulunay onuruna /",2026-03-05,,Homer kitabevi,2017.,"Tulunay, Elif Tül--Bibliography.; Ballıcaoluk Site (Turkey); Kemalpaşa (İzmir İli, Turkey)--Antiquities.; Excavations (Archaeology)--Turkey--Kemalpaşa (İzmir İli); Antiquities; Excavations (Archaeology); Turkey--Kemalpaşa (İzmir İli); Bibliographies; Ballicaoluk.; Fouilles (Archéologie)--Turquie--Kemalpas̜a (Īzmir)"
31154069009544,9998786958307876,DR431 .R525 2013,"Ricerche archeologiche Italiane in Turchia, restauro e valorizzazione = Türkiye'deki İtalyan arkeolojik araştırmaları, restorasyon ve değerlendirme /",2026-03-05,,Arkeoloji ve Sanat Yayınları,2013.,"Italian Archaeological Mission.; Excavations (Archaeology)--Turkey.; Turkey--Antiquities.; Italian Archaeological Mission; Antiquities; Archaeology--Societies, etc.; Excavations (Archaeology); Turkey; Turkey.; Türkiye--Eski eserler.; Turquie--Antiquités."
31154069009551,9998786957907876,DS66 .C259 2020,La frontiera nord-orientale dell'Impero Ittita : uno studio sulla provincia di Tapika e sulle terre del fiume Kummešmaḫa /,2026-03-05,"Carnevale, Antonio, 1984- author.",Artemide,2020,Tokat İli (Turkey)--Antiquities.; Excavations (Archaeology)--Turkey--Maşat Mound.; Antiquities; Excavations (Archaeology); Historical geography; Hittites; Turkey; Turkey--Historical geography.; Turkey--Antiquities.; Excavations (Archaeology)--Turkey.; Maşat Höyük.; Tokat.; Hittites.; Asie Mineure--Géographie historique.; Turquie--Antiquités.; Ancient and medieval history--History of ancient world to ca. 499
31154069009569,9998786957407876,DB879.P724 S74 2023,Das römische Gräberfeld von Pottenbrunn : Strukturen einer ländlichen Nekropole : die Grabungen des Bundesdenkmalamtes der Jahre 2000-2002 /,2026-03-05,"Steigberg, Eva, author.",Stadtmuseum St Pölten,2023.,"Tombs--Austria--Pottenbrunn--History.; Cemeteries--Austria--Pottenbrunn--History.; Excavations (Archaeology)--Austria--Pottenbrunn.; Pottenbrunn (Austria)--Antiquities, Roman.; Pottenbrunn burial ground."
31154069009577,9998786957007876,CC75 .K43 2024,Arkheologicheska karta na Bŭlgarii͡a : nedestruktivni metodi za terenni arkheologicheski prouchvanii͡a i prilozhenie na geografski informat͡sionni sistemi /,2026-03-05,"Kecheva, Nadezhda, 1986- author.","Izdatelstvo na BAN ""Prof Marin Drinov""",2024.,Archaeology--Methodology.; Archaeology--Remote sensing.; Geographic information systems.; Geographic information systems--Bulgaria.; Archaeology--Study and teaching--Bulgaria.; Excavations (Archaeology)--Bulgaria.; Bulgaria.; Archéologie--Méthodologie.; Archéologie--Télédétection.; Archéologie--Étude et enseignement--Bulgarie.
31154069009593,9998787460307876,NX573.6.A7 H39 1974,Haykakan Arvest /,2026-03-06,,Haykakan SSH Gitutʻyunneri Akademiayi hratarakchʻutʻyun,1974-,"Art, Armenian--History.; Art, Medieval--Armenia.; Art, Armenian; Art, Medieval; Armenia; History; Armenia (region); Art arménien--Histoire.; Art médiéval--Arménie."
31154069009601,9998787460307876,NX573.6.A7 H39 1974,Haykakan Arvest /,2026-03-06,,Haykakan SSH Gitutʻyunneri Akademiayi hratarakchʻutʻyun,1974-,"Art, Armenian--History.; Art, Medieval--Armenia.; Art, Armenian; Art, Medieval; Armenia; History; Armenia (region); Art arménien--Histoire.; Art médiéval--Arménie."
31154069009619,9998787460207876,DS166.5 .E74 1963a,"Hayastaně ěst ""Ashkharhatsʻoytsʻ""-i : (pʻordz VII dari haykakan kʻartezi verakazmutʻyan zhamanakakitsʻ kʻartezagrakan himkʻi vra) = Armenii͡a po ""Ashkharat͡suĭt͡s""-u : (Armi͡anskoĭ geografii VII veka) (opyt. rekonstrukt͡sii Armi͡anskoĭ karty VII veka na sovremennoĭ kartograficheskoĭ osnove) /",2026-03-06,"Eremyan, S. T. 1908-1992. (Suren Tigrani),",Haykakan SSṚ GA Hratarakchʻutʻyun,1963.,Ashkharhatsʻoytsʻ; Armenia (Republic)--Maps.; Armenia (Republic); Maps; Armenia.; Armenia--Maps.
31154069009627,9998787460107876,NA1492 .B37 1963,Mijnadaryan hay chartarapetner ev kʻargorts varpetner /,2026-03-06,"Barkhudaryan, S. G. 1898-1970, author. (Sedrak Gevorgi),",Haykakan SSṚ GA hratarakchʻutʻyun,1963.,"Architecture, Medieval--Armenia.; Church architecture--Armenia.; Sculpture, Medieval--Armenia.; Sculptors--Armenia.; Sculpture, Armenian.; Sculptors; Architecture, Medieval; Church architecture; Sculpture, Armenian; Sculpture, Medieval; Armenia; Armenia (region); Architecture médiévale--Arménie.; Architecture chrétienne--Arménie.; Sculpture médiévale--Arménie.; Sculpteurs--Arménie."
31154069009643,9998788049307876,BQ6345.A58 H68127 2025,Qiuci xun you : kao gu chong jian yu shi jue zai xian /,2026-03-13,"He, Enzhi, author.",Shanghai gu ji chu ban she,2025.,Buddhist monasteries--China--Aksu Diqu--History.; Monastic and religious life (Buddhism)--China--Aksu Diqu--History.; Meditation--China--Aksu Diqu--Buddhism--History.; Kizil Caves (China); Kizil Caves.
31154069009650,9998788049207876,PL2447 .Z484 2024,"""Yuelu shu yuan cang Qin jian (wu)"" shu zheng /",2026-03-13,"Zhu, Honglin, 1972- author.",Shanghai gu ji chu ban she,2024.,"Yuelu shu yuan--Catalogs.; Inscriptions, Chinese--History and criticism.; Wooden tablets--China.; Imperial China.; Inscriptions chinoises--Histoire et critique.; Tablettes en bois--Chine."
31154069009676,9998789370507876,DS797.54.H455 N456 2024,Nei Menggu Helinge'er Tuchengzi.,2026-03-19,,Ke xue chu ban she,2024.,Horinger Xian (China)--Antiquities.; Excavations (Archaeology)--China--Horinger Xian.; Tombs--China--Horinger Xian.; Tuchengzi Ancient City.
31154069009684,9998787758207876,PK8196.7.A4 G5 1963,Haghbat : chartarapetakan kaṛutsʻvatskʻnerě ev vimakan ardzanagrutʻyunnerě /,2026-03-09,"Ghafadaryan, K. G. 1907-1976, author. (Karapet Grigori),",Haykakan SSṚ Gitutʻyunneri Akademiayi Hratarakchʻutʻyun,1963.,"Church buildings--Armenia--Haghpat.; Haghpat (Armenia)--Buildings, structures, etc.; Architecture, Medieval--Armenia--Haghpat.; Inscriptions, Armenian--Armenia--Haghpat.; Architecture, Medieval; Buildings; Church buildings; Inscriptions, Armenian; Armenia (Republic)--Haghpat; Haghpat Monastery."
31154069009692,990043242460107904,DK511.C2 M33,Materialy i issledovanii͡a po arkheologii Severnogo Kavkaza /,2026-03-09,,Karachaevo-Cherkesskiĭ gosudarstvennyĭ universitet im UD Alieva; T͡Sentr arkheologicheskikh issledovaniĭ AGPU,,"Caucasus, Northern (Russia)--Antiquities--Periodicals.; Excavations (Archaeology)--Russia (Federation)--Caucasus, Northern--Periodicals.; Antiquities; Excavations (Archaeology); Russia (Federation)--Northern Caucasus; Periodicals; Ciscaucasia."
31154069009700,990043242460107904,DK511.C2 M33,Materialy i issledovanii͡a po arkheologii Severnogo Kavkaza /,2026-03-09,,Karachaevo-Cherkesskiĭ gosudarstvennyĭ universitet im UD Alieva; T͡Sentr arkheologicheskikh issledovaniĭ AGPU,,"Caucasus, Northern (Russia)--Antiquities--Periodicals.; Excavations (Archaeology)--Russia (Federation)--Caucasus, Northern--Periodicals.; Antiquities; Excavations (Archaeology); Russia (Federation)--Northern Caucasus; Periodicals; Ciscaucasia."
31154069009718,990043242460107904,DK511.C2 M33,Materialy i issledovanii͡a po arkheologii Severnogo Kavkaza /,2026-03-09,,Karachaevo-Cherkesskiĭ gosudarstvennyĭ universitet im UD Alieva; T͡Sentr arkheologicheskikh issledovaniĭ AGPU,,"Caucasus, Northern (Russia)--Antiquities--Periodicals.; Excavations (Archaeology)--Russia (Federation)--Caucasus, Northern--Periodicals.; Antiquities; Excavations (Archaeology); Russia (Federation)--Northern Caucasus; Periodicals; Ciscaucasia."
31154069009726,9998783393607876,DT251 .M33 2025,Sigillata und Lampen aus den Töpfereien von Henchir el Guellal bei Djilma : zur römischen Feinkeramikproduktion in Zentraltunesien vom 3. bis 5. Jahrhundert /,2026-03-09,"Mackensen, Michael, author.",Reichert Verlag,2025.,"Pottery, Roman--Tunisia.; Tunisia--Antiquities, Roman.; Henchir-el-Guellal.; Djilma."
31154069009734,9998787758107876,PJ3837.S7 A784 2025,"Ṭupšar lā šanān : der Prolog des Chicago-Prismas Sanheribs von Assyrien, intertextuelle und motivgeschichtliche Studien /",2026-03-09,"Artemov, Nikita, 1979- author.",Zaphon,[2025],"Assyria--Kings and rulers.; Cuneiform inscriptions, Akkadian.; Assyro-Babylonian literature.; Akkadian language--Texts.; Assyria--History--Sources.; Assyro-Babylonian literature--History and criticism.; Sennacherib,--King of Assyria,---681 B.C.; Akkadian language; Assyro-Babylonian literature; Middle East--Assyria; History; Sources; Texts; Assyria (kingdom); Littérature assyro-babylonienne.; Akkadien (Langue)--Textes.; Inscriptions cunéiformes akkadiennes.; Littérature assyro-babylonienne--Histoire et critique."
31154069009742,9998787953607876,DK511.C2 A678 2025,"XII ""Anfimovskie chtenii͡a"" po arkheologii Zapadnogo Kavkaza : Materialy konferent͡sii 03-06 noi͡abri͡a 2025 g., g. Gori͡achiĭ kli͡uch /",2026-03-12,"""Anfimovskie chtenii͡a"" po arkheologii Zapadnogo Kavkaza Gori͡achiĭ kli͡uch, Russia) 2025 (12th :",T͡sentr paleoėtnologicheskikh issledovaniĭ; Tradit͡sii͡a,2025.,"Caucasus, Northern (Russia)--Antiquities--Congresses.; Excavations (Archaeology)--Russia (Federation)--Caucasus, Northern--Congresses.; Archaeology--Russia (Federation)--Caucasus, Northern--History--Congresses.; Ciscaucasia.; Fouilles (Archéologie)--Russie--Ciscaucasie--Congrès.; Archéologie--Russie--Ciscaucasie--Histoire--Congrès."
31154069009759,9998787953507876,DK511.C2 A678 2020,"X ""Anfimovskie chtenii͡a"" po arkheologii Zapadnogo Kavkaza : Zapadnyĭ Kavkaz v kontekste evraziĭskikh drevnosteĭ : materialy mezhdunarodnoĭ arkheologicheskoĭ konferent͡sii (Anapa, 23-25 okti͡abri͡a 2020 g.) = 10th ""Anfimov Readings"" on the archaeology of the Western Caucasus : Western Caucasus in the context of Eurasian antiquities ; Proceedings of the International archaeological conference (Anapa, 23-25 October 2020) /",2026-03-12,"""Anfimovskie chtenii͡a"" po arkheologii Zapadnogo Kavkaza Anapa, Russia) 2020 : (10th :",IP Smorodin EV,2020.,"Caucasus, Northern (Russia)--Antiquities--Congresses.; Excavations (Archaeology)--Russia (Federation)--Caucasus, Northern--Congresses.; Archaeology--Russia (Federation)--Caucasus, Northern--History--Congresses.; Ciscaucasia.; Fouilles (Archéologie)--Russie--Ciscaucasie--Congrès.; Archéologie--Russie--Ciscaucasie--Histoire--Congrès."
31154069009767,9998788042207876,CJ1367 .X836 2025,Qi guo huo bi de kao gu xue yan jiu /,2026-03-16,"Xu, Bo, author.",Shanghai gu ji chu ban she,2025.,"Coins, Chinese--History.; Money--China--History.; China--History--Spring and Autumn period, 722-481 B.C.; Qi.; Monnaies chinoises--Histoire.; Monnaie--Chine--Histoire.; Chine--Histoire--722-481 av. J.-C. (Époque des Printemps et des Automnes)"
31154069009791,9998788048607876,DS793.S62 O4127 2024,"1909-1910 nian Eluosi Xinjiang tan xian kao cha chu bu jian bao = Preliminary report of the Russian expedition to Xinjiang, China, 1909-1910 /",2026-03-13,"Olʹdenburg, S. F. 1863-1934, author. (Sergeĭ Fedorovich),",Shanghai gu ji chu ban she,2024.,Excavations (Archaeology)--China--Xinjiang Uygur Zizhiqu--History--20th century.; Xinjiang Uygur Zizhiqu (China)--Antiquities.; Xinjiang Uygur Zizhiqu.; Fouilles (Archéologie)--Chine--Xinjiang--Histoire--20e siècle.
31154069009809,9998788048707876,DS797.68.X535 G36 2025,Changan yu si lu wen hua yi zhi tu xiang chuan bo /,2026-03-13,"Gao, Ming, author.",Shanxi shi fan da xue chu ban zong she you xian gong si,2025.,Historic sites--Silk Road.; Xi'an Shi (China)--History.; Xi'an Shi (China)--Civilization.; Silk Road--History.; Sian.; Silk Road.; Lieux historiques--Route de la soie.; Route de la soie--Histoire.
31154069009817,9998788037007876,NK1068 .Z466 2024,Zhongguo wen wu zhi.,2026-03-18,,Wen wu chu ban she,2024.,"Art objects, Chinese--China.; Cultural property--China.; China--Antiquities.; China.; Objets d'art chinois--Chine.; Chine--Antiquités."
31154069009825,9998787953207876,TP856 .M49 2020,"Steklo na puti͡akh Evrazii v drevnosti i Srednevekovʹe : materialy mezhdunarodnoĭ nauchnoĭ konferent͡sii 29-senti͡abri͡a -1 oki͡abri͡a 2020 g., Moskva /",2026-03-12,"Mezhdunarodnai͡a nauchnai͡a konferent͡sii͡a ""Steklo na puti͡akh Evrazii v drevnosti i Srednevekovʹe"" Moscow, Russia), (2020 : author.",IA RAN,2024.,Glass--Eurasia--History--Congresses.; Eurasia.; Verre--Eurasie--Histoire--Congrès.
31154069009833,9998787951407876,DK5850.K78 I29 2024,Poselenie Stena 1 v I͡Ugo-Zapadnom Krymu /,2026-03-12,"I͡Azikov, S. V. author. (Sergeĭ Vladimirovich),",IA RAN,2024.,"Crimea (Ukraine)--Antiquities.; Excavations (Archaeology)--Ukraine--Crimea.; Pottery, Ancient--Ukraine--Crimea.; Stena 1.; Fouilles (Archéologie)--Ukraine--Crimée."
31154069009841,9998787751607876,BX123.2 .G43 1957,Sanahni vankʻě ev nra ardzanagrutʻyunnerě /,2026-03-12,"Ghafadaryan, K. G. 1907-1976. (Karapet Grigori),",HSSṚ GA Hratarakchʻutʻyun,1957.,"Sanahni Vankʻ.; Monasteries--Armenia.; Inscriptions, Armenian.; Inscriptions, Armenian; Monasteries; Armenia; Sanahin Monastery."
31154069009858,9998787751407876,PJ3721.H34 N55 2025,Untersuchungen zu mittelbabylonischen Texten aus Haft-Tappe /,2026-03-12,"Nikkhah Bahrami, Gita, author.",Zaphon,2025,Assyro-Babylonian literature--Iran--Haft Tepe.; Assyro-Babylonian literature--Iran--Haft Tepe--History and criticism.; Akkadian language--Texts.; Haft Tepe (Iran)--History--Sources.; Iran--Antiquities.; Assyro-Babylonian literature.; Antiquities; Assyro-Babylonian literature; Iran; Iran--Haft Tepe; Kabnak.; Littérature assyro-babylonienne.; Iran--Antiquités.; Akkadien (Langue)--Textes.
31154069009866,9998787751107876,TX407.P4 P65 2022,"Le poivre, fragments d'histoire globale : circulations et consommations, de l'Antiquité à l'époque moderne /",2026-03-12,,Hermann,[2022],Pepper (Spice)--History.; Eastern Hemisphere.
31154069009874,9998787751007876,N7973.6.A7 S87 1984,Ējmiatsni gandzer = Sokrovishcha Ėchmiadzina = Treasures of Etchmiadzin.,2026-03-12,"Gandzatun Alekʻ ew Mari Manukean, sponsoring institution.",Yhteiskirjapaino Oy; Editions Erebouni; Mayr Atʻoṛ,1984.,"Gandzatun Alekʻ ew Mari Manukean--Catalogs.; Christian art and symbolism--Armenia--Catalogs.; Art, Armenian--Catalogs.; Christian art and symbolism--Armenia (Republic)--Ējmiatsin--Catalogs.; Gandzatun Alekʻ ew Mari Manukean; Art, Armenian; Christian art and symbolism; Armenia (Republic)--Ējmiatsin; Armenia; Catalogs; Etchmiadzin Cathedral.; Art arménien--Catalogues."
31154069009882,9998787750907876,D2.514.A76 Y474 1964,Hatkanshakan tsʻutsʻak tʻangaranayin zhoghovatsuneri = Katalog Muzeĭnykh Kollekt͡siĭ /,2026-03-12,"Haykakan SSṚ Gitutʻyunneri Akademia. Petakan Patmakan Tʻangaran, issuing body.",HSSṚ GA Hratarakchʻutʻyun,1964.,"Historical museums--Armenia (Republic)--Yerevan--Catalogs.; Inscriptions, Armenian--Armenia.; Museums; Armenia (Republic)--Yerevan; Catalogs; Armenia (region); Musées--Arménie--Erevan--Catalogues.; Histoire--Musées--Arménie--Erevan--Catalogues."
31154069009890,9998787750707876,DS186 .H68 1969,Khaghbakeankʻ kam Pṛosheankʻ hayotsʻ patmutʻean mēj /,2026-03-12,"Hovsepʻyan, Garegin, 1867-1952, author.",Tparan Katʻoghikosutʻean Hayoy Metsi Tann Kilikioy; Calouste Gulbenkian Foundation Armenian Library,1969.,Armenia--History--428-1522.; Siwnikʻ (Armenia)--History.; Armenia (Republic)--Siwnikʻ; Armenia; 428-1522; History; Siwnik.; Arménie--Histoire--428-1522.
31154069009908,9998787750507876,NA5974 .H3 1970,Haykakan ekeghetsʻiner /,2026-03-12,,Mayr Atʻoṛ S Ējmiadzin,1970.,Church buildings--Armenia (Republic); Church architecture--Armenia (Republic); Church architecture; Church buildings; Armenia (Republic); Armenia (region); Armenia.; Architecture chrétienne--Arménie.
31154069009916,9998787750307876,CS2353 .P47 2024,Personal names in cuneiform texts from Babylonia (c. 750-100 BCE) : an introduction /,2026-03-12,,Cambridge University Press,2024.,"Names, Personal--Akkadian--Iraq--Babylonia.; Cuneiform inscriptions, Akkadian--Iraq--Babylonia.; Akkadian language--Iraq--Babylonia--Etymology--Names.; Akkadian language--Etymology--Names; Cuneiform inscriptions, Akkadian; Names, Personal--Akkadian; Essays; Essays.; Babylonia.; Noms de personnes akkadiens--Irak--Babylonie.; Inscriptions cunéiformes akkadiennes--Irak--Babylonie.; Akkadien (Langue)--Irak--Babylonie--Étymologie--Noms."
31154069009924,9998787750207876,BT1475 .V35 2020,Valentinian Christianity : texts and translations /,2026-03-12,,University of California Press,[2020],"Church history--Primitive and early church; Gnostic literature; Valentinians; 30-600; History; Sources; Valentinians--History--Sources.; Church history--Primitive and early church, ca. 30-600--Sources.; Gnostic literature.; Eastern Mediterranean.; Valentiniens--Histoire--Sources.; Littérature gnostique."
31154069009932,9998787749707876,GT2850 .S26 2022,Banchetti : storie d'amore e di morte : condite di ricordi ed osservazioni personali /,2026-03-12,"Saporetti, Claudio, author.",WriteUp,2022,Food habits--History--To 1500.; Food habits--Social aspects--History--To 1500.; Dinners and dining--History--To 1500.; Europe.; Middle East.
31154069009940,9998787749507876,DS48 .C63 2021,"Passaggio in Oriente : viaggiatrici, scrittrici, archeologhe e scienziate tra '800 e '900 /",2026-03-12,"Ciafardoni, Paola, author.",Scienze e lettere,2021.,"Middle East--Description and travel.; Women travelers--Middle East--History--19th century.; Women travelers--Middle East--History--20th century.; Women travelers--Great Britain--Biography.; Women travelers--Europe--Biography.; Travelers' writings, English--19th century--History and criticism.; Travelers' writings, English--20th century--History and criticism.; Travelers' writings, European--19th century--History and criticism.; Travelers' writings, European--20th century--History and criticism.; Travel; Travelers' writings, English; Travelers' writings, European; Women travelers; Europe; Great Britain; Middle East; 1800-1999; Biographies; Criticism, interpretation, etc.; History; Middle East.; North Africa.; Voyageuses--Grande-Bretagne--Biographies.; Voyageuses--Europe--Biographies.; Écrits de voyageurs anglais--19e siècle--Histoire et critique.; Écrits de voyageurs anglais--20e siècle--Histoire et critique.; Écrits de voyageurs européens--19e siècle--Histoire et critique.; Écrits de voyageurs européens--20e siècle--Histoire et critique."
31154069009957,9998787749407876,GN416 .F44 2022,"Le feu dans la cité antique : usages, risques, réglementations /",2026-03-12,,Presses universitaires du Septentrion,2022.,Fire--Social aspects--Congresses.; Classical antiquities--Congresses.; Classical antiquities; Fire--Social aspects; proceedings (reports); Conference papers and proceedings; Conference papers and proceedings.; Internum Mare.; Actes de congrès.; Feu--Aspect social--Congrès.; Antiquités gréco-romaines--Congrès.
31154069009965,9998787749107876,QC84 .A83 2006,I pesi da bilancia del bronzo antico e del bronzo medio /,2026-03-12,"Ascalone, Enrico, author",Università degli studi di Roma La Sapienza,2006.,"Weights and measures, Ancient.; Weights and measures--Syria--Ebla (Extinct city); Excavations (Archaeology)--Syria--Ebla (Extinct city); Syria--Antiquities.; Antiquities; Excavations (Archaeology); Weights and measures; Weights and measures, Ancient; Syria; Syria--Ebla (Extinct city); Archäologische Stätte; Gewicht; Ebla; Ebla.; Arkeologi--Syrien--Ebla (övergivna städer); Ebla (övergivna städer)--bronsåldern.; Geschichte 2400 v. Chr.-1600 v. Chr.; Poids et mesures anciens.; Poids et mesures--Syrie--Ebla (Ville ancienne); Fouilles (Archéologie)--Syrie--Ebla (Ville ancienne); Syrie--Antiquités."
31154069009973,9998787746907876,Z286.A73 F76 2014,From a dusty dig to the dusty shelves : the development of the archaeological literature in Turkey = Hafriyattan hurufata :Türkiye'de arkeoloji literatürünün gelişimi.,2026-03-12,,German Archeological Institute,2014.,Archaeological literature--Turkey.; Archaeological literature--Publishing--Turkey.; Archaeological literature; Archaeological literature--Publishing; Turkey; Turkey.
31154069009981,9998787746807876,PJ4013 .C58 2020,Esbós de gramàtica sumèria = An outline of Sumerian grammar /,2026-03-12,"Civil, Miguel, author.",Edicions Universitat de Barcelona,[2020],Sumerian language--Grammar; Sumerian language--Grammar.; Sumer.; Sumérien (Langue)--Grammaire.
31154069009999,9998787746607876,DS175 .M27 1977,Erker /,2026-03-12,"Manandyan, Hakob, 1873-1952, author.",Haykakan SSH GA Hratarakchʻutʻyun,1977-<1985>,"Armenia--History.; Armenian literature--History and criticism.; Armenian literature; Armenia; Criticism, interpretation, etc.; History; Armenia (region); Arménie--Histoire.; Littérature arménienne--Histoire et critique."
31154069010005,9998787746607876,DS175 .M27 1977,Erker /,2026-03-12,"Manandyan, Hakob, 1873-1952, author.",Haykakan SSH GA Hratarakchʻutʻyun,1977-<1985>,"Armenia--History.; Armenian literature--History and criticism.; Armenian literature; Armenia; Criticism, interpretation, etc.; History; Armenia (region); Arménie--Histoire.; Littérature arménienne--Histoire et critique."
31154069010013,9998787746607876,DS175 .M27 1977,Erker /,2026-03-12,"Manandyan, Hakob, 1873-1952, author.",Haykakan SSH GA Hratarakchʻutʻyun,1977-<1985>,"Armenia--History.; Armenian literature--History and criticism.; Armenian literature; Armenia; Criticism, interpretation, etc.; History; Armenia (region); Arménie--Histoire.; Littérature arménienne--Histoire et critique."
31154069010021,9998787746607876,DS175 .M27 1977,Erker /,2026-03-12,"Manandyan, Hakob, 1873-1952, author.",Haykakan SSH GA Hratarakchʻutʻyun,1977-<1985>,"Armenia--History.; Armenian literature--History and criticism.; Armenian literature; Armenia; Criticism, interpretation, etc.; History; Armenia (region); Arménie--Histoire.; Littérature arménienne--Histoire et critique."
31154069010039,9998787746607876,DS175 .M27 1977,Erker /,2026-03-12,"Manandyan, Hakob, 1873-1952, author.",Haykakan SSH GA Hratarakchʻutʻyun,1977-<1985>,"Armenia--History.; Armenian literature--History and criticism.; Armenian literature; Armenia; Criticism, interpretation, etc.; History; Armenia (region); Arménie--Histoire.; Littérature arménienne--Histoire et critique."
31154069010047,9998787746407876,PK8531 .M38 2003,Matenagirkʻ Hayotsʻ /,2026-03-12,,Metsi Tann Kilikioy Katʻoghikosutʻiwn,2003-,"Armenian Church--History--Sources.; Armenian Church--Doctrines.; Armenia--History--Sources.; Armenian language, Classical.; Armenian Church; Armenian language, Classical; Theology, Doctrinal; Armenia; History; Sources; Armenia (region); Arménie--Histoire--Sources.; Arménien classique (Langue)"
31154069010054,9998787746407876,PK8531 .M38 2003,Matenagirkʻ Hayotsʻ /,2026-03-12,,Metsi Tann Kilikioy Katʻoghikosutʻiwn,2003-,"Armenian Church--History--Sources.; Armenian Church--Doctrines.; Armenia--History--Sources.; Armenian language, Classical.; Armenian Church; Armenian language, Classical; Theology, Doctrinal; Armenia; History; Sources; Armenia (region); Arménie--Histoire--Sources.; Arménien classique (Langue)"
31154069010062,9998787746407876,PK8531 .M38 2003,Matenagirkʻ Hayotsʻ /,2026-03-12,,Metsi Tann Kilikioy Katʻoghikosutʻiwn,2003-,"Armenian Church--History--Sources.; Armenian Church--Doctrines.; Armenia--History--Sources.; Armenian language, Classical.; Armenian Church; Armenian language, Classical; Theology, Doctrinal; Armenia; History; Sources; Armenia (region); Arménie--Histoire--Sources.; Arménien classique (Langue)"
31154069010070,9998787746407876,PK8531 .M38 2003,Matenagirkʻ Hayotsʻ /,2026-03-12,,Metsi Tann Kilikioy Katʻoghikosutʻiwn,2003-,"Armenian Church--History--Sources.; Armenian Church--Doctrines.; Armenia--History--Sources.; Armenian language, Classical.; Armenian Church; Armenian language, Classical; Theology, Doctrinal; Armenia; History; Sources; Armenia (region); Arménie--Histoire--Sources.; Arménien classique (Langue)"
31154069010088,9998787746407876,PK8531 .M38 2003,Matenagirkʻ Hayotsʻ /,2026-03-12,,Metsi Tann Kilikioy Katʻoghikosutʻiwn,2003-,"Armenian Church--History--Sources.; Armenian Church--Doctrines.; Armenia--History--Sources.; Armenian language, Classical.; Armenian Church; Armenian language, Classical; Theology, Doctrinal; Armenia; History; Sources; Armenia (region); Arménie--Histoire--Sources.; Arménien classique (Langue)"
31154069010096,9998787746407876,PK8531 .M38 2003,Matenagirkʻ Hayotsʻ /,2026-03-12,,Metsi Tann Kilikioy Katʻoghikosutʻiwn,2003-,"Armenian Church--History--Sources.; Armenian Church--Doctrines.; Armenia--History--Sources.; Armenian language, Classical.; Armenian Church; Armenian language, Classical; Theology, Doctrinal; Armenia; History; Sources; Armenia (region); Arménie--Histoire--Sources.; Arménien classique (Langue)"
31154069010179,9998788037007876,NK1068 .Z466 2024,Zhongguo wen wu zhi.,2026-03-18,,Wen wu chu ban she,2024.,"Art objects, Chinese--China.; Cultural property--China.; China--Antiquities.; China.; Objets d'art chinois--Chine.; Chine--Antiquités."
31154069010187,9998788037007876,NK1068 .Z466 2024,Zhongguo wen wu zhi.,2026-03-18,,Wen wu chu ban she,2024.,"Art objects, Chinese--China.; Cultural property--China.; China--Antiquities.; China.; Objets d'art chinois--Chine.; Chine--Antiquités."
31154069010195,9998788037007876,NK1068 .Z466 2024,Zhongguo wen wu zhi.,2026-03-18,,Wen wu chu ban she,2024.,"Art objects, Chinese--China.; Cultural property--China.; China--Antiquities.; China.; Objets d'art chinois--Chine.; Chine--Antiquités."
31154069010203,9998787943207876,PK8009.A24 H37 1970,Manuk Abeghyan : kyankʻn u gortsě /,2026-03-17,"Harutʻyunyan, Sargis.",Haykakan SSH GA Hratarakchʻutʻyun,1970.,"Abeghyan, Manuk,--1865-1944.; Linguists--Armenia--Biography.; Philologists--Armenia--Biography.; Abeghyan, Manuk,--1865-1944; Linguists; Philologists; Armenia; Biographies; Biographies.; Armenia.; Linguistes--Arménie--Biographies.; Philologues--Arménie--Biographies."
31154069010211,9998787943407876,DK689.28 .G43 1975,Erevan : mijnadaryan hushardzannerě ev vimakan ardzanagrutʻyunnerě /,2026-03-18,"Ghafadaryan, K. G. 1907-1976. (Karapet Grigori),",Haykakan SSH Gitutʻyunneri Akademiayi Hratarakchʻutʻyun,1975.,"Yerevan (Armenia)--Antiquities.; Yerevan (Armenia)--History.; Cities and towns--Armenia (Republic)--History.; Inscriptions, Armenian--Armenia (Republic)--Yerevan.; Antiquities; Cities and towns; Inscriptions, Armenian; Armenia (Republic); Armenia (Republic)--Yerevan; History; Yerevan.; Villes--Arménie--Histoire."
31154069010229,9998787943307876,ND3239.A7 G48 1982,"Haykakan manrankarchʻutʻyun, dimankar = Armi͡anskai͡a miniati͡ura, portret = Miniature arménienne, portrait /",2026-03-18,"Gevorgyan, Astghik.","""Sovetakan Grogh"" Hratarakchʻutʻyun",1982.,"Illumination of books and manuscripts, Armenian.; Illumination of books and manuscripts, Medieval--Armenia.; Christian saints--Portraits.; Fathers of the church--Portraits.; Art patrons--Portraits.; Art patrons; Christian saints; Fathers of the church; Illumination of books and manuscripts, Armenian; Illumination of books and manuscripts, Medieval; Armenia; Portraits; Armenia (region); Enluminure arménienne.; Enluminure médiévale--Arménie.; Saints chrétiens--Portraits.; Pères de l'Église--Portraits.; Mécènes--Portraits."
31154069010237,9998787943107876,PK8002. A34 1966,Erker /,2026-03-17,"Abeghyan, Manuk, 1865-1944, author.",Haykakan SSʹH GA Hratarakchʻutʻyun,1966-1985.,"Armenian philology.; Armenian language--Grammar.; Armenian literature--History and criticism.; Armenian language.; Armenian (language); Armenian language--Grammar; Armenian literature; Armenian philology; Criticism, interpretation, etc.; Literary criticism.; Armenia (region); Critiques littéraires.; Armenia--History--Sources.; Armenia--History--To 428.; Armenia--History.; Philologie arménienne.; Arménien (Langue)--Grammaire.; Littérature arménienne--Histoire et critique.; Arménien (Langue)"
31154069010245,9998787943107876,PK8002. A34 1966,Erker /,2026-03-17,"Abeghyan, Manuk, 1865-1944, author.",Haykakan SSʹH GA Hratarakchʻutʻyun,1966-1985.,"Armenian philology.; Armenian language--Grammar.; Armenian literature--History and criticism.; Armenian language.; Armenian (language); Armenian language--Grammar; Armenian literature; Armenian philology; Criticism, interpretation, etc.; Literary criticism.; Armenia (region); Critiques littéraires.; Armenia--History--Sources.; Armenia--History--To 428.; Armenia--History.; Philologie arménienne.; Arménien (Langue)--Grammaire.; Littérature arménienne--Histoire et critique.; Arménien (Langue)"
31154069010252,9998787943107876,PK8002. A34 1966,Erker /,2026-03-17,"Abeghyan, Manuk, 1865-1944, author.",Haykakan SSʹH GA Hratarakchʻutʻyun,1966-1985.,"Armenian philology.; Armenian language--Grammar.; Armenian literature--History and criticism.; Armenian language.; Armenian (language); Armenian language--Grammar; Armenian literature; Armenian philology; Criticism, interpretation, etc.; Literary criticism.; Armenia (region); Critiques littéraires.; Armenia--History--Sources.; Armenia--History--To 428.; Armenia--History.; Philologie arménienne.; Arménien (Langue)--Grammaire.; Littérature arménienne--Histoire et critique.; Arménien (Langue)"
31154069010260,9998787943107876,PK8002. A34 1966,Erker /,2026-03-17,"Abeghyan, Manuk, 1865-1944, author.",Haykakan SSʹH GA Hratarakchʻutʻyun,1966-1985.,"Armenian philology.; Armenian language--Grammar.; Armenian literature--History and criticism.; Armenian language.; Armenian (language); Armenian language--Grammar; Armenian literature; Armenian philology; Criticism, interpretation, etc.; Literary criticism.; Armenia (region); Critiques littéraires.; Armenia--History--Sources.; Armenia--History--To 428.; Armenia--History.; Philologie arménienne.; Arménien (Langue)--Grammaire.; Littérature arménienne--Histoire et critique.; Arménien (Langue)"
31154069010278,9998787942507876,DK679.5.U73 Z3 1965,Nakʻalakʻar Urbnisis xurotʻmożġvreba /,2026-03-17,"Zakarai͡a, P. P. (Parmen Parnaozovich)","Gamomcʻemloba ""Mecʻniereba""",1965.,"Urbnisi (Georgia)--Antiquities.; Architecture--Georgia (Republic)--Urbnisi.; Antiquities; Architecture; Georgia (Republic)--Urbnisi; Urbnisi.; Architecture;--Urbnisi, Georgia"
31154069010286,9998787942407876,DK679.C65 L867 1972,Żveli kolxetis kultura = Kulʹtura drevneĭ Kolkhidy /,2026-03-17,"Lordkipanidze, Otar, 1930-2002, author.","Gamomcʻemloba ""Xelovneba""",1972.,Colchis--Civilization.; Colchis--Antiquities.; Antiquities; Civilization; Asia--Colchis; Colchis/Lazike.
31154069010294,9998787735807876,GN778.22.S65 J37 1969,Arkʻeologiuri gatʻxrebi Tʻrialetʻši : kʻartʻveli tomebis istoriisatʻvis żv. c. II atʻascleulši /,2026-03-18,"Japʻariże, Otʻar.","""Sabčotʻa Sakʻartʻvelo""",1969.,Bronze age--Georgia (Republic)--Tʻrialetʻi Region.; Excavations (Archaeology)--Georgia (Republic)--Tʻrialetʻi Region.; Tʻrialetʻi Region (Georgia)--Antiquities.; Antiquities; Bronze age; Excavations (Archaeology); Georgia (Republic)--Trialet Range Region; T’rialet’i.
31154069010302,9998787735407876,Z6621.M415 A75 1965,Tsʻutsʻak dzeṛagratsʻ Mashtotsʻi anvan Matenadarani. /,2026-03-18,Mashtotsʻi Anvan Hin Dzeṛagreri Institut Matenadaran.,Haykakan SSṚ Gitutʻyunneri Akademiayi Hratarakchʻutʻyun,1965-1970.,"Mashtotsʻi Anvan Hin Dzeṛagreri Institut Matenadaran.; Manuscripts, Armenian--Armenia (Republic)--Yerevan--Catalogs.; Mashtotsʻi Anvan Hin Dzeṛagreri Institut Matenadaran; Manuscripts, Armenian; Armenia (Republic)--Yerevan; Catalogs; Armenia (region); Matenadaran.; Mashtotsì Anvan Hin Dzeṛagreri Institut Matenadaran.; Manuscrits arméniens--Arménie--Erevan--Catalogues."
31154069010310,9998787735407876,Z6621.M415 A75 1965,Tsʻutsʻak dzeṛagratsʻ Mashtotsʻi anvan Matenadarani. /,2026-03-18,Mashtotsʻi Anvan Hin Dzeṛagreri Institut Matenadaran.,Haykakan SSṚ Gitutʻyunneri Akademiayi Hratarakchʻutʻyun,1965-1970.,"Mashtotsʻi Anvan Hin Dzeṛagreri Institut Matenadaran.; Manuscripts, Armenian--Armenia (Republic)--Yerevan--Catalogs.; Mashtotsʻi Anvan Hin Dzeṛagreri Institut Matenadaran; Manuscripts, Armenian; Armenia (Republic)--Yerevan; Catalogs; Armenia (region); Matenadaran.; Mashtotsì Anvan Hin Dzeṛagreri Institut Matenadaran.; Manuscrits arméniens--Arménie--Erevan--Catalogues."
31154069010328,9998759655307876,DS70.5.A7 E97 v.2 2024,Assur 2024 : continuing the excavations in the New Town and other research across the site /,2026-03-19,,PeWe-Verlag,2025.,Ashur (Extinct city)--Antiquities.; New towns--Iraq--Ashur (Extinct city); Excavations (Archaeology)--Iraq--Ashur (Extinct city); Ashur/'Lamban'?/'Liba(nai)'?; Villes nouvelles--Irak--Assour (Ville ancienne); Fouilles (Archéologie)--Irak--Assour (Ville ancienne)
31154069010336,9998789470607876,CC67 .C86 2022,Studia Pontica II ; Études syriennes ; Fouilles de Doura-Europos (1922-1923) /,2026-03-19,"Cumont, Franz, 1868-1947, author.",Academia Belgica,[2022],Classical antiquities.; classical archaeology.; Classical antiquities; Pontus.; Syria.; D(o)ura/Europos.; Antiquités gréco-romaines.
31154069010344,9998789470507876,GN784 .A72 2021,Archaeology of coastal settlements = Archéologie des peuplements littoraux /,2026-03-19,"Colloque International HOMER Oléron, Ile d', France), creator. (2021 :",Sidestone Press,[2025],Coastal archaeology--Congresses.; Coastal archaeology; Conference papers and proceedings; Archéologie côtière--Congrès.
31154069010369,9998789470307876,DS155 .A78 2021,"Arte, funzione e simboli nella cultura materiale dell'Anatolia Antica = Eski Anadolu'nun maddi kültüründe sanat, işlev ve semboller : XII Convegno sul contributo italiano a scavi, ricerche e studi nelle missioni archeologiche in Turchia = XII Türkiye'deki arkeolojik çalışmalara eğitim, araştırma ve kazıda İtalya katkısı archeologiche in Turchia /",2026-03-19,"Convegno sul contributo italiano a scavi, ricerche e studi nelle missioni archeologiche in Turchia Istanbul), 2021 : author. (12th :",Istituto Italiano di Cultura di Istanbul,[2023],Excavations (Archaeology)--Turkey--Congresses.; Archaeological expeditions--Turkey--Congresses.; Archaeologists--Italy--Congresses.; Turkey--Antiquities--Congresses.; Asia Minor.; Archéologues--Italie--Congrès.; Turquie--Antiquités--Congrès.
31154069010377,9998789470207876,DS110.G3 Z95 2025,Gaza : archaeology and history /,2026-03-19,"Zwickel, Wolfgang, author.",Zaphon,2025.,"Excavations (Archaeology)--Gaza Strip.; Gaza Strip--Antiquities.; Archaeology and history--Gaza Strip.; Archaeology and history--Palestine.; Gaza Strip--History.; Gaza Strip.; Archéologie et histoire--Palestine.; Gaza, Bande de--Histoire."
31154069010385,9998789469707876,DK673 .P46 1969,"Kʻalakʻebi, sopʻlebi da sacarmoo kerebi Rustʻavelis xanis Sakʻartʻveloši /",2026-03-19,,"Gamomcʻemloba ""Mecʻniereba""",1969.,Georgia (Republic)--Antiquities.; Excavations (Archaeology)--Georgia (Republic); Georgia (Republic)--History--To 1801.; Antiquities; Excavations (Archaeology); Georgia (Republic); To 1801; History; Georgia.; Géorgie (République)--Antiquités.; Fouilles (Archéologie)--Géorgie (République); Géorgie (République)--Histoire--Jusqu'à 1801.
31154069010393,9998789469507876,GT1057 .H39 1967,Haykakan taraz : hnaguyn zhamanakneritsʻ minchʻev mer ōrerě = Armi͡anskai͡a odezhda : s drevneĭshikh vremen do nashikh dneĭ /,2026-03-19,"Patrik, Aṛakʻel N., author.",Haykakan SSH GA Hratarakchʻutʻyun,1967.,Costume--Armenia (Republic); Costume; Armenia (Republic); Armenia.
31154069010401,9998789469407876,BL1616.D44 S27 2021,"Amaru / Abūbu : il diluvio mesopotamico : scritti e concetti: posti, proposti e riproposti /",2026-03-19,"Saporetti, Claudio, author.",Tipheret,[2021],"Bible. Genesis Criticism, interpretation, etc.; Deluge.; Mythology, Assyro-Babylonian.; Mythology, Sumerian.; Assyro-Babylonian religion--Influence.; Jews--History--Babylonian captivity, 598-515 B.C.; Bible. Genesis; Deluge; Jews; Mythology, Assyro-Babylonian; Jews in Babylonian captivity--(598 - 515 B.C.); 598-515 B.C.; Criticism, interpretation, etc.; History; Mesopotamia (region); Déluge.; Mythologie assyro-babylonienne.; Religion assyro-babylonienne--Influence.; Juifs--Histoire--598-515 av. J.-C. (Captivité de Babylone); Mythologie sumérienne."
31154069010419,9998789367907876,DS715 .Z466 2024,Zhongguo wen wu zhi.,2026-03-21,,Wen wu chu ban she,2024.,China--Antiquities.; Cultural property.; intangible cultural heritage.; China.; Chine--Antiquités.; Patrimoine culturel immatériel.
31154069010427,9998789367907876,DS715 .Z466 2024,Zhongguo wen wu zhi.,2026-03-21,,Wen wu chu ban she,2024.,China--Antiquities.; Cultural property.; intangible cultural heritage.; China.; Chine--Antiquités.; Patrimoine culturel immatériel.
31154069010435,9998789367907876,DS715 .Z466 2024,Zhongguo wen wu zhi.,2026-03-21,,Wen wu chu ban she,2024.,China--Antiquities.; Cultural property.; intangible cultural heritage.; China.; Chine--Antiquités.; Patrimoine culturel immatériel.
31154069010443,9998789367907876,DS715 .Z466 2024,Zhongguo wen wu zhi.,2026-03-21,,Wen wu chu ban she,2024.,China--Antiquities.; Cultural property.; intangible cultural heritage.; China.; Chine--Antiquités.; Patrimoine culturel immatériel.
31154069010450,9998789669407876,DS162 .T875 1967,Tʻurkʻakan aghbyurner /,2026-03-20,,Haykakan SSH Gitutʻyunneri Akademiayi Hratarakchʻutʻyun,1967-<1972>,Armenia (Republic)--History--Sources.; Armenia (Republic); History; Sources; Armenia.; Arménie--Histoire--1991---Sources.
31154069010468,9998789669307876,DS186 .C66 1970,Kostandin Tsiranatsin /,2026-03-20,"Constantine VII Porphyrogenitus, Emperor of the East, 905-959.",Haykakan SSH Gitutʻyunneri Akademiayi Hratarakchʻutʻyun,1970.,"Basil--I,--Emperor of the East,--approximately 812-886.; Constantine--VII Porphyrogenitus,--Emperor of the East,--905-959.; Armenia--History--428-1522--Sources.; Byzantine Empire--History--527-1081--Sources.; Emperors--Byzantine Empire--Biography.; Education of princes--Byzantine Empire.; Basil--I,--Emperor of the East,--approximately 812-886; Constantine--VII Porphyrogenitus,--Emperor of the East,--905-959; Education of princes; Emperors; Armenia; Byzantine Empire; 428-1522; History; Biographies; Sources; Biographies.; Byzantine Empire.; Arménie--Histoire--428-1522--Sources.; Empire byzantin--Histoire--527-1081--Sources.; Empereurs--Empire byzantin--Biographies."
31154069010476,9998789669207876,BX129.N48 H35 1964,Nerses Shnorhali /,2026-03-20,"Hakobyan, G. A. 1907-1981. (Grigor Arshaki),",Haykakan SSṚ KA Hrat,1964.,"Nersēs,--Shnorhali, Saint,--1102-1173.; Nersēs,--Shnorhali, Saint,--1102-1173; Armenia (region)"
31154069010484,9998789669107876,GB239.G4 K3 1965,Fiziko-geograficheskai͡a kharakteristika okrestnosteĭ Tbilisi /,2026-03-20,"Kavrishvili, K. V. (Ketevan Vissarionovna)",Met͡sniereba = Mecʻniereba,1965.,Physical geography--Georgia (Republic)--Tʻbilisi.; Physical geography; Georgia (Republic); Tbilisi.; Géographie physique--Géorgie (République)
31154069010492,9998789669007876,DS162 .B95 1967,Prokopios Kesaratsʻi /,2026-03-20,Procopius.,Haykakan SSH Gitutʻyunneri Akademiayi Hratarakchʻutʻyun,1967.,Armenia--History--428-640.; Armenia--History--Sources.; Armenia; 428-640; History; Sources; Armenia (region); Arménie--Histoire--428-640.; Arménie--Histoire--Sources.
31154069010500,9998787943107876,PK8002. A34 1966,Erker /,2026-03-20,"Abeghyan, Manuk, 1865-1944, author.",Haykakan SSʹH GA Hratarakchʻutʻyun,1966-1985.,"Armenian philology.; Armenian language--Grammar.; Armenian literature--History and criticism.; Armenian language.; Armenian (language); Armenian language--Grammar; Armenian literature; Armenian philology; Criticism, interpretation, etc.; Literary criticism.; Armenia (region); Critiques littéraires.; Armenia--History--Sources.; Armenia--History--To 428.; Armenia--History.; Philologie arménienne.; Arménien (Langue)--Grammaire.; Littérature arménienne--Histoire et critique.; Arménien (Langue)"
31154069010518,9998787943107876,PK8002. A34 1966,Erker /,2026-03-20,"Abeghyan, Manuk, 1865-1944, author.",Haykakan SSʹH GA Hratarakchʻutʻyun,1966-1985.,"Armenian philology.; Armenian language--Grammar.; Armenian literature--History and criticism.; Armenian language.; Armenian (language); Armenian language--Grammar; Armenian literature; Armenian philology; Criticism, interpretation, etc.; Literary criticism.; Armenia (region); Critiques littéraires.; Armenia--History--Sources.; Armenia--History--To 428.; Armenia--History.; Philologie arménienne.; Arménien (Langue)--Grammaire.; Littérature arménienne--Histoire et critique.; Arménien (Langue)"
31154069010526,9998789668907876,DS175 .H39,Hay zhoghovrdi patmutʻyun /,2026-03-20,,Haykakan SSH Gitutʻyunneri Akademiayi Hratarakchʻutʻyun,1970-1984.,Armenia--History.; Armenia (Republic)--History.; Armenia.; Arménie--Histoire.; Arménie--Histoire--1991-
31154069010534,9998789668807876,HD951.A7 P35,Kalvatsagrer /,2026-03-20,"Pʻapʻazyan, H. D.",Haykakan SSH Gitutʻyunneri Akademiayi Hratarakchʻutʻyun,1968.,Church lands--Armenia.; Deeds--Armenia.; Church lands; Deeds; Armenia; Matenadaran.; Terres d'Église--Arménie.; Actes formalistes--Arménie.
31154069010542,9998789668707876,DS181 .J67 1976,"Hovsepos Pʻlavios, Dion Kassios /",2026-03-20,"Josephus, Flavius.",Haykakan SSH GA Hratarakchʻutʻyun,1976.,Armenia--History--To 428--Sources.; Armenia; To 428; History; Sources; Armenia (region); Arménie--Histoire--Jusqu'à 428--Sources.
31154069010559,9998789668607876,DK511.G44 B47 1967,Berżeni mcerlebis cʻnobebi Sakʻartʻvelos šesaxeb /,2026-03-20,,"""Mecʻniereba """,1967-<1987>,Georgia (Republic)--History--Historiography.--To 1801; Georgia (Republic)--History--To 1801--Sources.; Historiography; Georgia (Republic); To 1801; Sources; History; Georgia.; Géorgie (République)--Histoire--Historiographie.--Jusqu'à 1801; Géorgie (République)--Histoire--Jusqu'à 1801--Sources.
31154069010567,9998789668907876,DS175 .H39,Hay zhoghovrdi patmutʻyun /,2026-03-20,,Haykakan SSH Gitutʻyunneri Akademiayi Hratarakchʻutʻyun,1970-1984.,Armenia--History.; Armenia (Republic)--History.; Armenia.; Arménie--Histoire.; Arménie--Histoire--1991-
31154069010575,990028566520107904,PA3339 .Z45,Zeitschrift für Papyrologie und Epigraphik.,2026-03-20,,Rudolf Habelt Verlag GMBH,1967-,"Manuscripts (Papyri)--Periodicals.; Inscriptions; Manuscripts, Greek (Papyri); Manuscripts (Papyri); Periodicals; Periodicals.; Papyri.; Inscripties.; Oudheid.; Greek philology--Periodicals.; Inscriptions--Periodicals.; Manuscripts, Greek (Papyri)--Periodicals.; Papyrus (Manuscrits)--Périodiques.; Papyrus grecs--Périodiques.; Inscriptions--Périodiques."
31154069010583,9998789466807876,DS156.P38 C64 2017,Perge batı Nekropolis mezar buluntuları : 1997-2007 yılları arasında 169 numaralı parselde yürütülen çalışmalar /,2026-03-20,"Çokay-Kepçe, Sedef, author.",Ege Yayınları,2017.,Perga (Extinct city); Excavations (Archaeology)--Turkey--Perga (Extinct city); Turkey--Antiquities.; Antiquities; Excavations (Archaeology); Turkey; Turkey--Perga (Extinct city); Perge.; Perge (Ville ancienne); Fouilles (Archéologie)--Turquie--Perge (Ville ancienne); Turquie--Antiquités.
31154069010591,9998789466707876,BS2615.6.J44 N86 2021,John and anti-Judaism : reading the Gospel in light of Greco-Roman culture /,2026-03-20,"Numada, Jonathan, author.",Pickwick Publications,[2021],"Bible. John Criticism, interpretation, etc.; Jews in the New Testament.; Jews--Mediterranean Region--History--To 70 A.D.; Jews--Rome--History--168 B.C.-135 A.D.; Judaism--Relations--Christianity.; Christianity and other religions--Judaism.; Bible. John; Jews in the New Testament; Jews; Judaism; Interfaith relations; Christianity; Rome (Empire); Mediterranean Region; To 135; History; Criticism, interpretation, etc.; Roman Empire.; Judaïsme--Relations--Christianisme.; Christianisme--Relations--Judaïsme.; Juifs dans le Nouveau Testament.; Juifs--Rome--Histoire--168 av. J.-C.-135."
31154069010609,9998789466607876,BS1199.E35 E25 2023,Economics and empire in the ancient Near East /,2026-03-20,,Cascade Books,[2023],"Bible. Old Testament Criticism, interpretation, etc.; Economics in the Bible.; Economics--Religious aspects.; Jews--History--To 70 A.D.; Middle East--Religion.; Bible. Old Testament; Economics in the Bible; Economics--Religious aspects; Jews; Religion--Economic aspects; Middle East; To 70; Criticism, interpretation, etc.; History; Middle East.; Économie politique dans la Bible.; Économie politique--Aspect religieux.; Juifs--Histoire--Jusqu'à 70."
31154069010617,9998789668907876,DS175 .H39,Hay zhoghovrdi patmutʻyun /,2026-03-20,,Haykakan SSH Gitutʻyunneri Akademiayi Hratarakchʻutʻyun,1970-1984.,Armenia--History.; Armenia (Republic)--History.; Armenia.; Arménie--Histoire.; Arménie--Histoire--1991-
31154069010633,9998789467407876,DS171 .B36,Banber Matenadarani /,2026-03-20,,Haykakan SSR gitutʻyunneri akademiayi hratarakchʻutʻyun,1956-,"Armenia--Civilization--Periodicals.; Manuscripts, Armenian--Periodicals.; Civilization.; Manuscripts, Armenian.; Armenia.; Periodicals."
31154069010641,9998789467407876,DS171 .B36,Banber Matenadarani /,2026-03-20,,Haykakan SSR gitutʻyunneri akademiayi hratarakchʻutʻyun,1956-,"Armenia--Civilization--Periodicals.; Manuscripts, Armenian--Periodicals.; Civilization.; Manuscripts, Armenian.; Armenia.; Periodicals."
31154069010658,9998789467407876,DS171 .B36,Banber Matenadarani /,2026-03-20,,Haykakan SSR gitutʻyunneri akademiayi hratarakchʻutʻyun,1956-,"Armenia--Civilization--Periodicals.; Manuscripts, Armenian--Periodicals.; Civilization.; Manuscripts, Armenian.; Armenia.; Periodicals."
31154069010666,9998789467407876,DS171 .B36,Banber Matenadarani /,2026-03-20,,Haykakan SSR gitutʻyunneri akademiayi hratarakchʻutʻyun,1956-,"Armenia--Civilization--Periodicals.; Manuscripts, Armenian--Periodicals.; Civilization.; Manuscripts, Armenian.; Armenia.; Periodicals."
31154069010674,9998789467407876,DS171 .B36,Banber Matenadarani /,2026-03-20,,Haykakan SSR gitutʻyunneri akademiayi hratarakchʻutʻyun,1956-,"Armenia--Civilization--Periodicals.; Manuscripts, Armenian--Periodicals.; Civilization.; Manuscripts, Armenian.; Armenia.; Periodicals."
31154069010682,9998789467407876,DS171 .B36,Banber Matenadarani /,2026-03-20,,Haykakan SSR gitutʻyunneri akademiayi hratarakchʻutʻyun,1956-,"Armenia--Civilization--Periodicals.; Manuscripts, Armenian--Periodicals.; Civilization.; Manuscripts, Armenian.; Armenia.; Periodicals."
31154069010690,9998789467407876,DS171 .B36,Banber Matenadarani /,2026-03-20,,Haykakan SSR gitutʻyunneri akademiayi hratarakchʻutʻyun,1956-,"Armenia--Civilization--Periodicals.; Manuscripts, Armenian--Periodicals.; Civilization.; Manuscripts, Armenian.; Armenia.; Periodicals."
31154069010708,9998789467407876,DS171 .B36,Banber Matenadarani /,2026-03-20,,Haykakan SSR gitutʻyunneri akademiayi hratarakchʻutʻyun,1956-,"Armenia--Civilization--Periodicals.; Manuscripts, Armenian--Periodicals.; Civilization.; Manuscripts, Armenian.; Armenia.; Periodicals."
31154069010716,9998789467407876,DS171 .B36,Banber Matenadarani /,2026-03-20,,Haykakan SSR gitutʻyunneri akademiayi hratarakchʻutʻyun,1956-,"Armenia--Civilization--Periodicals.; Manuscripts, Armenian--Periodicals.; Civilization.; Manuscripts, Armenian.; Armenia.; Periodicals."
31154069010724,9998789467407876,DS171 .B36,Banber Matenadarani /,2026-03-20,,Haykakan SSR gitutʻyunneri akademiayi hratarakchʻutʻyun,1956-,"Armenia--Civilization--Periodicals.; Manuscripts, Armenian--Periodicals.; Civilization.; Manuscripts, Armenian.; Armenia.; Periodicals."
31154069010732,9998789467407876,DS171 .B36,Banber Matenadarani /,2026-03-20,,Haykakan SSR gitutʻyunneri akademiayi hratarakchʻutʻyun,1956-,"Armenia--Civilization--Periodicals.; Manuscripts, Armenian--Periodicals.; Civilization.; Manuscripts, Armenian.; Armenia.; Periodicals."
31154069010740,9998789465507876,PJ4150 .S374 2022,A grammar of Ugaritic /,2026-03-20,"Screnock, John, author.",SBL Press,[2022],Ugaritic language--Grammar.; Ugaritic language--Grammar; Grammars.; Leukos Limen.; Ougaritique (Langue)--Grammaire.
31154069010757,9998789465407876,BT1390 .G49375 2020,Gnostic countercultures : terror and intrigue /,2026-03-20,,Brill,[2020],Gnosticism--Congresses.; Gnosticism; Conference papers and proceedings; Gnosticisme.; Gnose.; Eastern Mediterranean.; Gnosticisme--Congrès.
31154069010765,9998789461407876,BV761.A8 H35,Kanonagirkʻ Hayotsʻ /,2026-03-23,Armenian Church.,Haykakan SSR Gitutʻyunneri Akademiayi Hratarakchʻutʻyun,1964-1971.,Canon law--Eastern churches; Direito canonico.; Historia da asia.; Canon law--Eastern churches.; Eastern Europe.; Droit canonique--Églises orientales.
31154069010773,990028238560107904,DS191 .H39 1974,Hayeren dzeṛagreri 17 dari hishatakaranner /,2026-03-23,,Haykakan S S H Gitutʻyunneri Akademiayi Hratarakchʻutʻyun,1974-<1984 >,"Armenia--History--Sources.--1522-1800; Colophons of manuscripts.; Manuscripts, Armenian.; Colophons of manuscripts; Manuscripts, Armenian; Armenia; 1522-1800; History; Sources; Armenia (region); Arménie--Histoire--Sources.--1522-1800; Achevés d'imprimer de manuscrits.; Manuscrits arméniens."
31154069010781,990028238560107904,DS191 .H39 1974,Hayeren dzeṛagreri 17 dari hishatakaranner /,2026-03-23,,Haykakan S S H Gitutʻyunneri Akademiayi Hratarakchʻutʻyun,1974-<1984 >,"Armenia--History--Sources.--1522-1800; Colophons of manuscripts.; Manuscripts, Armenian.; Colophons of manuscripts; Manuscripts, Armenian; Armenia; 1522-1800; History; Sources; Armenia (region); Arménie--Histoire--Sources.--1522-1800; Achevés d'imprimer de manuscrits.; Manuscrits arméniens."
31154069010799,990028238560107904,DS191 .H39 1974,Hayeren dzeṛagreri 17 dari hishatakaranner /,2026-03-23,,Haykakan S S H Gitutʻyunneri Akademiayi Hratarakchʻutʻyun,1974-<1984 >,"Armenia--History--Sources.--1522-1800; Colophons of manuscripts.; Manuscripts, Armenian.; Colophons of manuscripts; Manuscripts, Armenian; Armenia; 1522-1800; History; Sources; Armenia (region); Arménie--Histoire--Sources.--1522-1800; Achevés d'imprimer de manuscrits.; Manuscrits arméniens."
31154069010807,9998789461207876,B440 .D3 1967,Tolkovanie Analitiki Aristoteli͡a : svodnyĭ kriticheskiĭ tekst /,2026-03-23,"David, the Invincible, author.",Izd-vo AN Armi͡anskoĭ SSR,1967.,Aristotle.--Analytica priora.; Aristotle.--Prior analytics.; Prior analytics (Aristotle); Alexandria.
31154069010815,9998789461107876,DS186 .K37 1974,"Kilikioy Haykakan Ishkhanapetutʻiwně Merdzawor Arewelkʻi kʻaghakʻakan holovoytʻin mēj, 1080-1137 /",2026-03-23,"Kassouny, Yervant H.",Kassouny,1974.,"Cilicia--History--Armenian Kingdom, 1080-1375.; Middle East--History.; Asia--Cilicia; Middle East; 1080-1375; History; Cilicia.; Cilicie--Histoire--1080-1375 (Royaume de Petite Arménie); Moyen-Orient--Histoire."
31154069010823,9998789461007876,BX129.N44 H3 1971,Nerses Lambronatsʻi /,2026-03-23,"Hakobyan, Grigor Arshaki, author.",Haykakan SSH GA Hratarakchʻutʻyun,1971.,"Nerses,--of Lambron, Saint,--1153-1198; Tarsus/Antiochia ad Cydnum.; Nerses,--of Lambron, Saint,--1153-1198."
31154069010831,9998789460907876,GR203.G3 C53 1963,Skazanii͡a i legendy. Perevod s gruzinskogo.,2026-03-23,"Čʻikʻovani, Mixeil, 1909-1983, editor.",Zari͡a Vostoka,1963.,Folklore--Georgia.; Folklore; Georgia; Georgia.; Folklore--Géorgie (État)
31154069010849,9998789460407876,PK8535 .H27 1961,Hay ashughner XVII-XVIII d.d. /,2026-03-23,,Haykakan SSṚ GA Hratarakchʻutyun,1961.,"Armenian poetry.; Poets, Armenian--Biography.; Armenian poetry; Poets, Armenian; Biographies; Armenia (region); Biographies.; Poésie arménienne."
31154069010856,9998789460107876,DK511.G32 I5 1968,Prichernomorskie goroda drevneĭ Kolkhidy /,2026-03-23,"Inaże, M.","""Met͡sniereba"" = ""Mecʻniereba""",1968.,Cities and towns--Georgia (Republic)--Colchis.; Colchis--Antiquities.; Antiquities; Cities and towns; Asia--Colchis; Colchis/Lazike.
31154069010864,9998789459707876,BS2635.3 .E64 1968,Epistoletʻa cigni /,2026-03-23,,Mecʻniereba,1968.,Bible. Epistles Commentaries.; Georgia (Republic)--Church history.; Bible. Epistles; Georgia (Republic); Church history; Commentaries; Georgia.
31154069010872,9998789459407876,DS42 .P36 1956,Hrovartakner /,2026-03-23,Mashtotsʻi Anvan Hin Dzeṛagreri Institut Matenadaran.,Zangak-97; Haykakan SSṚ Gitutʻyunneri akademiayi hratarakchʻutʻyun,1956-,"Mashtotsʻi Anvan Hin Dzeṛagreri Institut Matenadaran--Catalogs.; Manuscripts, Persian--Armenia (Republic)--Yerevan--Catalogs.; Iran--History--Sources--Catalogs.; Mashtotsʻi Anvan Hin Dzeṛagreri Institut Matenadaran; Manuscripts, Persian; Armenia (Republic)--Yerevan; Iran; Catalogs; History; Matenadaran.; Manuscrits persans--Arménie--Erevan--Catalogues.; Iran--Histoire--Sources--Catalogues."
31154069010880,9998789459407876,DS42 .P36 1956,Hrovartakner /,2026-03-23,Mashtotsʻi Anvan Hin Dzeṛagreri Institut Matenadaran.,Zangak-97; Haykakan SSṚ Gitutʻyunneri akademiayi hratarakchʻutʻyun,1956-,"Mashtotsʻi Anvan Hin Dzeṛagreri Institut Matenadaran--Catalogs.; Manuscripts, Persian--Armenia (Republic)--Yerevan--Catalogs.; Iran--History--Sources--Catalogs.; Mashtotsʻi Anvan Hin Dzeṛagreri Institut Matenadaran; Manuscripts, Persian; Armenia (Republic)--Yerevan; Iran; Catalogs; History; Matenadaran.; Manuscrits persans--Arménie--Erevan--Catalogues.; Iran--Histoire--Sources--Catalogues."
31154069010898,990036142830107904,CB3 .A53,Anabasis : studia classica et orientalia.,2026-03-23,,Wydawnictwo Uniwersytetu Rzeszowskiego,2010-,"Civilization, Ancient--Periodicals.; Asia, Central--Civilization--Periodicals.; Caucasus--Civilization--Periodicals.; Europe, Eastern--Civilization--Periodicals.; Middle East--Civilization--Periodicals.; Turkey--Civilization--Periodicals.; Civilization, Greco-Roman--Periodicals.; Civilization, Oriental--Periodicals.; Civilization; Civilization, Ancient; Civilization, Greco-Roman; Civilization, Oriental; Central Asia; Caucasus; Eastern Europe; Middle East; Turkey; Periodicals; Periodicals.; Caucasus (mountain range); Asia Minor.; Turkey.; Eastern Europe.; Middle East.; Central Asia."
31154069010906,9998789459307876,DT57. F8 t.158 2025,Bagawat : inscriptions pariétales et graffites coptes et copto-grecs /,2026-03-23,"Roquet, Gérard, author.",Institut Français D'archéologie Orientale,[2025],Coptic inscriptions--Egypt--Catalogs.; Bagawat.; Inscriptions coptes--Bagawat (Égypte ; site archéologique)--Antiquité.; Inscriptions grecques--Bagawat (Égypte ; site archéologique)--Antiquité.; Monuments funéraires--Bagawat (Égypte ; site archéologique)--Antiquité.; Bagawat (Égypte ; site archéologique).; Inscriptions coptes--Égypte--Catalogues.
31154069010914,9998789968407876,DS186 .M368 1984,"Hayeren dzeṛagreri hishatakaranner, 13 dar /",2026-03-26,"Matʻevosyan, A. S., author.",Haykakan SSH Gitutʻyunneri Akademiayi Hratarakchʻutʻyun,1984.,"Armenia--History--Sources.--Turkic Mongol Domination, 1045-1522; Manuscripts, Armenian.; Colophons of manuscripts.; Colophons of manuscripts; Manuscripts, Armenian; Armenia (Republic); Turkic Mongol Domination--(Armenia :--1045-1522); 1045-1522; History; Sources; Armenia (region); Arménie--Histoire--Sources.--1045-1522 (Domination turco-mongole); Manuscrits arméniens.; Achevés d'imprimer de manuscrits."
31154069010922,9998789968307876,PJ25 .B6 t.191 2025,"Musiciens, fêtes et piété populaire : figurines en terre cuite de l'Égypte ptolémaïque et romaine /",2026-03-26,"Vendries, Christophe, author.",Institut français d'archéologie orientale,2025.,"Terra-cotta figurines, Hellenistic--Egypt.; Terra-cotta figurines, Roman--Egypt.; Decoration and ornament--Egypt.; Art, Egyptian.; Musicians in art.; Art, Egyptian; Decoration and ornament; Musicians in art; Egypt; Ptolemaic Kingdom.; Aegyptus (Roman imperial province); Art égyptien.; Musiciens dans l'art.; Décoration et ornement--Égypte.; Figurines de terre cuite hellénistiques--Égypte.; Figurines de terre cuite romaines--Égypte."
31154069010930,9998789967807876,PJ3711 .E75 v.2 2025,The second millennium cuneiform documents in the Babylon collection of the Istanbul Archaeological Museum /,2026-03-26,"Ridder, Jacob Jan de, 1986- author.",Harrassowitz Verlag,2025.,İstanbul Arkeoloji Müzeleri--Catalogs.; Inscriptions--Iraq--Babylon (Extinct city)--Texts.; Cuneiform inscriptions--Catalogs.; catalogs (documents); Catalogs.; Informational works.; Babylon.; Catalogues.; Documents d'information.; Inscriptions cunéiformes--Catalogues.
31154069010948,9998789967907876,PJ3711 .E75 v.1 2025,Keilschrifttexte aus Babylon in Istanbul : Katalog und Keilschriftkopien /,2026-03-26,"Heessel, Nils P., compiler, writer of supplementary textual content.",Harrassowitz Verlag,2025.,"Eski Şark Eserleri Müzesi (Istanbul, Turkey)--Catalogs.; Cuneiform inscriptions--Catalogs.; Inscriptions--Iraq--Babylon (Extinct city)--Texts.; Civilization, Assyro-Babylonian--Catalogs.; Eski Şark Eserleri Müzesi (Istanbul, Turkey); Civilization, Assyro-Babylonian; Cuneiform inscriptions; Inscriptions; Iraq--Babylon (Extinct city); Catalogs; Texts; Babylon.; Inscriptions cunéiformes--Catalogues.; Civilisation assyro-babylonienne--Catalogues."
31154069010955,9998789967407876,KL5314 .M31 2025,Sasanian law in its social context /,2026-03-26,"Macuch, Maria, author.",Harrassowitz Verlag,2025.,"Law, Sassanid.; Sassanids--Legal status, laws, etc.--History.--Iran; Law--Iran--History.; Law--Social aspects--History.--Iran; Sasanian Empire."
31154069010963,9998789967307876,DS747.2 .M494 2025,"To rule all under heaven : a history of classical China, from Confucius to the First Emperor /",2026-03-26,"Meyer, Andrew Seth, author.",Oxford University Press,[2025],"China--History--Warring States, 403-221 B.C.; China--History--Zhou dynasty, 1122-221 B.C.; China--History--Qin dynasty, 221-207 B.C.; Ancient China.; Chine--Histoire--403-221 av. J.-C. (Royaumes combattants); Chine--Histoire--1122-221 av. J.-C. (Dynastie des Zhou); Chine--Histoire--221-207 av. J.-C. (Dynastie des Qin)"
31154069010971,9998789967107876,CS2351 .B35 2025,"Roman names on Crete : immigration, enfranchisement, integration /",2026-03-26,"Baldwin Bowsky, Martha W., author.",National Hellenic Research Foundation Institute of Historical Research,2025.,"Names, Personal--Greece--Crete--History.; Names, Personal--Social aspects--Greece--Crete.; Crete (Greece)--History--67 B.C.-826 A.D.; Romans--Social aspects--Greece--Crete.; Romans--Cultural assimilation--Greece.; Onomastics--Greece--Crete.; Creta (island); Noms de personnes--Grèce--Crète--Histoire.; Noms de personnes--Aspect social--Grèce--Crète.; Crète (Grèce)--Histoire--67 av. J.-C.-826.; Romains--Aspect social--Grèce--Crète.; Onomastique--Grèce--Crète."
31154069010989,9998789965907876,P1038 .I58 2021,"KO-RO-NO-WE-SA : proceedings of the 15th international colloquium on Mycenaean studies, September 2021 = Praktika tou 15ou diethnous synedriou mykēnaikōn spoudōn septembrios 2021 /",2026-03-26,"International Colloquium on Mycenaean Studies Online), 2021 : author. (15th :",Rethymnon,2024.,"Inscriptions, Linear B--Congresses.; Inscriptions, Linear A--Congresses.; Civilization, Mycenaean--Congresses.; Civilization, Mycenaean; Inscriptions, Linear A; Inscriptions, Linear B; Conference papers and proceedings; Aegaeum Mare.; Civilisation mycénienne--Congrès."
31154069010997,9998789965807876,BR131 .F78 2025,Frühes Christentum im archäologischen Befund /,2026-03-26,,Harrassowitz Verlag,2025.,"Christian antiquities--Congresses.; Church architecture--History--To 1500--Congresses.; Church history--Primitive and early church, ca. 30-600--Congresses.; Excavations (Archaeology)--Noricum--Congresses.; Noricum--Antiquities--Congresses.; Noricum (province); Roman Empire.; Antiquités chrétiennes--Congrès.; Église--Histoire--ca 30-600 (Église primitive)--Congrès."
31154069011003,9998789965407876,GT2340 .F35 2025,"Scent, colour and glitter in the ancient world : a comparative history of aromatics, cosmetics and adornment, from the Mediterranean to the China seas /",2026-03-26,"Farmānfarmāʼiyān, Fāṭimah Sūdʹāvar, author.",IB Tauris,2025.,"Cosmetics--Middle East--History.; Perfumes--Middle East--History.; Essences and essential oils--Middle East--History.; Jewelry--Middle East--History.; Cosmetics--China--History.; Perfumes--China--History.; Essences and essential oils--China--History.; Jewelry--China--History.; Civilization, Ancient.; Cosmetics--Eurasia--History.; Perfumes--Eurasia--History.; Essences and essential oils--Eurasia--History.; Jewelry--Eurasia--History.; Civilization, Ancient; Cosmetics--History.; Essences and essential oils--History.; Jewelry--History.; Perfumes--History.; China; Middle East; Middle East.; China.; Eurasia.; Cosmétiques--Chine--Histoire.; Parfums--Chine--Histoire.; Huiles essentielles--Chine--Histoire.; Civilisation ancienne.; Cosmétiques--Eurasie--Histoire.; Parfums--Eurasie--Histoire.; Huiles essentielles--Eurasie--Histoire."
31154069011011,9998789965107876,GN585.A75 H39 1970,Hay azgagrutʻyun ev banahyusutʻyun : nyutʻer ev usumnasirutʻyunner /,2026-03-26,,Haykakan SSH GA Hrat,1970-,Ethnology--Armenia.; Folklore--Armenia.; Armenia--Civilization.; Civilization; Ethnology; Folklore; Armenia; Armenia (region); Ethnologie--Arménie.; Folklore--Arménie.
31154069011029,9998789965107876,GN585.A75 H39 1970,Hay azgagrutʻyun ev banahyusutʻyun : nyutʻer ev usumnasirutʻyunner /,2026-03-26,,Haykakan SSH GA Hrat,1970-,Ethnology--Armenia.; Folklore--Armenia.; Armenia--Civilization.; Civilization; Ethnology; Folklore; Armenia; Armenia (region); Ethnologie--Arménie.; Folklore--Arménie.
31154069011037,9998789965107876,GN585.A75 H39 1970,Hay azgagrutʻyun ev banahyusutʻyun : nyutʻer ev usumnasirutʻyunner /,2026-03-26,,Haykakan SSH GA Hrat,1970-,Ethnology--Armenia.; Folklore--Armenia.; Armenia--Civilization.; Civilization; Ethnology; Folklore; Armenia; Armenia (region); Ethnologie--Arménie.; Folklore--Arménie.
31154069011045,9998789965107876,GN585.A75 H39 1970,Hay azgagrutʻyun ev banahyusutʻyun : nyutʻer ev usumnasirutʻyunner /,2026-03-26,,Haykakan SSH GA Hrat,1970-,Ethnology--Armenia.; Folklore--Armenia.; Armenia--Civilization.; Civilization; Ethnology; Folklore; Armenia; Armenia (region); Ethnologie--Arménie.; Folklore--Arménie.
31154069011052,9998789965107876,GN585.A75 H39 1970,Hay azgagrutʻyun ev banahyusutʻyun : nyutʻer ev usumnasirutʻyunner /,2026-03-26,,Haykakan SSH GA Hrat,1970-,Ethnology--Armenia.; Folklore--Armenia.; Armenia--Civilization.; Civilization; Ethnology; Folklore; Armenia; Armenia (region); Ethnologie--Arménie.; Folklore--Arménie.
31154069011060,9998789965107876,GN585.A75 H39 1970,Hay azgagrutʻyun ev banahyusutʻyun : nyutʻer ev usumnasirutʻyunner /,2026-03-26,,Haykakan SSH GA Hrat,1970-,Ethnology--Armenia.; Folklore--Armenia.; Armenia--Civilization.; Civilization; Ethnology; Folklore; Armenia; Armenia (region); Ethnologie--Arménie.; Folklore--Arménie.
31154069011078,9998789965107876,GN585.A75 H39 1970,Hay azgagrutʻyun ev banahyusutʻyun : nyutʻer ev usumnasirutʻyunner /,2026-03-26,,Haykakan SSH GA Hrat,1970-,Ethnology--Armenia.; Folklore--Armenia.; Armenia--Civilization.; Civilization; Ethnology; Folklore; Armenia; Armenia (region); Ethnologie--Arménie.; Folklore--Arménie.
31154069011086,9998789965107876,GN585.A75 H39 1970,Hay azgagrutʻyun ev banahyusutʻyun : nyutʻer ev usumnasirutʻyunner /,2026-03-26,,Haykakan SSH GA Hrat,1970-,Ethnology--Armenia.; Folklore--Armenia.; Armenia--Civilization.; Civilization; Ethnology; Folklore; Armenia; Armenia (region); Ethnologie--Arménie.; Folklore--Arménie.
31154069011094,9998789965107876,GN585.A75 H39 1970,Hay azgagrutʻyun ev banahyusutʻyun : nyutʻer ev usumnasirutʻyunner /,2026-03-26,,Haykakan SSH GA Hrat,1970-,Ethnology--Armenia.; Folklore--Armenia.; Armenia--Civilization.; Civilization; Ethnology; Folklore; Armenia; Armenia (region); Ethnologie--Arménie.; Folklore--Arménie.
31154069011102,9998789965107876,GN585.A75 H39 1970,Hay azgagrutʻyun ev banahyusutʻyun : nyutʻer ev usumnasirutʻyunner /,2026-03-26,,Haykakan SSH GA Hrat,1970-,Ethnology--Armenia.; Folklore--Armenia.; Armenia--Civilization.; Civilization; Ethnology; Folklore; Armenia; Armenia (region); Ethnologie--Arménie.; Folklore--Arménie.
31154069011110,990040511410107904,DK679.5.V36 V36 1972,Vani : arkʻeologiuri gatʻxrebi = Vani : arkheologicheskie raskopki = Vani : archaeological excavations /,2026-03-26,,"""Mecʻniereba""",1972-,Vani (Georgia)--Antiquities.; Excavations (Archaeology)--Georgia (Republic)--Vani.; Vani (Georgia)--History.; Georgia (Republic)--History--To 330.; Antiquities; Excavations (Archaeology); Georgia (Republic); Georgia (Republic)--Vani; To 330; History; Vani.; Georgia.; Fouilles (Archéologie)--Géorgie (République)--Vania.; Géorgie (République)--Histoire--Jusqu'à 330.
31154069011128,9998789964607876,DS165 .N27 1965,Arabakan aghbyurnerě Hayastani ev harevan erkrneri masin = Arabskie istochniki ob Armenii i sopredelʹnykh stranakh /,2026-03-26,,HSSṚ Gitutʻyunneri Akademiayi Hratarakchʻutʻyun,1965.,Armenia--Description and travel.; Travel; Armenia; Armenia (region)
31154069011136,9998789964507876,DS162 .T44 1983,Tʻeopʻanes Khostovanogh /,2026-03-26,"Theophanes, the Confessor, -approximately 818.",Haykakan SSH GA Hratarakchʻutʻyun,1983.,Armenia--History--Sources.; Byzantine Empire--History--527-1081--Sources.; Armenia; Byzantine Empire; 527-1081; History; Sources; Armenia (region); Byzantine Empire.; Arménie--Histoire--Sources.; Empire byzantin--Histoire--527-1081--Sources.
31154069011144,9998789964407876,DS162 .A76 1976,Asorakan aghbyurner /,2026-03-26,,Haykakan SSH GA Hratarakchʻutʻyun,1976-,Armenia--History--Sources.; Armenia; History; Sources; Armenia (region); Arménie--Histoire--Sources.
31154069011151,9998789964407876,DS162 .A76 1976,Asorakan aghbyurner /,2026-03-26,,Haykakan SSH GA Hratarakchʻutʻyun,1976-,Armenia--History--Sources.; Armenia; History; Sources; Armenia (region); Arménie--Histoire--Sources.
31154069011169,9998789964207876,DS167 .K34 1982,Rannesrednevekovye bully Dvina = Dvini vaghmijnadaryan knkʻadroshmnerě /,2026-03-26,"Kalantari͡an, A. A. (Aram Ashotovich)",Izd-vo AN Armi͡anskoĭ SSR,1982.,Dvin (Armenia)--Antiquities.; Armenia (Republic)--Antiquities.; Antiquities; Armenia; Doubios.; Arménie--Antiquités.
31154069011177,9998789964007876,PK8002 .D5 1960,Divan hay vimagrutʻyan. /,2026-03-26,,Haykakan SSṚ GA hratarakchʻutʻyun,1960-<1977>,"Inscriptions, Armenian.; Epitaphs.; epitaphs.; Epitaphs; Inscriptions, Armenian; Armenia (region); Épitaphes."
31154069011185,9998789964007876,PK8002 .D5 1960,Divan hay vimagrutʻyan. /,2026-03-26,,Haykakan SSṚ GA hratarakchʻutʻyun,1960-<1977>,"Inscriptions, Armenian.; Epitaphs.; epitaphs.; Epitaphs; Inscriptions, Armenian; Armenia (region); Épitaphes."
31154069011193,9998789964007876,PK8002 .D5 1960,Divan hay vimagrutʻyan. /,2026-03-26,,Haykakan SSṚ GA hratarakchʻutʻyun,1960-<1977>,"Inscriptions, Armenian.; Epitaphs.; epitaphs.; Epitaphs; Inscriptions, Armenian; Armenia (region); Épitaphes."
31154069011201,9998789964007876,PK8002 .D5 1960,Divan hay vimagrutʻyan. /,2026-03-26,,Haykakan SSṚ GA hratarakchʻutʻyun,1960-<1977>,"Inscriptions, Armenian.; Epitaphs.; epitaphs.; Epitaphs; Inscriptions, Armenian; Armenia (region); Épitaphes."
31154069011219,9998789964007876,PK8002 .D5 1960,Divan hay vimagrutʻyan. /,2026-03-26,,Haykakan SSṚ GA hratarakchʻutʻyun,1960-<1977>,"Inscriptions, Armenian.; Epitaphs.; epitaphs.; Epitaphs; Inscriptions, Armenian; Armenia (region); Épitaphes."
31154069011227,9998789964007876,PK8002 .D5 1960,Divan hay vimagrutʻyan. /,2026-03-26,,Haykakan SSṚ GA hratarakchʻutʻyun,1960-<1977>,"Inscriptions, Armenian.; Epitaphs.; epitaphs.; Epitaphs; Inscriptions, Armenian; Armenia (region); Épitaphes."
31154069011235,9998789964007876,PK8002 .D5 1960,Divan hay vimagrutʻyan. /,2026-03-26,,Haykakan SSṚ GA hratarakchʻutʻyun,1960-<1977>,"Inscriptions, Armenian.; Epitaphs.; epitaphs.; Epitaphs; Inscriptions, Armenian; Armenia (region); Épitaphes."
31154069011243,9998789963307876,PK8439 .Z5 1969,Zhamanakakitsʻ Hayotsʻ lezvi batsʻatrakan baṛaran /,2026-03-26,,Haykakan SSH Gitutʻyunneri Akademiayi Hratarakchʻutʻyun,1969-1980.,"Armenian language, Modern--Dictionaries.; Armenian language, Modern; dictionaries.; Dictionaries; Dictionaries.; Dictionnaires.; Armenia."
31154069011250,9998789963307876,PK8439 .Z5 1969,Zhamanakakitsʻ Hayotsʻ lezvi batsʻatrakan baṛaran /,2026-03-26,,Haykakan SSH Gitutʻyunneri Akademiayi Hratarakchʻutʻyun,1969-1980.,"Armenian language, Modern--Dictionaries.; Armenian language, Modern; dictionaries.; Dictionaries; Dictionaries.; Dictionnaires.; Armenia."
31154069011268,9998789963307876,PK8439 .Z5 1969,Zhamanakakitsʻ Hayotsʻ lezvi batsʻatrakan baṛaran /,2026-03-26,,Haykakan SSH Gitutʻyunneri Akademiayi Hratarakchʻutʻyun,1969-1980.,"Armenian language, Modern--Dictionaries.; Armenian language, Modern; dictionaries.; Dictionaries; Dictionaries.; Dictionnaires.; Armenia."
31154069011276,9998789962907876,DK671.5 .U3414 1975,Istoria gamoqopʻisa kʻartʻveltʻa somextʻagan /,2026-03-26,"Ukhtanēs, Bishop of Sebastia, active 10th century, author.","Gamomcʻemloba ""Mecʻniereba""",1975.,Armenian Church--History.; Orthodox Eastern Church--Georgia (Republic)--History.; Orthodox Eastern Church--History.; Georgia (Republic)--History--Sources.; Armenia--History--Sources.; Geschichte--600-650; Armenian Church; Orthodox Eastern Church; Armenia; Georgia (Republic); History; Sources; Armenia (region); Georgia.; Église orthodoxe--Histoire.; Géorgie (République)--Histoire--Sources.; Arménie--Histoire--Sources.
31154069011284,9998789962807876,N7292.6 .I57 1978,"Hay Arvestin Nvirvats Mijazgayin Erkrord Simpozium : zekutsʻumneri zhoghovatsu : Erevan, 12-18 Septemberi, 1978 /",2026-03-26,"International Symposium on Armenian Art Yerevan, Armenia) 1978 : (2nd :",Haykakan SSH GA Hratarakchʻutʻyun,1981-,"Art, Armenian--Congresses.; Art, Armenian; Conference papers and proceedings; Armenia (region); Art arménien--Congrès."
31154069011292,9998789962807876,N7292.6 .I57 1978,"Hay Arvestin Nvirvats Mijazgayin Erkrord Simpozium : zekutsʻumneri zhoghovatsu : Erevan, 12-18 Septemberi, 1978 /",2026-03-26,"International Symposium on Armenian Art Yerevan, Armenia) 1978 : (2nd :",Haykakan SSH GA Hratarakchʻutʻyun,1981-,"Art, Armenian--Congresses.; Art, Armenian; Conference papers and proceedings; Armenia (region); Art arménien--Congrès."
31154069011300,9998789962807876,N7292.6 .I57 1978,"Hay Arvestin Nvirvats Mijazgayin Erkrord Simpozium : zekutsʻumneri zhoghovatsu : Erevan, 12-18 Septemberi, 1978 /",2026-03-26,"International Symposium on Armenian Art Yerevan, Armenia) 1978 : (2nd :",Haykakan SSH GA Hratarakchʻutʻyun,1981-,"Art, Armenian--Congresses.; Art, Armenian; Conference papers and proceedings; Armenia (region); Art arménien--Congrès."
31154069011318,9998789962807876,N7292.6 .I57 1978,"Hay Arvestin Nvirvats Mijazgayin Erkrord Simpozium : zekutsʻumneri zhoghovatsu : Erevan, 12-18 Septemberi, 1978 /",2026-03-26,"International Symposium on Armenian Art Yerevan, Armenia) 1978 : (2nd :",Haykakan SSH GA Hratarakchʻutʻyun,1981-,"Art, Armenian--Congresses.; Art, Armenian; Conference papers and proceedings; Armenia (region); Art arménien--Congrès."
31154069011326,9998789962707876,DK681.8.C55 H35 1986,Hayastani ev harakitsʻ shrjanneri teghanunneri baṛaran : chʻors hatorov /,2026-03-26,"Hakobyan, Tʻ. Kh. (Tʻadevos Khachʻaturi)",Erevani Hamalsarani hratarakchʻutʻyun,1986-2001.,Armenia (Republic)--Gazetteers.; Cilicia--Gazetteers.; Armenia--Gazetteers.; Iran--Gazetteers.; Armenia (Republic); Armenia; Asia--Cilicia; Iran; Gazetteers; Armenia (region); Cilicia.; Iran.
31154069011334,9998789962707876,DK681.8.C55 H35 1986,Hayastani ev harakitsʻ shrjanneri teghanunneri baṛaran : chʻors hatorov /,2026-03-26,"Hakobyan, Tʻ. Kh. (Tʻadevos Khachʻaturi)",Erevani Hamalsarani hratarakchʻutʻyun,1986-2001.,Armenia (Republic)--Gazetteers.; Cilicia--Gazetteers.; Armenia--Gazetteers.; Iran--Gazetteers.; Armenia (Republic); Armenia; Asia--Cilicia; Iran; Gazetteers; Armenia (region); Cilicia.; Iran.
31154069011342,9998789962707876,DK681.8.C55 H35 1986,Hayastani ev harakitsʻ shrjanneri teghanunneri baṛaran : chʻors hatorov /,2026-03-26,"Hakobyan, Tʻ. Kh. (Tʻadevos Khachʻaturi)",Erevani Hamalsarani hratarakchʻutʻyun,1986-2001.,Armenia (Republic)--Gazetteers.; Cilicia--Gazetteers.; Armenia--Gazetteers.; Iran--Gazetteers.; Armenia (Republic); Armenia; Asia--Cilicia; Iran; Gazetteers; Armenia (region); Cilicia.; Iran.
31154069011359,9998789962707876,DK681.8.C55 H35 1986,Hayastani ev harakitsʻ shrjanneri teghanunneri baṛaran : chʻors hatorov /,2026-03-26,"Hakobyan, Tʻ. Kh. (Tʻadevos Khachʻaturi)",Erevani Hamalsarani hratarakchʻutʻyun,1986-2001.,Armenia (Republic)--Gazetteers.; Cilicia--Gazetteers.; Armenia--Gazetteers.; Iran--Gazetteers.; Armenia (Republic); Armenia; Asia--Cilicia; Iran; Gazetteers; Armenia (region); Cilicia.; Iran.
31154069011367,9998789962607876,PK8093.R8 G54 1968,Ṛus-hayeren baṛaran : mek hatorov /,2026-03-26,"Gharibyan, A. S. compiler. (Ararat Sahaki),",Hayastan hratarakchʻutʻyun,1968.,Russian language--Dictionaries--Armenian.; Russian language; Dictionaries
31154069011375,9998789962507876,DS186 .K5 1955,15. dari hayeren dzeṛagreri hishatakaranner /,2026-03-26,"Khachʻikyan, L. S. 1918-1982, compiler. (Levon Stepʻani),",Haykakan SSṚ Gitutʻyunneri Akademiayi Hratarkchʻ,1955-67.,"Colophons of manuscripts.; Manuscripts, Armenian.; Armenia--History--Turkic Mongol Domination, 1045-1522--Sources.; Colophons of manuscripts; Manuscripts, Armenian; Armenia (Republic); Turkic Mongol Domination--(Armenia :--1045-1522); 1045-1522; History; Sources; Armenia (region); Achevés d'imprimer de manuscrits.; Manuscrits arméniens.; Arménie--Histoire--1045-1522 (Domination turco-mongole)--Sources."
31154069011383,9998789962507876,DS186 .K5 1955,15. dari hayeren dzeṛagreri hishatakaranner /,2026-03-26,"Khachʻikyan, L. S. 1918-1982, compiler. (Levon Stepʻani),",Haykakan SSṚ Gitutʻyunneri Akademiayi Hratarkchʻ,1955-67.,"Colophons of manuscripts.; Manuscripts, Armenian.; Armenia--History--Turkic Mongol Domination, 1045-1522--Sources.; Colophons of manuscripts; Manuscripts, Armenian; Armenia (Republic); Turkic Mongol Domination--(Armenia :--1045-1522); 1045-1522; History; Sources; Armenia (region); Achevés d'imprimer de manuscrits.; Manuscrits arméniens.; Arménie--Histoire--1045-1522 (Domination turco-mongole)--Sources."
31154069011391,9998791262807876,DS186 .G44 1982,Patmutʻyun /,2026-03-30,"Ghewond, Erētsʻ, active 8th century, author.","""Sovetakan Grogh"" Hratarakchʻutʻyun",1982.,"Armenia--History--Arab period, 640-885.; Armenia; 640-885; History; Armenia (region); Arménie--Histoire--640-885 (Période arabe)"
31154069011409,9998791262707876,DS183 .M38 1973,Zhamanakagrutʻyun /,2026-03-30,"Matthew, of Edessa, active 12th century, author.","""Hayastan"" Hratarakchʻutʻyun",1973.,Armenia--History--428-1522.; Armenia; 428-1522; History; Armenia (region); Arménie--Histoire--428-1522.
31154069011417,9998791262607876,PK8438 .T4 1968,Hayotsʻ lezowi nor baṛaran /,2026-03-30,"Tēr Khachʻaturean, Artashēs.",K Tōnikean Hratarakchʻatun,1968.,Armenian language; Dictionaries; Armenian language--Dictionaries.; Armenia (region)
31154069011425,9998791262507876,PK8075 .A94 1969,Hayagitakan hetazotutʻyunner /,2026-03-30,"Avdalbegyan, Tʻad. 1885-1937. (Tʻadevos),",,1969,"Armenia--History.; Mythology, Armenian.; Authors, Armenian.; Authors, Armenian--Criticism and interpretation.; Authors, Armenian; Mythology, Armenian; Armenia; Criticism, interpretation, etc.; History; Armenia (region); Arménie--Histoire.; Écrivains arméniens--Critique et interprétation.; Mythologie arménienne.; Écrivains arméniens."
31154069011433,9998791262407876,CJ3481 .M85 1983,Dramakan shrjanaṛutʻyuně Hayastanum : (m.tʻ.a. V d-m.tʻ. XIV d.) /,2026-03-30,"Musheghean, Kh. A.",Haykakan SSH GA Hratarakchʻutʻyun,1983.,Numismatics--Armenia--History.; Mints--Armenia--History.; Mints; Numismatics; Armenia; History; Armenia (region); Numismatique--Arménie--Histoire.
31154069011441,9998791262307876,DS186 .S4218 1979,Patmutʻiwn Sebēosi /,2026-03-30,"Sebēos, Bishop of Bagratunikʻ, active 7th century.",Haykakan SSH Gitutʻyunneri Akademiayi Hratarakchʻutʻyun,1979.,Armenia--History--428-640.; Armenia; 428-640; History; Armenia (region); Arménie--Histoire--428-640.
31154069011458,9998791262107876,DK689.5.D58 K35 v.1 1976,Dvin /,2026-03-30,"Kalantari͡an, A. A. author. (Aram Ashotovich),",Haykakan SSH GA Hratarakchʻutʻyun,1976-2002.,Excavations (Archaeology)--Armenia (Republic)--Dvin.; Dvin (Armenia)--Antiquities.; Antiquities; Armenia (Republic)--Dvin; Armenia; Doubios.
31154069011466,9998791262007876,DK689.5.G37 G37,Garni /,2026-03-30,,Haykakan SSH Gitutʻyuneri Akademiayi Hratarakchʻutʻyun,1951-<1969>,Excavations (Archaeology)--Armenia (Republic)--Garni.; Armenia (Republic)--Antiquities.; Garni (Armenia)--Antiquities.; Antiquities; Excavations (Archaeology); Armenia (Republic); Armenia (Republic)--Garni; Gorneae.; Arménie--Antiquités.
31154069011474,9998791261707876,PK8089 .M3 1963,Hayerēn batsʻatrakan baṛaran /,2026-03-30,"Malkhasyantsʻ, Stepʻan, 1857-1947, compiler.",Shirkat-i Ufsit (Sihāmī-i ʻĀm); Kitābfurūshī-i Nāyirī,1361 [1982 or 1983].,Armenian language--Dictionaries.; Armenian language; Dictionaries; Armenia (region)
31154069011482,9998791261707876,PK8089 .M3 1963,Hayerēn batsʻatrakan baṛaran /,2026-03-30,"Malkhasyantsʻ, Stepʻan, 1857-1947, compiler.",Shirkat-i Ufsit (Sihāmī-i ʻĀm); Kitābfurūshī-i Nāyirī,1361 [1982 or 1983].,Armenian language--Dictionaries.; Armenian language; Dictionaries; Armenia (region)
31154069011490,9998791261707876,PK8089 .M3 1963,Hayerēn batsʻatrakan baṛaran /,2026-03-30,"Malkhasyantsʻ, Stepʻan, 1857-1947, compiler.",Shirkat-i Ufsit (Sihāmī-i ʻĀm); Kitābfurūshī-i Nāyirī,1361 [1982 or 1983].,Armenian language--Dictionaries.; Armenian language; Dictionaries; Armenia (region)
31154069011508,9998791261707876,PK8089 .M3 1963,Hayerēn batsʻatrakan baṛaran /,2026-03-30,"Malkhasyantsʻ, Stepʻan, 1857-1947, compiler.",Shirkat-i Ufsit (Sihāmī-i ʻĀm); Kitābfurūshī-i Nāyirī,1361 [1982 or 1983].,Armenian language--Dictionaries.; Armenian language; Dictionaries; Armenia (region)
31154069011516,9998791261607876,PK8547 .F7 1952,"Diwan : I luys ěntsayetsʻ aṛajin angam amroghjakan bnagrov, usumnasirutʻeamb, tsanōtʻutʻiwnnerov, yaweluatsʻnerov ew baṛaranov /",2026-03-30,"Frik, approximately 1236-",Hratarakutʻiwn Hay Baregortsakan Endhanur Miutʻean Melgonean Himnadrami,1952.,Armenian poetry.; Armenia (region); Poésie arménienne.
31154069011524,9998791261507876,BS2777 .S24 1998,Meknutʻiwn eōtʻantsʻ Tʻghtʻotsʻ katʻughikeaytsʻ /,2026-03-30,"Sargis, Shnorhali, active 12th century.",I Tparani Srbotsʻ Hakobeantsʻ,1998.,"Bible. Catholic Epistles Commentaries.; Christian literature, Armenian--Early works to 1800.; Bible. Catholic Epistles; Christian literature, Armenian; Early works; Commentaries; Armenia (region); Bible New Testament. Épîtres catholiques Ouvrages avant 1800. Commentaires; Littérature chrétienne arménienne--Ouvrages avant 1800."
31154069011532,9998791261407876,BX126.6 .G75 1998,Dzmeṛan hator /,2026-03-30,"Grigor, Tatʻevatsʻi, Saint, 1346-1409.",I Tparani Srbotsʻ Hakobeantsʻ,1998.,"Sermons, Armenian.; Sermons, Armenian; Armenia (region); Église arménienne--Sermons--Ouvrages avant 1800.; Sermons arméniens--Ouvrages avant 1800."
31154069011540,9998791261307876,CJ43.A752 Y475,Hayastani dramakan gandzerě /,2026-03-30,"Musheghean, Kh. A.",Haykakan SSH GA Hratarakchʻutʻyun,1973-,"Coins, Ancient--Armenia.; Hayastani Patmutʻyan Tʻangaran; Coins, Ancient; Armenia; Armenia (region); Hayastani Patmutʻyan Tʻangaran.; Monnaies antiques--Arménie."
31154069011557,9998791261207876,Z3461 .A52,"Haykakan matenagitutʻyun, 5-18 dd. /",2026-03-30,"Anasyan, H. S. 1904-1988. (Hakob Sedrakʻi),",Zangak-97; Haykakan SSṚ GA hratarakchʻutʻyun,1959-,Armenia--Bibliography.; Armenia; Bibliographies; Armenia (Republic)--Bibliography.; Armenia (region)
31154069011565,9998791261007876,DS162 .G58 1984 v.1,Ghukas Karnetsʻi /,2026-03-30,"Ghukas I, Karnetsʻi, Catholicos, 1722-1799.",Haykakan SSH GA hratarakchʻutʻyun,1984-,"Armenian Church--History--Sources.; Ghukas--I,--Karnetsʻi, Catholicos,--1722-1799.; Armenia--History--1522-1800--Sources.; Ghukas--I,--Karnetsʻi, Catholicos,--1722-1799; Armenian Church; Armenia; 1522-1800; History; Sources; Armenia (region); Arménie--Histoire--1522-1800--Sources."
31154069011573,9998791260907876,DK651.D85 G47 v.2 1982,Dvin kʻaghakʻě ev nra peghumnerě /,2026-03-30,"Ghafadaryan, K. G. 1907-1976. (Karapet Grigori),",Haykakan SSR Gitutʻyunneri Akademiayi Hratarakchʻutʻyun,1952-1982.,Dvin (Armenia)--Antiquities.; Armenia (Republic)--Antiquities.; Antiquities; Armenia (Republic); Armenia (Republic)--Dvin; Doubios.; Arménie--Antiquités.
31154069011581,9998791260807876,ND2583.G43 A8 1984,Atenis Sionis moxatuloba = Rospisi Atenskogo Siona /,2026-03-30,,Xelovneba,1984.,"Atenis Sioni (Georgia); Mural painting and decoration, Byzantine--Georgia (Republic)--Goriĭskiĭ raĭon.; Mural painting and decoration, Medieval--Georgia (Republic)--Goriĭskiĭ raĭon.; Church buildings--Georgia (Republic)--Goriĭskiĭ raĭon.; Church buildings; Mural painting and decoration, Byzantine; Mural painting and decoration, Medieval; Ateni Sioni."
31154069011599,9998791260707876,ND3245.A7 G48 1973,Arhestnern u kentsʻaghu haykakan manrankarnerum /,2026-03-30,"Gevorgyan, Astghik.","""Hayastan""",1973.,"Illumination of books and manuscripts, Armenian.; Occupations in art.; Miniature painting--Armenia.; Mashtotsʻi Anvan Hin Dzeṛagreri Institut Matenadaran; Illumination of books and manuscripts, Armenian; Miniature painting; Occupations in art; Armenia; Armenia (region); Mashtotsʻi Anvan Hin Dzeṛagreri Institut Matenadaran.; Enluminure arménienne.; Professions dans l'art.; Miniature (Peinture)--Arménie."
31154069011607,9998791260607876,Z115.5.A7 A43125 2006,Haykakan hnagrutʻean albom /,2026-03-30,"Stone, Michael E., 1938-",Tigran Mets Hratarakchʻutyun PʻBĚ,2006.,"Paleography, Armenian.; Armenian language--Alphabet--History.; Armenian language--Alphabet; Paleography, Armenian; History; Armenia (region); Arménien (Langue)--Alphabet--Histoire."
31154069011615,9998791260507876,NK1045.A7 A27 1956,"Arhestnerě Hayastanum, IV-XVIII d.d. /",2026-03-30,"Abrahamyan, V. A. 1908-1986, author. (Valentina Abrahami),",Haykakan SSṚ GA hratkchʻ,1956.,Handicraft--Armenia.; Decorative arts--Armenia.; Decorative arts; Handicraft; Armenia; Armenia (region); Artisanat--Arménie.; Arts décoratifs--Arménie.
31154069011623,9998791260407876,CC350.A98 H39 1984,Hayastani mijnadaryan kotʻoghayin hushardzannerě : IX-XIII dareri khachʻkʻarerě /,2026-03-30,,Haykakan SSH GA Hratarakchʻutʻyun,1984.,Crosses--Armenia (Republic); Stone carving--Armenia (Republic); Christian art and symbolism--Armenia (Republic); Christian art and symbolism; Crosses; Stone carving; Armenia (Republic); Armenia (region); Armenia.; Sculpture en pierre--Arménie.
31154069011631,9998791260307876,NA1474 .T67 1984,"Zvartʻnotsʻ, Gagkashen /",2026-03-30,"Tʻoramanyan, Tʻoros, 1864-1934, author.","""Sovetakan grogh"" hratarakchʻutʻyun",1984.,"Architecture, Armenian.; Architecture, Medieval--Armenia.; Church architecture--Armenia.; Armenia--Antiquities.; Zvartʻnotsʻ (Armenia); Architecture, Medieval; Antiquities; Architecture, Armenian; Church architecture; Armenia; Zvartnots Cathedral.; Architecture médiévale--Arménie.; Architecture chrétienne--Arménie."
31154069011649,9998791260207876,BX125.K65 P3 1999,Knikʻ hawatoy bnagrin baṛatsʻank /,2026-03-30,"Palandjian, Haroutiun.",Metsi Tann Kilikioy Katʻoghikosutʻiwn,1999.,Knikʻ hawatoy Concordances.; Knikʻ hawatoy; Concordances; Armenia (region)
31154069011656,990028918590107904,N7975.7.G42 G443 1982,"Gelatʻi : arkʻitekʻtura, mozaika, pʻreskebi /",2026-03-30,"Derlemenko, I͡Evhen.",,1982,"Christian art and symbolism--Georgia (Republic)--Medieval, 500-1500.; Gelatʻi (Tqibuli, Georgia)--Buildings, structures, etc.; Gelatʻi (Monastery); Buildings; Christian art and symbolism--Medieval; Georgia (Republic); Georgia (Republic)--Gelatʻi (Tqibuli); 500-1500; Gelati Monastery."
31154069011664,9998787746607876,DS175 .M27 1977,Erker /,2026-03-31,"Manandyan, Hakob, 1873-1952, author.",Haykakan SSH GA Hratarakchʻutʻyun,1977-<1985>,"Armenia--History.; Armenian literature--History and criticism.; Armenian literature; Armenia; Criticism, interpretation, etc.; History; Armenia (region); Arménie--Histoire.; Littérature arménienne--Histoire et critique."
31154069011672,9998791060407876,DS167 .A7,Kʻaghaknerĕ ev arhestnerĕ Hayastanum IX-XIII darerum /,2026-03-31,"Aṛakʻelyan, B. N. (Babken Nikoghosi)",Haykakan SSṚ GA Hratarakchʻutʻyun,1958-1964.,Armenia--Antiquities.; Antiquities; Armenia; Armenia (region)
31154069011680,9998791060307876,DK689.5.T44 T67 1976,Tʻeghuti vagh erkragortsakan bnakavayrĕ : (M.Tʻ.A. IV hazaramyak) /,2026-03-31,"Tʻorosyan, Ṛ. M.",Haykakan SSH Gitutʻyunneri Akademiayi Hratarakchʻutʻyun,1976.,"Agriculture--Armenia--History.; Agriculture, Prehistoric--Armenia (Republic); Agriculture; Armenia; History; Armenia (region); Agriculture--Arménie--Histoire."
31154069011698,9998791060207876,DK511.G32 O8 1975,Kʻvemo kʻartʻlis arkʻeologiuri ekʻspedicʻiis šedegebi (1965-1971 cc.) /,2026-03-31,"Javaxišvili, Alekʻsandre, 1917-1997, editor.","Gamomcʻemloba ""Mecʻniereba""",1975.,Excavations (Archaeology)--Georgia (Republic)--Kʻvemo Kʻartʻli.; Kʻvemo Kʻartʻli (Georgia)--Antiquities.; Georgia (Republic)--Antiquities.; Antiquities; Georgia (Republic); Kvemo Kartli.; Géorgie (République)--Antiquités.
31154069011706,9998791060107876,NA1492.62.O49 S53 1983,Ōdzuni ekeghetsʻin : chartarapetakan-kʻnnakan aknark /,2026-03-31,"Shakhkyan, Gaṛnik, 1937-2018","""Sovetakan Grogh"" Hratarakchʻutʻyun",1983.,"Armenian Church--History.; Ōdzun Ekeghetsʻi.; Church architecture--Armenia (Republic)--Ōdzun.; Architecture, Medieval--Armenia (Republic)--Ōdzun.; Architecture--Armenia (Republic)--Ōdzun.; Armenian Church; Architecture; Architecture, Medieval; Church architecture; Armenia (Republic)--Ōdzun; History; Odzun."
31154069011714,9998791060007876,HD2346.A74 A65 1971,"Hay hamkʻarutʻyunnerě Andrkovkasi kʻaghakʻnerum, 18-20rd dari skizbě /",2026-03-31,"Abrahamyan, V. A. 1908-1986, author. (Valentina Abrahami),","""Hayastan"" Hratarakchutʻyun",1971.,Guilds--Armenia (Republic); Guilds.; guilds.; Guilds; Armenia (Republic); Lesser Caucasus.; Corporations--Arménie.; Corporations.
31154069037545,990041466770107904,DS793.S4 Q488,Qi Lu wen wu /,2026-03-03,,Ke xue chu ban she,2012-,Shandong Sheng (China)--Antiquities--Periodicals.; Antiquities; China--Shandong Sheng; Periodicals; Shandong.
31154069037552,9998786551207876,DS793.H75 H8287,Hubei wen bo /,2026-03-03,,Ke xue chu ban she,2024-,"Hubei Sheng (China)--Antiquities.; Art objects, Chinese--China--Hubei Sheng.; Excavations (Archaeology)--China--Hubei Sheng.; Hubei.; Objets d'art chinois--Chine--Hubei.; Fouilles (Archéologie)--Chine--Hubei."
31154069037560,9998786549907876,GN772.32.C6 K36,Kao gu Zhongguo zhong da xiang mu cheng guo /,2026-03-04,,Wen wu chu ban she,2021-,Excavations (Archaeology)--China.; China--Antiquities.; Historic sites--China.; Ancient China.; Imperial China.; Chine--Antiquités.; Lieux historiques--Chine.
31154069037578,9998786549907876,GN772.32.C6 K36,Kao gu Zhongguo zhong da xiang mu cheng guo /,2026-03-04,,Wen wu chu ban she,2021-,Excavations (Archaeology)--China.; China--Antiquities.; Historic sites--China.; Ancient China.; Imperial China.; Chine--Antiquités.; Lieux historiques--Chine.
31154069037586,9998784726607876,BL1660 .G35 2022,"Al di là : gli uomini, gli dèi, la morte in contesto fenicio /",2026-03-05,"Garbati, Giuseppe, author.",Edizioni Quasar,[2022],Phoenicians--Funeral customs and rites.; Phoenician antiquities.; Death--Religious aspects; Phoenician antiquities; Phoenicians--Religion; Death--Religious aspects.; Phoenicians--Religion.; Phoenicians.; Phoenice.; Phéniciens--Religion.; Phéniciens--Rites et cérémonies funéraires.; Mort--Aspect religieux.; Antiquités phéniciennes.
31154069037594,9998787948007876,DS175 .L44,Erkeri zhoghovatsu : tasě hatorov /,2026-03-16,"Leo, 1860-1932.","""Hayastan"" Hratarakchyʻutyʻun",<1966-1989 >,Armenia--History.; Armenia--Civilization.; Civilization; Armenia; History; Armenia (region); Arménie--Histoire.
31154069037602,9998787948007876,DS175 .L44,Erkeri zhoghovatsu : tasě hatorov /,2026-03-16,"Leo, 1860-1932.","""Hayastan"" Hratarakchyʻutyʻun",<1966-1989 >,Armenia--History.; Armenia--Civilization.; Civilization; Armenia; History; Armenia (region); Arménie--Histoire.
31154069037610,9998787948007876,DS175 .L44,Erkeri zhoghovatsu : tasě hatorov /,2026-03-16,"Leo, 1860-1932.","""Hayastan"" Hratarakchyʻutyʻun",<1966-1989 >,Armenia--History.; Armenia--Civilization.; Civilization; Armenia; History; Armenia (region); Arménie--Histoire.
31154069037628,9998787948007876,DS175 .L44,Erkeri zhoghovatsu : tasě hatorov /,2026-03-16,"Leo, 1860-1932.","""Hayastan"" Hratarakchyʻutyʻun",<1966-1989 >,Armenia--History.; Armenia--Civilization.; Civilization; Armenia; History; Armenia (region); Arménie--Histoire.
31154069037636,9998787948007876,DS175 .L44,Erkeri zhoghovatsu : tasě hatorov /,2026-03-16,"Leo, 1860-1932.","""Hayastan"" Hratarakchyʻutyʻun",<1966-1989 >,Armenia--History.; Armenia--Civilization.; Civilization; Armenia; History; Armenia (region); Arménie--Histoire.
31154069037644,9998787948007876,DS175 .L44,Erkeri zhoghovatsu : tasě hatorov /,2026-03-16,"Leo, 1860-1932.","""Hayastan"" Hratarakchyʻutyʻun",<1966-1989 >,Armenia--History.; Armenia--Civilization.; Civilization; Armenia; History; Armenia (region); Arménie--Histoire.
31154069037651,9998787948007876,DS175 .L44,Erkeri zhoghovatsu : tasě hatorov /,2026-03-16,"Leo, 1860-1932.","""Hayastan"" Hratarakchyʻutyʻun",<1966-1989 >,Armenia--History.; Armenia--Civilization.; Civilization; Armenia; History; Armenia (region); Arménie--Histoire.
31154069037669,9998787742607876,PK8371 .A3 1952,Liakatar kʻerakanutʻyun hayotsʻ lezvi : hamematutʻyamb 562 lezuneri /,2026-03-16,"Achaṛean, Hrachʻeay, 1876-1953.",Haykakan SSṚ GA hratarakchʻutʻyun,1952-1971.,"Armenian language--Grammar.; Armenian language--Grammar, Comparative.; Armenian language--Parts of speech.; Armenian language--Grammar; Armenian language--Grammar, Comparative; Armenia (region); Arménien (Langue)--Grammaire.; Arménien (Langue)--Grammaire comparée.; Arménien (Langue)--Parties du discours."
31154069037677,9998787742607876,PK8371 .A3 1952,Liakatar kʻerakanutʻyun hayotsʻ lezvi : hamematutʻyamb 562 lezuneri /,2026-03-16,"Achaṛean, Hrachʻeay, 1876-1953.",Haykakan SSṚ GA hratarakchʻutʻyun,1952-1971.,"Armenian language--Grammar.; Armenian language--Grammar, Comparative.; Armenian language--Parts of speech.; Armenian language--Grammar; Armenian language--Grammar, Comparative; Armenia (region); Arménien (Langue)--Grammaire.; Arménien (Langue)--Grammaire comparée.; Arménien (Langue)--Parties du discours."
31154069037685,9998787742607876,PK8371 .A3 1952,Liakatar kʻerakanutʻyun hayotsʻ lezvi : hamematutʻyamb 562 lezuneri /,2026-03-16,"Achaṛean, Hrachʻeay, 1876-1953.",Haykakan SSṚ GA hratarakchʻutʻyun,1952-1971.,"Armenian language--Grammar.; Armenian language--Grammar, Comparative.; Armenian language--Parts of speech.; Armenian language--Grammar; Armenian language--Grammar, Comparative; Armenia (region); Arménien (Langue)--Grammaire.; Arménien (Langue)--Grammaire comparée.; Arménien (Langue)--Parties du discours."
31154069078671,9998788055907876,DS797.77.S258 N56 2023,Ning shi Sanxingdui : Sichuan kao gu xin fa xian = Gazing at Sanxingdui : new archaeological discoveries in Sichuan /,2026-03-11,,Shanghai shu hua chu ban she,2023.,Archaeology.; Archaeology--China--Sichuan Sheng.; Sanxingdui Site (China)--Exhibitions.; Jinsha Site (China)--Exhibitions.; Sichuan Sheng (China)--Antiquities--Exhibitions.; archaeology.; exhibition catalogs.; Exhibition catalogs.; Catalogues d'exposition.; Guanghan Sanxingdui.; Jinsha.; Archéologie.; Archéologie--Chine--Sichuan.; Sanxingdui (Chine : Site archéologique)--Expositions.
31154069078689,9998788055207876,RS180.C5 Y895 2025,Qian han zhao zhang : Dunhuang Tulufan chu tu ben cao xie ben yan jiu /,2026-03-11,"Yu, Yeli, author.",Shanghai ke xue ji shu chu ban she,2025.,"Dunhuang manuscripts.; Medicinal plants--China.; Materia medica, Vegetable--China--History.; Medicine, Chinese--China--History.; Pharmacology--China.; Mogao Caves.; Turfan Depression.; Plantes médicinales--Chine.; Phytothérapie--Chine--Histoire.; Médecine chinoise--Chine--Histoire.; Pharmacologie--Chine."
31154069078697,9998788056907876,PL3031.D86 Z474 2024,Dunhuang Meng shu jiao shi yu yan jiu.,2026-03-10,"Zheng, Acai, author.",Wen wu chu ban she,2024.,Dunhuang manuscripts.; Chinese language--Readers--Early works to 1800.; Mogao Caves.
31154069078747,990079219630107904,DS793.N6 S5343,Si chou zhi lu kao gu /,2026-03-02,,She hui ke xue wen xian chu ban she; Ke xue chu ban she,2018-,"Silk Road--Antiquities--Periodicals.; China, Northwest--Antiquities--Periodicals.; Silk Road--History--Periodicals.; China, Northwest--History--Periodicals.; Periodical; Antiquities; Asia--Silk Road; Northwest China; periodicals.; History; Periodicals; Periodicals.; Périodiques.; Silk Road.; Northwest China.; Route de la soie--Histoire--Périodiques.; Chine (Nord-Ouest)--Histoire--Périodiques."
31154069078754,9998786958207876,DS99.E25 P56 1993,Le perle del palazzo reale G /,2026-03-05,"Pinnock, Frances.",Missione archeologica italiana in Siria,1993.,"Ebla (Extinct city); Excavations (Archaeology)--Syria.; Beads--Syria--Ebla (Extinct city)--Catalogs.; Jewelry, Ancient--Syria--Ebla (Extinct city); Beads; Excavations (Archaeology); Jewelry, Ancient; Syria; Syria--Ebla (Extinct city); catalogs (documents); Catalogs; Catalogs.; Perle; Ebla; Palace G at Ebla.; Ebla.; Catalogues.; Ebla (Ville ancienne); Bijoux antiques--Syrie--Ebla (Ville ancienne)"
31154069078762,9998786957507876,HQ1137.T9 D38 2013,"Anadolu'da kadın : on bin yıldır eş, anne, tüccar, kraliçe /",2026-03-05,"Darga, A. Muhibbe, author.",Yapı Kredi Yayınları,2013.,Women--Turkey--History.; Women--History--To 500.; Hittites; Women; Turkey; To 500; History; Turkey.; Femmes--Histoire--Jusqu'à 500.; Hittites.
31154069078770,9998786957307876,HM753 .I3468 2025,Identity negotiation and social competition through a materiality lens /,2026-03-05,,Charles University Faculty of Arts,2025,Group identity--History--To 1500--Congresses.; Material culture--Social aspects--History--To 1500--Congresses.; Excavations (Archaeology)--Congresses.; Eurasia.; Fouilles (Archéologie)--Congrès.
31154069078788,9998786957107876,DS75 .C97 2025,Die Aneignung und Umnutzung von Herrschaftsräumen ; am Beispiel der Squattersiedlung der südwestasiatischen Eisenzeit /,2026-03-05,"Cyrus, Georg, author.",Archaeopress Publishing Ltd,[2025],"Architecture, Ancient--Middle East.; Squatter settlements--Middle East--History--To 1500.; Middle East--Civilization--To 622.; Middle East--Antiquities.; Architecture, Ancient; Civilization, Ancient; Middle East; Middle East.; Civilisation ancienne.; Moyen-Orient--Civilisation--Jusqu'à 622.; Moyen-Orient--Antiquités."
31154069078796,9998787460007876,DS166.5 .A476 1950,Patmakan Hayastani sahmannerě /,2026-03-06,"Alpōyachean, Arshak, 1879-1962, author.",The New-Star Press; tp Nor-Astgh,1950.,Armenia--Historical geography.; Armenia--History.; Armenia--Boundaries.; Armenia (region); Arménie--Histoire.
31154069078812,990017935600107904,DS67 .A55,Akkadica.,2026-03-12,,Fondation assyriologique Georges Dossin,1977,Assyriology; Periodicals; Periodicals.; Assyriologie.; Assyriology--Periodicals.; Akkadians.; Assyriologie--Périodiques.
31154069078820,990017935600107904,DS67 .A55,Akkadica.,2026-03-12,,Fondation assyriologique Georges Dossin,1977,Assyriology; Periodicals; Periodicals.; Assyriologie.; Assyriology--Periodicals.; Akkadians.; Assyriologie--Périodiques.
31154069078838,990021661500107904,DK30 .A1733,Rossiĭskai͡a arkheologii͡a.,2026-03-12,,"Izd-vo ""Nauka""",1992-,Russia (Federation)--Antiquities--Periodicals.; Archaeology--Periodicals.; Antiquities; Archaeology; Russia (Federation); Periodicals; Periodicals.; 15.30 archaeology: general.; Archeologie.; Russia.; Archéologie--Périodiques.; Russie--Antiquités--Périodiques.
31154069078846,9998787750407876,CN1230.A75 G434 1948,Hovhannavankʻě ev nra ardzanagrutʻyunnerě /,2026-03-12,"Ghafadaryan, K. G. 1907-1976, author. (Karapet Grigori),",Haykakan SSṚ Gitutʻyunneri Akademiayi Hratarakchʻutʻyun,1948.,"Hovhannavankʻ (Ōhanavan, Armenia)--Buildings, structures, etc.; Church architecture--Armenia.; Inscriptions, Armenian.; Monasteries--Armenia.; Church architecture; Inscriptions, Armenian; Monasteries; Armenia; Hovhannavank.; Architecture chrétienne--Arménie."
31154069078853,9998787746707876,BD495 .A34 2020,Alphanumeric cosmology from Greek into Arabic : the idea of stoicheia through the Medieval Mediterranean /,2026-03-12,"Acevedo, Juan, 1971- author.",Mohr Siebeck,[2020],"Stoicheion (The Greek word)--History.; Cosmology, Ancient.; Cosmology, Medieval.; Philosophy, Ancient; Stoicheion (The Greek word); Philosophy, Ancient.; Internum Mare.; Philosophie ancienne.; Cosmologie antique.; Cosmologie médiévale."
31154069078861,9998787746407876,PK8531 .M38 2003,Matenagirkʻ Hayotsʻ /,2026-03-12,,Metsi Tann Kilikioy Katʻoghikosutʻiwn,2003-,"Armenian Church--History--Sources.; Armenian Church--Doctrines.; Armenia--History--Sources.; Armenian language, Classical.; Armenian Church; Armenian language, Classical; Theology, Doctrinal; Armenia; History; Sources; Armenia (region); Arménie--Histoire--Sources.; Arménien classique (Langue)"
31154069078879,9998789668907876,DS175 .H39,Hay zhoghovrdi patmutʻyun /,2026-03-20,,Haykakan SSH Gitutʻyunneri Akademiayi Hratarakchʻutʻyun,1970-1984.,Armenia--History.; Armenia (Republic)--History.; Armenia.; Arménie--Histoire.; Arménie--Histoire--1991-
31154069078887,9998787947907876,Z6605.A7 J45,"Mayr tsʻutsʻak dzeṛagratsʻ Srbotsʻ Hakobeantsʻ,",2026-03-13,Srbotsʻ Hakobeantsʻ (Monastery : Jerusalem). Dzeṛagratsʻ Matenadaran.,Tp Srbotsʻ Hakobeantsʻ,1966-1991,"Srbotsʻ Hakobeantsʻ (Monastery : Jerusalem).--Dzeṛagratsʻ Matenadaran--Catalogs.; Manuscripts, Armenian--Jerusalem--Catalogs.; Srbotsʻ Hakobeantsʻ (Monastery : Jerusalem).--Dzeṛagratsʻ Matenadaran; Manuscripts, Armenian; Middle East--Jerusalem; Catalogs; Cathedral of St. James, Jerusalem.; Manuscrits arméniens--Jérusalem--Catalogues."
31154069078895,9998787947907876,Z6605.A7 J45,"Mayr tsʻutsʻak dzeṛagratsʻ Srbotsʻ Hakobeantsʻ,",2026-03-13,Srbotsʻ Hakobeantsʻ (Monastery : Jerusalem). Dzeṛagratsʻ Matenadaran.,Tp Srbotsʻ Hakobeantsʻ,1966-1991,"Srbotsʻ Hakobeantsʻ (Monastery : Jerusalem).--Dzeṛagratsʻ Matenadaran--Catalogs.; Manuscripts, Armenian--Jerusalem--Catalogs.; Srbotsʻ Hakobeantsʻ (Monastery : Jerusalem).--Dzeṛagratsʻ Matenadaran; Manuscripts, Armenian; Middle East--Jerusalem; Catalogs; Cathedral of St. James, Jerusalem.; Manuscrits arméniens--Jérusalem--Catalogues."
31154069078903,9998787947907876,Z6605.A7 J45,"Mayr tsʻutsʻak dzeṛagratsʻ Srbotsʻ Hakobeantsʻ,",2026-03-13,Srbotsʻ Hakobeantsʻ (Monastery : Jerusalem). Dzeṛagratsʻ Matenadaran.,Tp Srbotsʻ Hakobeantsʻ,1966-1991,"Srbotsʻ Hakobeantsʻ (Monastery : Jerusalem).--Dzeṛagratsʻ Matenadaran--Catalogs.; Manuscripts, Armenian--Jerusalem--Catalogs.; Srbotsʻ Hakobeantsʻ (Monastery : Jerusalem).--Dzeṛagratsʻ Matenadaran; Manuscripts, Armenian; Middle East--Jerusalem; Catalogs; Cathedral of St. James, Jerusalem.; Manuscrits arméniens--Jérusalem--Catalogues."
31154069078911,9998787947907876,Z6605.A7 J45,"Mayr tsʻutsʻak dzeṛagratsʻ Srbotsʻ Hakobeantsʻ,",2026-03-13,Srbotsʻ Hakobeantsʻ (Monastery : Jerusalem). Dzeṛagratsʻ Matenadaran.,Tp Srbotsʻ Hakobeantsʻ,1966-1991,"Srbotsʻ Hakobeantsʻ (Monastery : Jerusalem).--Dzeṛagratsʻ Matenadaran--Catalogs.; Manuscripts, Armenian--Jerusalem--Catalogs.; Srbotsʻ Hakobeantsʻ (Monastery : Jerusalem).--Dzeṛagratsʻ Matenadaran; Manuscripts, Armenian; Middle East--Jerusalem; Catalogs; Cathedral of St. James, Jerusalem.; Manuscrits arméniens--Jérusalem--Catalogues."
31154069078929,9998787947907876,Z6605.A7 J45,"Mayr tsʻutsʻak dzeṛagratsʻ Srbotsʻ Hakobeantsʻ,",2026-03-13,Srbotsʻ Hakobeantsʻ (Monastery : Jerusalem). Dzeṛagratsʻ Matenadaran.,Tp Srbotsʻ Hakobeantsʻ,1966-1991,"Srbotsʻ Hakobeantsʻ (Monastery : Jerusalem).--Dzeṛagratsʻ Matenadaran--Catalogs.; Manuscripts, Armenian--Jerusalem--Catalogs.; Srbotsʻ Hakobeantsʻ (Monastery : Jerusalem).--Dzeṛagratsʻ Matenadaran; Manuscripts, Armenian; Middle East--Jerusalem; Catalogs; Cathedral of St. James, Jerusalem.; Manuscrits arméniens--Jérusalem--Catalogues."
31154069078937,9998787947907876,Z6605.A7 J45,"Mayr tsʻutsʻak dzeṛagratsʻ Srbotsʻ Hakobeantsʻ,",2026-03-13,Srbotsʻ Hakobeantsʻ (Monastery : Jerusalem). Dzeṛagratsʻ Matenadaran.,Tp Srbotsʻ Hakobeantsʻ,1966-1991,"Srbotsʻ Hakobeantsʻ (Monastery : Jerusalem).--Dzeṛagratsʻ Matenadaran--Catalogs.; Manuscripts, Armenian--Jerusalem--Catalogs.; Srbotsʻ Hakobeantsʻ (Monastery : Jerusalem).--Dzeṛagratsʻ Matenadaran; Manuscripts, Armenian; Middle East--Jerusalem; Catalogs; Cathedral of St. James, Jerusalem.; Manuscrits arméniens--Jérusalem--Catalogues."
31154069078945,9998787947907876,Z6605.A7 J45,"Mayr tsʻutsʻak dzeṛagratsʻ Srbotsʻ Hakobeantsʻ,",2026-03-13,Srbotsʻ Hakobeantsʻ (Monastery : Jerusalem). Dzeṛagratsʻ Matenadaran.,Tp Srbotsʻ Hakobeantsʻ,1966-1991,"Srbotsʻ Hakobeantsʻ (Monastery : Jerusalem).--Dzeṛagratsʻ Matenadaran--Catalogs.; Manuscripts, Armenian--Jerusalem--Catalogs.; Srbotsʻ Hakobeantsʻ (Monastery : Jerusalem).--Dzeṛagratsʻ Matenadaran; Manuscripts, Armenian; Middle East--Jerusalem; Catalogs; Cathedral of St. James, Jerusalem.; Manuscrits arméniens--Jérusalem--Catalogues."
31154069078952,9998787947907876,Z6605.A7 J45,"Mayr tsʻutsʻak dzeṛagratsʻ Srbotsʻ Hakobeantsʻ,",2026-03-13,Srbotsʻ Hakobeantsʻ (Monastery : Jerusalem). Dzeṛagratsʻ Matenadaran.,Tp Srbotsʻ Hakobeantsʻ,1966-1991,"Srbotsʻ Hakobeantsʻ (Monastery : Jerusalem).--Dzeṛagratsʻ Matenadaran--Catalogs.; Manuscripts, Armenian--Jerusalem--Catalogs.; Srbotsʻ Hakobeantsʻ (Monastery : Jerusalem).--Dzeṛagratsʻ Matenadaran; Manuscripts, Armenian; Middle East--Jerusalem; Catalogs; Cathedral of St. James, Jerusalem.; Manuscrits arméniens--Jérusalem--Catalogues."
31154069078960,9998787947907876,Z6605.A7 J45,"Mayr tsʻutsʻak dzeṛagratsʻ Srbotsʻ Hakobeantsʻ,",2026-03-13,Srbotsʻ Hakobeantsʻ (Monastery : Jerusalem). Dzeṛagratsʻ Matenadaran.,Tp Srbotsʻ Hakobeantsʻ,1966-1991,"Srbotsʻ Hakobeantsʻ (Monastery : Jerusalem).--Dzeṛagratsʻ Matenadaran--Catalogs.; Manuscripts, Armenian--Jerusalem--Catalogs.; Srbotsʻ Hakobeantsʻ (Monastery : Jerusalem).--Dzeṛagratsʻ Matenadaran; Manuscripts, Armenian; Middle East--Jerusalem; Catalogs; Cathedral of St. James, Jerusalem.; Manuscrits arméniens--Jérusalem--Catalogues."
31154069078978,9998787947907876,Z6605.A7 J45,"Mayr tsʻutsʻak dzeṛagratsʻ Srbotsʻ Hakobeantsʻ,",2026-03-13,Srbotsʻ Hakobeantsʻ (Monastery : Jerusalem). Dzeṛagratsʻ Matenadaran.,Tp Srbotsʻ Hakobeantsʻ,1966-1991,"Srbotsʻ Hakobeantsʻ (Monastery : Jerusalem).--Dzeṛagratsʻ Matenadaran--Catalogs.; Manuscripts, Armenian--Jerusalem--Catalogs.; Srbotsʻ Hakobeantsʻ (Monastery : Jerusalem).--Dzeṛagratsʻ Matenadaran; Manuscripts, Armenian; Middle East--Jerusalem; Catalogs; Cathedral of St. James, Jerusalem.; Manuscrits arméniens--Jérusalem--Catalogues."
31154069079000,9998789466407876,DS186 .H68,Khaghbakyankʻ kam Pṛoshyankʻ Hayotsʻ patmutʻyan mēj : patmagitakan usumnasirutʻyun /,2026-03-20,"Hovsepʻyan, Garegin, 1867-1952.",Pethrati aṛajin Tp,1928-1942/3.,Armenia--History.; Siwnikʻ (Armenia)--History.; Monasteries--Armenia.; Church architecture--Armenia.; Church architecture; Monasteries; Armenia (Republic)--Siwnikʻ; Armenia; History; Siwnik.; Arménie--Histoire.; Architecture chrétienne--Arménie.
31154069079018,9998789668907876,DS175 .H39,Hay zhoghovrdi patmutʻyun /,2026-03-20,,Haykakan SSH Gitutʻyunneri Akademiayi Hratarakchʻutʻyun,1970-1984.,Armenia--History.; Armenia (Republic)--History.; Armenia.; Arménie--Histoire.; Arménie--Histoire--1991-
31154069079026,9998789668907876,DS175 .H39,Hay zhoghovrdi patmutʻyun /,2026-03-20,,Haykakan SSH Gitutʻyunneri Akademiayi Hratarakchʻutʻyun,1970-1984.,Armenia--History.; Armenia (Republic)--History.; Armenia.; Arménie--Histoire.; Arménie--Histoire--1991-
31154069079034,9998789668907876,DS175 .H39,Hay zhoghovrdi patmutʻyun /,2026-03-20,,Haykakan SSH Gitutʻyunneri Akademiayi Hratarakchʻutʻyun,1970-1984.,Armenia--History.; Armenia (Republic)--History.; Armenia.; Arménie--Histoire.; Arménie--Histoire--1991-
31154069079042,9998789467407876,DS171 .B36,Banber Matenadarani /,2026-03-20,,Haykakan SSR gitutʻyunneri akademiayi hratarakchʻutʻyun,1956-,"Armenia--Civilization--Periodicals.; Manuscripts, Armenian--Periodicals.; Civilization.; Manuscripts, Armenian.; Armenia.; Periodicals."
31154069079059,9998789461407876,BV761.A8 H35,Kanonagirkʻ Hayotsʻ /,2026-03-23,Armenian Church.,Haykakan SSR Gitutʻyunneri Akademiayi Hratarakchʻutʻyun,1964-1971.,Canon law--Eastern churches; Direito canonico.; Historia da asia.; Canon law--Eastern churches.; Eastern Europe.; Droit canonique--Églises orientales.
31154069079067,9998789968507876,NA5697.G4 M4 1965,Gelati = Gelatʻi = Gelati /,2026-03-26,"Mepisashvili, Rusudan, author.",Sabchota Sakartvelo = Sabčotʻa Sakʻartʻvelo,1965.,"Church decoration and ornament--Georgia (Republic)--Gelatʻi (Tqibuli); Church architecture--Georgia (Republic)--Gelatʻi (Tqibuli); Gelatʻi (Tqibuli, Georgia); Gelatʻi (Monastery); Church decoration and ornament; Church architecture; Georgia (Republic)--Gelatʻi (Tqibuli); Gelati Monastery."
31154069079075,990018258730107904,DS715 .W439,Wen wu.,2026-03-26,,Wen wu chu ban she,1959-,"Electronic journals.; Antiquities; China; Periodicals; Periodicals.; Art, Chinese--History--Periodicals.; China--Antiquities--Periodicals.; Imperial China.; China.; Ancient China.; Chine--Antiquités--Périodiques."
31154069079083,9998789964307876,NK4695.A6 D932 1982,Sferokonicheskie sosudy iz Dvina i Ani /,2026-03-26,"Janpʻoladyan, H. M. (Hṛipʻsime Mikʻayeli)",Izd-vo AN Armi͡anskoĭ SSR,1982.,"Pottery, Medieval--Armenia.; Implements, utensils, etc.--Armenia.; Apothecary jars--Armenia.; Dvin (Armenia)--Antiquities.; Ani (Extinct city); Antiquities; Pottery, Medieval; Armenia; Ani.; Doubios.; Pots à pharmacie--Arménie.; Ani (Ville ancienne)"
31154069079091,9998789962507876,DS186 .K5 1955,15. dari hayeren dzeṛagreri hishatakaranner /,2026-03-26,"Khachʻikyan, L. S. 1918-1982, compiler. (Levon Stepʻani),",Haykakan SSṚ Gitutʻyunneri Akademiayi Hratarkchʻ,1955-67.,"Colophons of manuscripts.; Manuscripts, Armenian.; Armenia--History--Turkic Mongol Domination, 1045-1522--Sources.; Colophons of manuscripts; Manuscripts, Armenian; Armenia (Republic); Turkic Mongol Domination--(Armenia :--1045-1522); 1045-1522; History; Sources; Armenia (region); Achevés d'imprimer de manuscrits.; Manuscrits arméniens.; Arménie--Histoire--1045-1522 (Domination turco-mongole)--Sources."
31154069079109,9998791262207876,PK8487.R8 G3 1984,Hay-ṛuseren baṛaran /,2026-03-30,,Haykakan SSH Gitutʻyunneri Akademiayi Hratarakchʻutʻyun,1984.,Armenian language--Dictionaries--Russian.; Armenian language; Dictionaries; Armenia (region)
31154069079117,9998791262007876,DK689.5.G37 G37,Garni /,2026-03-30,,Haykakan SSH Gitutʻyuneri Akademiayi Hratarakchʻutʻyun,1951-<1969>,Excavations (Archaeology)--Armenia (Republic)--Garni.; Armenia (Republic)--Antiquities.; Garni (Armenia)--Antiquities.; Antiquities; Excavations (Archaeology); Armenia (Republic); Armenia (Republic)--Garni; Gorneae.; Arménie--Antiquités.
31154069079125,9998791261807876,NA5974 .H395 1972,Haykakan chartarapetutʻean hushardzanner /,2026-03-30,,Hamazgayin,1972.,"Church architecture--Armenia.; Architecture--Armenia.; Architecture, Early Christian--Armenia.; Architecture; Architecture, Early Christian; Church architecture; Armenia; Armenia (region); Architecture chrétienne--Arménie.; Architecture--Arménie.; Architecture paléochrétienne--Arménie."
31154069079133,9998791261207876,Z3461 .A52,"Haykakan matenagitutʻyun, 5-18 dd. /",2026-03-30,"Anasyan, H. S. 1904-1988. (Hakob Sedrakʻi),",Zangak-97; Haykakan SSṚ GA hratarakchʻutʻyun,1959-,Armenia--Bibliography.; Armenia; Bibliographies; Armenia (Republic)--Bibliography.; Armenia (region)
31154069079141,9998791059907876,BX123 .O7,Azgapatum : Hay ughghapʻaṛ Ekeghetsʻwoy antsʻkʻerě skizbēn minchʻew mer ōrerě yarakitsʻ azgayin paraganerov patmuats /,2026-03-31,"Ōrmanean, Maghakʻia, 1841-1918.",Hratarakutʻiwn V ew H Ter-Nersesean,1912-1927.,Armenian Church--History.; Armenia--History.; Armenian Church; Armenia; History; Armenia (region); Arménie--Histoire.
31154069079158,9998791059907876,BX123 .O7,Azgapatum : Hay ughghapʻaṛ Ekeghetsʻwoy antsʻkʻerě skizbēn minchʻew mer ōrerě yarakitsʻ azgayin paraganerov patmuats /,2026-03-31,"Ōrmanean, Maghakʻia, 1841-1918.",Hratarakutʻiwn V ew H Ter-Nersesean,1912-1927.,Armenian Church--History.; Armenia--History.; Armenian Church; Armenia; History; Armenia (region); Arménie--Histoire.
31154069079166,9998791059907876,BX123 .O7,Azgapatum : Hay ughghapʻaṛ Ekeghetsʻwoy antsʻkʻerě skizbēn minchʻew mer ōrerě yarakitsʻ azgayin paraganerov patmuats /,2026-03-31,"Ōrmanean, Maghakʻia, 1841-1918.",Hratarakutʻiwn V ew H Ter-Nersesean,1912-1927.,Armenian Church--History.; Armenia--History.; Armenian Church; Armenia; History; Armenia (region); Arménie--Histoire.
alma220497,9998787460307876,NX573.6.A7 H39 1974,Haykakan Arvest /,2026-03-06,,Haykakan SSH Gitutʻyunneri Akademiayi hratarakchʻutʻyun,1974-,"Art, Armenian--History.; Art, Medieval--Armenia.; Art, Armenian; Art, Medieval; Armenia; History; Armenia (region); Art arménien--Histoire.; Art médiéval--Arménie."
alma228851,9998791261107876,DS181 .I5 1835,Hnakhōsutʻiwn ashkharhagrakan Hayastaneaytsʻ ashkharhi /,2026-03-30,"Inchichean, Ghukas, 1758-1833.",I tparani Srboyn Ghazarow,1835.,Armenia--History.; Armenia--Antiquities.; Antiquities; Armenia; History; Armenia (region); Arménie--Histoire.
alma228852,9998791261107876,DS181 .I5 1835,Hnakhōsutʻiwn ashkharhagrakan Hayastaneaytsʻ ashkharhi /,2026-03-30,"Inchichean, Ghukas, 1758-1833.",I tparani Srboyn Ghazarow,1835.,Armenia--History.; Armenia--Antiquities.; Antiquities; Armenia; History; Armenia (region); Arménie--Histoire.
alma228853,9998791261107876,DS181 .I5 1835,Hnakhōsutʻiwn ashkharhagrakan Hayastaneaytsʻ ashkharhi /,2026-03-30,"Inchichean, Ghukas, 1758-1833.",I tparani Srboyn Ghazarow,1835.,Armenia--History.; Armenia--Antiquities.; Antiquities; Armenia; History; Armenia (region); Arménie--Histoire.
