id,Material Type,Process Type,call_number,Library Name,Location Name,mms_id,title,ISBN,ISSN,Author,Publisher,Publication Place,Publication Date,Subjects,651$$0,651$$1,Num of Loans Including Pre-Migration (In House),Description,Internal Note 1,Internal Note 2,Internal Note 3,date_acquired,Item Modification Date,predicted_category,confidence,prob_Ancient Western Asia,prob_Central Asia & Siberia,"prob_China, South Asia, & East Asia",prob_Cross-Cultural Studies & Other,prob_Egypt & North Africa,prob_European and Classical Antiquity,prob_The Caucasus & The Western Steppe
31154068990868,Book,,DT62.T74 S38 2023,NYU Inst Study Ancient World,Small Collection,9998718047807876,L'arbre et le bois dans l'Égypte gréco-romaine /,2916716947; 9782916716947,,"Schram, Valérie, 1985- author.",Association des Amis du Centre d'histoire et de civilisation de Byzance,Paris :,2023.,"Trees--Egypt--History.; Wood--Egypt--History.; Raw materials--Egypt--History.; Egypt--History--Greco-Roman period, 332 B.C.-640 A.D.; Raw materials; Trees; Wood; Egypt; 332 B.C.-640 A.D.; History; Aegyptus (Roman imperial province); Ancient Egypt (region); Egypt.; Matières premières--Égypte--Histoire.; Arbres--Égypte--Histoire.; Bois--Égypte--Histoire.; Égypte--Histoire--332 av. J.-C.-640 (Période gréco-romaine)",https://pleiades.stoa.org/places/766; https://pleiades.stoa.org/places/981503; http://vocab.getty.edu/tgn/7016833;,https://id.oclc.org/worldcat/entity/E39QbtfRDwpX7XgppvP7ww3J9c;,0,,,,,2025-02-27,2025-03-06,Egypt & North Africa,0.9866666666666666,0.0,0.0,0.0,0.0,0.9866666666666666,0.013333333333333332,0.0
31154068977170,Book,,PJ3921.M5 K63 Bd.11 2024,NYU Inst Study Ancient World,Large Collection,9998708170207876,Gastrointestinal disease and its treatment in ancient mesopotamia : the Nineveh treatise /,1501515268; 9781501515262; 1501506579; 9781501506574; 1501506455; 9781501506451,,"Johnson, Justin Cale, 1971- author.",De Gruyter,Berlin ; Boston,[2024].,"Gastrointestinal system--Diseases--History--Iraq--To 1500.; Gastrointestinal system--Diseases--Treatment--History--Iraq--To 1500.; Medicine, Assyro-Babylonian--Sources.; Akkadian language--Texts.; Cuneiform tablets--Iraq--Nineveh (Extinct city); Gastrointestinal system--Diseases; Gastrointestinal system--Diseases--Treatment; China; To 1500; History; Palace of Ashurbanipal.; Médecine assyro-babylonienne--Sources.; Akkadien (Langue)--Textes.; Tablettes cunéiformes--Irak--Ninive (Ville ancienne)",https://pleiades.stoa.org/places/301732141,https://id.oclc.org/worldcat/entity/E39PBJdCqh8h6hJY7PT6MQW4bd;,0,,,,,2025-02-04,2025-02-04,Egypt & North Africa,0.5205454379061041,0.4699368536652329,0.0,0.0,0.0,0.5205454379061041,0.009517708428662945,0.0
31154068977188,Book,,PK6081 .C6 pt.2:v.3:no.5 2023,NYU Inst Study Ancient World,Oversize Collection,9998708169007876,"The ""ancient letters"" and other early Sogdian documents and inscriptions /",9781916762008; 191676200X,,"Sims-Williams, Nicholas, author.",School of Oriental and African Studies,London :,2023.,"Sogdian language--Texts.; Sogdian literature.; Iranian philology.; Iranian languages, Middle--Texts.; Central Asia.; Sogdien (Langue)--Textes.; Littérature sogdienne.; Philologie iranienne.; Moyen iranien (Groupe de langues)--Textes.",http://vocab.getty.edu/tgn/8697475,,0,,,,,2025-02-04,2025-02-04,Central Asia & Siberia,0.6392172012893723,0.331445956224119,0.6392172012893723,0.0,0.0,0.0,0.01727614057538844,0.012060701911120231
31154068977196,Book,,NA215 .B4 Heft 26 2024,NYU Inst Study Ancient World,Oversize Collection,9998708168907876,"Spätantike Alltagskultur auf Elephantine : Typochronologie, Funktion und kulturelle Diversität der keramischen Funde aus den Wohnhäusern um den Chnumtempel /",3935012659; 9783935012652,,"Katzjäger, Denise, author.",Schweizerisches Institut für Ägyptische Bauforschung und Altertumskunde Kairo; PeWe-Verlag,Gladbeck : Kairo :,2024.,Pottery--Egypt--Elephantine.; Pottery--Analysis.; Excavations (Archaeology)--Egypt--Elephantine.; Elephantine (Egypt)--Antiquities.; Elephantine (Egypt)--Social life and customs.; Pottery--Egypt--Elephantine--Catalogs.; catalogs (documents); Catalogs.; Elephantine.; Catalogues.; Éléphantine (Égypte)--Mœurs et coutumes.,https://pleiades.stoa.org/places/786021;,,0,,,,,2025-02-04,2025-02-04,Ancient Western Asia,0.33323662123406905,0.33323662123406905,0.05727504427460562,0.13329464849362763,0.15709726429606113,0.16814691897131925,0.11636834392300824,0.034581158807309054
31154068977204,Book,,PJ1014 .P3 v.50 2024,NYU Inst Study Ancient World,Small Collection,9998709063007876,Die Papyrusbriefe zwischen Eltern und Kindern : eine generationsübergreifende Beziehung /,3506796372; 9783506796370; 9783657796373; 3657796371,,"Vega, Natalia, author.",Brill Schöningh,Paderborn :,[2024],"Greek letters--History and criticism.; Families--Egypt--Correspondence.; Parent and child--Egypt.; Emotions--Anthropological aspects.; Mother and child--Egypt.; Father and child--Egypt.; Soldiers--Egypt--Correspondence.; Manuscripts, Greek (Papyri)--Egypt.; Greek letters; Manuscripts, Greek (Papyri); Egypt; Criticism, interpretation, etc.; Ancient Egypt (region); Papyrus grecs--Égypte.; Parents et enfants--Égypte.; Mère et enfant--Égypte.",https://pleiades.stoa.org/places/981503,https://id.oclc.org/worldcat/entity/E39QbtfRDwpX7XgppvP7ww3J9c;,0,,,,,2025-02-05,2025-02-05,Egypt & North Africa,0.9226464445751129,0.051258135809728496,0.01441635069648614,0.0,0.0,0.9226464445751129,0.011679068918672316,0.0
31154068977212,Book,,DS79.89.K87 S475 v.11:pt.1 2024,NYU Inst Study Ancient World,Large Collection,9998685051407876,"Material studies : prehistory : pottery, lithics /",3447122188; 9783447122184,,,Harrassowitz Verlag,Wiesbaden :,2024.,"Antiquities, Prehistoric--Iraq--Kurdistān.; Kurdistān (Iraq)--Antiquities.; Material culture--Iraq--Kurdistān.; Pottery, Prehistoric--Iraq--Kurdistān.; Excavations (Archaeology)--Iraq--Kurdistān.; Material culture.; material culture (discipline); Iraqi Kurdistan.; Culture matérielle.; Culture matérielle--Irak--Kurdistān.; Fouilles (Archéologie)--Irak--Kurdistān.",http://vocab.getty.edu/tgn/7001784,,0,,,,,2025-02-05,2025-02-05,Ancient Western Asia,0.8048021095100554,0.8048021095100554,0.031817757817839395,0.04975140313334887,0.03336984356505107,0.048862985220253355,0.018488697110366135,0.012907203643085792
31154068977220,Book,In Process,DS247.T83 A28 2022,NYU Inst Study Ancient World,Small Collection,9998711370407876,Advances in UAE archaeology : proceedings of Abu Dhabi's archaeology conference 2022.,9781803276731; 1803276738; 1803277165; 9781803277165; 9781803276748; 1803276746,,"Abu Dhabi's Archaeology Conference Abu Dhabi, United Arab Emirates) (2022 : author.",Archaeopress Publishing Ltd,"Summertown, Oxford :",[2023],Excavations (Archaeology)--United Arab Emirates--Congresses.; United Arab Emirates--Antiquities--Congresses.; Archaeology--United Arab Emirates--Congresses.; United Arab Emirates.; Archéologie--Émirats arabes unis--Congrès.; Émirats arabes unis--Antiquités--Congrès.; Fouilles (Archéologie)--Émirats arabes unis--Congrès.,http://vocab.getty.edu/tgn/1000143;,,0,,,,,2025-02-10,2025-02-19,Ancient Western Asia,0.8232653644647745,0.8232653644647745,0.025527608200458123,0.039915896458898155,0.047043735112272826,0.05035262167980272,0.013894774083793662,0.0
31154068977238,Book,,DS154.9.Z478 K36 2000,NYU Inst Study Ancient World,Large Collection,9998711670407876,Der Zeraqōn-Survey 1989-1994 : mit Beiträgen zur Methodik und geschichtlichen Auswertung archäologischer Oberflächenuntersuchungen in Palästina /,9783447042451; 3447042451,,"Kamlah, Jens.",Harrassowitz in K,Wiesbaden :,2000.,"Jordan--Antiquities.; Excavations (Archaeology)--Jordan--Zeraqōn Region.; Zeraqōn Region (Jordan)--Antiquities.; Ḥirbet ez-Zeraqōn Site (Jordan); 44746328; Academic Dissertation; Antiquities; Excavations (Archaeology); Jordan; Jordan--Ḥirbet ez-Zeraqōn Site; dissertations.; Academic theses; Academic theses.; 11.35 biblical antiquities, archaeology and geography.; Archeologie.; Khirbet ez-Zeraqōn.; Thèses et écrits académiques.; Jordan.; Jordanie--Antiquités.",https://pleiades.stoa.org/places/270427692; http://vocab.getty.edu/tgn/1000121;,https://id.oclc.org/worldcat/entity/E39PBJgMCMwpB3Qrd9t7MBYHG3;,0,,,,,2025-02-11,2025-02-11,Ancient Western Asia,0.8554934918480128,0.8554934918480128,0.02198942879903093,0.034383470485757454,0.023062083862398292,0.04337364396139128,0.012777641058896352,0.008920239984512546
31154068977246,Book,,PK6081 .C6 pt.2:vol.3:v.2,NYU Inst Study Ancient World,Oversize Collection,9998711668207876,Sogdian and other Iranian inscriptions of the upper Indus /,9780728601536; 0728601532; 9780728601949; 072860194X,,"Sims-Williams, Nicholas.",Published on behalf of Corpus Inscriptionum Iranicarum by School of Oriental and African Studies,London :,1989-<1992>,Inscriptions--Pakistan--Shatial Site.; Inscriptions; Sogdian language; Pakistan--Hunza; Pakistan--Shatial Site; Sogdian language.; Inscriptions--Pakistan--Hunza.; Shatiāl.; Sacred Rock of Hunza.; Sogdien (Langue),http://vocab.getty.edu/tgn/7958316;,https://id.oclc.org/worldcat/entity/E39QbtfRDfPChR7FVyHFvTxMmM; http://www.wikidata.org/entity/Q18353187,0,pt.1:1989,,,,2025-02-12,2025-02-12,Central Asia & Siberia,0.5450740771741861,0.24776094417008457,0.5450740771741861,0.0,0.0,0.0,0.036829329538796356,0.17033564911693314
31154068977253,Book,,RA649 .P56 2024,NYU Inst Study Ancient World,Large Collection,9998711663707876,Plague in antiquity /,9789042950689; 9042950684; 9789042950696; 9042950692,,,Peeters,Leuven :,2024.,"Epidemics--History--To 1500.; Epidemics--Middle East--History--To 1500.; Plague--History--To 1500.; Diseases and history.; Civilization, Ancient--Social aspects.; Epidemics--History.; Plague--History.; Epidemics--history; Middle East--History; Diseases and history; Epidemics; Plague; Middle East; History; Middle East.; Épidémies--Histoire.; Peste--Histoire.; Maladies et histoire.; Civilisation ancienne--Aspect social.",http://vocab.getty.edu/tgn/7001526,,0,,,,,2025-02-13,2025-02-13,European and Classical Antiquity,0.5450097323166485,0.0,0.06812621653958106,0.0,0.18686047965142233,0.20000357149234807,0.5450097323166485,0.0
31154068977261,Book,,N5370 .M476 2024,NYU Inst Study Ancient World,Large Collection,9998711658807876,Mesopotamia : kingdom of gods and demons /,6156595333; 9786156595331,,,Museum of Fine Arts,Budapest :,2024.,"Art, Assyro-Babylonian--Exhibitions.; Mythology, Assyro-Babylonian--Exhibitions.; Art, Assyro-Babylonian; Mythology, Assyro-Babylonian; exhibition catalogs.; Exhibition catalogs; Exhibition catalogs.; Mesopotamia (region); Catalogues d'exposition.; Mythologie assyro-babylonienne--Expositions.",https://pleiades.stoa.org/places/874602,,1,,,,,2025-02-14,2025-02-14,Ancient Western Asia,0.6078223788910765,0.6078223788910765,0.016701052807934113,0.2672168449269458,0.02606993609043374,0.038173834989563685,0.033932297768501055,0.010083654525545126
31154068977279,Book,In Process,DS51.I77 D64 2022,NYU Inst Study Ancient World,Large Collection,9998711658507876,Doğal ve kültürel mirasın Paleo-Kuleonü Gölü'ndeki izleri : 50 bin yılın öyküsü /,605945464X; 9786059454643,,,Süleyman Demirel Üniversitesi,Isparta :,2022.,Excavations (Archaeology)--Turkey--Isparta.; Isparta (Turkey)--Description and travel.; Isparta (Turkey)--Antiquities.; Archaeology.; archaeology.; Baris.; Kuleönü.; Archéologie.; Fouilles (Archéologie)--Turquie--İsparta.,https://pleiades.stoa.org/places/638790; http://vocab.getty.edu/tgn/7710700,,0,,,,,2025-02-14,2025-02-19,Ancient Western Asia,0.7479159019729545,0.7479159019729545,0.0198665161461566,0.046234801212873544,0.031011147154976163,0.05832371712633132,0.01718185180208139,0.0794660645846264
31154068977287,Book,,GN778.22.B33 P47 2022,NYU Inst Study Ancient World,Large Collection,9998713867907876,"The mechanism of power : the Bronze and Iron Ages in Southeastern Europe : proceedings of the 3rd PeBA Conference held in Ohrid, 25-28 May 2022 /",3867571112; 9783867571111,,"Perspectives on Balkan Archaeology Conference Ohrid, North Macedonia) 2022 : (3rd :",VML Verlag Marie Leidorf GmbH,Rahden/ Westf. :,2024.,Excavations (Archaeology)--Balkan Peninsula--Congresses.; Balkan Peninsula--Antiquities--Congresses.; Bronze age--Balkan Peninsula--Congresses.; Iron age--Balkan Peninsula--Congresses.; Balkan Peninsula.; Fouilles (Archéologie)--Balkans--Congrès.; Balkans--Antiquités--Congrès.,http://vocab.getty.edu/tgn/7011636;,,0,,,,,2025-02-19,2025-02-19,European and Classical Antiquity,0.4288078652106369,0.04764531835673743,0.11186292135929658,0.0,0.03675495987519745,0.03934017112024192,0.4288078652106369,0.3355887640778898
31154068977295,Book,,BS2833 .G3 2014,NYU Inst Study Ancient World,Small Collection,990040555320107876,Codex apocryphus gnosticus Novi Testamenti /,3161533437; 9783161533433; 3161622499; 9783161622496; 9783161622502; 3161622502,,"Nagel, Peter, 1938- author.",Mohr Siebeck,Tübingen :,[2014]-,"Apocryphal books (New Testament)--Translations into German.; Gnostic literature--Translations into German.; Coptic language--Texts.; Apocryphal books (New Testament); Coptic language; Gnostic literature; Texts; Translations; Apocriefen.; Nag Hammadi codices.; Koptische handschriften.; Vertalingen (vorm); Copte (Langue)--Textes.; (Produktform)Hardback; (Produktform (spezifisch))Cloth over boards; Gnosis; Neutestamentliche; Apokryphen; Manichäismus; Koptologie; (VLB-WN)1542: Hardcover, Softcover / Religion/Theologie/Christentum",,,0,Bd.2,,,,2025-02-26,2025-02-26,Ancient Western Asia,0.9293134935463181,0.9293134935463181,0.0,0.0,0.0,0.047116328740880446,0.01388021576420532,0.009689961948596166
31154068977303,Book,,DS154.9.H86 O54,NYU Inst Study Ancient World,Large Collection,990073397900107876,Humayma excavation project /,0897570839; 9780897570831; 0897570375; 9780897570374; 089757124X; 9780897571241,,"Oleson, John Peter, author.",American Society of Overseas Research; American Schools of Oriental Research,"Boston, MA :",[2010]-<2013>,"Fortification, Roman--Jordan--Humaymat Site.; Excavations (Archaeology); Water-supply; Jordan--Humaymat Site; Water-supply--Jordan--Humaymat Site.; Humaymat Site (Jordan); Excavations (Archaeology)--Jordan--Humaymat Site.; Auara.",https://pleiades.stoa.org/places/746716,,0,v.3:2024:vol.1,,,,2025-02-26,2025-02-26,Ancient Western Asia,0.8822043140336266,0.8822043140336266,0.015235436344330723,0.035457015492260595,0.0,0.044727886515466345,0.013176593595096844,0.00919875401921855
31154068977311,Book,,DS154.9.H86 O54,NYU Inst Study Ancient World,Large Collection,990073397900107876,Humayma excavation project /,0897570839; 9780897570831; 0897570375; 9780897570374; 089757124X; 9780897571241,,"Oleson, John Peter, author.",American Society of Overseas Research; American Schools of Oriental Research,"Boston, MA :",[2010]-<2013>,"Fortification, Roman--Jordan--Humaymat Site.; Excavations (Archaeology); Water-supply; Jordan--Humaymat Site; Water-supply--Jordan--Humaymat Site.; Humaymat Site (Jordan); Excavations (Archaeology)--Jordan--Humaymat Site.; Auara.",https://pleiades.stoa.org/places/746716,,0,v.3:2024:vol.2,,,,2025-02-26,2025-02-26,Ancient Western Asia,0.8822043140336266,0.8822043140336266,0.015235436344330723,0.035457015492260595,0.0,0.044727886515466345,0.013176593595096844,0.00919875401921855
31154068990215,Book,,DS797.68.X538 B459 2023,NYU Inst Study Ancient World,Large Collection,9998707369807876,Bei Zhou Dou Lu'en jia zu mu di fa jue bao gao /,7501081719; 9787501081714,,,Wen wu chu ban she,Beijing :,2023,"Tombs--China--Xianyang Shi.; Excavations (Archaeology)--China--Xianyang Shi.; Weicheng Qu (Xianyang Shi, China)--Antiquities.; China--History--Northern Zhou dynasty, 557-581.; Imperial China.; China.; Ancient China.; Doulu En family cemetery.; Chine--Histoire--557-581 (Dynastie des Zhou du Nord)",http://vocab.getty.edu/tgn/8697462; http://vocab.getty.edu/tgn/1000111; http://vocab.getty.edu/tgn/8697463;,http://www.wikidata.org/entity/Q132128718;,0,,,,,2025-02-02,2025-02-02,"China, South Asia, & East Asia",0.8771932971944437,0.04873296095524687,0.013706145268663183,0.8771932971944437,0.0,0.040238224641946964,0.011853963475600592,0.008275408464098525
31154068990223,Book,,AM72.A2 Z5 2022,NYU Inst Study Ancient World,Large Collection,9998707370407876,Zhongguo kao gu yi zhi bo wu guan /,7559466818; 9787559466815,,,Jiangsu feng huang wen yi chu ban she,Nanjing Shi :,2022.,Archaeological museums and collections--China.; Antiquities; Excavations (Archaeology); Museums; China; Bibliographies; Catalogs; China.; Archéologie--Musées et collections--Chine.,http://vocab.getty.edu/tgn/1000111,https://id.oclc.org/worldcat/entity/E39PBJdCqh8h6hJY7PT6MQW4bd;,0,v.1,,,,2025-02-02,2025-02-02,"China, South Asia, & East Asia",0.6573048140343142,0.05842709458082792,0.016432620350857855,0.6573048140343142,0.04507233010521011,0.037560275087675093,0.17528128374248378,0.009921582098631157
31154068990231,Book,,AM72.A2 Z5 2022,NYU Inst Study Ancient World,Large Collection,9998707370407876,Zhongguo kao gu yi zhi bo wu guan /,7559466818; 9787559466815,,,Jiangsu feng huang wen yi chu ban she,Nanjing Shi :,2022.,Archaeological museums and collections--China.; Antiquities; Excavations (Archaeology); Museums; China; Bibliographies; Catalogs; China.; Archéologie--Musées et collections--Chine.,http://vocab.getty.edu/tgn/1000111,https://id.oclc.org/worldcat/entity/E39PBJdCqh8h6hJY7PT6MQW4bd;,0,v.2,,,,2025-02-02,2025-02-02,"China, South Asia, & East Asia",0.6573048140343142,0.05842709458082792,0.016432620350857855,0.6573048140343142,0.04507233010521011,0.037560275087675093,0.17528128374248378,0.009921582098631157
31154068990249,Book,,NB1912.B83 T854 2022,NYU Inst Study Ancient World,Large Collection,9998707369707876,Tulufan zhong xiao xing shi ku nei rong zong lu = General records of the small and medium grottes in Turfan /,7573204884; 9787573204882,,,Shanghai gu ji chu ban she,Shanghai Shi :,2022.,"Buddhist sculpture--China--Turpan Shi.; Sculpture, Chinese--China--Turpan Shi.; Turpan Shi (China)--Antiquities.; Turpan.; Sculpture bouddhique--Chine--Turfan.; Sculpture chinoise--Chine--Turfan.",http://vocab.getty.edu/tgn/8677502,,0,,,,,2025-02-02,2025-02-12,"China, South Asia, & East Asia",0.9390969350178459,0.0,0.014673389609653842,0.9390969350178459,0.0,0.03353917625063735,0.012690499121862783,0.0
31154068990256,Book,,DS797.28.W894 W896 2023,NYU ISAW Offsite,Offsite Collection,9998707370307876,Wuwei kao gu yan jiu wen ji /,7552707186; 9787552707182,,,Du zhe chu ban she,Lanzhou Shi :,2023.,"Excavations (Archaeology)--China--Wuwei Shi (Gansu Sheng); Wuwei Shi (Gansu Sheng, China)--Antiquities.; Wuwei.",http://vocab.getty.edu/tgn/7018821,,0,,,,,2025-02-02,2025-02-11,"China, South Asia, & East Asia",0.8791416454118649,0.04884120252288138,0.020445154544461972,0.8791416454118649,0.0,0.031397915907566604,0.011880292505565743,0.008293789107659103
31154068990264,Book,,GV651 .Z46 2021,NYU ISAW Offsite,Offsite Collection,9998707369407876,Zhongguo gu dai ti yu wen wu /,7542350048; 9787542350046; 7542350056; 9787542350053; 7542350811; 9787542350817; 7542350358; 9787542350350; 754235440X; 9787542354402; 7542352873; 9787542352873,,,Gansu jiao yu chu ban she,Lanzhou :,2021-,"Sports--China--History.; Sports in art.; Art, Chinese.; Art--China.; Art; Art, Chinese; Sports; Sports in art; China; History; China.; Sports--Chine--Histoire.; Sports dans l'art.; Art chinois.; Art--Chine.",http://vocab.getty.edu/tgn/1000111,https://id.oclc.org/worldcat/entity/E39PBJdCqh8h6hJY7PT6MQW4bd;,0,v.4,,,,2025-02-02,2025-02-11,"China, South Asia, & East Asia",0.9716864997948297,0.0,0.015182601559294214,0.9716864997948297,0.0,0.0,0.013130898645876077,0.0
31154068990272,Book,,GV651 .Z46 2021,NYU ISAW Offsite,Offsite Collection,9998707369407876,Zhongguo gu dai ti yu wen wu /,7542350048; 9787542350046; 7542350056; 9787542350053; 7542350811; 9787542350817; 7542350358; 9787542350350; 754235440X; 9787542354402; 7542352873; 9787542352873,,,Gansu jiao yu chu ban she,Lanzhou :,2021-,"Sports--China--History.; Sports in art.; Art, Chinese.; Art--China.; Art; Art, Chinese; Sports; Sports in art; China; History; China.; Sports--Chine--Histoire.; Sports dans l'art.; Art chinois.; Art--Chine.",http://vocab.getty.edu/tgn/1000111,https://id.oclc.org/worldcat/entity/E39PBJdCqh8h6hJY7PT6MQW4bd;,0,v.6,,,,2025-02-02,2025-02-11,"China, South Asia, & East Asia",0.9716864997948297,0.0,0.015182601559294214,0.9716864997948297,0.0,0.0,0.013130898645876077,0.0
31154068990280,Book,,NK7983.A3 S5368 2023,NYU Inst Study Ancient World,Oversize Collection,9998707369607876,Shanxi chu tu qing tong qi quan ji. The complete collection of bronzeware unearthed in Shanxi. The volume of NanQin site in Hongtong county /,7545727843; 9787545727845,,,San Jin chu ban she,Taiyuan Shi :,2023.,"Bronzes, Chinese--China--Shanxi Sheng.; Bronzes, Chinese--China--Hongdong Xian.; Hongdong Xian (China)--Antiquities.; Shanxi Sheng (China)--Antiquities.; Hongdong.; Shanxi.; Bronzes chinois--Chine--Shanxi.",http://vocab.getty.edu/tgn/8198790; http://vocab.getty.edu/tgn/7002086,,0,,,,,2025-02-02,2025-02-02,"China, South Asia, & East Asia",0.8483285163684994,0.05302053227303121,0.013255133068257803,0.8483285163684994,0.03635693641579283,0.030297447013160693,0.01073833565023417,0.008003099211023578
31154068990298,Book,,DS743 .L525 2022,NYU ISAW Offsite,Offsite Collection,9998707369507876,Wan Xia Yin Shang ba bai nian : da li shi shi ye xia de zao Zhongguo shi dai = Eight Hundred Years from Late Xia to Shang Dynasty /,7519912248; 9787519912246,,"Li, Linzhi, author.",Yan jiu chu ban she,Beijing Shi :,2022.,"China--History--To 221 B.C.; China--History--Shang dynasty, 1766-1122 B.C.; China--Civilization--To 221 B.C.; Civilization; Shang Dynasty (China); China; To 221 B.C.; History; Ancient China.; Imperial China.; China.; Chine--Histoire--Jusqu'à 221 av. J.-C.; Chine--Histoire--1766-1122 av. J.-C. (Dynastie des Shang); Chine--Civilisation--Jusqu'à 221 av. J.-C.",http://vocab.getty.edu/tgn/8697463; http://vocab.getty.edu/tgn/8697462; http://vocab.getty.edu/tgn/1000111;,https://id.oclc.org/worldcat/entity/E39PBJdCqh8h6hJY7PT6MQW4bd;,0,,,,,2025-02-02,2025-02-11,"China, South Asia, & East Asia",0.8661196808077846,0.054132480050486535,0.02014231815832057,0.8661196808077846,0.0,0.039730260587513055,0.011704320010916008,0.008170940384979099
31154068990306,Book,,PL2447 .W3646 2022,NYU ISAW Offsite,Offsite Collection,9998707370207876,Zhen jia ming wen : Shang Zhou qing tong qi ming wen bian wei /,7522709806; 9787522709802,,"Wang, Peiji, author.",Zhongguo she hui ke xue chu ban she,Beijing :,2022.,"Inscriptions, Chinese--History and criticism.; Bronzes--China--Inscriptions.; Bronzes, Chinese--To 221 B.C.; Bronzes; Bronzes, Chinese; Inscriptions, Chinese; China; To 221 B.C.; Criticism, interpretation, etc.; Inscriptions; Ancient China.; Inscriptions chinoises--Histoire et critique.; Bronzes--Chine--Inscriptions.; Bronzes chinois--Jusqu'à 221 av. J.-C.",http://vocab.getty.edu/tgn/8697463,https://id.oclc.org/worldcat/entity/E39PBJdCqh8h6hJY7PT6MQW4bd;,0,,,,,2025-02-02,2025-02-11,"China, South Asia, & East Asia",0.9846153846153847,0.0,0.015384615384615385,0.9846153846153847,0.0,0.0,0.0,0.0
31154068990314,Book,,GT3283.A2 Q256 2023,NYU ISAW Offsite,Offsite Collection,9998707370107876,Qin Han mu zang zhi du bi jiao yan jiu zhuan ji = QinHan muzang zhidu bijiao yanjiu zhuanji /,7560451772; 9787560451770,,,Xi bei da xue chu ban she,Xi'an :,2023.,"Tombs--China--History.; Burial--China--History.; Funeral rites and ceremonies--China--History.; China--History--Qin dynasty, 221-207 B.C.; China--History--Han dynasty, 202 B.C.-220 A.D.; Imperial China.; China.; Ancient China.; Tombeaux--Chine--Histoire.; Sépulture--Chine--Histoire.; Funérailles--Rites et cérémonies--Histoire.--Chine; Chine--Histoire--221-207 av. J.-C. (Dynastie des Qin); Chine--Histoire--202 av. J.-C.-220 (Dynastie des Han)",https://vocab.getty.edu/tgn/8697462; http://vocab.getty.edu/tgn/8697462; http://vocab.getty.edu/tgn/1000111; http://vocab.getty.edu/tgn/8697463;,,0,,,,,2025-02-02,2025-02-11,"China, South Asia, & East Asia",0.9305760709010338,0.0,0.0,0.9305760709010338,0.039881831610044306,0.0,0.02954209748892171,0.0
31154068990322,Book,,DS793.S62 L5893 2022,NYU Inst Study Ancient World,Small Collection,9998707370007876,Xinjiang kao gu lun gao /,7100210496; 9787100210492,,"Liu, Wensuo, 1965- author.",Shang wu yin shu guan,Beijing :,2022.,Archaeology--China--Xinjiang Uygur Zizhiqu.; Xinjiang Uygur Zizhiqu (China)--Antiquities.; Antiquities; Archaeology; China--Xinjiang Uygur Zizhiqu; Xinjiang Uygur Zizhiqu.; Archéologie--Chine--Xinjiang.,http://vocab.getty.edu/tgn/7001745,https://id.oclc.org/worldcat/entity/E39QbtfRpdb3yPCw9JJcFM88Pp;,0,,,,,2025-02-02,2025-02-02,"China, South Asia, & East Asia",0.8744604547884821,0.05465377842428013,0.020336289646243767,0.8744604547884821,0.0,0.031230730528160073,0.011069119680866862,0.008249626931966812
31154068990330,Book,,DS715 .Z4368 2021,NYU Inst Study Ancient World,Small Collection,9998707369907876,Di 3 jie Zhongguo kao gu xue da hui (2021· Sanmenxia) hui zhi /,7030766636; 9787030766632,,"Zhongguo kao gu xue da hui Sanmenxia Shi, China), 2021 : author. (3th :",Ke xue chu ban she,Beijing :,2023.,China--Antiquities--Congresses.; Archaeology--China--Congresses.; proceedings (reports); Conference papers and proceedings.; Actes de congrès.; China.; Ancient China.; Imperial China.; Chine--Antiquités--Congrès.; Archéologie--Chine--Congrès.,http://vocab.getty.edu/tgn/1000111; http://vocab.getty.edu/tgn/8697463; http://vocab.getty.edu/tgn/8697462;,,0,v.1,,,,2025-02-02,2025-02-02,"China, South Asia, & East Asia",0.8478348502601744,0.047101936125565236,0.019717089540934287,0.8478348502601744,0.036335779296864615,0.03027981608072051,0.010732086712154105,0.00799844198358655
31154068990348,Book,,DS715 .Z4368 2021,NYU Inst Study Ancient World,Small Collection,9998707369907876,Di 3 jie Zhongguo kao gu xue da hui (2021· Sanmenxia) hui zhi /,7030766636; 9787030766632,,"Zhongguo kao gu xue da hui Sanmenxia Shi, China), 2021 : author. (3th :",Ke xue chu ban she,Beijing :,2023.,China--Antiquities--Congresses.; Archaeology--China--Congresses.; proceedings (reports); Conference papers and proceedings.; Actes de congrès.; China.; Ancient China.; Imperial China.; Chine--Antiquités--Congrès.; Archéologie--Chine--Congrès.,http://vocab.getty.edu/tgn/1000111; http://vocab.getty.edu/tgn/8697463; http://vocab.getty.edu/tgn/8697462;,,0,v.2,,,,2025-02-02,2025-02-02,"China, South Asia, & East Asia",0.8478348502601744,0.047101936125565236,0.019717089540934287,0.8478348502601744,0.036335779296864615,0.03027981608072051,0.010732086712154105,0.00799844198358655
31154068990355,Book,,DJK31 .P39 2024,NYU Inst Study Ancient World,Small Collection,9998707770407876,Prosopographia Ponti Euxini : Callatis et Odessus /,6060207073; 9786060207078,,"Pázsint, Annamária-Izabella, author.",Mega,Cluj-Napoca :,2024.,"Prosopography--Black Sea Coast.; Names, Personal--Black Sea Coast.; Greeks--Black Sea Coast.; Romans--Black Sea Coast.; Mangalia (Romania)--History.; Varna (Bulgaria)--History.; Pontus Euxinus.; Grecs--Noire, Côte de la mer.; Romains--Noire, Côte de la mer.",https://pleiades.stoa.org/places/1224,,0,,,,,2025-02-03,2025-02-03,The Caucasus & The Western Steppe,0.628046078865751,0.0,0.3210013291980505,0.0,0.0,0.0,0.050952591936198485,0.628046078865751
31154068990363,Book,In Process,DR36 .F45 2023,NYU Inst Study Ancient World,Large Collection,9998707766007876,Finds stories : addressing mobility through people and object biographies :,9538143639; 9789538143632,,,Arheološki muzej u zagrebu = Archaeological museum in Zagreb,Zagreb :,2023.,Balkan Peninsula--Migration.; Europeans--Migration.; Croatia--Antiquities.; Greece--Antiquities.; Basketball teams--Greece.; exhibition catalogs.; Exhibition catalogs.; Hellas.; Catalogues d'exposition.; Biographies.; Balkan Peninsula.; Croatia.; Greece.; Balkans--Migration.; Européens--Migration.; Croatie--Antiquités.; Grèce--Antiquités.,https://pleiades.stoa.org/places/696690497; http://vocab.getty.edu/tgn/7011636; http://vocab.getty.edu/tgn/7006663; http://vocab.getty.edu/tgn/1000074;,,0,,,,,2025-02-03,2025-02-19,European and Classical Antiquity,1.0,0.0,0.0,0.0,0.0,0.0,1.0,0.0
31154068990371,Book,,BS1415.52 .L88 2025,NYU Inst Study Ancient World,Small Collection,9998708870407876,Hiob in Qumran : der Beitrag der Hiobhandschriften aus Qumran zur Text- und Literargeschichte des Hiobbuchs /,9004708812; 9789004708815; 9789004708860; 9004708863,,"Luther, Rebekka, author.",Brill,Leiden ; Boston :,[2025],"Bible. Job Criticism, Textual.; Bible. Job Language, style.; Dead Sea scrolls Criticism, Textual.; Commentaries.; Qumran.",https://pleiades.stoa.org/places/688011,,0,,,,,2025-02-05,2025-02-05,Ancient Western Asia,0.9065709706322914,0.9065709706322914,0.01565624209151161,0.0,0.0,0.04596327953471299,0.03180950774148391,0.0
31154068990389,Book,,PL2447 .X38 2019,NYU Inst Study Ancient World,Oversize Collection,9998708062507876,Xuanquan Han jian /,7547513069; 9787547513064; 7547516890; 9787547516898; 7547520235; 9787547520239; 7547522351; 9787547522356; 7547524486; 9787547524480,,,Zhong xi shu ju,Shanghai Shi :,2019-,"Dunhuang manuscripts Catalogs.; Inscriptions, Chinese--China--Dunhuang--Catalogs.; Dunhuang (China)--Antiquities--Catalogs.; China--History--Han dynasty, 202 B.C.-220 A.D.; Dunhuang manuscripts; Inscriptions, Chinese; Han Dynasty (China); Antiquities; Manuscripts, Chinese; China; China--Dunhuang; 202 B.C.-220 A.D.; History; Imperial China.; China.; Ancient China.; Dunhuang.; Xuanquanzhi.; Chine--Histoire--202 av. J.-C.-220 (Dynastie des Han)",http://vocab.getty.edu/tgn/8697462; http://vocab.getty.edu/tgn/1000111; http://vocab.getty.edu/tgn/8697463; http://vocab.getty.edu/tgn/7001969;,https://id.oclc.org/worldcat/entity/E39PBJdCqh8h6hJY7PT6MQW4bd; https://id.oclc.org/worldcat/entity/E39PBJwdfyhx8WVGKKGcJC8Qv3; http://www.wikidata.org/entity/Q2598504;,0,v.1:pt.1,,,,2025-02-10,2025-02-11,"China, South Asia, & East Asia",0.9846153846153847,0.0,0.015384615384615385,0.9846153846153847,0.0,0.0,0.0,0.0
31154068990397,Book,,PL2447 .X38 2019,NYU Inst Study Ancient World,Oversize Collection,9998708062507876,Xuanquan Han jian /,7547513069; 9787547513064; 7547516890; 9787547516898; 7547520235; 9787547520239; 7547522351; 9787547522356; 7547524486; 9787547524480,,,Zhong xi shu ju,Shanghai Shi :,2019-,"Dunhuang manuscripts Catalogs.; Inscriptions, Chinese--China--Dunhuang--Catalogs.; Dunhuang (China)--Antiquities--Catalogs.; China--History--Han dynasty, 202 B.C.-220 A.D.; Dunhuang manuscripts; Inscriptions, Chinese; Han Dynasty (China); Antiquities; Manuscripts, Chinese; China; China--Dunhuang; 202 B.C.-220 A.D.; History; Imperial China.; China.; Ancient China.; Dunhuang.; Xuanquanzhi.; Chine--Histoire--202 av. J.-C.-220 (Dynastie des Han)",http://vocab.getty.edu/tgn/8697462; http://vocab.getty.edu/tgn/1000111; http://vocab.getty.edu/tgn/8697463; http://vocab.getty.edu/tgn/7001969;,https://id.oclc.org/worldcat/entity/E39PBJdCqh8h6hJY7PT6MQW4bd; https://id.oclc.org/worldcat/entity/E39PBJwdfyhx8WVGKKGcJC8Qv3; http://www.wikidata.org/entity/Q2598504;,0,v.1:pt.2,,,,2025-02-10,2025-02-11,"China, South Asia, & East Asia",0.9846153846153847,0.0,0.015384615384615385,0.9846153846153847,0.0,0.0,0.0,0.0
31154068990405,Book,,PL2447 .X38 2019,NYU Inst Study Ancient World,Oversize Collection,9998708062507876,Xuanquan Han jian /,7547513069; 9787547513064; 7547516890; 9787547516898; 7547520235; 9787547520239; 7547522351; 9787547522356; 7547524486; 9787547524480,,,Zhong xi shu ju,Shanghai Shi :,2019-,"Dunhuang manuscripts Catalogs.; Inscriptions, Chinese--China--Dunhuang--Catalogs.; Dunhuang (China)--Antiquities--Catalogs.; China--History--Han dynasty, 202 B.C.-220 A.D.; Dunhuang manuscripts; Inscriptions, Chinese; Han Dynasty (China); Antiquities; Manuscripts, Chinese; China; China--Dunhuang; 202 B.C.-220 A.D.; History; Imperial China.; China.; Ancient China.; Dunhuang.; Xuanquanzhi.; Chine--Histoire--202 av. J.-C.-220 (Dynastie des Han)",http://vocab.getty.edu/tgn/8697462; http://vocab.getty.edu/tgn/1000111; http://vocab.getty.edu/tgn/8697463; http://vocab.getty.edu/tgn/7001969;,https://id.oclc.org/worldcat/entity/E39PBJdCqh8h6hJY7PT6MQW4bd; https://id.oclc.org/worldcat/entity/E39PBJwdfyhx8WVGKKGcJC8Qv3; http://www.wikidata.org/entity/Q2598504;,0,v.2:pt.1,,,,2025-02-10,2025-02-11,"China, South Asia, & East Asia",0.9846153846153847,0.0,0.015384615384615385,0.9846153846153847,0.0,0.0,0.0,0.0
31154068990413,Book,,PL2447 .X38 2019,NYU Inst Study Ancient World,Oversize Collection,9998708062507876,Xuanquan Han jian /,7547513069; 9787547513064; 7547516890; 9787547516898; 7547520235; 9787547520239; 7547522351; 9787547522356; 7547524486; 9787547524480,,,Zhong xi shu ju,Shanghai Shi :,2019-,"Dunhuang manuscripts Catalogs.; Inscriptions, Chinese--China--Dunhuang--Catalogs.; Dunhuang (China)--Antiquities--Catalogs.; China--History--Han dynasty, 202 B.C.-220 A.D.; Dunhuang manuscripts; Inscriptions, Chinese; Han Dynasty (China); Antiquities; Manuscripts, Chinese; China; China--Dunhuang; 202 B.C.-220 A.D.; History; Imperial China.; China.; Ancient China.; Dunhuang.; Xuanquanzhi.; Chine--Histoire--202 av. J.-C.-220 (Dynastie des Han)",http://vocab.getty.edu/tgn/8697462; http://vocab.getty.edu/tgn/1000111; http://vocab.getty.edu/tgn/8697463; http://vocab.getty.edu/tgn/7001969;,https://id.oclc.org/worldcat/entity/E39PBJdCqh8h6hJY7PT6MQW4bd; https://id.oclc.org/worldcat/entity/E39PBJwdfyhx8WVGKKGcJC8Qv3; http://www.wikidata.org/entity/Q2598504;,0,v.4:pt.1,,,,2025-02-10,2025-02-11,"China, South Asia, & East Asia",0.9846153846153847,0.0,0.015384615384615385,0.9846153846153847,0.0,0.0,0.0,0.0
31154068990421,Book,,PL2447 .X38 2019,NYU Inst Study Ancient World,Oversize Collection,9998708062507876,Xuanquan Han jian /,7547513069; 9787547513064; 7547516890; 9787547516898; 7547520235; 9787547520239; 7547522351; 9787547522356; 7547524486; 9787547524480,,,Zhong xi shu ju,Shanghai Shi :,2019-,"Dunhuang manuscripts Catalogs.; Inscriptions, Chinese--China--Dunhuang--Catalogs.; Dunhuang (China)--Antiquities--Catalogs.; China--History--Han dynasty, 202 B.C.-220 A.D.; Dunhuang manuscripts; Inscriptions, Chinese; Han Dynasty (China); Antiquities; Manuscripts, Chinese; China; China--Dunhuang; 202 B.C.-220 A.D.; History; Imperial China.; China.; Ancient China.; Dunhuang.; Xuanquanzhi.; Chine--Histoire--202 av. J.-C.-220 (Dynastie des Han)",http://vocab.getty.edu/tgn/8697462; http://vocab.getty.edu/tgn/1000111; http://vocab.getty.edu/tgn/8697463; http://vocab.getty.edu/tgn/7001969;,https://id.oclc.org/worldcat/entity/E39PBJdCqh8h6hJY7PT6MQW4bd; https://id.oclc.org/worldcat/entity/E39PBJwdfyhx8WVGKKGcJC8Qv3; http://www.wikidata.org/entity/Q2598504;,0,v.4:pt.2,,,,2025-02-10,2025-02-11,"China, South Asia, & East Asia",0.9846153846153847,0.0,0.015384615384615385,0.9846153846153847,0.0,0.0,0.0,0.0
31154068990439,Book,,PL2447 .X38 2019,NYU Inst Study Ancient World,Oversize Collection,9998708062507876,Xuanquan Han jian /,7547513069; 9787547513064; 7547516890; 9787547516898; 7547520235; 9787547520239; 7547522351; 9787547522356; 7547524486; 9787547524480,,,Zhong xi shu ju,Shanghai Shi :,2019-,"Dunhuang manuscripts Catalogs.; Inscriptions, Chinese--China--Dunhuang--Catalogs.; Dunhuang (China)--Antiquities--Catalogs.; China--History--Han dynasty, 202 B.C.-220 A.D.; Dunhuang manuscripts; Inscriptions, Chinese; Han Dynasty (China); Antiquities; Manuscripts, Chinese; China; China--Dunhuang; 202 B.C.-220 A.D.; History; Imperial China.; China.; Ancient China.; Dunhuang.; Xuanquanzhi.; Chine--Histoire--202 av. J.-C.-220 (Dynastie des Han)",http://vocab.getty.edu/tgn/8697462; http://vocab.getty.edu/tgn/1000111; http://vocab.getty.edu/tgn/8697463; http://vocab.getty.edu/tgn/7001969;,https://id.oclc.org/worldcat/entity/E39PBJdCqh8h6hJY7PT6MQW4bd; https://id.oclc.org/worldcat/entity/E39PBJwdfyhx8WVGKKGcJC8Qv3; http://www.wikidata.org/entity/Q2598504;,0,v.2:pt.2,,,,2025-02-10,2025-02-11,"China, South Asia, & East Asia",0.9846153846153847,0.0,0.015384615384615385,0.9846153846153847,0.0,0.0,0.0,0.0
31154068990447,Book,,PL2447 .X38 2019,NYU Inst Study Ancient World,Oversize Collection,9998708062507876,Xuanquan Han jian /,7547513069; 9787547513064; 7547516890; 9787547516898; 7547520235; 9787547520239; 7547522351; 9787547522356; 7547524486; 9787547524480,,,Zhong xi shu ju,Shanghai Shi :,2019-,"Dunhuang manuscripts Catalogs.; Inscriptions, Chinese--China--Dunhuang--Catalogs.; Dunhuang (China)--Antiquities--Catalogs.; China--History--Han dynasty, 202 B.C.-220 A.D.; Dunhuang manuscripts; Inscriptions, Chinese; Han Dynasty (China); Antiquities; Manuscripts, Chinese; China; China--Dunhuang; 202 B.C.-220 A.D.; History; Imperial China.; China.; Ancient China.; Dunhuang.; Xuanquanzhi.; Chine--Histoire--202 av. J.-C.-220 (Dynastie des Han)",http://vocab.getty.edu/tgn/8697462; http://vocab.getty.edu/tgn/1000111; http://vocab.getty.edu/tgn/8697463; http://vocab.getty.edu/tgn/7001969;,https://id.oclc.org/worldcat/entity/E39PBJdCqh8h6hJY7PT6MQW4bd; https://id.oclc.org/worldcat/entity/E39PBJwdfyhx8WVGKKGcJC8Qv3; http://www.wikidata.org/entity/Q2598504;,0,v.3:pt.1,,,,2025-02-10,2025-02-11,"China, South Asia, & East Asia",0.9846153846153847,0.0,0.015384615384615385,0.9846153846153847,0.0,0.0,0.0,0.0
31154068990454,Book,,PL2447 .X38 2019,NYU Inst Study Ancient World,Oversize Collection,9998708062507876,Xuanquan Han jian /,7547513069; 9787547513064; 7547516890; 9787547516898; 7547520235; 9787547520239; 7547522351; 9787547522356; 7547524486; 9787547524480,,,Zhong xi shu ju,Shanghai Shi :,2019-,"Dunhuang manuscripts Catalogs.; Inscriptions, Chinese--China--Dunhuang--Catalogs.; Dunhuang (China)--Antiquities--Catalogs.; China--History--Han dynasty, 202 B.C.-220 A.D.; Dunhuang manuscripts; Inscriptions, Chinese; Han Dynasty (China); Antiquities; Manuscripts, Chinese; China; China--Dunhuang; 202 B.C.-220 A.D.; History; Imperial China.; China.; Ancient China.; Dunhuang.; Xuanquanzhi.; Chine--Histoire--202 av. J.-C.-220 (Dynastie des Han)",http://vocab.getty.edu/tgn/8697462; http://vocab.getty.edu/tgn/1000111; http://vocab.getty.edu/tgn/8697463; http://vocab.getty.edu/tgn/7001969;,https://id.oclc.org/worldcat/entity/E39PBJdCqh8h6hJY7PT6MQW4bd; https://id.oclc.org/worldcat/entity/E39PBJwdfyhx8WVGKKGcJC8Qv3; http://www.wikidata.org/entity/Q2598504;,0,v.3:pt.2,,,,2025-02-10,2025-02-11,"China, South Asia, & East Asia",0.9846153846153847,0.0,0.015384615384615385,0.9846153846153847,0.0,0.0,0.0,0.0
31154068990462,Book,,DS797.32.G836 G8359 2023,NYU Inst Study Ancient World,Large Collection,9998709970407876,Guangzhou Zeng Jiang liu yu kao gu diao cha bao gao /,7501081980; 9787501081981,,,Wen wu chu ban she,Beijing :,2023.,Excavations (Archaeology)--China--Zengjiang River region.; Guangzhou Shi (China)--Antiquities.; Zengcheng Shi.; Guangzhou.,http://vocab.getty.edu/tgn/8684085; http://vocab.getty.edu/tgn/8208558,,0,v.1,,,,2025-02-07,2025-02-10,"China, South Asia, & East Asia",0.873806922801559,0.05461293267509744,0.020321091227943233,0.873806922801559,0.0,0.03120739010005568,0.011808201659480528,0.008243461535863764
31154068990470,Book,,DS797.32.G836 G8359 2023,NYU Inst Study Ancient World,Large Collection,9998709970407876,Guangzhou Zeng Jiang liu yu kao gu diao cha bao gao /,7501081980; 9787501081981,,,Wen wu chu ban she,Beijing :,2023.,Excavations (Archaeology)--China--Zengjiang River region.; Guangzhou Shi (China)--Antiquities.; Zengcheng Shi.; Guangzhou.,http://vocab.getty.edu/tgn/8684085; http://vocab.getty.edu/tgn/8208558,,0,v.2,,,,2025-02-07,2025-02-10,"China, South Asia, & East Asia",0.873806922801559,0.05461293267509744,0.020321091227943233,0.873806922801559,0.0,0.03120739010005568,0.011808201659480528,0.008243461535863764
31154068990496,Book,,DS793.S4 L58936 2022,NYU Inst Study Ancient World,Small Collection,9998709970307876,Haidai di qu Shang Zhou kao gu yu Qi Lu wen hua yan jiu = Research on Shang-Zhou archaeology and Qilu culture in the Haidai region /,7573203683; 9787573203687,,"Liu, Yanchang, author.",Shanghai gu ji chu ban she,Shanghai :,2022.,"Shandong Sheng (China)--Antiquities.; Shandong Sheng (China)--Civilization.; China--History--Shang dynasty, 1766-1122 B.C.; China--History--Zhou dynasty, 1122-221 B.C.; Shandong.; Imperial China.; China.; Ancient China.; Shandong (Chine)--Civilisation.; Chine--Histoire--1766-1122 av. J.-C. (Dynastie des Shang); Chine--Histoire--1122-221 av. J.-C. (Dynastie des Zhou)",http://vocab.getty.edu/tgn/7002085; http://vocab.getty.edu/tgn/8697462; http://vocab.getty.edu/tgn/1000111; http://vocab.getty.edu/tgn/8697463;,,0,,,,,2025-02-07,2025-02-07,"China, South Asia, & East Asia",0.915688151395678,0.0,0.02129507328827158,0.915688151395678,0.0,0.04200404364200358,0.012374164208049704,0.008638567465996961
31154068990504,Book,,NB1912.B83 Y8643 2023,NYU Inst Study Ancient World,Large Collection,9998711269507876,Yungang Shiku ku qian yi zhi kao gu fa jue bao gao /,7501082022; 9787501082025,,,Wen wu chu ban she,Beijing Shi :,2023.,"Buddhist sculpture--China--Yungang Caves.; Stone carving--China--Yungang Caves.; Relief (Sculpture)--China--Yungang Caves.; Yungang Caves (China); Yungang Grottoes.; Sculpture bouddhique--Chine--Yungang, Grottes de.; Sculpture en pierre--Chine--Yungang, Grottes de.; Relief (Sculpture)--Chine--Yungang, Grottes de.; Yungang, Grottes de (Chine)",http://vocab.getty.edu/tgn/7032408;,,0,v.1,,,,2025-02-10,2025-02-11,"China, South Asia, & East Asia",0.9308501564435344,0.0,0.014544533694430225,0.9308501564435344,0.0,0.03324464844441194,0.012579056168155871,0.008781605249467306
31154068990512,Book,,NB1912.B83 Y8643 2023,NYU Inst Study Ancient World,Large Collection,9998711269507876,Yungang Shiku ku qian yi zhi kao gu fa jue bao gao /,7501082022; 9787501082025,,,Wen wu chu ban she,Beijing Shi :,2023.,"Buddhist sculpture--China--Yungang Caves.; Stone carving--China--Yungang Caves.; Relief (Sculpture)--China--Yungang Caves.; Yungang Caves (China); Yungang Grottoes.; Sculpture bouddhique--Chine--Yungang, Grottes de.; Sculpture en pierre--Chine--Yungang, Grottes de.; Relief (Sculpture)--Chine--Yungang, Grottes de.; Yungang, Grottes de (Chine)",http://vocab.getty.edu/tgn/7032408;,,0,v.2,,,,2025-02-10,2025-02-11,"China, South Asia, & East Asia",0.9308501564435344,0.0,0.014544533694430225,0.9308501564435344,0.0,0.03324464844441194,0.012579056168155871,0.008781605249467306
31154068990520,Book,,NB1912.B83 Y8643 2023,NYU Inst Study Ancient World,Large Collection,9998711269507876,Yungang Shiku ku qian yi zhi kao gu fa jue bao gao /,7501082022; 9787501082025,,,Wen wu chu ban she,Beijing Shi :,2023.,"Buddhist sculpture--China--Yungang Caves.; Stone carving--China--Yungang Caves.; Relief (Sculpture)--China--Yungang Caves.; Yungang Caves (China); Yungang Grottoes.; Sculpture bouddhique--Chine--Yungang, Grottes de.; Sculpture en pierre--Chine--Yungang, Grottes de.; Relief (Sculpture)--Chine--Yungang, Grottes de.; Yungang, Grottes de (Chine)",http://vocab.getty.edu/tgn/7032408;,,0,v.3,,,,2025-02-10,2025-02-11,"China, South Asia, & East Asia",0.9308501564435344,0.0,0.014544533694430225,0.9308501564435344,0.0,0.03324464844441194,0.012579056168155871,0.008781605249467306
31154068990538,Book,,NB1912.B83 Y8643 2023,NYU Inst Study Ancient World,Large Collection,9998711269507876,Yungang Shiku ku qian yi zhi kao gu fa jue bao gao /,7501082022; 9787501082025,,,Wen wu chu ban she,Beijing Shi :,2023.,"Buddhist sculpture--China--Yungang Caves.; Stone carving--China--Yungang Caves.; Relief (Sculpture)--China--Yungang Caves.; Yungang Caves (China); Yungang Grottoes.; Sculpture bouddhique--Chine--Yungang, Grottes de.; Sculpture en pierre--Chine--Yungang, Grottes de.; Relief (Sculpture)--Chine--Yungang, Grottes de.; Yungang, Grottes de (Chine)",http://vocab.getty.edu/tgn/7032408;,,0,v.4,,,,2025-02-10,2025-02-11,"China, South Asia, & East Asia",0.9308501564435344,0.0,0.014544533694430225,0.9308501564435344,0.0,0.03324464844441194,0.012579056168155871,0.008781605249467306
31154068990546,Book,,G87.A1 G28 2024,NYU Inst Study Ancient World,Small Collection,9998709470407876,Geographers of the ancient Greek world : selected texts in translation /,1009174894; 9781009174893; 1009194208; 9781009194204; 1009184229; 9781009184229; 9781009174930; 1009174932,,,Cambridge University Press,"Cambridge, United Kingdom ; New York, NY :",2024.,"Geography, Ancient--Sources.; Geography, Ancient; Sources; Greece (ancient); Géographie ancienne--Sources.",http://vocab.getty.edu/tgn/7594735,,0,v.1,,,,2025-02-06,2025-02-07,Cross-Cultural Studies & Other,0.7749784042576929,0.12329201885917843,0.02119081574142129,0.0,0.7749784042576929,0.06221156914912673,0.018327191992580576,0.0
31154068990553,Book,,G87.A1 G28 2024,NYU Inst Study Ancient World,Small Collection,9998709470407876,Geographers of the ancient Greek world : selected texts in translation /,1009174894; 9781009174893; 1009194208; 9781009194204; 1009184229; 9781009184229; 9781009174930; 1009174932,,,Cambridge University Press,"Cambridge, United Kingdom ; New York, NY :",2024.,"Geography, Ancient--Sources.; Geography, Ancient; Sources; Greece (ancient); Géographie ancienne--Sources.",http://vocab.getty.edu/tgn/7594735,,0,v.2,,,,2025-02-06,2025-02-07,Cross-Cultural Studies & Other,0.7749784042576929,0.12329201885917843,0.02119081574142129,0.0,0.7749784042576929,0.06221156914912673,0.018327191992580576,0.0
31154068990561,Book,,BL560 .M57 2024,NYU Inst Study Ancient World,Large Collection,9998709470307876,The performance of Balaĝ and Eršema prayers in the late first millennium BC /,3447122706; 9783447122702; 9783447395847; 3447395842,,"Mirelman, Sam, 1974- author.",Harrassowitz Verlag,Wiesbaden :,2024.,Sumerians--Prayers and devotions.; Sumerians--Religion.; Assyro-Babylonian religion.; Prayer--Middle East--History.; Music--Religious aspects--History.; Music--Iraq--Babylonia--History.; Cuneiform tablets--Iraq--Babylonia.; Sumerian language--Texts.; Assyro-Babylonian religion; Cuneiform tablets; Music; Music--Religious aspects; Prayer; Sumerian language; Sumerian language--Texts; Sumerians; Sumerians--Religion; Middle East; History; Prayers and devotions; Texts; Babylonia.; Middle East.; Sumériens--Religion.; Religion assyro-babylonienne.; Musique--Aspect religieux--Histoire.; Musique--Irak--Babylonie--Histoire.; Tablettes cunéiformes--Irak--Babylonie.; Sumérien (Langue)--Textes.,https://pleiades.stoa.org/places/912816; http://vocab.getty.edu/tgn/7001526,,0,,,,,2025-02-06,2025-02-06,Ancient Western Asia,0.8468169958119395,0.8468169958119395,0.014624306671094349,0.03403475007091048,0.0401123840121445,0.04293374435550635,0.012648049012838357,0.008829770065566398
31154068990579,Book,,PL2456 .Q58 2023,NYU Inst Study Ancient World,Small Collection,9998711566907876,Jia gu bu ci jing hua.,7501073538; 9787501073535,,"Qiu, Liping, author.",Wen wu chu ban she,Beijing Shi :,2023.,"Oracle bones.; China--Antiquities.; China--History--Shang dynasty, 1766-1122 B.C.--Sources.; divination.; Yin Ruins.; Imperial China.; China.; Ancient China.; Os divinatoires.; Divination.; Chine--Antiquités.; Chine--Histoire--1766-1122 av. J.-C. (Dynastie des Shang)--Sources.",http://vocab.getty.edu/tgn/7032002; http://vocab.getty.edu/tgn/8697462; http://vocab.getty.edu/tgn/1000111; http://vocab.getty.edu/tgn/8697463;,,0,,,,,2025-02-11,2025-02-11,"China, South Asia, & East Asia",0.972494710521254,0.0,0.015195229851894594,0.972494710521254,0.0,0.0,0.012310059626851317,0.0
31154068990587,Book,,PL2456 .H36 2023,NYU Inst Study Ancient World,Small Collection,9998711566807876,Jia gu bu ci jing hua.,7501073589; 9787501073580,,"Han, Jiangsu, author.",Wen wu chu ban she,Beijing Shi:,2023.,"Oracle bones.; China--Antiquities.; China--History--Shang dynasty, 1766-1122 B.C.--Sources.; divination.; Yin Ruins.; Imperial China.; China.; Ancient China.; Os divinatoires.; Divination.; Chine--Antiquités.; Chine--Histoire--1766-1122 av. J.-C. (Dynastie des Shang)--Sources.",http://vocab.getty.edu/tgn/7032002; http://vocab.getty.edu/tgn/8697462; http://vocab.getty.edu/tgn/1000111; http://vocab.getty.edu/tgn/8697463;,,0,,,,,2025-02-11,2025-02-11,"China, South Asia, & East Asia",0.972494710521254,0.0,0.015195229851894594,0.972494710521254,0.0,0.0,0.012310059626851317,0.0
31154068990595,Book,,PL2456 .G862 2023,NYU Inst Study Ancient World,Small Collection,9998711566707876,Jia gu bu ci jing hua.,7501073511; 9787501073511,,"Guo, Xudong, author.",Wen wu chu ban she,Beijing Shi :,2023.,"Oracle bones.; China--Antiquities.; China--History--Shang dynasty, 1766-1122 B.C.--Sources.; divination.; Yin Ruins.; Imperial China.; China.; Ancient China.; Os divinatoires.; Divination.; Chine--Antiquités.; Chine--Histoire--1766-1122 av. J.-C. (Dynastie des Shang)--Sources.",http://vocab.getty.edu/tgn/7032002; http://vocab.getty.edu/tgn/8697462; http://vocab.getty.edu/tgn/1000111; http://vocab.getty.edu/tgn/8697463;,,0,,,,,2025-02-11,2025-02-11,"China, South Asia, & East Asia",0.972494710521254,0.0,0.015195229851894594,0.972494710521254,0.0,0.0,0.012310059626851317,0.0
31154068990603,Book,,PL2456 .Y78 2023,NYU Inst Study Ancient World,Small Collection,9998711566507876,Jia gu bu ci jing hua.,750107352X; 9787501073528,,"Yu, Chenglong, author.",Wen wu chu ban she,Beijing Shi :,2023.,"Oracle bones.; China--Antiquities.; China--History--Shang dynasty, 1766-1122 B.C.--Sources.; divination.; Yin Ruins.; Ancient China.; Imperial China.; China.; Os divinatoires.; Divination.; Chine--Antiquités.; Chine--Histoire--1766-1122 av. J.-C. (Dynastie des Shang)--Sources.",http://vocab.getty.edu/tgn/7032002; http://vocab.getty.edu/tgn/8697463; http://vocab.getty.edu/tgn/8697462; http://vocab.getty.edu/tgn/1000111;,,0,,,,,2025-02-11,2025-02-11,"China, South Asia, & East Asia",0.972494710521254,0.0,0.015195229851894594,0.972494710521254,0.0,0.0,0.012310059626851317,0.0
31154068990611,Book,,PL2456 .G86 2023,NYU Inst Study Ancient World,Small Collection,9998711566307876,Jia gu bu ci jing hua.,7501073546; 9787501073542,,"Guo, Xudong, author.",Wen wu chu ban she,Beijing Shi :,2023.,"Oracle bones.; China--Antiquities.; China--History--Shang dynasty, 1766-1122 B.C.--Sources.; divination.; Yin Ruins.; Ancient China.; Imperial China.; China.; Os divinatoires.; Divination.; Chine--Antiquités.; Chine--Histoire--1766-1122 av. J.-C. (Dynastie des Shang)--Sources.",http://vocab.getty.edu/tgn/7032002; http://vocab.getty.edu/tgn/8697463; http://vocab.getty.edu/tgn/8697462; http://vocab.getty.edu/tgn/1000111;,,0,,,,,2025-02-11,2025-02-11,"China, South Asia, & East Asia",0.972494710521254,0.0,0.015195229851894594,0.972494710521254,0.0,0.0,0.012310059626851317,0.0
31154068990629,Book,,DS797.64.H445 N56 2023,NYU Inst Study Ancient World,Large Collection,9998711268607876,Ningxia Helan Shan dong lu gu dai wen hua yi cun kao gu diao cha bao gao /,7501081743; 9787501081745,,,Wen wu chu ban she,Beijing Shi :,2023.,Archaeological surveying--China--Helan Mountains.; Petroglyphs--China--Helan Mountains.; Rock paintings--China--Helan Mountains.; Ningxia Huizu Zizhiqu (China)--Antiquities.; Helan Shan.; Ningxia.,http://vocab.getty.edu/tgn/8210179; http://vocab.getty.edu/tgn/7018053,,0,,,,,2025-02-10,2025-02-11,"China, South Asia, & East Asia",0.8798031846004967,0.04887795470002759,0.020460539176755735,0.8798031846004967,0.0,0.03142154230716059,0.011136749172158185,0.008300030043400911
31154068990637,Book,,PL2448 .J5367 2023,NYU Inst Study Ancient World,Large Collection,9998711269107876,Jian shu Zhongguo : Gansu jian du bo wu guan jing pin wen wu tu lu /,7501081522; 9787501081523,,,Wen wu chu ban she,Beijing :,2023.,"Inscriptions, Chinese--China--Gansu Sheng--Catalogs.; Wooden tablets--China--Gansu Sheng--Catalogs.; Inscriptions, Chinese--China--Gansu Sheng--Bibliography.; Wooden tablets--China--Gansu Sheng--Bibliography.; Gansu.; Inscriptions chinoises--Chine--Gansu--Bibliographie.; Tablettes en bois--Chine--Gansu--Bibliographie.; Inscriptions chinoises--Chine--Gansu--Catalogues.; Tablettes en bois--Chine--Gansu--Catalogues.",http://vocab.getty.edu/tgn/1001261,,0,,,,,2025-02-10,2025-02-11,"China, South Asia, & East Asia",0.972494710521254,0.0,0.015195229851894594,0.972494710521254,0.0,0.0,0.012310059626851317,0.0
31154068990645,Book,,DS793.S62 X56 2024,NYU Inst Study Ancient World,Large Collection,9998711269207876,Xinjiang li shi wen wu ji cui = Xinjiang historical relics collection /,7501043841; 9787501043842,,"Xinjiang Weiwu'er Zizhiqu bo wu guan, issuing body.",Wen wu chu ban she,Beijing Shi :,2024.,Xinjiang Weiwu'er Zizhiqu bo wu guan--Catalogs.; Xinjiang Uygur Zizhiqu (China)--Antiquities--Catalogs.; Xinjiang Uygur Zizhiqu.,http://vocab.getty.edu/tgn/7001745,,0,,,,,2025-02-10,2025-02-11,"China, South Asia, & East Asia",0.8526409133484977,0.07751281030440889,0.019828858449965063,0.8526409133484977,0.0,0.030451461191017774,0.011522174504709428,0.008043782201400921
31154068990652,Book,,DS793.Y3 B355 2023,NYU Inst Study Ancient World,Large Collection,9998711269007876,Chang Jiang xia you di qu Xia Shang shi qi kao gu xue wen hua yan jiu /,7501082006; 9787501082001,,"Bai, Guozhu, author.",Wen wu chu ban she,Beijing :,2023,"Archaeology--China--Yangtze River Valley.; Yangtze River Valley (China)--Antiquities.; Yangtze River Valley (China)--Civilization.; China--History--To 221 B.C.; Yangtze River.; Imperial China.; China.; Ancient China.; Archéologie--Chine--Yangzi jiang, Vallée du.; Yangzi jiang, Vallée du (Chine)--Civilisation.; Chine--Histoire--Jusqu'à 221 av. J.-C.",http://vocab.getty.edu/tgn/1122679; http://vocab.getty.edu/tgn/8697462; http://vocab.getty.edu/tgn/1000111; http://vocab.getty.edu/tgn/8697463;,,0,,,,,2025-02-10,2025-02-11,"China, South Asia, & East Asia",0.8315864528541534,0.046199247380786304,0.07343197360779276,0.8315864528541534,0.0,0.02969951617336262,0.011237654768299372,0.00784515521560522
31154068990660,Book,,DS797.62.F896 F896 2024,NYU Inst Study Ancient World,Large Collection,9998711268907876,Fuxin Gaolintai cheng zhi fa jue bao gao /,7501083940; 9787501083947,,,Wen wu chu ban she,Beijing Shi :,2024.,Fuxin Shi (China)--Antiquities.; Excavations (Archaeology)--China--Fuxin Shi.; Fuxin.; Gaolintai.,http://vocab.getty.edu/tgn/8200758;,http://www.wikidata.org/entity/Q132201782,0,,,,,2025-02-10,2025-02-11,"China, South Asia, & East Asia",0.9271084455457478,0.0,0.014486069461652309,0.9271084455457478,0.0226124011108719,0.02405753393811078,0.01173554994361706,0.0
31154068990678,Book,,DS797.48.D36 D3652 2023,NYU Inst Study Ancient World,Large Collection,9998711268807876,Danjiangkou Lianhuachi mu di /,7030772741; 9787030772749,,,Ke xue chu ban she,Beijing :,2023.,Excavations (Archaeology)--China--Danjiangkou Shi.; Tombs--China--Danjiangkou Shi.; Danjiangkou Shi (China)--Antiquities.; Danjiangkou.; Lianhuachi site.,http://vocab.getty.edu/tgn/8202735;,http://www.wikidata.org/entity/Q132201818,0,,,,,2025-02-10,2025-02-11,"China, South Asia, & East Asia",0.8850792583280038,0.04917106990711132,0.01382936341137506,0.8850792583280038,0.0,0.03160997351171442,0.011960530517945999,0.008349804323849092
31154068990686,Book,,DS749.72 .N365 2024,NYU Inst Study Ancient World,Large Collection,9998711268707876,Nan Han er ling /,750108209X; 9787501082094,,,Wen wu chu ban she,Beijing Shi :,2024.,"Excavations (Archaeology)--China--Guangzhou.; Tombs--China--Guangzhou.; China--Kings and rulers--Tombs.; Guangzhou (China)--Antiquities.; China--History--Southern Han kingdom, 917-971.; Imperial China.; China.; Ancient China.; Canton.; Southern Han Dynasty Mausoleum Museum.; Fouilles (Archéologie)--Chine--Canton.; Tombeaux--Chine--Canton.",http://vocab.getty.edu/tgn/8697462; http://vocab.getty.edu/tgn/1000111; http://vocab.getty.edu/tgn/8697463; http://vocab.getty.edu/tgn/7018040;,http://www.wikidata.org/entity/Q232014,0,,,,,2025-02-10,2025-02-11,"China, South Asia, & East Asia",0.9228593414568681,0.0,0.014419677210263564,0.9228593414568681,0.0,0.042332997314535235,0.011681763815909723,0.008706220202423284
31154068990694,Book,,DS793.Y3 S26953 2022,NYU Inst Study Ancient World,Small Collection,9998711268507876,San Xia hou xu kao gu fa xian = SanXia houxu kaogu faxian /,756905606X; 9787569056068; 7569064739; 9787569064735; 7569064747; 9787569064742,,,Sichuan da xue chu ban she,Chengdu :,2022-,"Excavations (Archaeology)--China--Yangtze River Gorges.; Yangtze River Gorges (China)--Antiquities--Pictorial works.; Antiquities; Excavations (Archaeology); China--Yangtze River Gorges; Three Gorges Project.; Fouilles (Archéologie)--Chine--Yangzi jiang, Gorges du.",http://vocab.getty.edu/tgn/7029727,https://id.oclc.org/worldcat/entity/E39QbtfRF8RmQfRjkPMMBTBQhB;,0,v.2,,,,2025-02-10,2026-03-04,"China, South Asia, & East Asia",0.7813271188185249,0.07102973807441135,0.1019122328893728,0.7813271188185249,0.0,0.03584069352378555,0.009890216693905378,0.0
31154068990702,Book,,DS793.Y3 S26953 2022,NYU Inst Study Ancient World,Small Collection,9998711268507876,San Xia hou xu kao gu fa xian = SanXia houxu kaogu faxian /,756905606X; 9787569056068; 7569064739; 9787569064735; 7569064747; 9787569064742,,,Sichuan da xue chu ban she,Chengdu :,2022-,"Excavations (Archaeology)--China--Yangtze River Gorges.; Yangtze River Gorges (China)--Antiquities--Pictorial works.; Antiquities; Excavations (Archaeology); China--Yangtze River Gorges; Three Gorges Project.; Fouilles (Archéologie)--Chine--Yangzi jiang, Gorges du.",http://vocab.getty.edu/tgn/7029727,https://id.oclc.org/worldcat/entity/E39QbtfRF8RmQfRjkPMMBTBQhB;,0,v.1,,,,2025-02-10,2026-03-04,"China, South Asia, & East Asia",0.7813271188185249,0.07102973807441135,0.1019122328893728,0.7813271188185249,0.0,0.03584069352378555,0.009890216693905378,0.0
31154068990736,Book,,TX360.M37 H67 2025,NYU Inst Study Ancient World,Small Collection,9998711559407876,How to eat : an ancient guide for healthy living : a buffet of ancient authors /,0691256993; 9780691256993; 9780691261584; 069126158X,,,Princeton University Press,Princeton :,[2025],Diet--Mediterranean Region--Early works to 1800.; Nutrition--Greece--Early works to 1800.; Nutrition--Rome--Early works to 1800.; Food habits--Greece--Early works to 1800.; Food habits--Rome--Early works to 1800.; Functional foods--Early works to 1800.; PHILOSOPHY / Social.; HEALTH & FITNESS / Diet & Nutrition / General.; Internum Mare.; Nutrition--Grèce--Ouvrages avant 1800.; Habitudes alimentaires--Grèce--Ouvrages avant 1800.; Habitudes alimentaires--Rome--Ouvrages avant 1800.; Nutrition--Rome--Ouvrages avant 1800.; Nutraceutiques--Ouvrages avant 1800.,https://pleiades.stoa.org/places/1043,,0,,,,,2025-02-13,2025-02-13,European and Classical Antiquity,0.8982620491888443,0.0,0.028070689037151385,0.02984960083796308,0.04381766093604118,0.0,0.8982620491888443,0.0
31154068990744,Book,,PJ3023 .S36 2024,NYU Inst Study Ancient World,Small Collection,9998711559307876,The Semitic sibilants : correspondences and discrepancies /,344712217X; 9783447122177,,"Schneider, Roey, author.",Harrassowitz Verlag,Wiesbaden :,2024.,Semitic languages--Phonemics.; Semitic languages--Phonemics; Middle East.,http://vocab.getty.edu/tgn/7001526,,0,,,,,2025-02-13,2025-02-13,Ancient Western Asia,0.9095037917995733,0.9095037917995733,0.0,0.0,0.0,0.07092460761739791,0.01957160058302879,0.0
31154068990751,Book,,DS485.A96 A73 2019,NYU Inst Study Ancient World,Large Collection,9998714068707876,"Report of archaeological survey of the eastern part of District Ayodhya : National Trust for Promotion of Knowledge, Lucknow U.P. /",9388684842; 9789388684842,,"Kumar, Vijay (Archaeologist), author.",Vani Prakashan in association with Ayodhya Research Institute,New Delhi :,2019.,Ayodhya (India : District)--Antiquities.; Ayodhya (India : District)--History.; Archaeological surveying--India--Ayodhya (District); Ayodhya (India : District)--Gazetteers.; Ayodhya.,http://vocab.getty.edu/tgn/7001502,,0,,,,,2025-02-19,2025-02-19,"China, South Asia, & East Asia",0.6942123046292236,0.17998096786683573,0.09396212637415984,0.6942123046292236,0.0,0.0318446011297809,0.0,0.0
31154068990769,Book,,DS156.L8 A753 2024,NYU Inst Study Ancient World,Large Collection,9998714068607876,A Polichnion in Lycia : Kekova island research result /,6259820577; 9786259820576,,"Aslan, Erdoğan, author.",Koç Üniversitesi Yayınları; AKMED,Antalya : İstanbul :,2024.,"Lycia--Antiquities.; Kekova Island (Turkey)--Antiquities.; Archaeological surveying--Turkey--Lycia.; Archaeological surveying--Turkey--Kekova Island.; Cities and towns, Ancient--Turkey--Lycia.; Underwater archaeology--Turkey--Lycia.; Turkey--History--To 1453.; Cities and towns, Ancient--Turkey--Antalya.; Turkey--Antiquities.; Lycia.; Dolichiste (island).; Asia Minor.; Turkey.; Asie Mineure--Histoire.; Villes antiques--Turquie--Antalya.; Turquie--Antiquités.; Villes antiques--Turquie--Lycie.; Prospection archéologique--Turquie--Lycie.; Archéologie sous-marine--Turquie--Lycie.",https://pleiades.stoa.org/places/638965; https://pleiades.stoa.org/places/638826; https://pleiades.stoa.org/places/837; https://vocab.getty.edu/tgn/1000144;,,0,,,,,2025-02-19,2025-02-19,Ancient Western Asia,0.6973877179495908,0.6973877179495908,0.062397848448121275,0.0431112407459747,0.028916076110104983,0.05438344589515157,0.015007077474864612,0.09879659337619202
31154068990777,Book,,DF212.P43 K86 2024,NYU Inst Study Ancient World,Small Collection,9998714068207876,Die Kunst des Findens : Beiträge zur Altertumskunde des östlichen Mittelmeerraumes und Westasiens ; Festschrift zum 65. Geburtstag von Peter Pfälzner /,3963272864; 9783963272868; 9783963272875; 3963272872,,,Zaphon,Münster :,2024.,Archaeologists--Germany.; Excavations (Archaeology)--Middle East.; Excavations (Archaeology)--Mediterranean Region.; Archaeologists; Excavations (Archaeology); Germany; Mediterranean Region; Middle East; Festschriften; Festschriften.; Internum Mare.; Middle East.; Archéologues--Allemagne.,https://pleiades.stoa.org/places/1043; http://vocab.getty.edu/tgn/7001526,https://id.oclc.org/worldcat/entity/E39PBJtCD3rcKcPDx6FHmjvrbd;,0,,,,,2025-02-19,2025-02-26,European and Classical Antiquity,0.8976356917048843,0.04986864953916024,0.014025557682888818,0.0,0.038470101073066476,0.0,0.8976356917048843,0.0
31154068990785,Book,,DS495.8.K3 V473 2023,NYU Inst Study Ancient World,Large Collection,9998714190107876,Harigaon revisited chronicle and outcomes of an excavation in Kathmandu : followed by a study on the statue from Maligaon its restoration and its inscription /,9937624339; 9789937624336,,"Verardi, Giovanni, authors.",Vajra Publications IncPvtLtd,"Kathmandu, Nepal :",2023.,"Harigaon Satya Nārāyaṇa Site (Kathmandu, Nepal); Excavations (Archaeology)--Nepal--Kathmandu.; Kathmandu (Nepal)--Antiquities.; Kathmandu.; Fouilles (Archéologie)--Népal--Katmandou.",http://vocab.getty.edu/tgn/1083294,,0,,,,,2025-02-20,2025-02-20,Ancient Western Asia,0.7657912454098642,0.7657912454098642,0.03027546784178533,0.08258924159712087,0.03175231993162852,0.0597176659264573,0.017592501583740126,0.012281557709403482
31154068990793,Book,In Process,DG248.S3 C47 2023,NYU Inst Study Ancient World,Small Collection,9998714164807876,"Scipion le premier Africain : un grand chef de guerre, un fin politique /",2355181349; 9782355181344,,"Cérini, Jacques, author.",Éditions Mergoil,Drémil-Lafage :,[2023],"Generals--Rome--Biography.; Consuls, Roman--Biography.; Punic War, 2nd, 218-201 B.C.; Scipio,--Africanus,--approximately 236 B.C.-183 B.C.; Punic War (2nd)--(218-201 B.C.); 218-201 B.C.; Biographies; Biographies.; Roman Empire.; Guerre punique, 2e, 218-201 av. J.-C.; Généraux--Rome--Biographies.; Consuls romains--Biographies.",http://vocab.getty.edu/tgn/7030347,,0,,,,,2025-02-26,2025-02-26,European and Classical Antiquity,1.0,0.0,0.0,0.0,0.0,0.0,1.0,0.0
31154068990801,Book,In Process,CC79.5.P5 N35 2022,NYU Inst Study Ancient World,Small Collection,9998714164707876,"Progress of archaeobotanical research at the Deccan College, 2000-2020 /",8195609864; 9788195609864,,"Naik, Satish S., author.",Deccan College Post-Graduate & Research Institute,Pune :,2022.,Deccan College Post-graduate and Research Institute.; Plant remains (Archaeology)--India.; Palynology--India.; India.; Restes de plantes (Archéologie)--Inde.; Palynologie--Inde.,https://pleiades.stoa.org/places/50004,,0,,,,,2025-02-26,2025-02-26,"China, South Asia, & East Asia",0.8870743855129817,0.0,0.013860537273640339,0.8870743855129817,0.03801747366484207,0.04069148557398999,0.011987491696121375,0.008368626278424355
31154068990819,Book,,CN1173.T73 V37 2020,NYU Inst Study Ancient World,Small Collection,9998714164607876,Travancore inscriptions : a topographical list /,8121241405; 9788121241403,,"Vasudeva Poduval, R., 1894- author.",Gyan,New Delhi :,2020.,Inscriptions--India--Travancore--History.; Inscriptions--India--Adur--History.; Inscriptions--India--Aruvittura--History.; Travancore (Princely State)--History.; Inscriptions; India--Travancore; History; Kerala.,http://vocab.getty.edu/tgn/1001886,https://id.oclc.org/worldcat/entity/E39QbtfRBR9CJrCKvxRKk8MXqp;,0,,,,,2025-02-26,2025-02-26,Egypt & North Africa,0.6995277108433735,0.0,0.015787951807228917,0.2526072289156627,0.0,0.6995277108433735,0.03207710843373494,0.0
31154068990827,Book,,DT87 .Z36 2022,NYU Inst Study Ancient World,Small Collection,9998714164507876,"Globalization and the limits of imperialism : ancient Egypt, Syria, and the Amarna diplomacy /",8076710960; 9788076710962,,"Zangani, Federico, author.",Czech Institute of Egyptology Charles University,Prague :,2022.,"Tell el-Amarna tablets.; Egypt--History--Eighteenth dynasty, ca. 1570-1320 B.C.; Egypt--History--To 640 A.D.; Egypt--Foreign relations--Syria.; Syria--Foreign relations--Egypt.; Tell el-Amarna tablets; Diplomatic relations; Egypt; Syria; To 640; History; Ancient Egypt (region); Syria.; Amarna.; Egypt.; Égypte--Histoire--Jusqu'à 640.; Égypte--Relations extérieures--Syrie.; Syrie--Relations extérieures--Égypte.; Égypte--Histoire--ca 1570-1320 av. J.-C. (XVIIIe dynastie)",https://pleiades.stoa.org/places/981503; https://pleiades.stoa.org/places/1306; https://pleiades.stoa.org/places/149576487; http://vocab.getty.edu/tgn/7016833;,https://id.oclc.org/worldcat/entity/E39QbtfRDwpX7XgppvP7ww3J9c; https://id.oclc.org/worldcat/entity/E39QbtfRrbPWVQ3tvhM9q9jX7B;,0,,,,,2025-02-26,2025-02-26,Egypt & North Africa,1.0,0.0,0.0,0.0,0.0,1.0,0.0,0.0
31154068990835,Book,,GT495 .C654 2021,NYU Inst Study Ancient World,Small Collection,9998714164207876,"Corps naissant, corps souffrant : anthropologie, médecine, épidémies à Byzance /",2916716807; 9782916716800,,"Congourdeau, Marie-Hélène, author.",Associations des amis du Centre d'histoire et de civilisation de Byzance,Paris :,2021.,"Human body--Byzantine Empire--History.; Human embryo--History.; Epidemics--Byzantine Empire--History.; Medicine--Byzantine Empire--History.; Medicine, Ancient.; History of Medicine; History, Ancient; history of medicine.; Human body; Medicine, Ancient; Human embryo; Civilization; Epidemics; Medicine; Byzantine Empire; History; Epidemics--History.; Medicine--History.; Byzantine Empire--Civilization.; Byzantine Empire--History.; Galatia I.; Byzantine Empire.; Médecine--Histoire.; Empire byzantin--Civilisation.; Empire byzantin--Histoire.; Corps humain--Empire byzantin--Histoire.; Embryon humain--Histoire.; Épidémies--Empire byzantin--Histoire.; Médecine--Empire byzantin--Histoire.; Médecine ancienne.",https://pleiades.stoa.org/places/copy_of_1001920; http://vocab.getty.edu/tgn/7024407;,,0,,,,,2025-02-26,2025-02-26,European and Classical Antiquity,0.6602645492301518,0.26022084405989515,0.0,0.03649850799801127,0.043016098711941855,0.0,0.6602645492301518,0.0
31154068990843,Book,,CC77.U72 L66 2023,NYU Inst Study Ancient World,Large Collection,9998714163507876,Looking at the city : architectural and archaeological perspectives /,9602044489; 9789602044483,,,Melissa Publishing House,"Athens, Greece :",[2023],"Cities and towns, Ancient--Greece.; Urban archaeology--Greece.; Architecture and archaeology--Greece.; Greece--Antiquities.; Essays.; Hellas.; Greece.; Archéologie urbaine--Grèce.; Villes antiques--Grèce.; Grèce--Antiquités.; Architecture et archéologie--Grèce.",https://pleiades.stoa.org/places/696690497; http://vocab.getty.edu/tgn/1000074;,,0,,,,,2025-02-26,2025-02-26,Cross-Cultural Studies & Other,0.6025414411035027,0.03765884006896892,0.00941471001724223,0.021910597858309188,0.6025414411035027,0.02151933718226795,0.30127072055175136,0.005684353217957572
31154068990850,Book,,DS425 .A76 2024,NYU Inst Study Ancient World,Small Collection,9998714163407876,Disease and healing in the Indus civilization /,9781803277387; 1803277386; 9781803277394; 1803277394,,"Arnott, Robert, 1951-2024, author.",Archaeopress Archaeology,Oxford :,2024.,"Indus civilization.; Medicine, Ancient.; Indus/Sinthos/Phison (river); Civilisation de l'Indus.; Médecine ancienne.",https://pleiades.stoa.org/places/59851,,1,,,,,2025-02-26,2025-02-26,"China, South Asia, & East Asia",0.583397453355956,0.24200190657728549,0.09334359253695299,0.583397453355956,0.0,0.04281816171419862,0.029632886519667608,0.00880599929593896
31154068990876,Book,,CN415.C5 D33 1987,NYU Inst Study Ancient World,Small Collection,990018429290107876,Inscriptions de Cilicie /,9782701800363; 2701800366,,"Dagron, Gilbert.",De Boccard,Paris :,1987.,"Cilicia--Antiquities, Byzantine; Inscriptions, Byzantine--Turkey--Cilicia; Byzantine antiquities; Inscriptions, Byzantine; Asia--Cilicia; Inscriptions, Byzantine--Turkey--Cilicia.; Greek language, Medieval and late--Inscriptions--Turkey--Cilicia.; Byzantine antiquities.; Cilicia--Antiquities, Byzantine.; Cilicia.; Inscriptions grecques--Turquie--Cilicie.; Inscriptions grecques byzantines--Turquie--Cilicie.; Cilicie.; Inscriptions--Cilicie.; Cilicie--Antiquités.",https://pleiades.stoa.org/places/658440;,https://id.oclc.org/worldcat/entity/E39PBJd3KTRVMw3CVJqrw3xdQq;,0,,,,,2025-02-27,2025-03-06,European and Classical Antiquity,0.7259324849489343,0.13198772453616986,0.022685390154654195,0.05279508981446794,0.0,0.06659931054577378,0.7259324849489343,0.0
31154068990884,Book,,CN455 .F44 2006,NYU Inst Study Ancient World,Small Collection,990003936090107876,Chroniques d'épigraphie byzantine : 1987-2004 /,9782916716015; 2916716017,,"Feissel, Denis.",Association des amis du Centre d'histoire et civilisation de Byzance,Paris :,2006.,"Inscriptions, Greek--Byzantine Empire--Bibliography.; Inscriptions, Greek; Byzantine Empire; Bibliographies; History; Epigraphik; Griechisch; Inschrift; Byzantinisches Reich; Bibliografie.; Quelle.; Epigrafie.; Byzantijnse tijd.; Byzantijnse rijk.; Inscriptions, Byzantine--Bibliography.; Byzantine Empire--History--Sources--Bibliography.; Griechisch.; Byzantine Empire.; Inscriptions grecques--Empire byzantin--Bibliographie.; Empire byzantin--Histoire--Sources--Bibliographie.; Epigraphy--Byzantine history",http://vocab.getty.edu/tgn/7024407;,,0,,,,,2025-02-27,2025-02-27,European and Classical Antiquity,0.7282755122937948,0.1972647761652409,0.011888725349244431,0.027668306267332493,0.0,0.03490267992438732,0.7282755122937948,0.0
31154068990892,Book,,P949 .M45 2024,NYU Inst Study Ancient World,Reference 4 Collection,9998714161607876,A dictionary of cuneiform Luvian /,9798987178119,,"Melchert, H. Craig 1945- author. (Harold Craig),",Beech Stave Press,Ann Arbor :,[2024],Luwian language--Dictionaries.; Asia Minor.,https://pleiades.stoa.org/places/837,,0,,,,,2025-02-27,2025-02-27,Ancient Western Asia,0.9262911706696424,0.9262911706696424,0.015996804756630338,0.0,0.04387695018961464,0.0,0.013835074384112725,0.0
31154068990900,Book,In Process,DS486.H39 I43 2022,NYU Inst Study Ancient World,Large Collection,9998714161307876,"Damodar Valley civilization : the first report on the discovery of an ancient and living civilization in the valley of the river Damodar, Hazaribagh, Jharkhand, India /",9391610773; 9789391610777,,"Imam, Bulu, 1942- author.",Aisect Publication,"Bhopal, India :",[2022?],"Tribes--India--Damodar Valley--History.; Tribes--India--Hazārībāgh--History.; Ethnic art--India--Damodar Valley.; Ethnic art--India--Hazārībāgh.; Damodar Valley (India)--Civilization.; Hazārībāgh (India)--Civilization.; Damodar Valley (India)--Antiquities.; Hazārībāgh (India)--Antiquities.; India--Antiquities.; India.; Hazārībāg.; Art ethnique--Inde--Dāmodar, Vallée de la.; Inde--Antiquités.; Tribus--Inde--Dāmodar, Vallée de la--Histoire.",https://pleiades.stoa.org/places/50004; http://vocab.getty.edu/tgn/1075474;,,0,,,,,2025-02-27,2025-03-07,"China, South Asia, & East Asia",0.7775674894402002,0.07068795358547275,0.10142184644872176,0.7775674894402002,0.0,0.03566823346055965,0.009842626448610128,0.004811850616435489
31154068990934,Book,,PL2448 .C3992 2011,NYU Inst Study Ancient World,Large Collection,990039304130107876,Chu di chu tu Zhanguo jian ce he ji /,7501033447; 9787501033447; 7501036268; 9787501036264; 7501063338; 9787501063338; 750106332X; 9787501063321; 7501073090; 9787501073092; 7501083061; 9787501083060,,,Wen wu chu ban she,Beijing :,2011-,"Inscriptions, Chinese--China--Jingmen Shi.; China--History--Warring States, 403-221 B.C.--Sources.; Inscriptions, Chinese--Catalogs.; China--Antiquities.; Antiquities; Inscriptions, Chinese; China; China--Jingmen Shi; 403-221 B.C.; Jingmen.; Imperial China.; China.; Ancient China.; Inscriptions chinoises--Chine--Jingmen (Hubei); Chine--Antiquités.; Chine--Histoire--403-221 av. J.-C. (Royaumes combattants)--Sources.; Inscriptions chinoises--Catalogues.",http://vocab.getty.edu/tgn/8620804; http://vocab.getty.edu/tgn/8697462; http://vocab.getty.edu/tgn/1000111; http://vocab.getty.edu/tgn/8697463;,https://id.oclc.org/worldcat/entity/E39PBJdCqh8h6hJY7PT6MQW4bd;,0,v.6,,,,2025-02-28,2025-09-26,"China, South Asia, & East Asia",0.9846153846153847,0.0,0.015384615384615385,0.9846153846153847,0.0,0.0,0.0,0.0
31154068990991,Book,,DS797.77.W874 W466 2023,NYU Inst Study Ancient World,Large Collection,9998686565607876,Wushan Longtou Shan /,7030757882; 9787030757883,,,Ke xue chu ban she,Beijing :,2023.,"Wushan Xian (Sichuan Sheng, China)--History.; Excavations (Archaeology)--China--Wushan Xian (Sichuan Sheng)--History.; Longtoushan Site.",,https://www.wikidata.org/wiki/Q133420509,0,,,,,2025-02-28,2025-02-28,"China, South Asia, & East Asia",0.9236673138020937,0.0,0.021480635204699852,0.9236673138020937,0.0,0.04237006026615109,0.01248199072705532,0.0
31154068991007,Book,,PL2448 .C4367 2023,NYU Inst Study Ancient World,Oversize Collection,9998714157407876,Changsha Zoumalou xi Han jian du xuan cui = Changsha Zoumalou xi Han jiandu xuancui /,7553819042; 9787553819044,,,Yuelu shu she,Changsha Shi :,2023.,"Inscriptions, Chinese--China--Changsha Shi.; Wooden tablets--China--Changsha Shi.; Changsha.; Inscriptions chinoises--Chine--Changsha.; Tablettes en bois--Chine--Changsha.",http://vocab.getty.edu/tgn/8208120,,0,,,,,2025-02-28,2025-02-28,"China, South Asia, & East Asia",0.972494710521254,0.0,0.015195229851894594,0.972494710521254,0.0,0.0,0.012310059626851317,0.0
31154068991015,Book,In Process,DS797.28.G835 G8364 2023,NYU Inst Study Ancient World,Large Collection,9998714157207876,"Guanghe Qijiaping = Qijiaping site, Guanghe /",7501082197; 9787501082193,,,Wen wu chu ban she,Beijing :,2023.,Guanghe Xian (China)--Antiquities.; Excavations (Archaeology)--China--Guanghe Xian.; Qijiaping Site.,,http://www.wikidata.org/entity/Q11180227,0,,,,,2025-02-28,2025-03-31,"China, South Asia, & East Asia",0.8508081338339215,0.07734619398490196,0.013293877091155024,0.8508081338339215,0.0,0.039027896047427596,0.011497407213971914,0.0080264918286219
31154068991049,Book,,PL2457.Y5 L5816 2023,NYU Inst Study Ancient World,Small Collection,9998714156907876,Shang dai kao gu yu jia gu xue /,7522711185; 9787522711188,,"Liu, Yiman, author.",Zhongguo she hui ke xue chu ban she,Beijing :,2023.,Oracle bones--China--Yinxu (Extinct city); Anyang Shi (China)--Antiquities.; Essays.; Yin Ruins.; Anyang.; Os divinatoires--Chine--Yinxu (Ville ancienne),http://vocab.getty.edu/tgn/7032002; http://vocab.getty.edu/tgn/8212548,,0,,,,,2025-02-28,2025-02-28,"China, South Asia, & East Asia",0.972494710521254,0.0,0.015195229851894594,0.972494710521254,0.0,0.0,0.012310059626851317,0.0
31154069036166,Issue,,CC79.E85 B56,NYU Inst Study Ancient World,Library 6,990040390660107876,Bian jiang kao gu yan jiu = Research of China's frontier archaeology /,,,,Ke xue chu ban she,Beijing :,2002-,China--Antiquities--Periodicals.; China--Boundaries--Periodicals.; Excavations (Archaeology)--China--Periodicals.; Antiquities; Boundaries; Excavations (Archaeology); China; Periodicals; Periodicals.; Imperial China.; China.; Ancient China.,http://vocab.getty.edu/tgn/8697462; http://vocab.getty.edu/tgn/1000111; http://vocab.getty.edu/tgn/8697463,https://id.oclc.org/worldcat/entity/E39PBJdCqh8h6hJY7PT6MQW4bd;,0,no.34(2023),,,,2025-02-03,2025-05-28,"China, South Asia, & East Asia",0.6111418353426981,0.0,0.009549091177229657,0.6111418353426981,0.34922390591011315,0.021826494119382072,0.008258673450577,0.0
31154069036174,Issue,,CC79.E85 B56,NYU Inst Study Ancient World,Library 6,990040390660107876,Bian jiang kao gu yan jiu = Research of China's frontier archaeology /,,,,Ke xue chu ban she,Beijing :,2002-,China--Antiquities--Periodicals.; China--Boundaries--Periodicals.; Excavations (Archaeology)--China--Periodicals.; Antiquities; Boundaries; Excavations (Archaeology); China; Periodicals; Periodicals.; Imperial China.; China.; Ancient China.,http://vocab.getty.edu/tgn/8697462; http://vocab.getty.edu/tgn/1000111; http://vocab.getty.edu/tgn/8697463,https://id.oclc.org/worldcat/entity/E39PBJdCqh8h6hJY7PT6MQW4bd;,0,no.35(2024),,,,2025-02-03,2025-05-28,"China, South Asia, & East Asia",0.6111418353426981,0.0,0.009549091177229657,0.6111418353426981,0.34922390591011315,0.021826494119382072,0.008258673450577,0.0
31154069036182,Issue,,DS715 .B45,NYU Inst Study Ancient World,Library 6,990060468820107876,Bei fang min zu kao gu = The archaeology of northern ethnicity /,,,,Ke xue chu ban she,Beijing :,2014-,China--Antiquities--Periodicals.; Excavations (Archaeology)--China--Periodicals.; Antiquities; Excavations (Archaeology); China; periodicals.; Periodicals; Periodicals.; Périodiques.; Imperial China.; China.; Ancient China.; Chine--Antiquités--Périodiques.,http://vocab.getty.edu/tgn/8697462; http://vocab.getty.edu/tgn/1000111; http://vocab.getty.edu/tgn/8697463;,https://id.oclc.org/worldcat/entity/E39PBJcrd4RjtCBk4wfMhTwwG3;,0,v.16(2024),,,,2025-02-03,2025-02-03,"China, South Asia, & East Asia",0.8612930359887443,0.05383081474929652,0.01345770368732413,0.8612930359887443,0.021007147219237667,0.039508854861869,0.010902443493528409,0.0
31154069036190,Issue,,DS793.S644 D66,NYU Inst Study Ancient World,Library 6,990041466930107876,Dong fang kao gu /,,,,Ke xue chu ban she,Beijing :,2004-,"China, Southeast--Antiquities--Periodicals.; Orient--Antiquities--Periodicals.; Antiquities; Asia--Orient; Southeast China; periodicals.; Periodicals; Periodicals.; Périodiques.; Southeast China.; Orient.",,https://id.oclc.org/worldcat/entity/E39PBJdGHcRvTRKtdxh3kRRVG3; https://www.wikidata.org/entity/Q14203776; https://www.wikidata.org/entity/Q205653,0,no.22(2023),,,,2025-02-03,2025-02-03,"China, South Asia, & East Asia",0.800822882839671,0.07280208025815191,0.0800822882839671,0.800822882839671,0.0,0.02860081724427396,0.01013699851695786,0.007554932856978027
31154069036208,Issue,,DS793.S644 D66,NYU Inst Study Ancient World,Library 6,990041466930107876,Dong fang kao gu /,,,,Ke xue chu ban she,Beijing :,2004-,"China, Southeast--Antiquities--Periodicals.; Orient--Antiquities--Periodicals.; Antiquities; Asia--Orient; Southeast China; periodicals.; Periodicals; Periodicals.; Périodiques.; Southeast China.; Orient.",,https://id.oclc.org/worldcat/entity/E39PBJdGHcRvTRKtdxh3kRRVG3; https://www.wikidata.org/entity/Q14203776; https://www.wikidata.org/entity/Q205653,0,no.23(2024),,,,2025-02-03,2025-02-03,"China, South Asia, & East Asia",0.800822882839671,0.07280208025815191,0.0800822882839671,0.800822882839671,0.0,0.02860081724427396,0.01013699851695786,0.007554932856978027
31154069036216,Issue,,DS715 .Z467,NYU Inst Study Ancient World,Library 6,990043051580107876,Zhongguo wen wu nian jian /,,,,Ke xue chu ban she,Beijing :,2003-,China--Relics--Periodicals.; China--Antiquities--Periodicals.; Antiquities; Relics; China; Periodicals; Periodicals.; Imperial China.; China.; Ancient China.; Zhongguo nian jian,http://vocab.getty.edu/tgn/8697462; http://vocab.getty.edu/tgn/1000111; http://vocab.getty.edu/tgn/8697463,https://id.oclc.org/worldcat/entity/E39PBJdCqh8h6hJY7PT6MQW4bd;,0,2021,,,,2025-02-03,2025-02-03,"China, South Asia, & East Asia",0.925016078586442,0.0,0.021512001827591675,0.925016078586442,0.0,0.033036288520944354,0.011709064285904328,0.008726566779117376
31154069036224,Issue,,DS715 .Z467,NYU Inst Study Ancient World,Library 6,990043051580107876,Zhongguo wen wu nian jian /,,,,Ke xue chu ban she,Beijing :,2003-,China--Relics--Periodicals.; China--Antiquities--Periodicals.; Antiquities; Relics; China; Periodicals; Periodicals.; Imperial China.; China.; Ancient China.; Zhongguo nian jian,http://vocab.getty.edu/tgn/8697462; http://vocab.getty.edu/tgn/1000111; http://vocab.getty.edu/tgn/8697463,https://id.oclc.org/worldcat/entity/E39PBJdCqh8h6hJY7PT6MQW4bd;,0,2022,,,,2025-02-03,2025-02-03,"China, South Asia, & East Asia",0.925016078586442,0.0,0.021512001827591675,0.925016078586442,0.0,0.033036288520944354,0.011709064285904328,0.008726566779117376
31154069036232,Book,,PJ1555 .A3 2006 Bd.8,NYU Inst Study Ancient World,Large Collection,9998708170407876,"Die Sprüche vom Kennen der Seelen (Tb 107-109, 111-116) /",3905719215; 9783905719215,,,Orientverlag,Basel :,2012.,Book of the dead.; Egyptian language--Texts.; Book of the dead; Egyptian language; Texts; Ancient Egypt (region); Égyptien (Langue)--Textes.,https://pleiades.stoa.org/places/981503,,1,,,,,2025-02-04,2025-02-04,Egypt & North Africa,0.8935014860631376,0.0812274078239216,0.013960960719736525,0.0,0.0,0.8935014860631376,0.011310145393204274,0.0
31154069036240,Book,,PJ1555 .A3 2006 Bd.2,NYU Inst Study Ancient World,Large Collection,9998708170307876,Die Verwandlungssprüche (Tb 76-88) /,3905719118; 9783905719116,,,Orientverlag,Basel :,2006.,"Book of the dead.; Egyptian language--Texts.; Metamorphosis.; Book of the dead; Egyptian language; Texts; Incantations.; Totenbuch; Ägypten--Altertum; Ägyptisches Totenbuch; Metamorphose; Spruch; Ägyptisch; Ausgabe; Anthologie; Ancient Egypt (region); Égyptien (Langue)--Textes.; Incantations, Egyptian.",https://pleiades.stoa.org/places/981503,,1,,,,,2025-02-04,2025-02-04,Egypt & North Africa,0.9166666666666667,0.08333333333333334,0.0,0.0,0.0,0.9166666666666667,0.0,0.0
31154069036257,Issue,,DS797.77.C48 C472,NYU Inst Study Ancient World,Library 6,990059364250107876,Chengdu kao gu fa xian /,,,,Ke xue chu ban she,Beijing :,2001-,Chengdu (China)--Antiquities--Periodicals.; Excavations (Archaeology)--China--Chengdu--History--Periodicals.; Antiquities; Excavations (Archaeology); China--Chengdu; periodicals.; History; Periodicals; Periodicals.; Périodiques.; Chengdu.; Chengdu (China)--Antiquities--Periodicals; Fouilles (Archéologie)--Chine--Chengdu--Histoire--Périodiques.,http://vocab.getty.edu/tgn/7001761;,https://id.oclc.org/worldcat/entity/E39PBJtGXpbPh3Xp4YDFx3yKh3;,0,2021,,,,2025-02-04,2025-02-04,"China, South Asia, & East Asia",0.7982195059489755,0.04434552810827641,0.09124657945848298,0.7982195059489755,0.01946876843777989,0.0366155736673842,0.010104044379100955,0.0
31154069036265,Issue,,DS793.S644 N36,NYU Inst Study Ancient World,Library 6,990040390240107876,Nan fang min zu kao gu = Southern ethnology and archaeology /,,,,Ke xue chu ban she; Sichuan da xue chu ban she,Chengdu :,1987-,"Ethnology--China, Southeast.; Ethnology--Southeast Asia.; China, Southeast--Ethnic relations.; Southeast Asia--Ethnic relations.; Ethnic relations; Ethnology; Southeast China; Southeast Asia; Southeast Asia.; Southeast China.",http://vocab.getty.edu/tgn/7016821;,https://www.wikidata.org/entity/Q14203776,0,v.26(2023),,,,2025-02-04,2025-02-04,"China, South Asia, & East Asia",0.8194662732758832,0.0512166420797427,0.08194662732758833,0.8194662732758832,0.0,0.029266652616995827,0.010372990800960546,0.007730813898829086
31154069036273,Issue,,DS793.S644 N36,NYU Inst Study Ancient World,Library 6,990040390240107876,Nan fang min zu kao gu = Southern ethnology and archaeology /,,,,Ke xue chu ban she; Sichuan da xue chu ban she,Chengdu :,1987-,"Ethnology--China, Southeast.; Ethnology--Southeast Asia.; China, Southeast--Ethnic relations.; Southeast Asia--Ethnic relations.; Ethnic relations; Ethnology; Southeast China; Southeast Asia; Southeast Asia.; Southeast China.",http://vocab.getty.edu/tgn/7016821;,https://www.wikidata.org/entity/Q14203776,0,v.27(2023),,,,2025-02-04,2025-02-04,"China, South Asia, & East Asia",0.8194662732758832,0.0512166420797427,0.08194662732758833,0.8194662732758832,0.0,0.029266652616995827,0.010372990800960546,0.007730813898829086
31154069036281,Issue,,DS715 .K35,NYU Inst Study Ancient World,Library 6,990039059410107876,Kao gu xue ji kan /,,,,Zhongguo she hui ke xue chu ban she,Beijing :,1981-,Archaeology--China--Periodicals.; China--Antiquities--Periodicals.; Antiquities; Archaeology; China; Periodicals; Imperial China.; China.; Ancient China.,http://vocab.getty.edu/tgn/8697462; http://vocab.getty.edu/tgn/1000111; http://vocab.getty.edu/tgn/8697463,https://id.oclc.org/worldcat/entity/E39PBJdCqh8h6hJY7PT6MQW4bd;,0,no.28(2023),,,,2025-02-04,2025-02-04,"China, South Asia, & East Asia",0.9104179995104843,0.0,0.02117251161652289,0.9104179995104843,0.022205317061231324,0.03251492855394587,0.011524278474816256,0.0021649647829992003
31154069036299,Issue,,DS715 .K35,NYU Inst Study Ancient World,Library 6,990039059410107876,Kao gu xue ji kan /,,,,Zhongguo she hui ke xue chu ban she,Beijing :,1981-,Archaeology--China--Periodicals.; China--Antiquities--Periodicals.; Antiquities; Archaeology; China; Periodicals; Imperial China.; China.; Ancient China.,http://vocab.getty.edu/tgn/8697462; http://vocab.getty.edu/tgn/1000111; http://vocab.getty.edu/tgn/8697463,https://id.oclc.org/worldcat/entity/E39PBJdCqh8h6hJY7PT6MQW4bd;,0,no.29(2023),,,,2025-02-04,2025-02-04,"China, South Asia, & East Asia",0.9104179995104843,0.0,0.02117251161652289,0.9104179995104843,0.022205317061231324,0.03251492855394587,0.011524278474816256,0.0021649647829992003
31154069036307,Issue,,DS715 .K35,NYU Inst Study Ancient World,Library 6,990039059410107876,Kao gu xue ji kan /,,,,Zhongguo she hui ke xue chu ban she,Beijing :,1981-,Archaeology--China--Periodicals.; China--Antiquities--Periodicals.; Antiquities; Archaeology; China; Periodicals; Imperial China.; China.; Ancient China.,http://vocab.getty.edu/tgn/8697462; http://vocab.getty.edu/tgn/1000111; http://vocab.getty.edu/tgn/8697463,https://id.oclc.org/worldcat/entity/E39PBJdCqh8h6hJY7PT6MQW4bd;,0,no.30(2024),,,,2025-02-04,2025-02-04,"China, South Asia, & East Asia",0.9104179995104843,0.0,0.02117251161652289,0.9104179995104843,0.022205317061231324,0.03251492855394587,0.011524278474816256,0.0021649647829992003
31154069036315,Issue,,DS715 .Z47,NYU Inst Study Ancient World,Library 6,990041599440107876,Zhongguo zhong yao kao gu fa xian = Major archaeological discoveries in China in ... /,,,,Wen wu chu ban she,Beijing :,2000-,Excavations (Archaeology)--China--Periodicals.; China--Antiquities--Periodicals.; Antiquities; Excavations (Archaeology); China; Periodicals; Periodicals.; Imperial China.; China.; Ancient China.,http://vocab.getty.edu/tgn/8697462; http://vocab.getty.edu/tgn/1000111; http://vocab.getty.edu/tgn/8697463,https://id.oclc.org/worldcat/entity/E39PBJdCqh8h6hJY7PT6MQW4bd;,0,2023,,,,2025-02-04,2025-02-04,"China, South Asia, & East Asia",0.8683765782649358,0.04824314323694087,0.020194804145696178,0.8683765782649358,0.021179916543047215,0.031013449223747703,0.010992108585632097,0.0
31154069036323,Issue,,NA4640 .S55,NYU Inst Study Ancient World,Large Collection,9998753885107876,Shi ku si yan jiu /,,,,Ke xue chu ban she; Wen wu chu ban she,Beijing :,2010,Cave temples--China--Periodicals.; Buddhist cave temples--China--Periodicals.; Cave temples--Conservation and restoration--China--Periodicals.; Buddhist cave temples--Conservation and restoration--China--Periodicals.; Buddhist cave temples.; Buddhist cave temples--Conservation and restoration.; Cave temples.; Cave temples--Conservation and restoration.; China.; Periodicals.,(OCoLC)fst01206073,,0,no.15(2023),,,,2025-02-04,2025-09-26,"China, South Asia, & East Asia",0.7045131782330762,0.0,0.011008018409891816,0.7045131782330762,0.030193421924274697,0.025161184936895578,0.22247784575781354,0.006646350738047889
31154069036331,Issue,,GN772.32.C6 K36,NYU Inst Study Ancient World,Library 6,9998786549907876,Kao gu Zhongguo zhong da xiang mu cheng guo /,,,,Wen wu chu ban she,Beijing :,2021-,Excavations (Archaeology)--China.; China--Antiquities.; Historic sites--China.; Ancient China.; Imperial China.; Chine--Antiquités.; Lieux historiques--Chine.,http://vocab.getty.edu/tgn/8697463; http://vocab.getty.edu/tgn/8697462;,,0,2018/2020,,,,2025-02-04,2026-03-04,"China, South Asia, & East Asia",0.8755597790463535,0.0,0.020361855326659385,0.8755597790463535,0.03752399053055801,0.0,0.011831888906031806,0.054722486190397095
31154069036349,Issue,,NB1047.M35 S55,NYU Inst Study Ancient World,Large Collection,990059107710107876,Shi ku yi shu yan jiu /,,,,Wen wu chu ban she,Beijing Shi :,2016-,"Stone carving--China--Maiji Mountain Caves--Periodicals.; Mural painting and decoration, Chinese--China--Maiji Mountain Caves--Periodicals.; Buddhist mural painting and decoration--China--Maiji Mountain Caves--Periodicals.; Maiji Mountain Caves (China)--Periodicals.; Buddhist mural painting and decoration; Mural painting and decoration, Chinese; Stone carving; China--Maiji Mountain Caves; Serial publications; Periodicals; Serial publications.; Maijishan Grottoes.",,https://www.wikidata.org/entity/Q1885375,0,v.7(2023),,,,2025-02-04,2025-02-04,"China, South Asia, & East Asia",0.9628601020369019,0.0,0.015044689094326592,0.9628601020369019,0.0,0.0,0.013011623000498676,0.009083585868272659
31154069036356,Issue,,DS793.N6 X5,NYU Inst Study Ancient World,Library 6,990040241000107876,Xi yu wen shi = Literature & history of the Western regions.,,,,Ke xue chu ban she,Beijing :,2006-,"China, Northwest--History--Periodicals.; China, Northwest--Civilization--Periodicals.; Civilization; Northwest China; History; Periodicals; Northwest China.",,https://www.wikidata.org/entity/Q1153001,0,v.18(2024),,,,2025-02-04,2025-02-04,"China, South Asia, & East Asia",0.8184075752925329,0.05115047345578331,0.0818407575292533,0.8184075752925329,0.0,0.03754163189415289,0.011059561828277473,0.0
31154069036364,Issue,,DS797.62.S546 S4,NYU Inst Study Ancient World,Library 6,990041636050107876,Shenyang kao gu wen ji.,,,,Ke xue chu ban she,Beijing :,2007,Shenyang Shi (China)--Antiquities.; Excavations (Archaeology)--China--Shenyang Shi.; Antiquities; Excavations (Archaeology); China--Shenyang Shi; Shenyang.,http://vocab.getty.edu/tgn/7016661,https://id.oclc.org/worldcat/entity/E39QbtfRqwwdqvcFFVgkPwGm7B;,0,v.9(2024),,,,2025-02-04,2025-02-04,"China, South Asia, & East Asia",0.8683765782649358,0.04824314323694087,0.020194804145696178,0.8683765782649358,0.021179916543047215,0.031013449223747703,0.010992108585632097,0.0
31154069036372,Issue,,DS793.N6 X49246,NYU Inst Study Ancient World,Library 6,990056876930107876,Xi bu kao gu /,,,,Ke xue chu ban she; San qin chu ban she,Xi'an :,2015-,"China, Northwest--Antiquities--Periodicals.; China, Southwest--Antiquities--Periodicals.; Excavations (Archaeology)--China, Northwest--Periodicals.; Excavations (Archaeology)--China, Southwest--Periodicals.; Antiquities; Excavations (Archaeology); Northwest China; Southwest China; Periodicals; Periodicals.; Southwest China.; Northwest China.",,https://www.wikidata.org/entity/Q1190484; https://www.wikidata.org/entity/Q1153001,0,v.26(2024),,,,2025-02-04,2025-02-04,"China, South Asia, & East Asia",0.8793818537466209,0.05400521430300724,0.020450740784805136,0.8793818537466209,0.0,0.03140649477666503,0.01113141587021039,0.003624280518691066
31154069036380,Issue,,DS797.68.X536 C5363,NYU Inst Study Ancient World,Library 6,990081375870107876,Chang'an xue yan jiu.,,,,Zhonghua shu ju,Beijing Shi :,2016-,"Xi'an Shi (China)--History--Periodicals.; China--History--Tang dynasty, 618-907--Periodicals.; Tang Dynasty (China); China; China--Xi'an Shi; 618-907; History; Periodicals; Sian.; Imperial China.; China.; Ancient China.; Chine--Histoire--618-907 (Dynastie des Tang)--Périodiques.",http://vocab.getty.edu/tgn/7001810; http://vocab.getty.edu/tgn/8697462; http://vocab.getty.edu/tgn/1000111; http://vocab.getty.edu/tgn/8697463;,https://id.oclc.org/worldcat/entity/E39PBJdCqh8h6hJY7PT6MQW4bd; https://id.oclc.org/worldcat/entity/E39QbtfRjyjFj4XBwTDP3HY99c;,0,no.8(2023),,,,2025-02-04,2025-02-04,"China, South Asia, & East Asia",0.9239396494682779,0.0,0.014436557022941842,0.9239396494682779,0.0,0.04238255272790266,0.012485670938760513,0.006755569842117027
31154069036398,Issue,,DS797.68.X536 C5363,NYU Inst Study Ancient World,Library 6,990081375870107876,Chang'an xue yan jiu.,,,,Zhonghua shu ju,Beijing Shi :,2016-,"Xi'an Shi (China)--History--Periodicals.; China--History--Tang dynasty, 618-907--Periodicals.; Tang Dynasty (China); China; China--Xi'an Shi; 618-907; History; Periodicals; Sian.; Imperial China.; China.; Ancient China.; Chine--Histoire--618-907 (Dynastie des Tang)--Périodiques.",http://vocab.getty.edu/tgn/7001810; http://vocab.getty.edu/tgn/8697462; http://vocab.getty.edu/tgn/1000111; http://vocab.getty.edu/tgn/8697463;,https://id.oclc.org/worldcat/entity/E39PBJdCqh8h6hJY7PT6MQW4bd; https://id.oclc.org/worldcat/entity/E39QbtfRjyjFj4XBwTDP3HY99c;,0,no.9(2024),,,,2025-02-04,2025-02-04,"China, South Asia, & East Asia",0.9239396494682779,0.0,0.014436557022941842,0.9239396494682779,0.0,0.04238255272790266,0.012485670938760513,0.006755569842117027
31154069036406,Book,,PJ1555 .A3 2006 Bd.4,NYU Inst Study Ancient World,Large Collection,9998708170007876,Die Fährmannsprüche (Tb 98-99) /,3905719142; 9783905719147,,,Orientverlag,Basel :,2009.,"Book of the dead.; Future life.; Egyptian language--Texts.; Book of the dead; Egyptian language; Future life; Incantations, Egyptian; Texts; Incantations.; Spruch; Ägyptisches Totenbuch; Ägyptisch; Ausgabe; Ancient Egypt (region); Vie future.; Égyptien (Langue)--Textes.; Incantations, Egyptian.",https://pleiades.stoa.org/places/981503,,1,,,,,2025-02-04,2025-02-04,Egypt & North Africa,0.9061522419186653,0.08237747653806048,0.0,0.0,0.0,0.9061522419186653,0.011470281543274244,0.0
31154069036414,Book,,PJ1555 .A3 2006 Bd.6,NYU Inst Study Ancient World,Large Collection,9998708169907876,Totenbuch Spruch 149/150 /,3905719177; 9783905719178,,,Orientverlag,Basel :,2010.,Book of the dead.; Egyptian language--Texts.; Book of the dead; Egyptian language; Texts; Ancient Egypt (region); Égyptien (Langue)--Textes.,https://pleiades.stoa.org/places/981503,,0,,,,,2025-02-04,2025-02-04,Egypt & North Africa,0.7941176470588235,0.20588235294117646,0.0,0.0,0.0,0.7941176470588235,0.0,0.0
31154069036422,Book,,PJ1555 .A3 2006 Bd.7,NYU Inst Study Ancient World,Large Collection,9998708169807876,"Die prt-m-hrw-Sprüche (Tb 2, 64-72) /",3905719185; 9783905719185,,,Orientverlag,Basel :,2011.,Book of the dead.; Egyptian language--Texts.; Book of the dead; Egyptian language; Texts; Ancient Egypt (region); Égyptien (Langue)--Textes.,https://pleiades.stoa.org/places/981503,,0,,,,,2025-02-04,2025-02-04,Egypt & North Africa,0.8043514438165308,0.18546689233769037,0.0,0.0,0.0,0.8043514438165308,0.01018166384577887,0.0
31154069036430,Book,,PJ1555 .A3 2006 Bd.9,NYU Inst Study Ancient World,Large Collection,9998708169707876,Die Mund- und Herzsprüche (Tb 21-30) /,390571924X; 9783905719246,,,Orientverlag,Basel :,2016.,Book of the dead.; Egyptian language--Texts.; Book of the dead; Egyptian language; Texts; Ancient Egypt (region); Égyptien (Langue)--Textes.,https://pleiades.stoa.org/places/981503,,0,,,,,2025-02-04,2025-02-04,Egypt & North Africa,0.784384929641398,0.20335905583295505,0.012256014525646845,0.0,0.0,0.784384929641398,0.0,0.0
31154069036448,Book,,PJ1555 .A3 2006 Bd.10,NYU Inst Study Ancient World,Large Collection,9998708169607876,"Die Feindabwehrsprüche (Tb 31-37, 39-42) /",3905719231; 9783905719239,,,Orientverlag,Basel :,2017.,Book of the dead.; Egyptian language--Texts.; Book of the dead; Egyptian language; Texts; Totenbuch Ägyptisch; Quelle.; Ancient Egypt (region); Égyptien (Langue)--Textes.,https://pleiades.stoa.org/places/981503,,1,,,,,2025-02-04,2025-02-04,Egypt & North Africa,0.9061522419186653,0.08237747653806048,0.0,0.0,0.0,0.9061522419186653,0.011470281543274244,0.0
31154069036455,Book,,PJ1555 .A3 2006 Bd.11,NYU Inst Study Ancient World,Large Collection,9998708169507876,"Die Luft- und Wassersprüche (Tb 38, 54-63) /",3905719274; 9783905719277,,"Lüscher, Barbara, author.",Orientverlag,Basel :,2019.,"Inscriptions, Egyptian.; Egyptian language--Texts.; Book of the dead; Egyptian language; Egyptian language--Writing, Hieroglyphic; Future life; Inscriptions, Egyptian; Texts; Ancient Egypt (region); Inscriptions égyptiennes.; Égyptien (Langue)--Textes.",https://pleiades.stoa.org/places/981503,,0,,,,,2025-02-04,2025-02-04,Egypt & North Africa,0.9061522419186653,0.08237747653806048,0.0,0.0,0.0,0.9061522419186653,0.011470281543274244,0.0
31154069036463,Book,,PJ1555 .A3 2006 Bd.12,NYU Inst Study Ancient World,Large Collection,9998708169407876,"Die Tm-Sprüche (Tb 5, 43-47, 50-53, 91, 93, 154, 175-176, 189) /",3905719339; 9783905719338,,,Orientverlag,Basel :,2022.,"Book of the dead.; Inscriptions, Egyptian.; Egyptian language--Texts.; Book of the dead; Egyptian language; Inscriptions, Egyptian; Texts; Ancient Egypt (region); Inscriptions égyptiennes.; Égyptien (Langue)--Textes.",https://pleiades.stoa.org/places/981503,,1,,,,,2025-02-04,2025-02-04,Egypt & North Africa,0.9061522419186653,0.08237747653806048,0.0,0.0,0.0,0.9061522419186653,0.011470281543274244,0.0
31154069036471,Book,,PJ1555 .A3 2006 Bd.13,NYU Inst Study Ancient World,Large Collection,9998708169207876,Die Fangnetzsprüche (Tb 153A und B) /,3905719347; 9783905719345,,,Orientverlag,Basel :,2024.,"Book of the dead.; Inscriptions, Egyptian.; Egyptian language--Texts.; Egyptian language--Papyri, Hieroglyphic.; Ancient Egypt (region); Inscriptions égyptiennes.; Égyptien (Langue)--Textes.",https://pleiades.stoa.org/places/981503,,0,,,,,2025-02-04,2025-02-04,Egypt & North Africa,0.9166666666666667,0.08333333333333334,0.0,0.0,0.0,0.9166666666666667,0.0,0.0
31154069036489,Book,,DT73.H84 K652 2009,NYU Inst Study Ancient World,Large Collection,9998708168707876,Helwan II : the Early Dynastic and Old Kingdom funerary relief slabs /,3867579717; 9783867579711,,"Köhler, E. Christiana.",Marie Leidorf,Rahden/Westf. :,2009.,Excavations (Archaeology)--Egypt--Ḥulwān.; Ḥulwān (Egypt)--Antiquities--Catalogs.; Tombs--Egypt--Ḥulwān.; Antiquities; Excavations (Archaeology); Tombs; Egypt--Ḥulwān; Catalogs; Gräberfeld; Funde; Heluan; Helwan necropolis.; Geschichte 3000 v. Chr.-2600 v. Chr.; Ḥulwān.,https://pleiades.stoa.org/places/818039726; http://vocab.getty.edu/tgn/1095117,,0,,,,,2025-02-04,2025-02-05,Egypt & North Africa,0.9761904761904762,0.0,0.0,0.0,0.023809523809523808,0.9761904761904762,0.0,0.0
31154069036497,Book,,PA3339 .P34 t.43 2024,NYU Inst Study Ancient World,Small Collection,9998709064607876,Christian inscriptions from Egypt and Nubia : a critical bulletin (2013-2022) /,9042952202; 9789042952201,,"Delattre, Alain, author.",Diffusion Peeters; Association égyptologique Reine Élisabeth,Bruxelles :,2024.,Christian inscriptions--Egypt.; Christian inscriptions--Nubia.; Coptic inscriptions.; Ancient Egypt (region); Nobatae.; Inscriptions chrétiennes--Égypte.; Inscriptions chrétiennes--Nubie.; Inscriptions coptes.,https://pleiades.stoa.org/places/981503; https://pleiades.stoa.org/places/795835,,0,,,,,2025-02-05,2025-02-05,Egypt & North Africa,0.9330436009595034,0.0,0.014578806264992241,0.0,0.022757160999012278,0.9330436009595034,0.02962043177649217,0.0
31154069036505,Issue,,CC101.C6 K45,NYU Inst Study Ancient World,Library 6,9998649526507876,Ke ji kao gu yu wen wu bao hu ji shu /,,,,Ke xue chu ban she,Beijing :,2018-,Archaeology--China.; Archaeology--Methodology.; Archaeology--Technology.; China--Antiquities--Conservation and restoration.; Excavations (Archaeology)--China--Technology.; Antiquities--Collection and preservation; Archaeology; Archaeology--Methodology; China; Imperial China.; China.; Ancient China.; Archéologie--Chine.; Archéologie--Méthodologie.; Archéologie--Technologie.; Chine--Antiquités--Conservation et restauration.,http://vocab.getty.edu/tgn/8697462; http://vocab.getty.edu/tgn/1000111; http://vocab.getty.edu/tgn/8697463;,https://id.oclc.org/worldcat/entity/E39PBJcrd4RjtCBk4wfMhTwwG3;,0,no.1(2018),,,,2025-02-10,2026-02-19,"China, South Asia, & East Asia",0.48429602360709384,0.0,0.007567125368860841,0.48429602360709384,0.48429602360709384,0.017296286557396207,0.0065445408595553225,0.0
31154069036513,Book,,DT159.6.N83 M48 2023,NYU Inst Study Ancient World,Large Collection,9998711370307876,The archaeological survey of Nubia season 2 (1908-9) : report on the human remains /,9781803276366; 1803276363; 9781803276373; 1803276371,,"Metcalfe, Jenefer, author.",Archaeopress Publishing Ltd,Oxford :,[2023].,Archaeological surveying--Nubia.; Human remains (Archaeology)--Nubia.; Nubia--Antiquities.; Nobatae.; Prospection archéologique--Nubie.; Restes humains (Archéologie)--Nubie.,https://pleiades.stoa.org/places/795835,,0,,,,,2025-02-10,2025-02-10,Egypt & North Africa,0.964275081869604,0.0,0.0,0.0,0.023518904435844,0.964275081869604,0.012206013694551949,0.0
31154069036521,Book,,DT239.B36 E93 1977,NYU Inst Study Ancient World,Large Collection,9998711370207876,"Excavations at Sidi Khrebish, Benghazi (Berenice) /",,,"Lloyd, J. A. 1948-1999. (John Alfred),",Dept of Antiquities Ministry of Teaching and Education People's Socialist Libyan Arab Jamahiriya,[Tripoli] :,[1977]-[1985],Excavations (Archaeology)--Libya--Banghāzī.; Antiquities; Excavations (Archaeology); Libya--Banghāzī; Excavations (Archaeology)--Libya--Benghazi.; Banghāzī (Libya)--Antiquities.; Berenice.; Libye--Antiquités.; Bérénice (ville ancienne)--Antiquités.,https://pleiades.stoa.org/places/373757;,https://id.oclc.org/worldcat/entity/E39QbtfRw4pkKDdBCm8gXrJBGB;,0,v.1,,,,2025-02-10,2025-02-26,Egypt & North Africa,0.9474044886071611,0.0,0.0,0.0,0.040603049511735476,0.9474044886071611,0.011992461881103304,0.0
31154069036539,Book,,DT239.B36 E93 1977,NYU Inst Study Ancient World,Large Collection,9998711370207876,"Excavations at Sidi Khrebish, Benghazi (Berenice) /",,,"Lloyd, J. A. 1948-1999. (John Alfred),",Dept of Antiquities Ministry of Teaching and Education People's Socialist Libyan Arab Jamahiriya,[Tripoli] :,[1977]-[1985],Excavations (Archaeology)--Libya--Banghāzī.; Antiquities; Excavations (Archaeology); Libya--Banghāzī; Excavations (Archaeology)--Libya--Benghazi.; Banghāzī (Libya)--Antiquities.; Berenice.; Libye--Antiquités.; Bérénice (ville ancienne)--Antiquités.,https://pleiades.stoa.org/places/373757;,https://id.oclc.org/worldcat/entity/E39QbtfRw4pkKDdBCm8gXrJBGB;,0,v.3:pt.1,,,,2025-02-10,2025-02-26,Egypt & North Africa,0.9474044886071611,0.0,0.0,0.0,0.040603049511735476,0.9474044886071611,0.011992461881103304,0.0
31154069036547,Book,,DS71 .S87 2024,NYU Inst Study Ancient World,Small Collection,9998711370107876,"Supplement to SAA I-XXII : letters, treaties, literary texts, legal and administrative documents, astronomical reports, oracle queries, and rituals /",9515185831; 9789515185839; 951518584X; 9789515185846; 9789515700018; 9515700019; 9789515700025; 9515700027,,,the Neo-Assyrian Text Corpus Project,Helsinki :,2024.,"Akkadian language--Texts.; Cuneiform tablets--Assyria.; Assyria--History.; Civilization, Assyro-Babylonian.; Akkadian language; Civilization, Assyro-Babylonian; Cuneiform tablets; Middle East--Assyria; History; Texts; Assyria (kingdom); Civilisation assyro-babylonienne.; Akkadien (Langue)--Textes.; Tablettes cunéiformes--Assyrie.",https://pleiades.stoa.org/places/29492,,0,,,,,2025-02-10,2025-02-10,Ancient Western Asia,0.8005169219294083,0.8005169219294083,0.11540632970607029,0.0321738858574499,0.0,0.031599352181424005,0.01195651163621449,0.008346998689432757
31154069036554,Bound Issue,In Process,DS56 .P47,NYU Inst Study Ancient World,Oak Collection,990035787400107876,Phoenix : bulletin uitgegeven door het Vooraziatisch-Egyptisch Genootschap Ex Oriente Lux.,,0031-8329,,Vooraziatisch-Egyptisch Genootschap Ex Oriente Lux,[Leiden] :,1955,"Middle East--Antiquities--Periodicals.; Egypt--Antiquities--Periodicals.; Antiquities; Egypt; Middle East; Periodicals; Ancient Egypt (region); Middle East.; Egypt.; Civilization, Ancient--Periodicals.--Middle East.; Excavations (Archaeology)--Periodicals.--Middle East.; Egypt--Periodicals.--Antiquities.; Middle East--Periodicals.--Antiquities.; Moyen-Orient--Antiquités--Périodiques.; Égypte--Antiquités--Périodiques.",https://pleiades.stoa.org/places/981503; http://vocab.getty.edu/tgn/7001526; http://vocab.getty.edu/tgn/7016833;,https://id.oclc.org/worldcat/entity/E39QbtfRDwpX7XgppvP7ww3J9c;,0,jaarg.49-52(2003-2006),,,,2025-02-12,2025-02-12,Ancient Western Asia,0.7200357287964869,0.7200357287964869,0.12240607389540277,0.04451129959832827,0.02985513997448848,0.05614957518137742,0.015494439733595286,0.011547742820321016
31154069036562,Issue,,DS56 .P47,NYU Inst Study Ancient World,Oak Collection,990035787400107876,Phoenix : bulletin uitgegeven door het Vooraziatisch-Egyptisch Genootschap Ex Oriente Lux.,,0031-8329,,Vooraziatisch-Egyptisch Genootschap Ex Oriente Lux,[Leiden] :,1955,"Middle East--Antiquities--Periodicals.; Egypt--Antiquities--Periodicals.; Antiquities; Egypt; Middle East; Periodicals; Ancient Egypt (region); Middle East.; Egypt.; Civilization, Ancient--Periodicals.--Middle East.; Excavations (Archaeology)--Periodicals.--Middle East.; Egypt--Periodicals.--Antiquities.; Middle East--Periodicals.--Antiquities.; Moyen-Orient--Antiquités--Périodiques.; Égypte--Antiquités--Périodiques.",https://pleiades.stoa.org/places/981503; http://vocab.getty.edu/tgn/7001526; http://vocab.getty.edu/tgn/7016833;,https://id.oclc.org/worldcat/entity/E39QbtfRDwpX7XgppvP7ww3J9c;,0,jaarg.55-57(2009-2011)(incomplete),,,,2025-02-12,2025-02-12,Ancient Western Asia,0.7200357287964869,0.7200357287964869,0.12240607389540277,0.04451129959832827,0.02985513997448848,0.05614957518137742,0.015494439733595286,0.011547742820321016
31154069036570,Issue,,DS56 .P47,NYU Inst Study Ancient World,Oak Collection,990035787400107876,Phoenix : bulletin uitgegeven door het Vooraziatisch-Egyptisch Genootschap Ex Oriente Lux.,,0031-8329,,Vooraziatisch-Egyptisch Genootschap Ex Oriente Lux,[Leiden] :,1955,"Middle East--Antiquities--Periodicals.; Egypt--Antiquities--Periodicals.; Antiquities; Egypt; Middle East; Periodicals; Ancient Egypt (region); Middle East.; Egypt.; Civilization, Ancient--Periodicals.--Middle East.; Excavations (Archaeology)--Periodicals.--Middle East.; Egypt--Periodicals.--Antiquities.; Middle East--Periodicals.--Antiquities.; Moyen-Orient--Antiquités--Périodiques.; Égypte--Antiquités--Périodiques.",https://pleiades.stoa.org/places/981503; http://vocab.getty.edu/tgn/7001526; http://vocab.getty.edu/tgn/7016833;,https://id.oclc.org/worldcat/entity/E39QbtfRDwpX7XgppvP7ww3J9c;,0,jaarg.58-59(2012-2013)(incomplete),,,,2025-02-12,2025-02-12,Ancient Western Asia,0.7200357287964869,0.7200357287964869,0.12240607389540277,0.04451129959832827,0.02985513997448848,0.05614957518137742,0.015494439733595286,0.011547742820321016
31154069036588,Book,,DT73.H84 K65 2005,NYU Inst Study Ancient World,Large Collection,9998713868507876,"Helwan I : excavations in the Early Dynastic cemetery, season 1997/98 /",9783927552425; 3927552429,,"Köhler, E. Christiana, author.",Heidelberger Orientverlag,Heidelberg :,[2005],Excavations (Archaeology)--Egypt--Ḥulwān.; Ḥulwān (Egypt)--Antiquities--Catalogs.; Tombs--Egypt--Ḥulwān.; Antiquities; Excavations (Archaeology); Tombs; Egypt--Ḥulwān; Catalogs; Gräberfeld; Funde; Heluan; Helwan necropolis.; Geschichte 3000 v. Chr.-2600 v. Chr.; Ḥulwān.,https://pleiades.stoa.org/places/818039726; http://vocab.getty.edu/tgn/1095117,,0,,,,,2025-02-19,2025-02-19,Egypt & North Africa,0.9761904761904762,0.0,0.0,0.0,0.023809523809523808,0.9761904761904762,0.0,0.0
31154069036596,Book,,DF261.G64 G67,NYU Inst Study Ancient World,Large Collection,990006056500107876,Gortina /,9788870626476; 8870626474; 9609559050; 9789609559058; 9609559166; 9789609559164; 9609559158; 9789609559157; 9609559360; 9789609559362; 9609559379; 9789609559379,,,"""L'Erma"" di Bretschneider",Roma :,©1988-<2023>,"Sculpture, Ancient--Greece--Gortyna (Extinct city); Theaters--Greece--Gortyna (Extinct city); Theaters; Sculpture, Ancient; Excavations (Archaeology); Greece--Gortyna (Extinct city); Verzeichnis; Ausgrabung; Gortyn; Funde; Opgravingen.; Archeologische vondsten.; Excavations (Archaeology)--Greece--Gortyna (Extinct city); Gortyna (Extinct city); Gortyn(a); Fouilles archéologiques--Grèce--Gortyne (ville ancienne); Gortyne (ville ancienne); Gortina (ville ancienne); Gortyne (Ville ancienne); Fouilles (Archéologie)--Grèce--Gortyne (Ville ancienne); Sculpture antique--Grèce--Gortyne (Ville ancienne)",https://pleiades.stoa.org/places/589796;,,0,v.10:t.1:2023,,,,2025-02-19,2025-02-19,European and Classical Antiquity,0.8967572616876472,0.0,0.017125572705840485,0.0,0.046972999421733906,0.03914416618477825,0.8967572616876472,0.0
31154069036604,Book,,DF261.G64 G67,NYU Inst Study Ancient World,Large Collection,990006056500107876,Gortina /,9788870626476; 8870626474; 9609559050; 9789609559058; 9609559166; 9789609559164; 9609559158; 9789609559157; 9609559360; 9789609559362; 9609559379; 9789609559379,,,"""L'Erma"" di Bretschneider",Roma :,©1988-<2023>,"Sculpture, Ancient--Greece--Gortyna (Extinct city); Theaters--Greece--Gortyna (Extinct city); Theaters; Sculpture, Ancient; Excavations (Archaeology); Greece--Gortyna (Extinct city); Verzeichnis; Ausgrabung; Gortyn; Funde; Opgravingen.; Archeologische vondsten.; Excavations (Archaeology)--Greece--Gortyna (Extinct city); Gortyna (Extinct city); Gortyn(a); Fouilles archéologiques--Grèce--Gortyne (ville ancienne); Gortyne (ville ancienne); Gortina (ville ancienne); Gortyne (Ville ancienne); Fouilles (Archéologie)--Grèce--Gortyne (Ville ancienne); Sculpture antique--Grèce--Gortyne (Ville ancienne)",https://pleiades.stoa.org/places/589796;,,0,v.10:t.2:2023,,,,2025-02-19,2025-02-19,European and Classical Antiquity,0.8967572616876472,0.0,0.017125572705840485,0.0,0.046972999421733906,0.03914416618477825,0.8967572616876472,0.0
31154069036612,Book,,N5899.U72 H39 2018,NYU Inst Study Ancient World,Large Collection,9998713868307876,Urartu : Vani tʻagavorutʻyun : gtatsoner Hayastani urartakan hnavayreritsʻ (Kʻ.A. 860-585 tʻtʻ.) : (Hayastani patmutʻyan tʻangarani havakʻatsuneritsʻ) /,9939917236; 9789939917238,,"Hayastani Patmutʻyan Tʻangaran, author.",Hayastani patmutʻyan tʻangaran,Erevan :,2018.,"Hayastani Patmutʻyan Tʻangaran--Catalogs.; Urartu--Antiquities--Catalogs.; Art, Urartian--Catalogs.; Urartu--Civilization.; Hayastani Patmutʻyan Tʻangaran; Antiquities; Art, Urartian; Civilization; Asia--Urartu; Catalogs; Urartu.; Art ourartien--Catalogues.; Ancient history.; Armenia (Republic). Armenian S.S.R.",https://pleiades.stoa.org/places/214160492,,1,,,,,2025-02-19,2025-02-19,"China, South Asia, & East Asia",0.42790425235624896,0.0,0.2232543925336951,0.42790425235624896,0.07335501468964269,0.07851454171674294,0.054337047918253834,0.14263475078541632
31154069036620,Book,,DT239.B36 E93 1977,NYU Inst Study Ancient World,Large Collection,9998711370207876,"Excavations at Sidi Khrebish, Benghazi (Berenice) /",,,"Lloyd, J. A. 1948-1999. (John Alfred),",Dept of Antiquities Ministry of Teaching and Education People's Socialist Libyan Arab Jamahiriya,[Tripoli] :,[1977]-[1985],Excavations (Archaeology)--Libya--Banghāzī.; Antiquities; Excavations (Archaeology); Libya--Banghāzī; Excavations (Archaeology)--Libya--Benghazi.; Banghāzī (Libya)--Antiquities.; Berenice.; Libye--Antiquités.; Bérénice (ville ancienne)--Antiquités.,https://pleiades.stoa.org/places/373757;,https://id.oclc.org/worldcat/entity/E39QbtfRw4pkKDdBCm8gXrJBGB;,0,v.3:pt.2,,,,2025-02-19,2025-02-26,Egypt & North Africa,0.9474044886071611,0.0,0.0,0.0,0.040603049511735476,0.9474044886071611,0.011992461881103304,0.0
31154069036638,Book,,DT73.H84 K6525 2014,NYU Inst Study Ancient World,Large Collection,9998713868207876,"Helwan III : excavations in Operation 4, Tombs 1-50 /",3867579725; 9783867579728,,"Köhler, E. Christiana, author.",Verlag Marie Leidorf gmbh,Rahden/Westf. :,2014.,Excavations (Archaeology)--Egypt--Ḥulwān.; Ḥulwān (Egypt)--Antiquities--Catalogs.; Tombs--Egypt--Ḥulwān.; Tombs; Excavations (Archaeology); Antiquities; Egypt--Ḥulwān; Catalogs; Helwan necropolis.; Ḥulwān.,https://pleiades.stoa.org/places/818039726; http://vocab.getty.edu/tgn/1095117,,0,,,,,2025-02-19,2025-02-19,Egypt & North Africa,1.0,0.0,0.0,0.0,0.0,1.0,0.0,0.0
31154069036646,Book,,DT73.H84 K6526 2017,NYU Inst Study Ancient World,Large Collection,9998713868107876,"Helwan IV : excavations in Operation 4, Tombs 51-100 /",3867579733; 9783867579735,,"Köhler, E. Christiana, author.",Verlag Marie Leidorf GMBH,Rahden/Westfalen :,2017.,Excavations (Archaeology)--Egypt--Ḥulwān.; Ḥulwān (Egypt)--Antiquities--Catalogs.; Tombs--Egypt--Ḥulwān.; Antiquities; Excavations (Archaeology); Tombs; Egypt--Ḥulwān; Catalogs; Helwan necropolis.; Ḥulwān.,https://pleiades.stoa.org/places/818039726; http://vocab.getty.edu/tgn/1095117,,0,,,,,2025-02-19,2025-02-19,Egypt & North Africa,0.9615243679003298,0.0,0.015023818248442653,0.0,0.023451813851227556,0.9615243679003298,0.0,0.0
31154069036653,Book,,DS153.3 .M55 1970,NYU Inst Study Ancient World,Small Collection,9998713868407876,Beiträge zur Siedlungs- und Territorialgeschichte des nördlichen Ostjordanlandes /,9783447000185; 344700018X,,"Mittmann, Siegfried, author.",Otto Harrassowitz,Wiesbaden :,1970.,Jordan--Gazetteers.; Jordan--Antiquities.; Antiquities; Historical geography; gazetteers (dictionaries); Gazetteers; Gazetteers.; Geschichte; Siedlung; Jordan; Ostjordanland--Landschaft; Jordanien; Jordan--Antiquities--Gazetteers.; Jordan--Historical geography.; History.; Répertoires géographiques.; Jordan.; Jordanie--Géographie historique.; Jordanie--Répertoires géographiques.; Jordanie--Antiquités.,http://vocab.getty.edu/tgn/1000121;,https://id.oclc.org/worldcat/entity/E39PBJgMCMwpB3Qrd9t7MBYHG3;,0,,,,,2025-02-19,2025-02-19,Ancient Western Asia,0.8151415159713333,0.8151415159713333,0.0900945886073579,0.03276166858449378,0.0,0.041327792939155,0.012174944406399716,0.008499489491260179
31154069036661,Book,,BL2320 .G64 2024,NYU Inst Study Ancient World,Small Collection,9998713868007876,Gods and languages in ancient Anatolia /,841050054X; 9788410500549,,,Universitat de Barcelona,Barcelona :,2024.,Turkey--Religion--History--To 1500.; Turkey--Languages--History--To 1500.; Indo-European languages.; Asia Minor.; Turkey.; Hittite Empire.; Hittites--Religion.; Langues indo-européennes.,https://pleiades.stoa.org/places/837; https://vocab.getty.edu/tgn/1000144; http://vocab.getty.edu/tgn/6002562,,1,,,,,2025-02-19,2025-02-19,Ancient Western Asia,0.33323662123406905,0.33323662123406905,0.05727504427460562,0.13329464849362763,0.15709726429606113,0.16814691897131925,0.11636834392300824,0.034581158807309054
31154069036679,Book,,PJ3591.A2 A53,NYU Inst Study Ancient World,Large Collection,990019847660107876,Ankara Kültepe tabletleri = Ankaraner Kültepe-Tafeln /,9751602467; 9789751602466; 9751635683; 9789751635686; 9751602475; 9789751602473; 9751606918; 9789751606914; 3515066985; 9783515066983; 9751619203; 9789751619204; 9751622352; 9789751622358; 9751622360; 9789751622365; 9751626285; 9789751626288; 9751629365; ,,"Bilgiç, Emin, 1916-",Türk Tarih Kurumu Basımevi,Ankara :,1990-,Cuneiform tablets--Turkey--Kanesh (Extinct city); Akkadian language--Texts.; Akkadian language--Dialects--Turkey--Cappadocia.; Archives--Turkey--Kanesh (Extinct city); Kanesh (Extinct city); Akkadian language; Akkadian language--Dialects; Archives; Cuneiform tablets; Turkey--Cappadocia; Turkey--Kanesh (Extinct city); Texts; Kappadokische Tafeln; Tontafel; Quelle; Kanesch; Anisa.; Kaneš.; Tablettes cunéiformes--Turquie--Kanesh (Ville ancienne); Akkadien (Langue)--Textes.; Akkadien (Langue)--Dialectes--Turquie--Cappadoce.; Archives--Turquie--Kanesh (Ville ancienne); Kanesh (Ville ancienne),https://pleiades.stoa.org/places/628923; https://pleiades.stoa.org/places/58129442;,,0,v.7b:2024,,,,2025-02-26,2025-02-26,Ancient Western Asia,0.5665137614678899,0.5665137614678899,0.0,0.0,0.0,0.43348623853211005,0.0,0.0
31154069036687,Book,,PJ3591.A2 A53,NYU Inst Study Ancient World,Large Collection,990019847660107876,Ankara Kültepe tabletleri = Ankaraner Kültepe-Tafeln /,9751602467; 9789751602466; 9751635683; 9789751635686; 9751602475; 9789751602473; 9751606918; 9789751606914; 3515066985; 9783515066983; 9751619203; 9789751619204; 9751622352; 9789751622358; 9751622360; 9789751622365; 9751626285; 9789751626288; 9751629365; ,,"Bilgiç, Emin, 1916-",Türk Tarih Kurumu Basımevi,Ankara :,1990-,Cuneiform tablets--Turkey--Kanesh (Extinct city); Akkadian language--Texts.; Akkadian language--Dialects--Turkey--Cappadocia.; Archives--Turkey--Kanesh (Extinct city); Kanesh (Extinct city); Akkadian language; Akkadian language--Dialects; Archives; Cuneiform tablets; Turkey--Cappadocia; Turkey--Kanesh (Extinct city); Texts; Kappadokische Tafeln; Tontafel; Quelle; Kanesch; Anisa.; Kaneš.; Tablettes cunéiformes--Turquie--Kanesh (Ville ancienne); Akkadien (Langue)--Textes.; Akkadien (Langue)--Dialectes--Turquie--Cappadoce.; Archives--Turquie--Kanesh (Ville ancienne); Kanesh (Ville ancienne),https://pleiades.stoa.org/places/628923; https://pleiades.stoa.org/places/58129442;,,1,v.11b:2024,,,,2025-02-26,2025-02-26,Ancient Western Asia,0.5665137614678899,0.5665137614678899,0.0,0.0,0.0,0.43348623853211005,0.0,0.0
31154069036695,Book,,PJ3591.A2 A53,NYU Inst Study Ancient World,Large Collection,990019847660107876,Ankara Kültepe tabletleri = Ankaraner Kültepe-Tafeln /,9751602467; 9789751602466; 9751635683; 9789751635686; 9751602475; 9789751602473; 9751606918; 9789751606914; 3515066985; 9783515066983; 9751619203; 9789751619204; 9751622352; 9789751622358; 9751622360; 9789751622365; 9751626285; 9789751626288; 9751629365; ,,"Bilgiç, Emin, 1916-",Türk Tarih Kurumu Basımevi,Ankara :,1990-,Cuneiform tablets--Turkey--Kanesh (Extinct city); Akkadian language--Texts.; Akkadian language--Dialects--Turkey--Cappadocia.; Archives--Turkey--Kanesh (Extinct city); Kanesh (Extinct city); Akkadian language; Akkadian language--Dialects; Archives; Cuneiform tablets; Turkey--Cappadocia; Turkey--Kanesh (Extinct city); Texts; Kappadokische Tafeln; Tontafel; Quelle; Kanesch; Anisa.; Kaneš.; Tablettes cunéiformes--Turquie--Kanesh (Ville ancienne); Akkadien (Langue)--Textes.; Akkadien (Langue)--Dialectes--Turquie--Cappadoce.; Archives--Turquie--Kanesh (Ville ancienne); Kanesh (Ville ancienne),https://pleiades.stoa.org/places/628923; https://pleiades.stoa.org/places/58129442;,,0,v.12:2024,,,,2025-02-26,2025-11-13,Ancient Western Asia,0.5665137614678899,0.5665137614678899,0.0,0.0,0.0,0.43348623853211005,0.0,0.0
31154069036703,Book,,DT239.B36 E93 1977,NYU Inst Study Ancient World,Large Collection,9998711370207876,"Excavations at Sidi Khrebish, Benghazi (Berenice) /",,,"Lloyd, J. A. 1948-1999. (John Alfred),",Dept of Antiquities Ministry of Teaching and Education People's Socialist Libyan Arab Jamahiriya,[Tripoli] :,[1977]-[1985],Excavations (Archaeology)--Libya--Banghāzī.; Antiquities; Excavations (Archaeology); Libya--Banghāzī; Excavations (Archaeology)--Libya--Benghazi.; Banghāzī (Libya)--Antiquities.; Berenice.; Libye--Antiquités.; Bérénice (ville ancienne)--Antiquités.,https://pleiades.stoa.org/places/373757;,https://id.oclc.org/worldcat/entity/E39QbtfRw4pkKDdBCm8gXrJBGB;,0,v.4:pt.1,,,,2025-02-26,2025-02-26,Egypt & North Africa,0.9474044886071611,0.0,0.0,0.0,0.040603049511735476,0.9474044886071611,0.011992461881103304,0.0
31154069036711,Book,,DS70.5.N9 W55,NYU Inst Study Ancient World,Small Collection,990017164600107876,Das Archiv des Šilwa-Teššup /,9783447020961; 3447020962; 9783447025171; 3447025174; 3447032693; 9783447032698; 3447121556; 9783447121552; 9783447032001; 3447032006; 9783447033176; 3447033177,,,Otto Harrassowitz,Wiesbaden :,[1980-],"Šilwa-Teššup--Archives.; Cuneiform tablets--Iraq--Nuzi (Extinct city); Cuneiform inscriptions, Akkadian--Iraq--Nuzi (Extinct city); Nuzi (Extinct city)--Economic conditions--History--Sources.; Nuzi (Extinct city)--Economic conditions--Sources.; Economic history; Iraq--Nuzi (Extinct city); primary sources.; Archives; History; Sources; Primary sources.; Archiv; Silwa Tesup.; Seals (Numismatics)--Iraq--Nuzi.; Nuzi (Extinct city)--Seal.; Nuzi (Extinct city)--Archival resources.; [Nuzi]; Sources.; Nouzi (Ville ancienne)--Conditions économiques--Sources.; Tablettes cunéiformes--Irak--Nouzi (Ville ancienne); Inscriptions cunéiformes akkadiennes--Irak--Nouzi (Ville ancienne)",https://pleiades.stoa.org/places/894054;,,0,Heft 6:2024,Stager,,,2025-02-26,2025-05-14,Ancient Western Asia,0.8521655083570482,0.8521655083570482,0.04957195477977288,0.034249714211479446,0.0,0.043204914716315816,0.011922368871084617,0.008885539064298913
31154069077079,Issue,,DS56 .A684,NYU ISAW Offsite,Offsite Collection,990036859630107876,Antiguo Oriente.,,1667-9202,,Pontifica Universidad Católica Argentina Facultad de Filosofía y Letras Departmento de Historia,"Buenos Aires, Argentina :",2003-,Middle East--Civilization--Periodicals.; Antiquities; Civilization; Middle East; Periodicals; Middle East--Antiquities--Periodicals.; Middle East.,http://vocab.getty.edu/tgn/7001526,,0,v.21(2023),,,,2025-02-13,2025-09-10,Ancient Western Asia,0.760944316341764,0.760944316341764,0.1323381419724807,0.03689426988323704,0.0,0.046540936779312786,0.013710708402554306,0.009571626620651119
31154069077095,Issue,,DE1 .R47,NYU Inst Study Ancient World,Oak Collection,990034152840107876,Res antiquae.,,1781-1317,,Editions Safran,Bruxelles :,©2004-,Antiquities; Mediterranean Region; Middle East; Periodicals; Periodicals.; 15.51 Antiquity.; Oudheid.; Cultuurgeschiedenis.; Mediterranean Region--Antiquities--Periodicals.; Middle East--Antiquities--Periodicals.; Internum Mare.; Middle East.,https://pleiades.stoa.org/places/1043; http://vocab.getty.edu/tgn/7001526,,0,t.21(2024),,,,2025-02-13,2025-02-13,European and Classical Antiquity,0.8952837729816148,0.0,0.02797761790567546,0.0,0.07673860911270984,0.0,0.8952837729816148,0.0
31154069077103,Issue,,DS56 .S45,NYU Inst Study Ancient World,Oak Collection,990056893390107876,Ash-sharq : bulletin of the Ancient Near East.,,2513-8529,,Archaeopress Publishing Ltd,"Oxford, UK :",2017-,Archaeology--Middle East--Periodicals.; Excavations (Archaeology)--Middle East--Periodicals.; Middle East--Antiquities--Periodicals.; Antiquities; Archaeology; Excavations (Archaeology); Middle East; Periodicals; Middle East.; Moyen-Orient--Antiquités--Périodiques.,http://vocab.getty.edu/tgn/7001526;,,1,v.8(2024),,,,2025-02-13,2025-02-13,Ancient Western Asia,0.8554934918480128,0.8554934918480128,0.02198942879903093,0.034383470485757454,0.023062083862398292,0.04337364396139128,0.012777641058896352,0.008920239984512546
31154069077111,Issue,,DS62.2 .E88,NYU Inst Study Ancient World,Oak Collection,990063450630107876,Études mésopotamiennes = Mesopotamian studies.,,2631-3537,,Archaeopress Publishing Ltd,"Summertown, Oxford [England] :",2018-,Excavations (Archaeology)--Middle East--Periodicals.; Excavations (Archaeology)--Iraq--Periodicals.; Middle East--Antiquities--Periodicals.; Iraq--Antiquities--Periodicals.; Middle East--History--To 622--Periodicals.; Iraq--History--To 634--Periodicals.; periodicals.; Periodicals.; Mesopotamia (region); Périodiques.; Middle East.; Iraq.; Moyen-Orient--Antiquités--Périodiques.; Irak--Antiquités--Périodiques.; Irak--Histoire--Jusqu'à 634--Périodiques.,https://pleiades.stoa.org/places/874602; http://vocab.getty.edu/tgn/7001526; http://vocab.getty.edu/tgn/1000118;,,0,no.4(2024),,,,2025-02-13,2025-02-13,Ancient Western Asia,0.8408118308951581,0.8408118308951581,0.021612054404893905,0.03379339416037956,0.03982792883187591,0.042629281624332015,0.012558355937978891,0.008767154145381489
31154069077137,Book,,BT1465 .P5213 2024,NYU Inst Study Ancient World,Small Collection,9998714161907876,Priscillian : the life and death of a Christian dissenter in late antiquity /,1463245599; 9781463245597; 9781463245603; 1463245602,,"Piay Augusto, Diego, 1979- author.",Gorgias Press LLC,"Piscataway, NJ :",2024.,"Priscillian,--Bishop of Avila,--approximately 350-385.; Galicia (Spain : Region)--Church history.; Church history--Primitive and early church, ca. 30-600.; Priscillianism.; Bishops--Spain--Biography.; Gallicia.; Biographies.; Galice (Espagne)--Histoire religieuse.; Église--Histoire--ca 30-600 (Église primitive); Priscillianisme.; Évêques--Espagne--Biographies.",https://pleiades.stoa.org/places/810796635/;,,0,,,,,2025-02-27,2025-09-26,Ancient Western Asia,0.600469975710232,0.600469975710232,0.0,0.035656047953324756,0.0,0.04497895957414821,0.3096446269630834,0.009250389799211611
31154069077145,Book,,HD4844 .B653 2025,NYU Inst Study Ancient World,Small Collection,9998714161807876,"Strike : labor, unions, and resistance in the Roman Empire /",0300273142; 9780300273144,,"Bond, Sarah E., author.",Yale University Press,New Haven ; London :,[2025],"Labor--Rome--History.; Working class--Rome--History.; Collective bargaining--Rome--History.; Rome--History--Empire, 30 B.C.-476 A.D.; Rome--Social conditions.; Roman Empire.; Travail--Rome--Histoire.; Travailleurs--Rome--Histoire.; Négociations collectives--Rome--Histoire.; Rome--Histoire--30 av. J.-C.-476 (Empire); Rome--Conditions sociales.",http://vocab.getty.edu/tgn/7030347;,,0,,,,,2025-02-27,2025-02-27,European and Classical Antiquity,0.6216206478730038,0.28273499484403614,0.017039832278546822,0.03965633693916351,0.0,0.03894818806524988,0.6216206478730038,0.0
31154069077152,Issue,,DS51.A64 A33,NYU Inst Study Ancient World,Oak Collection,990074365870107876,Adalya.,,1301-2746,,Suna-İnan Kıraç Akdeniz Medeniyetleri Araştırma Enstitüsü,"Antalya, Türkiye :",1996-,Antalya İli (Turkey)--Antiquities--Periodicals.; Antalya İli (Turkey)--Civilization--Periodicals.; Antalya İli (Turkey)--History--Periodicals.; Antiquities; Civilization; Turkey--Antalya İli; History; Periodicals; Periodicals.; Antalya.; Arkeoloji İhtisas Kütüphanesi.; Antalya İli (Türkiye)--Eski eserler--Süreli yayınlar.; Antalya İli (Türkiye)--Uygarlık--Süreli yayınlar.; Antalya İli (Türkiye)--Tarih--Süreli yayınlar.,http://vocab.getty.edu/tgn/1001102;,,0,no.27(2024),,,,2025-02-27,2025-02-27,Egypt & North Africa,0.42236631516145495,0.07125792655240548,0.07838371920764603,0.11135114805806323,0.0,0.42236631516145495,0.00992198977311975,0.30671890124731055
