id,Material Type,Process Type,call_number,Library Name,Location Name,mms_id,title,ISBN,ISSN,Author,Publisher,Publication Place,Publication Date,Subjects,651$$0,651$$1,Num of Loans Including Pre-Migration (In House),Description,Internal Note 1,Internal Note 2,Internal Note 3,date_acquired,Item Modification Date,predicted_category,confidence,prob_Ancient Western Asia,prob_Central Asia & Siberia,"prob_China, South Asia, & East Asia",prob_Cross-Cultural Studies & Other,prob_Egypt & North Africa,prob_European and Classical Antiquity,prob_The Caucasus & The Western Steppe
31154068977444,Book,,DT73.M28 R45 2024,NYU Inst Study Ancient World,Oversize Collection,9998687525507876,Médamoud I : l'histoire d'une fouille 1924-1940 /,9782724710236; 2724710231,,"Relats Montserrat, Félix, 1987- author.",Institut français d'archéologie orientale,Le Caire :,2024.,Medamud Site (Egypt); Excavations (Archaeology)--Egypt--Medamud Site.; Excavations (Archaeology); Egypt--Medamud Site; Petemout/Kerameia?,https://pleiades.stoa.org/places/786088,,0,v.1,,,,2025-07-15,2025-07-15,Egypt & North Africa,0.9874999999999999,0.0,0.0,0.0,0.0,0.9874999999999999,0.012499999999999999,0.0
31154068977451,Book,,DT73.M28 R45 2024,NYU Inst Study Ancient World,Oversize Collection,9998687525507876,Médamoud I : l'histoire d'une fouille 1924-1940 /,9782724710236; 2724710231,,"Relats Montserrat, Félix, 1987- author.",Institut français d'archéologie orientale,Le Caire :,2024.,Medamud Site (Egypt); Excavations (Archaeology)--Egypt--Medamud Site.; Excavations (Archaeology); Egypt--Medamud Site; Petemout/Kerameia?,https://pleiades.stoa.org/places/786088,,0,v.2,,,,2025-07-15,2025-07-15,Egypt & North Africa,0.9874999999999999,0.0,0.0,0.0,0.0,0.9874999999999999,0.012499999999999999,0.0
31154068977469,Book,,DS66 .H29 2022,NYU Inst Study Ancient World,Small Collection,9998742208207876,Handbook Hittite empire : power structures /,3110657678; 9783110657678; 9783110661781; 3110661780; 9783110658101; 3110658100,,,De Gruyter Oldenbourg,Berlin ; Boston :,[2022],Hittites--History.; Hittites--Civilization.; Hittites; handbooks.; History; Reference works.; Handbooks and manuals.; Ouvrages de référence.; Guides et manuels.; Hittite Empire.; Hittites--Histoire.; Hittites--Civilisation.,http://vocab.getty.edu/tgn/6002562,,0,,,,,2025-07-15,2025-07-15,Ancient Western Asia,0.7809016310188883,0.7809016310188883,0.11257849600501135,0.0313855200983668,0.0,0.03959182581215996,0.027400057228732923,0.008142469836840444
31154068977477,Book,,P950 .C67 1999,NYU Inst Study Ancient World,Oversize Collection,990016261720107876,Corpus of hieroglyphic Luwian inscriptions.,9783110108644; 311010864X; 9783110148701; 3110148706; 3110770393; 9783110770391,,,Walter de Gruyter,Berlin :,1999-<2024>,"Inscriptions, Luwian--Turkey--Karatepe Site.; Inscriptions, Phoenician--Turkey--Karatepe Site.; Luwian language--Texts.; Inscriptions, Hieroglyphic; Inscriptions, Luwian; Inscriptions, Phoenician; Turkey--Karatepe Site; 18.68 Indo-European languages: other.; Inschrift; Luwisch.; Inscriptions (form); Sources (form); Inscriptions, Luwian--Turkey.; Inscriptions, Phoenician--Turkey.; Inscriptions, Hieroglyphic.; Turkey--Antiquities.; Turkey--Antiquities, Phoenician.; Karatepe.; Asia Minor.; Hieroglyphenluwisch.; Inscriptions louvites--Turquie--Karatepe (Site archéologique); Inscriptions phéniciennes--Turquie--Karatepe (Site archéologique); Inscriptions hiéroglyphiques.; Louvite (Langue)--Textes.",https://pleiades.stoa.org/places/869993028; https://pleiades.stoa.org/places/837;,,0,v.3:pt.2,Bobst transfer,,,2025-07-16,2025-07-16,Ancient Western Asia,0.8936168522409937,0.8936168522409937,0.015432527875872426,0.0,0.04232921931667866,0.035274349430565545,0.013347051135889666,0.0
31154068977485,Book,In Process,DS798.3 .M676 2016,NYU ISAW Offsite,Offsite Collection,990058929890107876,Mongolyn arkheologiĭn ȯv /,9997309561; 9789997309563; 9997309146; 9789997309143; 9997309588; 9789997309587; 999730957X; 9789997309570; 9997309553; 9789997309556; 9997309596; 9789997309594; 9997342755; 9789997342751; 9997897293; 9789997897299; 9997877306; 9789997877307; 9919953865; ,,,Mongol Ulsyn Shinzhlėkh Ukhaany Akademi,Ulaanbaatar :,2016-<2022>,Mongolia--Antiquities.; Excavations (Archaeology)--Mongolia.; Antiquities; Excavations (Archaeology); Mongolia; Mongolia (nation); Mongolia.,http://vocab.getty.edu/page/tgn/7029379; http://vocab.getty.edu/tgn/7029379,https://id.oclc.org/worldcat/entity/E39PBJm9cxrHHp4ckGhwYX8XBP;,0,v.10,,,,2025-07-21,2025-07-21,Central Asia & Siberia,0.47564460991783714,0.2162020954171987,0.47564460991783714,0.08648083816687947,0.05800544023388258,0.10909280043987091,0.03213814931877278,0.022436066505558353
31154068977493,Book,,DT73.I8 L64 2025,NYU Inst Study Ancient World,Large Collection,9998719799307876,Esna VII--Übersetzung : die Inschriften der Aussenwände des Pronaos von Esna /,3447122439; 9783447122436; 9783447396080; 3447396083,,"Löffler, Florian, author.",Harrassowitz Verlag,Wiesbaden :,2025.,"Temple of Khnum (Isnā, Egypt); Inscriptions, Egyptian--Egypt--Isnā.; Temple of Khnum at Esna.",https://pleiades.stoa.org/places/617165853,,0,,,,,2025-07-22,2025-07-22,Egypt & North Africa,0.972494710521254,0.0,0.015195229851894594,0.0,0.0,0.972494710521254,0.012310059626851317,0.0
31154068977501,Book,,DF221.K36 W55,NYU Inst Study Ancient World,Large Collection,990015884990107876,"Ayia Irini, periods I-III : the Neolithic and Early Bronze Age settlements /",9783805323413; 3805323417; 1957454075; 9781957454078,,"Wilson, David E. (David Earl)",Lockwood Press; P von Zabern,Mainz on Rhine :,1999-,"Ayia Irini Site (Kea, Greece); Excavations (Archaeology)--Greece--Kea.; Neolithic period--Greece--Kea.; Bronze age--Greece--Kea.; Kea (Greece)--Antiquities.; Antiquities; Bronze age; Excavations (Archaeology); Neolithic period; Greece--Ayia Irini Site (Kea); Greece--Kea; Bronzezeit; Ausgrabung; Funde; Neolithikum; Agia Irini; Neolithic period--Greece--Ayia Irini Site.; Bronze age--Greece--Ayia Irini Site.; Prehistoric peoples--Greece--Ayia Irini Site.; Excavations (Archaeology)--Greece--Ayia Irini Site.; Ayia Irini Site (Kea Island, Greece)--Antiquities.; Ag. Eirene.; Fouilles archéologiques--Agia Irini (Grèce ; site archéologique); Agia Irini (Grèce ; site archéologique)--Antiquités.; Ayia Irini (Kéa, Grèce : Site archéologique)",https://pleiades.stoa.org/places/570033;,https://id.oclc.org/worldcat/entity/E39PBJf8rTcykM687g4yPfV3cP;,0,pt.2:2025,,,,2025-07-22,2025-07-22,European and Classical Antiquity,0.8976356917048843,0.04986864953916024,0.014025557682888818,0.0,0.038470101073066476,0.0,0.8976356917048843,0.0
31154068977519,Book,,DF109 .E73 2025,NYU Inst Study Ancient World,Small Collection,9998742594207876,"Ehre und Inklusion : Versorgungsleistungen, Solidarität und Euergetismus im privaten Kultvereinswesen des hellenistischen Athen /",9783963272745; 3963272740; 9783963272752; 3963272759,,"Erdtmann, Jörg, author.",Zaphon,Münster :,2025.,"Associations, institutions, etc.--Greece--History--To 1500.; Group identity--Greece--History--To 1500.; Inscriptions, Greek--Greece--Athens.; Benefactors--Greece--Athens--History--To 1500.; Associations, institutions, etc.; Benefactors; Group identity; Inscriptions, Greek; Greece; Greece--Athens; To 1500; History; Inscriptions grecques--Grèce--Athènes.",,https://id.oclc.org/worldcat/entity/E39PBJxd6hw8HtWYq9JY6hjjYP; https://id.oclc.org/worldcat/entity/E39PBJyCyjWmm7b6fkX6kQQXh3,0,,,,,2025-07-28,2025-07-28,European and Classical Antiquity,0.9447490510333192,0.0,0.014761703922395612,0.0,0.04048924504428511,0.0,0.9447490510333192,0.0
31154068977527,Book,,PA3315.O83 O86,NYU Inst Study Ancient World,Large Collection,990023041290107876,The Oxyrhynchus papyri /,0856980765; 9780856980763; 085698079X; 9780856980794; 0856980803; 9780856980800; 0856980811; 9780856980817; 0856980854; 9780856980855; 0856980862; 9780856980862; 0856980919; 9780856980916; 0856980927; 9780856980923; 0856980935; 9780856980930; 0856981044; ,,,The Egypt Exploration Society with the support of the the British Academy; Egypt Exploration Society with the support of the Arts and Humanities Research Council and the British Academy; Arts and Humanities Research Council by the Egypt Exploration Societ,London :,1898-<2008>,"Oxyrhynchus papyri.; Manuscripts, Greek (Papyri)--Egypt--Bahnasā.; Manuscripts, Greek (Papyri)--Facsimiles.; Bahnasā (Egypt)--Antiquities.; Antiquities; Egypt--Bahnasā; Facsimiles; Papyrus; Oxyrhynchos; Oxyrhynchus papyri; Manuscripts, Greek (Papyri); Inscriptions, Greek; Oxyrhynchus/Pemje.; Papyrus grecs--Égypte.; Manuscrits grecs.; Papyrus.; Oxyrhynchos.; Papyrus grecs.; Papyrus grecs--Fac-similés.",https://pleiades.stoa.org/places/736983;,https://id.oclc.org/worldcat/entity/E39PBJmp87kQ6PPX6mH76ymGHC;,2,v.88:2025,,,,2025-07-23,2025-09-19,Egypt & North Africa,0.9547714894624676,0.0,0.014918304522851056,0.0,0.0,0.9547714894624676,0.03031020601468151,0.0
31154068977535,Book,,PJ1014 .P3 v.52 2025,NYU Inst Study Ancient World,Small Collection,9998733490707876,Magica Levantina (Mag. Lev.) /,3506797778; 9783506797773; 9783657797776; 3657797777,,,Brill Schöningh,Paderborn :,[2025],"Blessing and cursing--Middle East.; Inscriptions, Greek--Middle East.; wax tablets.; Blessing and cursing; Inscriptions, Greek; Tablets (Paleography); Middle East; primary sources.; Primary sources.; Incantations.; Levant (region); Sources.; Tablettes (Paléographie); Incantations, Greek.",https://pleiades.stoa.org/places/930907033,,0,,,,,2025-07-31,2025-07-31,Ancient Western Asia,0.8869044898783853,0.8869044898783853,0.02355840051239461,0.0,0.0,0.06916227673363555,0.020374832875584527,0.0
31154068993128,Book,,DS793.H6 H58 2024,NYU Inst Study Ancient World,Large Collection,9998742506407876,Hebei Luan Xian Hanxinzhuang weng guan zang kao gu fa jue bao gao /,7573212364; 9787573212368,,"Hebei Sheng wen wu kao gu yan jiu yuan, author.",Shanghai gu ji chu ban she,Shanghai Shi :,2024.,Urn burial--China--Hanxinzhuangzi Cun.; Excavations (Archaeology)--China--Hanxinzhuangzi Cun.; Hanxinzhuang Site (China); Hanxinzhuangzi Cun (China)--Antiquities.; Burial--China--Congresses.; Excavations (Archaeology)--China--Hebei Sheng.; Luanzhou.; Hebei.; Sépulture--Chine--Congrès.; Fouilles (Archéologie)--Chine--Hebei.,http://vocab.getty.edu/tgn/1070136; http://vocab.getty.edu/tgn/7002077,,0,,,,,2025-07-18,2025-07-18,"China, South Asia, & East Asia",0.873806922801559,0.05461293267509744,0.020321091227943233,0.873806922801559,0.0,0.03120739010005568,0.011808201659480528,0.008243461535863764
31154068993136,Book,,DS793.A6 A5386 2024,NYU Inst Study Ancient World,Large Collection,9998738398907876,Anhui Sheng yin Jiang ji Huai gong cheng kao gu fa jue jian bao he ji /,7573212054; 9787573212054,,,Shanghai gu ji chu ban she,Shanghai Shi :,2024.,Excavations (Archaeology)--China--Anhui Sheng.; Archaeology--China--Anhui Sheng.; Hydraulic engineering--China--Anhui Sheng.; Anhui Sheng (China)--Antiquities.; Anhui.; Fouilles (Archéologie)--Chine--Anhui.; Archéologie--Chine--Anhui.; Technologie hydraulique--Chine--Anhui.,http://vocab.getty.edu/tgn/7002075,,0,,,,,2025-07-01,2025-07-01,"China, South Asia, & East Asia",0.925016078586442,0.0,0.021512001827591675,0.925016078586442,0.0,0.033036288520944354,0.011709064285904328,0.008726566779117376
31154068993144,Book,In Process,DS797.54.U536 W853 2023,NYU Inst Study Ancient World,Large Collection,9998738398807876,Wulanchabu Shi wen wu kao gu yu bo wu guan xue wen ji = Wulanchabu Shi wenwu kaogu yu bowuguanxue wenji /,7559861954; 9787559861955,,,Guangxi shi fan da xue chu ban she,Guilin :,2023.,Ulanqab Shi (China)--Antiquities.; Museum techniques--China--Ulanqab Shi.; Ulanqab.,http://vocab.getty.edu/tgn/8678424,,0,v.1,,,,2025-07-01,2025-07-07,"China, South Asia, & East Asia",0.9139698201329116,0.050776101118495086,0.014280778439576744,0.9139698201329116,0.0,0.0,0.012350943515309618,0.008622356793706713
31154068993151,Book,In Process,DS797.54.U536 W853 2023,NYU Inst Study Ancient World,Large Collection,9998738398807876,Wulanchabu Shi wen wu kao gu yu bo wu guan xue wen ji = Wulanchabu Shi wenwu kaogu yu bowuguanxue wenji /,7559861954; 9787559861955,,,Guangxi shi fan da xue chu ban she,Guilin :,2023.,Ulanqab Shi (China)--Antiquities.; Museum techniques--China--Ulanqab Shi.; Ulanqab.,http://vocab.getty.edu/tgn/8678424,,0,v.2,,,,2025-07-01,2025-07-07,"China, South Asia, & East Asia",0.9139698201329116,0.050776101118495086,0.014280778439576744,0.9139698201329116,0.0,0.0,0.012350943515309618,0.008622356793706713
31154068993169,Book,,DS797.48.J564 J564 2023,NYU Inst Study Ancient World,Large Collection,9998738398607876,Jingzhou Yingcheng yi zhi : 2018-2021 nian kao gu fa jue bao gao /,7030764919; 9787030764911,,,Ke xue chu ban she,Beijing :,2023.,"Jingzhou (Hubei Sheng, China)--Antiquities.; Excavations (Archaeology)--China--Jingzhou (Hubei Sheng); Jingzhou.",http://vocab.getty.edu/tgn/7001765,,0,,,,,2025-07-01,2025-07-01,"China, South Asia, & East Asia",0.9082054287967927,0.05676283929979954,0.014190709824949885,0.9082054287967927,0.0,0.0,0.012273046335091794,0.008567975743365968
31154068993177,Book,,DS797.44.S266 S266,NYU Inst Study Ancient World,Large Collection,990000895050107876,Sanmenxia Guo guo mu /,9787501011896; 7501011893; 7501074585; 9787501074587,,,Wen wu chu ban she,Beijing :,1999-,"Sanmenxia Shi (China)--Antiquities.; Excavations (Archaeology)--China--Sanmenxia Shi.; Tombs--China--Sanmenxia Shi.; Art, Chinese--To 221 B.C.; Art, Chinese--China--Sanmenxia Shi.; Antiquities; Art, Chinese; Excavations (Archaeology); Tombs; China--Sanmenxia Shi; To 221 B.C.; Zhou mu--guo guo--fa jue bao gao--he nan sheng--san men xia shi.; Sanmenxia.; Guo Tombs.; Art chinois--Jusqu'à 221 av. J.-C.",http://vocab.getty.edu/tgn/8618788;,https://id.oclc.org/worldcat/entity/E39PBJptYgChtJhY646vQwYVmd; http://www.wikidata.org/entity/Q17012944,0,v.2:pt.1:2023,,,,2025-07-16,2025-07-21,"China, South Asia, & East Asia",0.925016078586442,0.0,0.021512001827591675,0.925016078586442,0.0,0.033036288520944354,0.011709064285904328,0.008726566779117376
31154068993185,Book,,DS797.44.S266 S266,NYU Inst Study Ancient World,Large Collection,990000895050107876,Sanmenxia Guo guo mu /,9787501011896; 7501011893; 7501074585; 9787501074587,,,Wen wu chu ban she,Beijing :,1999-,"Sanmenxia Shi (China)--Antiquities.; Excavations (Archaeology)--China--Sanmenxia Shi.; Tombs--China--Sanmenxia Shi.; Art, Chinese--To 221 B.C.; Art, Chinese--China--Sanmenxia Shi.; Antiquities; Art, Chinese; Excavations (Archaeology); Tombs; China--Sanmenxia Shi; To 221 B.C.; Zhou mu--guo guo--fa jue bao gao--he nan sheng--san men xia shi.; Sanmenxia.; Guo Tombs.; Art chinois--Jusqu'à 221 av. J.-C.",http://vocab.getty.edu/tgn/8618788;,https://id.oclc.org/worldcat/entity/E39PBJptYgChtJhY646vQwYVmd; http://www.wikidata.org/entity/Q17012944,0,v.2:pt.2:2023,,,,2025-07-16,2025-07-21,"China, South Asia, & East Asia",0.925016078586442,0.0,0.021512001827591675,0.925016078586442,0.0,0.033036288520944354,0.011709064285904328,0.008726566779117376
31154068993193,Book,,DS797.44.S266 S266,NYU Inst Study Ancient World,Large Collection,990000895050107876,Sanmenxia Guo guo mu /,9787501011896; 7501011893; 7501074585; 9787501074587,,,Wen wu chu ban she,Beijing :,1999-,"Sanmenxia Shi (China)--Antiquities.; Excavations (Archaeology)--China--Sanmenxia Shi.; Tombs--China--Sanmenxia Shi.; Art, Chinese--To 221 B.C.; Art, Chinese--China--Sanmenxia Shi.; Antiquities; Art, Chinese; Excavations (Archaeology); Tombs; China--Sanmenxia Shi; To 221 B.C.; Zhou mu--guo guo--fa jue bao gao--he nan sheng--san men xia shi.; Sanmenxia.; Guo Tombs.; Art chinois--Jusqu'à 221 av. J.-C.",http://vocab.getty.edu/tgn/8618788;,https://id.oclc.org/worldcat/entity/E39PBJptYgChtJhY646vQwYVmd; http://www.wikidata.org/entity/Q17012944,0,v.2:pt.3:2023,,,,2025-07-16,2025-07-21,"China, South Asia, & East Asia",0.925016078586442,0.0,0.021512001827591675,0.925016078586442,0.0,0.033036288520944354,0.011709064285904328,0.008726566779117376
31154068993201,Book,,DS797.44.S266 S266,NYU Inst Study Ancient World,Large Collection,990000895050107876,Sanmenxia Guo guo mu /,9787501011896; 7501011893; 7501074585; 9787501074587,,,Wen wu chu ban she,Beijing :,1999-,"Sanmenxia Shi (China)--Antiquities.; Excavations (Archaeology)--China--Sanmenxia Shi.; Tombs--China--Sanmenxia Shi.; Art, Chinese--To 221 B.C.; Art, Chinese--China--Sanmenxia Shi.; Antiquities; Art, Chinese; Excavations (Archaeology); Tombs; China--Sanmenxia Shi; To 221 B.C.; Zhou mu--guo guo--fa jue bao gao--he nan sheng--san men xia shi.; Sanmenxia.; Guo Tombs.; Art chinois--Jusqu'à 221 av. J.-C.",http://vocab.getty.edu/tgn/8618788;,https://id.oclc.org/worldcat/entity/E39PBJptYgChtJhY646vQwYVmd; http://www.wikidata.org/entity/Q17012944,0,v.2:pt.4:2023,,,,2025-07-16,2025-07-21,"China, South Asia, & East Asia",0.925016078586442,0.0,0.021512001827591675,0.925016078586442,0.0,0.033036288520944354,0.011709064285904328,0.008726566779117376
31154068993219,Book,,DS797.44.S266 S266,NYU Inst Study Ancient World,Large Collection,990000895050107876,Sanmenxia Guo guo mu /,9787501011896; 7501011893; 7501074585; 9787501074587,,,Wen wu chu ban she,Beijing :,1999-,"Sanmenxia Shi (China)--Antiquities.; Excavations (Archaeology)--China--Sanmenxia Shi.; Tombs--China--Sanmenxia Shi.; Art, Chinese--To 221 B.C.; Art, Chinese--China--Sanmenxia Shi.; Antiquities; Art, Chinese; Excavations (Archaeology); Tombs; China--Sanmenxia Shi; To 221 B.C.; Zhou mu--guo guo--fa jue bao gao--he nan sheng--san men xia shi.; Sanmenxia.; Guo Tombs.; Art chinois--Jusqu'à 221 av. J.-C.",http://vocab.getty.edu/tgn/8618788;,https://id.oclc.org/worldcat/entity/E39PBJptYgChtJhY646vQwYVmd; http://www.wikidata.org/entity/Q17012944,0,v.2:pt.5:2023,,,,2025-07-16,2025-07-21,"China, South Asia, & East Asia",0.925016078586442,0.0,0.021512001827591675,0.925016078586442,0.0,0.033036288520944354,0.011709064285904328,0.008726566779117376
31154068993250,Book,,DS797.28.D864 D845 2024,NYU Inst Study Ancient World,Folio Collection,9998738397807876,Dunhuang shi ku quan ji.,7501082049; 9787501082049,,,Wen wu chu ban she,Beijing :,2024,"Dunhuang Caves (China)--Antiquities.; Excavations (Archaeology)--China--Dunhuang Caves.; Mogao Caves.; Fouilles (Archéologie)--Chine--Dunhuang, Grottes de.",http://vocab.getty.edu/tgn/7029798,,0,v.1,,,,2025-07-01,2025-07-01,"China, South Asia, & East Asia",0.925016078586442,0.0,0.021512001827591675,0.925016078586442,0.0,0.033036288520944354,0.011709064285904328,0.008726566779117376
31154068993268,Book,,DS797.28.D864 D845 2024,NYU Inst Study Ancient World,Folio Collection,9998738397807876,Dunhuang shi ku quan ji.,7501082049; 9787501082049,,,Wen wu chu ban she,Beijing :,2024,"Dunhuang Caves (China)--Antiquities.; Excavations (Archaeology)--China--Dunhuang Caves.; Mogao Caves.; Fouilles (Archéologie)--Chine--Dunhuang, Grottes de.",http://vocab.getty.edu/tgn/7029798,,0,v.2,,,,2025-07-01,2025-07-01,"China, South Asia, & East Asia",0.925016078586442,0.0,0.021512001827591675,0.925016078586442,0.0,0.033036288520944354,0.011709064285904328,0.008726566779117376
31154068993276,Book,,DS797.28.D864 D845 2024,NYU Inst Study Ancient World,Folio Collection,9998738397807876,Dunhuang shi ku quan ji.,7501082049; 9787501082049,,,Wen wu chu ban she,Beijing :,2024,"Dunhuang Caves (China)--Antiquities.; Excavations (Archaeology)--China--Dunhuang Caves.; Mogao Caves.; Fouilles (Archéologie)--Chine--Dunhuang, Grottes de.",http://vocab.getty.edu/tgn/7029798,,0,v.3,,,,2025-07-01,2025-07-01,"China, South Asia, & East Asia",0.925016078586442,0.0,0.021512001827591675,0.925016078586442,0.0,0.033036288520944354,0.011709064285904328,0.008726566779117376
31154068993284,Book,,GN776.3.L52 L533 2022,NYU Inst Study Ancient World,Small Collection,9998738398407876,Liangzhu kao gu fa jue shi liao ji cheng /,7554024418; 9787554024416,,,Zhejiang gu ji chu ban she,Hangzhou :,2022.,Liangzhu culture.; Zhejiang Sheng (China)--Antiquities.; Jiangsu Sheng (China)--Antiquities.; Shanghai (China)--Antiquities.; Zhejiang.; Jiangsu.; Shanghai.,http://vocab.getty.edu/tgn/7002076; http://vocab.getty.edu/tgn/7002081; http://vocab.getty.edu/tgn/7023856,,0,v.1,,,,2025-07-01,2025-07-01,"China, South Asia, & East Asia",0.7419845283892635,0.0,0.13371929602761842,0.7419845283892635,0.04481323748185503,0.0,0.014130300106891225,0.06535263799437191
31154068993292,Book,,GN776.3.L52 L533 2022,NYU Inst Study Ancient World,Small Collection,9998738398407876,Liangzhu kao gu fa jue shi liao ji cheng /,7554024418; 9787554024416,,,Zhejiang gu ji chu ban she,Hangzhou :,2022.,Liangzhu culture.; Zhejiang Sheng (China)--Antiquities.; Jiangsu Sheng (China)--Antiquities.; Shanghai (China)--Antiquities.; Zhejiang.; Jiangsu.; Shanghai.,http://vocab.getty.edu/tgn/7002076; http://vocab.getty.edu/tgn/7002081; http://vocab.getty.edu/tgn/7023856,,0,v.2,,,,2025-07-01,2025-07-01,"China, South Asia, & East Asia",0.7419845283892635,0.0,0.13371929602761842,0.7419845283892635,0.04481323748185503,0.0,0.014130300106891225,0.06535263799437191
31154068993300,Book,,GN776.3.L52 L533 2022,NYU Inst Study Ancient World,Small Collection,9998738398407876,Liangzhu kao gu fa jue shi liao ji cheng /,7554024418; 9787554024416,,,Zhejiang gu ji chu ban she,Hangzhou :,2022.,Liangzhu culture.; Zhejiang Sheng (China)--Antiquities.; Jiangsu Sheng (China)--Antiquities.; Shanghai (China)--Antiquities.; Zhejiang.; Jiangsu.; Shanghai.,http://vocab.getty.edu/tgn/7002076; http://vocab.getty.edu/tgn/7002081; http://vocab.getty.edu/tgn/7023856,,0,v.3,,,,2025-07-01,2025-07-01,"China, South Asia, & East Asia",0.7419845283892635,0.0,0.13371929602761842,0.7419845283892635,0.04481323748185503,0.0,0.014130300106891225,0.06535263799437191
31154068993318,Book,,GN776.3.L52 L533 2022,NYU Inst Study Ancient World,Small Collection,9998738398407876,Liangzhu kao gu fa jue shi liao ji cheng /,7554024418; 9787554024416,,,Zhejiang gu ji chu ban she,Hangzhou :,2022.,Liangzhu culture.; Zhejiang Sheng (China)--Antiquities.; Jiangsu Sheng (China)--Antiquities.; Shanghai (China)--Antiquities.; Zhejiang.; Jiangsu.; Shanghai.,http://vocab.getty.edu/tgn/7002076; http://vocab.getty.edu/tgn/7002081; http://vocab.getty.edu/tgn/7023856,,0,v.4,,,,2025-07-01,2025-07-01,"China, South Asia, & East Asia",0.7419845283892635,0.0,0.13371929602761842,0.7419845283892635,0.04481323748185503,0.0,0.014130300106891225,0.06535263799437191
31154068993326,Book,,GN776.3.L52 L533 2022,NYU Inst Study Ancient World,Small Collection,9998738398407876,Liangzhu kao gu fa jue shi liao ji cheng /,7554024418; 9787554024416,,,Zhejiang gu ji chu ban she,Hangzhou :,2022.,Liangzhu culture.; Zhejiang Sheng (China)--Antiquities.; Jiangsu Sheng (China)--Antiquities.; Shanghai (China)--Antiquities.; Zhejiang.; Jiangsu.; Shanghai.,http://vocab.getty.edu/tgn/7002076; http://vocab.getty.edu/tgn/7002081; http://vocab.getty.edu/tgn/7023856,,0,v.5,,,,2025-07-01,2025-07-01,"China, South Asia, & East Asia",0.7419845283892635,0.0,0.13371929602761842,0.7419845283892635,0.04481323748185503,0.0,0.014130300106891225,0.06535263799437191
31154068993334,Book,,GN776.3.L52 L533 2022,NYU Inst Study Ancient World,Small Collection,9998738398407876,Liangzhu kao gu fa jue shi liao ji cheng /,7554024418; 9787554024416,,,Zhejiang gu ji chu ban she,Hangzhou :,2022.,Liangzhu culture.; Zhejiang Sheng (China)--Antiquities.; Jiangsu Sheng (China)--Antiquities.; Shanghai (China)--Antiquities.; Zhejiang.; Jiangsu.; Shanghai.,http://vocab.getty.edu/tgn/7002076; http://vocab.getty.edu/tgn/7002081; http://vocab.getty.edu/tgn/7023856,,0,v.6,,,,2025-07-01,2025-07-01,"China, South Asia, & East Asia",0.7419845283892635,0.0,0.13371929602761842,0.7419845283892635,0.04481323748185503,0.0,0.014130300106891225,0.06535263799437191
31154068993342,Book,,GN776.3.L52 L533 2022,NYU Inst Study Ancient World,Small Collection,9998738398407876,Liangzhu kao gu fa jue shi liao ji cheng /,7554024418; 9787554024416,,,Zhejiang gu ji chu ban she,Hangzhou :,2022.,Liangzhu culture.; Zhejiang Sheng (China)--Antiquities.; Jiangsu Sheng (China)--Antiquities.; Shanghai (China)--Antiquities.; Zhejiang.; Jiangsu.; Shanghai.,http://vocab.getty.edu/tgn/7002076; http://vocab.getty.edu/tgn/7002081; http://vocab.getty.edu/tgn/7023856,,0,v.7,,,,2025-07-01,2025-07-01,"China, South Asia, & East Asia",0.7419845283892635,0.0,0.13371929602761842,0.7419845283892635,0.04481323748185503,0.0,0.014130300106891225,0.06535263799437191
31154068993359,Book,,GN776.3.L52 L533 2022,NYU Inst Study Ancient World,Small Collection,9998738398407876,Liangzhu kao gu fa jue shi liao ji cheng /,7554024418; 9787554024416,,,Zhejiang gu ji chu ban she,Hangzhou :,2022.,Liangzhu culture.; Zhejiang Sheng (China)--Antiquities.; Jiangsu Sheng (China)--Antiquities.; Shanghai (China)--Antiquities.; Zhejiang.; Jiangsu.; Shanghai.,http://vocab.getty.edu/tgn/7002076; http://vocab.getty.edu/tgn/7002081; http://vocab.getty.edu/tgn/7023856,,0,v.8,,,,2025-07-01,2025-07-01,"China, South Asia, & East Asia",0.7419845283892635,0.0,0.13371929602761842,0.7419845283892635,0.04481323748185503,0.0,0.014130300106891225,0.06535263799437191
31154068993367,Book,,GN776.3.L52 L533 2022,NYU Inst Study Ancient World,Small Collection,9998738398407876,Liangzhu kao gu fa jue shi liao ji cheng /,7554024418; 9787554024416,,,Zhejiang gu ji chu ban she,Hangzhou :,2022.,Liangzhu culture.; Zhejiang Sheng (China)--Antiquities.; Jiangsu Sheng (China)--Antiquities.; Shanghai (China)--Antiquities.; Zhejiang.; Jiangsu.; Shanghai.,http://vocab.getty.edu/tgn/7002076; http://vocab.getty.edu/tgn/7002081; http://vocab.getty.edu/tgn/7023856,,0,v.9,,,,2025-07-01,2025-07-01,"China, South Asia, & East Asia",0.7419845283892635,0.0,0.13371929602761842,0.7419845283892635,0.04481323748185503,0.0,0.014130300106891225,0.06535263799437191
31154068993375,Book,,GN776.3.L52 L533 2022,NYU Inst Study Ancient World,Small Collection,9998738398407876,Liangzhu kao gu fa jue shi liao ji cheng /,7554024418; 9787554024416,,,Zhejiang gu ji chu ban she,Hangzhou :,2022.,Liangzhu culture.; Zhejiang Sheng (China)--Antiquities.; Jiangsu Sheng (China)--Antiquities.; Shanghai (China)--Antiquities.; Zhejiang.; Jiangsu.; Shanghai.,http://vocab.getty.edu/tgn/7002076; http://vocab.getty.edu/tgn/7002081; http://vocab.getty.edu/tgn/7023856,,0,v.10,,,,2025-07-01,2025-07-01,"China, South Asia, & East Asia",0.7419845283892635,0.0,0.13371929602761842,0.7419845283892635,0.04481323748185503,0.0,0.014130300106891225,0.06535263799437191
31154068993508,Book,,DS328 .H45 2017,NYU Inst Study Ancient World,Small Collection,9998742610607876,Ritual matters : archaeology and religion in Hellenistic Central Asia /,,,Hellenistic Central Asia Research Network Berlin) 2017 : author. (2nd :,Charles University Faculty of Arts,Prague :,[2023],"Asia, Central--Antiquities--Congresses.; Asia, Central--Civilization--Congresses.; Central Asia.; Asie centrale--Civilisation--Congrès.",http://vocab.getty.edu/tgn/8697475;,,1,,,,,2025-07-16,2025-07-16,Central Asia & Siberia,0.852935951428004,0.07753963194800037,0.852935951428004,0.031015852779200145,0.0,0.030461998265285856,0.0,0.008046565579509472
31154068993516,Book,,DS286.4 .W43 2024,NYU Inst Study Ancient World,Large Collection,9998738396907876,"Narseh, König der Könige des Sāsānidenreiches (293-302 n. Chr.) : eine prosopographisch-historische Studie /",9042948647; 9789042948648; 9789042948655; 9042948655,,"Weber, U. author. (Ursula),",Peeters,"Leuven ; paaris ; Bristol, CT :",2024.,"Narseh,--King of Iran,---approximately 302; Sasanian Empire; Iran; Sassanids.; Iran--Kings and rulers--Biography.; Iran--History--To 640.; Biographies.; Persia.; Sassanides.; Iran--Histoire--Jusqu'à 651.",,http://id.loc.gov/rwo/agents/no2023022830; http://id.loc.gov/rwo/agents/n79039880;,0,,,,,2025-07-02,2025-07-02,Ancient Western Asia,0.8922137358472214,0.8922137358472214,0.013940839622612835,0.03244413584898987,0.0,0.040927235589322083,0.012056942376313804,0.008417110715539824
31154068993524,Book,,HT114 .U73 2025,NYU Inst Study Ancient World,Small Collection,9998738395507876,Urbanism in the Iron Age Levant and beyond /,9783161642005; 3161642007; 316164199X; 9783161641992,,,Mohr Siebeck,Tübingen :,[2025],"Cities and towns, Ancient--Middle East.; Excavations (Archaeology)--Middle East.; Iron age--Middle East.; Urbanization--Middle East.; Levant (region); Middle East.",https://pleiades.stoa.org/places/930907033; http://vocab.getty.edu/tgn/7001526,,0,,,,,2025-07-02,2025-07-15,European and Classical Antiquity,0.556016872586752,0.2883050450449825,0.017375527268336,0.04043759073358196,0.04765858907886446,0.03971549089905371,0.556016872586752,0.010490884388429284
31154068993532,Book,,DG13 .F73 2013,NYU Inst Study Ancient World,Small Collection,990042139060107876,The fragments of the Roman historians /,0199277052; 9780199277056; 0199277036; 9780199277032; 0199277044; 9780199277049; 0199679061; 9780199679065,,,Oxford University Press,"Oxford, United Kingdom :",2013.,"History, Ancient.; Historians--Greece.; Historians; Historiography; History, Ancient; Greece; Rome (Empire); History; Sources; Sources.; Geschichtsschreibung; Fragment; Römisches Reich; Historians--Rome.; Rome--History--Sources.; Rome--Historiography.; Historiker.; Historia.; Historiografi.; Romerska riket.; Roman Empire.; History.; Rome--Histoire--Sources.; Histoire ancienne.; Historiens--Rome.",http://vocab.getty.edu/tgn/7030347;,https://id.oclc.org/worldcat/entity/E39PBJxd6hw8HtWYq9JY6hjjYP;,0,v.1,Champlin,,,2025-07-02,2025-07-02,European and Classical Antiquity,0.9761904761904762,0.0,0.0,0.0,0.023809523809523808,0.0,0.9761904761904762,0.0
31154068993540,Book,,DG13 .F73 2013,NYU Inst Study Ancient World,Small Collection,990042139060107876,The fragments of the Roman historians /,0199277052; 9780199277056; 0199277036; 9780199277032; 0199277044; 9780199277049; 0199679061; 9780199679065,,,Oxford University Press,"Oxford, United Kingdom :",2013.,"History, Ancient.; Historians--Greece.; Historians; Historiography; History, Ancient; Greece; Rome (Empire); History; Sources; Sources.; Geschichtsschreibung; Fragment; Römisches Reich; Historians--Rome.; Rome--History--Sources.; Rome--Historiography.; Historiker.; Historia.; Historiografi.; Romerska riket.; Roman Empire.; History.; Rome--Histoire--Sources.; Histoire ancienne.; Historiens--Rome.",http://vocab.getty.edu/tgn/7030347;,https://id.oclc.org/worldcat/entity/E39PBJxd6hw8HtWYq9JY6hjjYP;,0,v.2,Champlin,,,2025-07-02,2025-07-02,European and Classical Antiquity,0.9761904761904762,0.0,0.0,0.0,0.023809523809523808,0.0,0.9761904761904762,0.0
31154068993557,Book,,DG13 .F73 2013,NYU Inst Study Ancient World,Small Collection,990042139060107876,The fragments of the Roman historians /,0199277052; 9780199277056; 0199277036; 9780199277032; 0199277044; 9780199277049; 0199679061; 9780199679065,,,Oxford University Press,"Oxford, United Kingdom :",2013.,"History, Ancient.; Historians--Greece.; Historians; Historiography; History, Ancient; Greece; Rome (Empire); History; Sources; Sources.; Geschichtsschreibung; Fragment; Römisches Reich; Historians--Rome.; Rome--History--Sources.; Rome--Historiography.; Historiker.; Historia.; Historiografi.; Romerska riket.; Roman Empire.; History.; Rome--Histoire--Sources.; Histoire ancienne.; Historiens--Rome.",http://vocab.getty.edu/tgn/7030347;,https://id.oclc.org/worldcat/entity/E39PBJxd6hw8HtWYq9JY6hjjYP;,0,v.3,Champlin,,,2025-07-02,2025-07-02,European and Classical Antiquity,0.9761904761904762,0.0,0.0,0.0,0.023809523809523808,0.0,0.9761904761904762,0.0
31154068993565,Book,,QE705.G8 M39 2000,NYU Inst Study Ancient World,Small Collection,990016163370107876,The first fossil hunters : paleontology in Greek and Roman times /,9780691058634; 0691058636; 9780691089775; 0691089779,,"Mayor, Adrienne, 1946-",Princeton University Press,"Princeton, N.J. :",©2000.,"Paleontology--history; Science, Ancient.; Greece.; Rome (Empire); History.; 38.22 palaeozoology.; Paläontologie; Fossil; Sammler; Römisches Reich; Griechenland--Altertum; Osteoarcheologie.; Mythen.; Klassieke oudheid.; Het fantastische.; Paleontology--Greece--History.; Paleontology--Rome--History.; Science, ancient.; Paleontology--History.; Paleontology.; Paléontologie--Grèce--Histoire.; Paléontologie--Rome--Histoire.; Sciences anciennes.",(OCoLC)fst01208380 (OCoLC)fst01204885;,https://id.oclc.org/worldcat/entity/E39PBJxd6hw8HtWYq9JY6hjjYP;,0,,Champlin,,,2025-07-02,2025-07-03,Cross-Cultural Studies & Other,0.6597938144329897,0.0,0.010309278350515464,0.0,0.6597938144329897,0.0,0.32989690721649484,0.0
31154068993581,Book,,NA2543.S6 P685 2025,NYU Inst Study Ancient World,Large Collection,9998738394207876,Power and place in the prehistoric Aegean and beyond : studies in honor of James C. Wright /,193153442X; 9781931534420; 9781623034474; 1623034477,,,INSTAP Academic Press,"Philadelphia, Pennsylvania :",2025.,Architecture and society--Aegean Sea Region.; Power (Social sciences)--Aegean Sea Region.; Aegean Sea Region--Antiquities.; Aegaeum Mare.,https://pleiades.stoa.org/places/560221,,0,,,,,2025-07-03,2025-07-03,European and Classical Antiquity,0.7617601467843473,0.08464001630937192,0.021652097195420723,0.03385600652374877,0.039901721974418186,0.0,0.7617601467843473,0.05819001121269319
31154068993599,Book,,CN355.I86 C68 2024,NYU Inst Study Ancient World,Large Collection,9998684103807876,The Greek and Latin Inscriptions in the Isparta Archaeological Museum /,625821469X; 9786258214697,,"Coşkun Abuagla, Asuman, author.",Kabalci,Istanbul :,2024.,"Inscriptions, Greek--Turkey--Pisidia.; Inscriptions, Latin--Turkey--Pisidia.; Turkey--History.; Inscriptions, Greek.; Inscriptions, Latin.; Inscriptions, Greek; Inscriptions, Latin; History; Baris.; Pisidia (region); Asia Minor.; Turkey.; Inscriptions grecques.; Inscriptions latines.; Turquie--Histoire.; Inscriptions grecques--Turquie--Pisidie.; Inscriptions latines--Turquie--Pisidie.",https://pleiades.stoa.org/places/638790; https://pleiades.stoa.org/places/639060; https://pleiades.stoa.org/places/837; https://vocab.getty.edu/tgn/1000144;,,0,,,,,2025-07-03,2025-07-03,European and Classical Antiquity,0.7571625349789042,0.09464531687236302,0.023661329218090756,0.05506636618028394,0.0,0.06946445275035819,0.7571625349789042,0.0
31154068993607,Book,,N5340 .B43 2024,NYU Inst Study Ancient World,Small Collection,9998738392207876,Art of ancient India and the Aegean : fortuitous parallels or cultural contacts? /,9781803277615; 1803277610; 9781803277622; 1803277629,,"Bhalla, A. S., author.",Archaeopress Publishing Ltd,Oxford :,[2024],"Art, Ancient--India.; Art, Aegean.; Art, Greek--History.; Aegaeum Mare.; Indus/Sinthos/Phison (river); Art antique--Inde.; Art égéen.",https://pleiades.stoa.org/places/560221; https://pleiades.stoa.org/places/59851,,0,,,,,2025-07-03,2025-07-03,"China, South Asia, & East Asia",0.6601923860761454,0.0,0.07945354888856276,0.6601923860761454,0.02829395940326337,0.023578299502719474,0.20848180612930906,0.0
31154068993615,Book,,DG68 .R5 1992,NYU Inst Study Ancient World,Large Collection,990020488780107876,A new topographical dictionary of ancient Rome /,9780801843006; 0801843006,,"Richardson, Lawrence, Jr., 1920-2013, author.",The Johns Hopkins University Press,Baltimore ; London :,[1992],"Rome (Italy)--Buildings, structures, etc.--Dictionaries.; Dictionary; Buildings; Italy--Rome; dictionaries.; Dictionaries; Dictionaries.; Rome : ancient city--Gazetteers--1992.; Italy, Roma, Roma--Buildings, dwellings, etc.; Italy, Roma, Roma--Description and travel; Italy, Roma, Roma--History; Bibel Römerbrief; Antike; Architektur; Topografie; Wörterbuch; Enzyklopädie.; Wörterbuch.; Topografie.; Rome (Italy)--Description and travel--To 476--Dictionaries.; Rome (Italy)--Buildings, structures, etc.--To 476--Dictionaries.; Rome (Italy)--Antiquities--Dictionaries.; Roma.; Antiquités romaines.; Constructions--Italie--Rome (Italie)--Dictionnaires anglais.; Architecture romaine--Italie--Rome (Italie)--Dictionnaires anglais.; Antiquités romaines--Dictionnaires.; Rome (Italie)--Descriptions et voyages--Antiquité.; Rome--Antiquités--Dictionnaires.; Dictionnaires.; Rom.; Geschichte 753 v. Chr.-608-753; Geschichte Anfänge-550 v. Chr.; Geschichte Anfänge-500; Geschichte 753 v. Chr.-608; Rome (Italie)--Constructions--Dictionnaires anglais.; Buildings.; Rome (Italy); Wörterbuch (Fachlexikon)",https://pleiades.stoa.org/places/423025;,https://id.oclc.org/worldcat/entity/E39PBJqfPdVkJT8KqM83krFMyd;,0,,Champlin,,,2025-07-07,2025-07-07,European and Classical Antiquity,1.0,0.0,0.0,0.0,0.0,0.0,1.0,0.0
31154068993623,Book,,GA895.R7 M37 2002,NYU Inst Study Ancient World,Large Collection,990008871140107876,Mapping Augustan Rome /,9781887829502; 1887829504,,,Journal of Roman Archaeology,"Portsmouth, R.I. :",2002.,"Rome--Gazetteers.; Rome (Italy)--Gazetteers.; Rome--History--Augustus, 30 B.C.-14 A.D.--Maps.; Cartography; Italy--Rome; Rome (Empire); 30 B.C.-14 A.D; gazetteers (dictionaries); Gazetteers; History; Maps; Maps.; Gazetteers.; 15.34 classical archaeology.; Bauwerk; Kartierung; Topografie; Wörterbuch; Rom; Topografie.; Geografische namen.; Romeinse oudheid.; Archeologische aspecten.; Encyclopedias (form); Maps (form); Arqueologia romana (cartografia); Cartografia--Roma antiga.; Planejamento territorial urbano (cartografia)--Roma antiga.; Urbanização (cartografia)--Roma antiga.; Mapas--Roma antiga.; Cartography--Italy--Rome.; Rome (Italy)--Maps--Augustus, 30 B.C.-14 A.D.; Roma.; Cartes géographiques.; Répertoires géographiques.; Rom.; Geschichte 14; Roman Empire.; Cartographie--Italie--Rome.; Geschichte 14.",https://pleiades.stoa.org/places/423025; http://vocab.getty.edu/tgn/7030347,https://id.oclc.org/worldcat/entity/E39PBJqfPdVkJT8KqM83krFMyd;,0,,Champlin,,,2025-07-07,2025-07-07,European and Classical Antiquity,0.8753799392097265,0.09726443768996959,0.02735562310030395,0.0,0.0,0.0,0.8753799392097265,0.0
31154068993631,Book,,PA6700 .A32 2014,NYU Inst Study Ancient World,Small Collection,990042737920107876,Life of Augustus = Vita divi Augusti /,0199686459; 9780199686452; 9780199686469; 0199686467,,"Suetonius, approximately 69-approximately 122, author.",Oxford University Press,Oxford :,2014.,"Biography; Emperors--Biography; Rome (Empire); Biographies; Criticism, interpretation, etc.; Suetonius,--approximately 69-approximately 122.--Divus Augustus.; Augustus,--Emperor of Rome,--63 B.C.-14 A.D.; Emperors--Rome--Biography--History and criticism.; Classical biography.; Biographies.; Roman Empire.; Empereurs--Rome--Biographies--Histoire et critique.",http://vocab.getty.edu/tgn/7030347,,0,,Champlin,,,2025-07-07,2025-07-07,European and Classical Antiquity,0.8918296638602929,0.053325880033619766,0.013934838497817077,0.0,0.0,0.04090961760827032,0.8918296638602929,0.0
31154068993649,Book,,DS122.8 .P75 1992,NYU Inst Study Ancient World,Small Collection,990020407400107876,"Jerusalem under siege : the collapse of the Jewish state, 66-70 C.E. /",9789004094710; 9004094717,,"Price, Jonathan J.",Brill,Leiden ; New York :,1992.,"Josephus, Flavius.--De bello Judaico.; Jews--History--Rebellion, 66-73.; Palestine--History, Military.; Jews--History--Historiography.--Rebellion, 66-73; De bello Judaico (Josephus, Flavius); Historiography; Jews; Middle East--Palestine; Jewish Rebellion--(66-73 A.D.); 66-73; History; Military history; Alltag; Jüdischer Krieg--66-70; Jerusalem; Joden.; Opstanden.; Jerusalem (Israel)--History--70 A.D., Siege.; Jews--History--168 B.C.-135 A.D., Hasmonean rebellion to Bar Kokhba Rebellion.; Jews--History--To 70 A.D.; Ierusalem/Hierosolyma/Col. Aelia Capitolina.; Palaestina.; Flavius Josèphe, 0037-0100.--Bellum judaicum.; Historiographie ancienne.; Juifs--66-73 (Rébellion); Jérusalem--0070 (siège); Jerusalem--Zerstörung <70>; Josephus, Flavius. De bello Judaico.; Josèphe, Flavius.--De bello Judaico.--Français.; Juifs--Histoire--66-73 (Rébellion); Juifs--Histoire--Historiographie.--66-73 (Rébellion); Palestine--Histoire militaire.; Palestine--Histoire militaire--Historiographie.",https://pleiades.stoa.org/places/687928; https://pleiades.stoa.org/places/991396;,https://id.oclc.org/worldcat/entity/E39PBJbGRpdjCJGRyrXqt8rTHC;,0,,Champlin,,,2025-07-07,2025-07-08,Ancient Western Asia,0.8554934918480128,0.8554934918480128,0.02198942879903093,0.034383470485757454,0.023062083862398292,0.04337364396139128,0.012777641058896352,0.008920239984512546
31154068993656,Book,,CN350 .M35 2002,NYU Inst Study Ancient World,Small Collection,990008757760107876,An introduction to Greek epigraphy of the Hellenistic and Roman periods from Alexander the Great down to the reign of Constantine (323 B.C.-A.D. 337) /,9780472112388; 0472112384,,"McLean, Bradley H. 1957- (Bradley Hudson),",University of Michigan Press,Ann Arbor :,©2002.,"Inscriptions, Greek.; Greece--History--To 146 B.C.; Greece--History--146 B.C.-323 A.D.; Antiquities; Inscriptions, Greek; Greece; To 323; History; 15.27 epigraphy.; Inschrift; Epigrafie.; Inscripties.; Grieks.; Textbooks (form); Inscriptions, Greek--Greece.; Greece--Antiquities.; Greece--History--Hellenistic period, 323-146 B.C.; Greece--History--Roman era, 146 B.C.-323 A.D.; Hellas.; Griechisch.; Eastern Mediterranean.; Greece.; Yazıtlar, Yunan.; Yunanistan--Eski Eserler.; Yunanistan--Tarih--146 M.Ö; Inscriptions grecques.; Grèce--Antiquités.; Grèce--Histoire--Jusqu'à 146 av. J.-C.; Grèce--Histoire--146 av. J.-C.-323.",https://pleiades.stoa.org/places/696690497; http://vocab.getty.edu/tgn/7593196; http://vocab.getty.edu/tgn/1000074;,https://id.oclc.org/worldcat/entity/E39PBJxd6hw8HtWYq9JY6hjjYP;,0,,Champlin,,,2025-07-07,2025-07-07,European and Classical Antiquity,0.5276873971938763,0.0,0.010077363488077497,0.0,0.015730518615535607,0.4465047207025107,0.5276873971938763,0.0
31154068993664,Book,,DS62.2 .O94 2025,NYU Inst Study Ancient World,Small Collection,9998740209607876,The Oxford handbook of the Hellenistic and Roman Near East /,019085815X; 9780190858155; 9780190858186; 0190858184; 9780190858179; 0190858176,,,Oxford University Press,"New York, NY :",[2025],Middle East--History--To 622.; Syria--History--To 333 B.C.; Syria--History--333 B.C.-634 A.D.; Middle East / History / To 622; Syria / History / To 333 B.C.; Syria / History / 333 B.C.-634 A.D.; Moyen-Orient / Histoire / Jusqu'à 622; Syrie / Histoire / Jusqu'à 333 av. J.-C.; Syrie / Histoire / 333 av. J.-C.-634; Naher Osten; Syria.; Middle East.; Moyen-Orient--Histoire--Jusqu'à 622.; Syrie--Histoire--Jusqu'à 333 av. J.-C.; Syrie--Histoire--333 av. J.-C.-634.,https://pleiades.stoa.org/places/1306; http://vocab.getty.edu/tgn/7001526;,,1,,,,,2025-07-08,2025-07-08,Ancient Western Asia,0.8554934918480128,0.8554934918480128,0.02198942879903093,0.034383470485757454,0.023062083862398292,0.04337364396139128,0.012777641058896352,0.008920239984512546
31154068993680,Book,,NK3650.5.C62 H478 2019,NYU Inst Study Ancient World,Large Collection,9998740208607876,Zhu guang liu ying : Hepu chu tu Han dai zhu shi = Glittering ornaments of the Han Dynasty = Zhuguang liuying : Hepu chutu Handai zhushi /,7807468718; 9787807468714; 780746870X; 9787807468707,,"Ye, Jiwang.",Guangxi mei shu chu ban she,Nanning :,2019.,"Beads--China--Hepu Xian--History.; Pendants (Jewelry)--China--Hepu Xian--History.; China--History--Han dynasty, 202 B.C.-220 A.D.; Hepu Xian (China)--Antiquities.; Antiquities; Beads; Han Dynasty (China); Pendants (Jewelry); China; China--Hepu Xian; 202 B.C.-220 A.D.; History; Zhuang shi zhi pin--Gu qi wu--Yan jiu--He pu xian--Han dai.; Hepu.; Imperial China.; China.; Ancient China.; Chine--Histoire--202 av. J.-C.-220 (Dynastie des Han)",http://vocab.getty.edu/tgn/8205829; http://vocab.getty.edu/tgn/8697462; http://vocab.getty.edu/tgn/1000111; http://vocab.getty.edu/tgn/8697463;,https://id.oclc.org/worldcat/entity/E39PBJdCqh8h6hJY7PT6MQW4bd; https://id.oclc.org/worldcat/entity/E39PBJcrhf9BTQ79rMWDKhKKh3;,0,,,,,2025-07-08,2025-07-08,"China, South Asia, & East Asia",0.8951398258603509,0.0,0.013986559779067983,0.8951398258603509,0.03836313539401504,0.031969279495012534,0.012096484133247987,0.008444715338305197
31154068993698,Book,,DE86 .S885 2004,NYU Inst Study Ancient World,Small Collection,990002584900107876,Studies in ancient Greek and Roman society /,9780521837699; 0521837693; 1107403812; 9781107403819,,,Cambridge University Press,"Cambridge, UK ; New York, NY, USA :",2004.,"Civilization, Classical.; Rome--History.; Greece; Rome (Empire); To 146 B.C.; History; Altertum; Gesellschaft; Griechenland; Römisches Reich; Griechenland--Altertum; Civilization, Classical; Greece--History--To 146 B.C.; Rome--History; Hellas.; Greece (ancient); Roman Empire.; Greece.; Klassieke oudheid.; Sociale aspecten.; Civilisation ancienne.; Grèce--Histoire--Jusqu'à 146 av. J.-C.; Rome--Histoire.; Sozialgeschichte.; Aufsatzsammlung.",https://pleiades.stoa.org/places/696690497; http://vocab.getty.edu/tgn/7594735; http://vocab.getty.edu/tgn/7030347; http://vocab.getty.edu/tgn/1000074;,https://id.oclc.org/worldcat/entity/E39PBJxd6hw8HtWYq9JY6hjjYP;,0,,Champlin,,,2025-07-08,2025-07-08,European and Classical Antiquity,0.8508345467368853,0.0,0.013294289792763833,0.0,0.1358711634703508,0.0,0.8508345467368853,0.0
31154068993706,Book,,BT1410 .M315 2004,NYU Inst Study Ancient World,Small Collection,990011400380107876,Manichaean texts from the Roman Empire /,9780521560900; 052156090X; 9780521568227; 0521568226,,,Cambridge University Press,"Cambridge, UK ; New York :",2004.,"Manichaeism--Rome.; Manichaeism; Religion; Rome (Empire); 11.19 ancient religions: other.; 11.51 early Christianity.; Manicheïsme.; Bronnen (vorm); Sources (form); Mani,--216-76 A.D.; Dualismo (religião); Religião--Roma antiga.; Seitas religiosas--Roma antiga.; Heresia--Roma antiga.; Mani,--active 3rd century--Psychology--Sources.; Manichaeism--Rome--Sources.; Rome--Religion--Empire, 30 B.C.-476 A.D--Sources.; Roman Empire.; Manichéisme--Rome.; Rome--Religion.",http://vocab.getty.edu/tgn/7030347;,,0,,Champlin,,,2025-07-08,2025-07-08,European and Classical Antiquity,0.4820340787006555,0.46129771277941223,0.014415553524356632,0.033548924565775434,0.0,0.0,0.4820340787006555,0.00870373042980023
31154068993714,Book,,DG254.2 .M55 1998,NYU Inst Study Ancient World,Small Collection,990014431910107876,The crowd in Rome in the late Republic /,9780472108923; 0472108921; 9780472088782; 0472088785; 9780472084890; 0472084895,,"Millar, Fergus.",University of Michigan Press,Ann Arbor :,1998.,"Crowds--Rome--History.; Collective behavior.; Crowds--History--Rome; Rome--Politics and government--265-30 B.C; Mass Behavior; Collective behavior; Crowds; Politics and government; Rome (Empire); 265-30 B.C; History; Romeinse republiek.; Politieke cultuur.; Massa (sociale wetenschappen); Crowds--Rome--Republic, 265-30 B.C.; Collective behavior--Rome--Republic, 265-30 B.C.; Rome--Politics and government--265-30 B.C.; Plèbe (Rome)--Activité politique.; Peuple--Rome--Histoire.; Rome--politique et gouvernement---510-30 av. J.-C. (République); Rome--Politique et gouvernement--1er siècle av. J.-C.; Roman Empire.; Rome--Politique et gouvernement--265-30 av. J.-C.; Foules--Rome--Histoire.; Comportement collectif.",http://vocab.getty.edu/tgn/7030347;,,0,,Champlin,,,2025-07-08,2025-07-08,European and Classical Antiquity,0.9846153846153847,0.0,0.015384615384615385,0.0,0.0,0.0,0.9846153846153847,0.0
31154068993722,Book,,DG274 .P43 1990,NYU Inst Study Ancient World,Large Collection,990019517630107876,"Roman imperial titulature and chronology, A.D. 235-284 /",9789050630344; 9050630340,,"Peachin, Michael, 1954-",Gieben,Amsterdam :,1990.,"Rome--History--Empire, 30 B.C.-284 A.D.; Rome--History--Period of military anarchy, 235-284.; Emperors--Titles; Rome (Empire); 30 B.C.-284 A.D; chronologies (lists); Chronologies; History; 15.52 Roman Empire.; Keizers.; Titulatuur.; Emperors--Rome--Titles.; Emperors--Succession--Rome.; Chronology, Roman.; Rome--History--Empire, 30 B.C.-284 A.D.--Chronology.; Empereurs romains--titulature.; Rome--histoire--235-284 (anarchie militaire); Chronologies.; Roman Empire.; Inscriptions grecques--Rome--Catalogues.; Inscriptions latines--Italie--Rome--Catalogues.; Rome--Histoire--235-284 (Anarchie militaire); Rome--Histoire--30 av. J.-C.-284 (Empire)",http://vocab.getty.edu/tgn/7030347;,,0,,Champlin,,,2025-07-08,2025-07-08,European and Classical Antiquity,1.0,0.0,0.0,0.0,0.0,0.0,1.0,0.0
31154068993730,Book,In Process,D58 .H4713 2008,NYU Inst Study Ancient World,Small Collection,9998742209307876,The landmark Herodotus : the histories /,1847246869; 9781847246868,,Herodotus.,Quercus,London :,2008.,Greece--History--To 146 B.C.; Greece; To 146 B.C.; History; Hellas.; Greece (ancient); Greece.; Grèce--Histoire--Jusqu'à 146 av. J.-C.,https://pleiades.stoa.org/places/696690497; http://vocab.getty.edu/tgn/7594735; http://vocab.getty.edu/tgn/1000074;,https://id.oclc.org/worldcat/entity/E39PBJxd6hw8HtWYq9JY6hjjYP;,0,,Champlin,,,2025-07-08,2025-07-21,European and Classical Antiquity,0.5120371175205087,0.0,0.012782195114021835,0.0,0.4674631355985128,0.0,0.5120371175205087,0.007717551766956579
31154068993748,Book,,HQ1121 .S79513 1992,NYU Inst Study Ancient World,Small Collection,990021752260107876,A history of women in the West /,9780674403703; 0674403703; 9780674403710; 0674403711; 9780674403727; 067440372X; 9780674403734; 0674403738; 0674403665; 9780674403666; 9780674403741; 0674403746; 0674403657; 9780674403659; 9780674403680; 0674403681; 9780674403697; 067440369X; 978067440367,,,The Belknap Press of Harvard University Press,"Cambridge, Massachusetts :",1992-1994.,"Women--Europe--History.; Women--Legal status, laws, etc.--History.; Women--Social conditions.; Women--history; Women--Social conditions; Women--Legal status, laws, etc.; Women; Europe; History; Essays.; Frau; Vrouwen.; Women.; Gender identity.; Women--History.; Geschichte; Geschichte Anfänge-400; WOMEN.; HISTORY.; WOMEN'S STATUS.; WESTERN CIVILIZATION.; Femmes--Histoire.; Femmes--Europe--Histoire.; Femmes--Conditions sociales.; Women--Social conditions--History.; Europe.",http://vocab.getty.edu/tgn/1000003,https://id.oclc.org/worldcat/entity/E39PBJxCxPbbk4CPJDQJb4r6rq;,0,v.1,,,,2025-07-09,2025-07-09,European and Classical Antiquity,0.9844295004752541,0.0,0.01557049952474585,0.0,0.0,0.0,0.9844295004752541,0.0
31154068993755,Book,,CJ737 .L67 2025,NYU Inst Study Ancient World,Large Collection,9998741310207876,Coins of the Ptolemaic empire.,0897223721; 9780897223720; 0897224027; 9780897224024; 089722373X; 9780897223737; 0897224094; 9780897224093; 0897224108; 9780897224109; 0897224116; 9780897224116; 0897223977; 9780897223973,,"Lorber, Catharine C., author.",The American Numismatic Society,New York :,2025.,"Ptolemaic dynasty,--305-30 B.C.; Coins, Greek--Egypt--Catalogs.; Coins, Ancient--Egypt--Catalogs.; Numismatics--Egypt.; Egypt--History--332-30 B.C.; Egypt--History--Greco-Roman period, 332 B.C.-640 A.D.; Coins, Ancient; Coins, Greek; Numismatics; Egypt; 332 B.C.-640 A.D.; Catalogs; History; Ptolemaic Kingdom.; Ancient Egypt (region); Egypt.; Ptolémées (Dynastie); Monnaies grecques--Égypte--Catalogues.; Monnaies antiques--Égypte--Catalogues.; Numismatique--Égypte.; Égypte--Histoire--332-30 av. J.-C.; Égypte--Histoire--332 av. J.-C.-640 (Période gréco-romaine)",https://pleiades.stoa.org/places/463803480; https://pleiades.stoa.org/places/981503; http://vocab.getty.edu/tgn/7016833;,https://id.oclc.org/worldcat/entity/E39QbtfRDwpX7XgppvP7ww3J9c;,0,v.1,,,,2025-07-10,2025-07-15,European and Classical Antiquity,0.7572048948509922,0.0841338772056658,0.0352188323186508,0.05506944689825397,0.0,0.05408606391792801,0.7572048948509922,0.014286884808509287
31154068993763,Book,,CJ737 .L67 2025,NYU Inst Study Ancient World,Large Collection,9998741310207876,Coins of the Ptolemaic empire.,0897223721; 9780897223720; 0897224027; 9780897224024; 089722373X; 9780897223737; 0897224094; 9780897224093; 0897224108; 9780897224109; 0897224116; 9780897224116; 0897223977; 9780897223973,,"Lorber, Catharine C., author.",The American Numismatic Society,New York :,2025.,"Ptolemaic dynasty,--305-30 B.C.; Coins, Greek--Egypt--Catalogs.; Coins, Ancient--Egypt--Catalogs.; Numismatics--Egypt.; Egypt--History--332-30 B.C.; Egypt--History--Greco-Roman period, 332 B.C.-640 A.D.; Coins, Ancient; Coins, Greek; Numismatics; Egypt; 332 B.C.-640 A.D.; Catalogs; History; Ptolemaic Kingdom.; Ancient Egypt (region); Egypt.; Ptolémées (Dynastie); Monnaies grecques--Égypte--Catalogues.; Monnaies antiques--Égypte--Catalogues.; Numismatique--Égypte.; Égypte--Histoire--332-30 av. J.-C.; Égypte--Histoire--332 av. J.-C.-640 (Période gréco-romaine)",https://pleiades.stoa.org/places/463803480; https://pleiades.stoa.org/places/981503; http://vocab.getty.edu/tgn/7016833;,https://id.oclc.org/worldcat/entity/E39QbtfRDwpX7XgppvP7ww3J9c;,0,v.2,,,,2025-07-10,2025-07-15,European and Classical Antiquity,0.7572048948509922,0.0841338772056658,0.0352188323186508,0.05506944689825397,0.0,0.05408606391792801,0.7572048948509922,0.014286884808509287
31154068993771,Book,,CJ737 .L67 2025,NYU Inst Study Ancient World,Large Collection,9998741310207876,Coins of the Ptolemaic empire.,0897223721; 9780897223720; 0897224027; 9780897224024; 089722373X; 9780897223737; 0897224094; 9780897224093; 0897224108; 9780897224109; 0897224116; 9780897224116; 0897223977; 9780897223973,,"Lorber, Catharine C., author.",The American Numismatic Society,New York :,2025.,"Ptolemaic dynasty,--305-30 B.C.; Coins, Greek--Egypt--Catalogs.; Coins, Ancient--Egypt--Catalogs.; Numismatics--Egypt.; Egypt--History--332-30 B.C.; Egypt--History--Greco-Roman period, 332 B.C.-640 A.D.; Coins, Ancient; Coins, Greek; Numismatics; Egypt; 332 B.C.-640 A.D.; Catalogs; History; Ptolemaic Kingdom.; Ancient Egypt (region); Egypt.; Ptolémées (Dynastie); Monnaies grecques--Égypte--Catalogues.; Monnaies antiques--Égypte--Catalogues.; Numismatique--Égypte.; Égypte--Histoire--332-30 av. J.-C.; Égypte--Histoire--332 av. J.-C.-640 (Période gréco-romaine)",https://pleiades.stoa.org/places/463803480; https://pleiades.stoa.org/places/981503; http://vocab.getty.edu/tgn/7016833;,https://id.oclc.org/worldcat/entity/E39QbtfRDwpX7XgppvP7ww3J9c;,0,v.3,,,,2025-07-10,2025-07-15,European and Classical Antiquity,0.7572048948509922,0.0841338772056658,0.0352188323186508,0.05506944689825397,0.0,0.05408606391792801,0.7572048948509922,0.014286884808509287
31154068993789,Book,,DG209 .S95 1979,NYU Inst Study Ancient World,Small Collection,990021668500107876,Roman papers /,0198143672; 9780198143673; 9780198148395; 0198148399; 9780198148739; 0198148739; 9780198148852; 0198148852; 9780198144946; 0198144946; 9780198144908; 0198144903,,"Syme, Ronald, 1903-1989.",Oxford University Press; Clarendon Press,Oxford : Oxford ; New York :,1979-<1991>,"Rome--History.; Rome (Empire); History; Essays.; 2.; Roma--Història.; Rome--History--Empire, 30 B.C.-476 A.D.; Roman Empire.; Rome--Histoire.; Ancient Rome, to 476",http://vocab.getty.edu/tgn/7030347;,,0,v.3,Champlin,,,2025-07-15,2025-07-21,European and Classical Antiquity,0.9761904761904762,0.0,0.0,0.0,0.023809523809523808,0.0,0.9761904761904762,0.0
31154068993797,Book,,DG209 .S95 1979,NYU Inst Study Ancient World,Small Collection,990021668500107876,Roman papers /,0198143672; 9780198143673; 9780198148395; 0198148399; 9780198148739; 0198148739; 9780198148852; 0198148852; 9780198144946; 0198144946; 9780198144908; 0198144903,,"Syme, Ronald, 1903-1989.",Oxford University Press; Clarendon Press,Oxford : Oxford ; New York :,1979-<1991>,"Rome--History.; Rome (Empire); History; Essays.; 2.; Roma--Història.; Rome--History--Empire, 30 B.C.-476 A.D.; Roman Empire.; Rome--Histoire.; Ancient Rome, to 476",http://vocab.getty.edu/tgn/7030347;,,0,v.4,Champlin,,,2025-07-15,2025-07-21,European and Classical Antiquity,0.9761904761904762,0.0,0.0,0.0,0.023809523809523808,0.0,0.9761904761904762,0.0
31154068993805,Book,,DG209 .S95 1979,NYU Inst Study Ancient World,Small Collection,990021668500107876,Roman papers /,0198143672; 9780198143673; 9780198148395; 0198148399; 9780198148739; 0198148739; 9780198148852; 0198148852; 9780198144946; 0198144946; 9780198144908; 0198144903,,"Syme, Ronald, 1903-1989.",Oxford University Press; Clarendon Press,Oxford : Oxford ; New York :,1979-<1991>,"Rome--History.; Rome (Empire); History; Essays.; 2.; Roma--Història.; Rome--History--Empire, 30 B.C.-476 A.D.; Roman Empire.; Rome--Histoire.; Ancient Rome, to 476",http://vocab.getty.edu/tgn/7030347;,,0,v.5,Champlin,,,2025-07-15,2025-07-21,European and Classical Antiquity,0.9761904761904762,0.0,0.0,0.0,0.023809523809523808,0.0,0.9761904761904762,0.0
31154068993813,Book,,DG209 .S95 1979,NYU Inst Study Ancient World,Small Collection,990021668500107876,Roman papers /,0198143672; 9780198143673; 9780198148395; 0198148399; 9780198148739; 0198148739; 9780198148852; 0198148852; 9780198144946; 0198144946; 9780198144908; 0198144903,,"Syme, Ronald, 1903-1989.",Oxford University Press; Clarendon Press,Oxford : Oxford ; New York :,1979-<1991>,"Rome--History.; Rome (Empire); History; Essays.; 2.; Roma--Història.; Rome--History--Empire, 30 B.C.-476 A.D.; Roman Empire.; Rome--Histoire.; Ancient Rome, to 476",http://vocab.getty.edu/tgn/7030347;,,0,v.6,Champlin,,,2025-07-15,2025-07-21,European and Classical Antiquity,0.9761904761904762,0.0,0.0,0.0,0.023809523809523808,0.0,0.9761904761904762,0.0
31154068993821,Book,,DG209 .S95 1979,NYU Inst Study Ancient World,Small Collection,990021668500107876,Roman papers /,0198143672; 9780198143673; 9780198148395; 0198148399; 9780198148739; 0198148739; 9780198148852; 0198148852; 9780198144946; 0198144946; 9780198144908; 0198144903,,"Syme, Ronald, 1903-1989.",Oxford University Press; Clarendon Press,Oxford : Oxford ; New York :,1979-<1991>,"Rome--History.; Rome (Empire); History; Essays.; 2.; Roma--Història.; Rome--History--Empire, 30 B.C.-476 A.D.; Roman Empire.; Rome--Histoire.; Ancient Rome, to 476",http://vocab.getty.edu/tgn/7030347;,,0,v.7,Champlin,,,2025-07-15,2025-07-21,European and Classical Antiquity,0.9761904761904762,0.0,0.0,0.0,0.023809523809523808,0.0,0.9761904761904762,0.0
31154068993839,Book,In Process,DF234 .A77313 2010,NYU Inst Study Ancient World,Small Collection,990034293830107876,The Landmark Arrian : the campaigns of Alexander ; Anabasis Alexandrous /,037542346X; 9780375423468,,Arrian.,Pantheon Books,New York :,©2010.,"Generals; Kings and rulers; Command of troops; Greece; Macedonian Expansion--(Greece :--359-323 B.C.); 359-323 B.C; Biographies; History; Arrianus, Flavius--95-175--Alexandri Anabasis; Alexanderzug; Alexander, the Great,--356-323 B.C--Psychology--Sources.; Alexander,--the Great,--356 B.C.-323 B.C.--Indian expedition, 327-325 B.C.--Sources.; Alexander,--the Great,--356 B.C.-323 B.C.--Military leadership.; Generals--Greece--Biography.; Greece--Kings and rulers--Biography.; Greece--History--Macedonian Expansion, 359-323 B.C.--Sources.; India--Description and travel--2nd century.; Hellas.; Biographies.; Alexandrian Empire.; Greece.; Alexander,--the Great,--356 B.C.-323 B.C.; Greece--History--Macedonian Expansion, 359-323 B.C.; Grèce--Histoire--359-323 av. J.-C. (Expansion de la Macédoine); Généraux--Grèce--Biographies.",https://pleiades.stoa.org/places/696690497; http://vocab.getty.edu/tgn/6000169; http://vocab.getty.edu/tgn/1000074;,https://id.oclc.org/worldcat/entity/E39PBJxd6hw8HtWYq9JY6hjjYP;,0,,Champlin,,,2025-07-15,2025-07-21,European and Classical Antiquity,0.9296017004909156,0.0,0.014525026570170557,0.0,0.022673212207095502,0.033200060731818415,0.9296017004909156,0.0
31154068993847,Book,In Process,DG261 .L36 2017,NYU Inst Study Ancient World,Small Collection,9998742208407876,"The Landmark Julius Caesar : the complete works : Gallic War, Civil War, Alexandrian War, African War, and Spanish War : in one volume, with maps, annotations, appendices, and encyclopedic index /",0307377865; 9780307377869,,,Pantheon Books,New York :,[2017],"Caesar, Julius; Europe--Gaul; Rome (Empire); Roman Civil War--(Rome :--49-45 B.C.); Gallic Wars--(Gaul :--58-51 B.C.); History; Informational works.; HISTORY--Ancient--Rome.; HISTORY--Military--Strategy.; HISTORY--Europe--General.; Caesar, Gaius Iulius--v100-v44; Bürgerkrieg im Römischen Reich--49 v. Chr.-45 v. Chr.; Gallischer Krieg; Caesar, Julius.; Gaul--History--Gallic Wars, 58-51 B.C.; Rome--History--Civil War, 49-45 B.C.; Rome--History--Republic, 265-30 B.C.; Gallia.; Documents d'information.; Roman Empire.; Gaule--Histoire--58-51 av. J.-C. (Guerre des Gaules); Rome--Histoire--49-45 av. J.-C. (Guerre civile); Rome--Histoire--265-30 av. J.-C. (République); 265-30 B.C.; History.",https://pleiades.stoa.org/places/993; http://vocab.getty.edu/tgn/7030347;,https://id.oclc.org/worldcat/entity/E39PBJktkDWC7G8VyHQCpvBByd;,0,,Champlin,,,2025-07-15,2025-07-21,European and Classical Antiquity,0.9655172413793103,0.0,0.0,0.0,0.0,0.03448275862068965,0.9655172413793103,0.0
31154068993854,Book,In Process,DG82 .M737 1993,NYU Inst Study Ancient World,Small Collection,9998742208307876,Divites et praepotentes : Reichtum und soziale Stellung in der Literatur der Prinzipatszeit /,9783515059732; 3515059733,,"Mratschek-Halfmann, Sigrid.",Franz Steiner,Stuttgart :,1993.,Rome--Economic conditions.; Wealth--Rome.; Social status--Rome.; Economic history; Social status; Wealth; Rome (Empire); Rijkdom.; Sociale klassen.; Romeinse rijk.; Latin literature--History and criticism.; Social classes in literature.; Literature and society--Rome.; Roman Empire.; Rome--Conditions économiques.; Richesse--Rome.; Statut social--Rome.,http://vocab.getty.edu/tgn/7030347;,,0,,Champlin,,,2025-07-15,2025-07-21,European and Classical Antiquity,0.9846153846153847,0.0,0.015384615384615385,0.0,0.0,0.0,0.9846153846153847,0.0
31154068993862,Book,,GN799.M4 B76 2024,NYU Inst Study Ancient World,Large Collection,9998742510607876,"Bronze Age metallurgy : production--consumption--exchange : proceedings of the workshop ""UK-Gespräche"" at the Austrian Academy of Sciences : 20th anniversary of the Archaeometallurgical Laboratory at VIAS, University of Vienna, May 2019 /",9783700194835; 3700194838; 9783700194842; 3700194846,,,Austrian Academy of Sciences,Vienna :,[2024],"Metal-work, Prehistoric--Europe--Congresses.; Metallurgy--Europe--History--Congresses.; Smelting--Europe--History--Congresses.; Antiquities, Prehistoric--Europe--Congresses.; Bronze age--Europe--Congresses.; Métallurgie préhistorique--Europe--Congrès.; Métallurgie--Europe--Histoire--Congrès.; Fusion (Métallurgie)--Europe--Histoire--Congrès.; Âge du bronze--Europe--Congrès.",,,0,,,,,2025-07-16,2025-07-21,European and Classical Antiquity,0.5619646355360367,0.0,0.029577086080844035,0.02043507765585588,0.32112264887773523,0.020070165554858452,0.5619646355360367,0.04683038629466972
31154068993870,Book,,PA6451.L393 F52 1991,NYU Inst Study Ancient World,Small Collection,9998742510507876,"Die sogenannte Laudatio Turiae : Einleitung, Text, Übersetzung und Kommentar /",9783534112876; 3534112873,,"Flach, Dieter, 1939- author.",Wissenschaftliche Buchgesellschaft,Darmstadt :,©1991,Funeral orations.; Laudatio Turiae; Erbrecht; Familienrecht; Kommentar; Quelle; Römisches Recht; Thermae Diocletiani.; Laudatio Turiae.; Éloges funèbres.,https://pleiades.stoa.org/places/420615524,,0,,,,,2025-07-16,2025-07-16,European and Classical Antiquity,0.5361208563041455,0.0,0.010238419130808335,0.0,0.0,0.45364072456504617,0.5361208563041455,0.0
31154068993888,Book,In Process,DF567 .B37 2024,NYU Inst Study Ancient World,Small Collection,9998742510407876,Die Grenzorganisation der spätantiken Kyrenaika : Studien zu den Militärreformen unter Anastasius I. (491-518 n. Chr.) /,9783963272646; 3963272643; 3963272651; 9783963272653,,"Barthel, Christian, author.",Zaphon,Münster :,2024.,"Anastasius--I,--Emperor of the East,--approximately 430-518.; Inscriptions, Greek--Libya--Cyrenaica.; Byzantine Empire--History, Military--To 527.; Cyrenaica (Libya)--History--To 1500.; Cyrenaica (region); Byzantine Empire.; Empire byzantin--Histoire militaire--Jusqu'à 527.",https://pleiades.stoa.org/places/373777; http://vocab.getty.edu/tgn/7024407;,,0,,,,,2025-07-16,2025-07-21,European and Classical Antiquity,0.9037227214377408,0.08215661103979462,0.0141206675224647,0.0,0.0,0.0,0.9037227214377408,0.0
31154068993896,Book,,DS62.2 .M45 2019,NYU Inst Study Ancient World,Small Collection,9998742510307876,"Responses to the 12th century BC collapse : recovery and restructuration in the early Iron Age Near East and Mediterranean : proceedings of the 9th Melammu workshop, Tartu, 7-9 June 2019 /",3963272767; 9783963272769; 9783963272776; 3963272775,,"Melammu Workshop Tartu, Estonia), 2019 : author. (9th :",Zaphon,Münster :,2024.,Mediterranean Region--Antiquities--Congresses.; Middle East--Antiquities--Congresses.; Iron age--Mediterranean Region--Congresses.; Iron age--Middle East--Congresses.; Twelfth century.; Twelfth century--Congresses.; Internum Mare.; Middle East.; Douzième siècle.; Moyen-Orient--Antiquités--Congrès.; Douzième siècle--Congrès.,https://pleiades.stoa.org/places/1043; http://vocab.getty.edu/tgn/7001526;,,0,,,,,2025-07-16,2025-07-16,Ancient Western Asia,0.8645297079938807,0.8645297079938807,0.022221693840723984,0.00676230140226236,0.023305678906125154,0.04383178142895098,0.030334375719083533,0.009014460708972936
31154068993904,Book,,PJ1357 .S47 2025,NYU Inst Study Ancient World,Small Collection,9998742510207876,"Nacktheit im Alten Ägypten : Episteme, Lexeme und (Re-)Konstruktionen /",9783943955316; 3943955311,,"Serova, Dina, author.",Widmaier Verlag,Hamburg :,2025.,Nudity--History.; Egyptian language--Lexicology.; Egypt--History.; Ancient Egypt (region); Egypt.; Nudité--Histoire.; Égypte--Histoire.; Égyptien (Langue)--Lexicologie.,https://pleiades.stoa.org/places/981503; http://vocab.getty.edu/tgn/7016833;,,0,,,,,2025-07-16,2025-07-16,Egypt & North Africa,0.9061522419186653,0.08237747653806048,0.0,0.0,0.0,0.9061522419186653,0.011470281543274244,0.0
31154068993912,Book,,PA3315.O83 O86,NYU Inst Study Ancient World,Large Collection,990023041290107876,The Oxyrhynchus papyri /,0856980765; 9780856980763; 085698079X; 9780856980794; 0856980803; 9780856980800; 0856980811; 9780856980817; 0856980854; 9780856980855; 0856980862; 9780856980862; 0856980919; 9780856980916; 0856980927; 9780856980923; 0856980935; 9780856980930; 0856981044; ,,,The Egypt Exploration Society with the support of the the British Academy; Egypt Exploration Society with the support of the Arts and Humanities Research Council and the British Academy; Arts and Humanities Research Council by the Egypt Exploration Societ,London :,1898-<2008>,"Oxyrhynchus papyri.; Manuscripts, Greek (Papyri)--Egypt--Bahnasā.; Manuscripts, Greek (Papyri)--Facsimiles.; Bahnasā (Egypt)--Antiquities.; Antiquities; Egypt--Bahnasā; Facsimiles; Papyrus; Oxyrhynchos; Oxyrhynchus papyri; Manuscripts, Greek (Papyri); Inscriptions, Greek; Oxyrhynchus/Pemje.; Papyrus grecs--Égypte.; Manuscrits grecs.; Papyrus.; Oxyrhynchos.; Papyrus grecs.; Papyrus grecs--Fac-similés.",https://pleiades.stoa.org/places/736983;,https://id.oclc.org/worldcat/entity/E39PBJmp87kQ6PPX6mH76ymGHC;,2,v.87:2023,,,,2025-07-16,2025-09-19,Egypt & North Africa,0.9547714894624676,0.0,0.014918304522851056,0.0,0.0,0.9547714894624676,0.03031020601468151,0.0
31154068993920,Book,,NK3843 .L33 2023,NYU Inst Study Ancient World,Large Collection,9998714181207876,The lady of pottery : ceramic studies presented to Penelope A. Mountjoy in acknowledgement of her outstanding scholarship /,(paperback); 8854913790; 9788854913790,,,Edizioni Quasar,Roma :,[2023],"Mountjoy, Penelope A.; Pottery, Mycenaean.; Greece--Antiquities.; Cyprus--Antiquities.; Pottery, Greek; Cyprus (island); Hellas.; Grekisk keramik.; Greece (ancient); Greece.; Grèce--Antiquités.; Chypre--Antiquités.",https://pleiades.stoa.org/places/707498; https://pleiades.stoa.org/places/696690497; http://vocab.getty.edu/tgn/7594735; http://vocab.getty.edu/tgn/1000074;,,1,,,,,2025-07-16,2025-07-16,Cross-Cultural Studies & Other,0.43237812676985593,0.19617155751595317,0.011822839403863248,0.027514971703536287,0.43237812676985593,0.0,0.2848211469913383,0.04729135761545299
31154068993938,Book,In Process,DS73.87 .W57 2025b,NYU Inst Study Ancient World,Small Collection,9998742508907876,The library of ancient wisdom : Mesopotamia and the making of history /,9780241519639; 0241519632,,"Wisnom, Laura Selena, 1986- author.",Allen Lane,[London] :,2025.,"Ashurbanipal,--King of Assyria,--active 668 B.C.-627 B.C.--Books and reading.; Cuneiform writing--History.; Libraries--Iraq--History--To 400.; Libraries--Iraq--Nineveh (Extinct city); Excavations (Archaeology)--Iraq.; Assyriology.; Assyria--History.; Babylonia--Civilization.; Iraq--Civilization--To 634.; Assyria (kingdom); Babylonia.; Iraq.; Écriture cunéiforme--Histoire.; Irak--Civilisation--Jusqu'à 634.; Bibliothèques--Irak--Histoire--Jusqu'à 400.; Assyriologie.; Bibliothèques--Irak--Ninive (Ville ancienne)",https://pleiades.stoa.org/places/29492; https://pleiades.stoa.org/places/912816; http://vocab.getty.edu/tgn/1000118;,,0,,,,,2025-07-17,2025-07-30,Ancient Western Asia,0.8409950116378914,0.8409950116378914,0.0216167628450376,0.033800756448604245,0.022671239081380898,0.04263856891452371,0.029508596899575135,0.00876906417298695
31154068993946,Book,,PJ25 .B6 t.190 2024,NYU Inst Study Ancient World,Large Collection,9998742603307876,Production et transmission des textes funéraires en Égypte au Ier millénaire av. n. è. /,2724710568; 9782724710564,,"Textes funéraires en Égypte au Ier millénaire av. n. è. (Conference) Lausanne, Switzerland), (2021 : author.",Institut français d'archéologie orientale,Cairo :,2024.,"Inscriptions, Egyptian.; Egyptian language--Papyri.; Funeral rites and ceremonies--Egypt--History.; Ancient Egypt (region); Inscriptions égyptiennes.; Égyptien (Langue)--Papyrus.",https://pleiades.stoa.org/places/981503,,0,,,,,2025-07-17,2025-07-22,Egypt & North Africa,0.9473684210526315,0.05263157894736842,0.0,0.0,0.0,0.9473684210526315,0.0,0.0
31154068993953,Book,,PJ25 .B6 t.188 2024,NYU Inst Study Ancient World,Large Collection,9998742603107876,"Egyptian riverine harbours : proceedings of the symposium held at IFAO, Cairo (15th-18th September 2019) /",2724710444; 9782724710441,,"Egyptian Riverine Harbours (Symposium) Cairo, Egypt), (2019 : author.",Institut français d'archéologie orientale,Le Caire :,2024.,Excavations (Archaeology)--Egypt--Congresses.; Harbors--Egypt--History--Congresses.; Harbors--Nile River--History--Congresses.; Inland navigation--Egypt--History--Congresses.; Nile River--Navigation--History--Congresses.; proceedings (reports); Conference papers and proceedings.; Ancient Egypt (region); Nilus (river); Actes de congrès.; Ports--Nil (Fleuve)--Histoire--Congrès.; Navigation intérieure--Égypte--Histoire--Congrès.; Nil (Fleuve)--Navigation--Histoire--Congrès.,https://pleiades.stoa.org/places/981503; https://pleiades.stoa.org/places/727172;,,1,,,,,2025-07-17,2025-07-22,Egypt & North Africa,0.8605485678817718,0.07823168798925198,0.013446071373152685,0.0,0.03688065290921879,0.8605485678817718,0.010893019846604707,0.0
31154068993961,Book,,PJ25 .B6 t.189 2024,NYU Inst Study Ancient World,Large Collection,9998742603207876,"Le papyrus des Sept propos de Mehet Ouret : P. Louvre E 6838, E 6839, E 6840, E 6841, E 6848 (A-E) /",2724710525; 9782724710526,,"Koenig, Yvan, author",Institut français d'archéologie orientale,Le Caire :,2024.,"Musée du Louvre.--Manuscript.--Papyrus E. 6838-6841.; Musée du Louvre.--Manuscript.--Papyrus E. 6848.; Egyptian language--Papyri, Hieratic.; Très belles heures; Egyptian language; Papyri, Hieratic; Ancient Egypt (region)",https://pleiades.stoa.org/places/981503,,0,,,,,2025-07-17,2025-07-22,Egypt & North Africa,0.9846153846153847,0.0,0.015384615384615385,0.0,0.0,0.9846153846153847,0.0,0.0
31154068993979,Book,In Process,D53 .M86 2012,NYU Inst Study Ancient World,Small Collection,9998742607507876,Kleine Schriften /,3515101276; 9783515101271,,"Münzer, Friedrich, 1868-1942, author.",Franz Steiner Verlag,Stuttgart :,[2012],"History, Ancient.; History, Ancient--Historiography.; History, Ancient; History, Ancient--Historiography; Römisches Reich; Roman Empire.; Histoire ancienne.; Histoire ancienne--Historiographie.",http://vocab.getty.edu/tgn/7030347,,0,,Champlin,,,2025-07-18,2025-07-21,Cross-Cultural Studies & Other,0.8805897347002114,0.0,0.018171484424697338,0.0,0.8805897347002114,0.053347477210120633,0.03691984137081364,0.010971462294156884
31154068993987,Book,In Process,QB802 .S83 1997,NYU Inst Study Ancient World,Small Collection,9998742607407876,Star myths of the Greeks and Romans : a sourcebook containing The constellations of Pseudo-Eratosthenes and the Poetic astronomy of Hyginus /,9781890482923; 1890482927; 9781890482930; 1890482935,,,Phanes Press,"Grand Rapids, MI, U.S.A. :",[1997],"Hyginus, C. Julius.--Poetica astronomica.; Constellations--Early works to 1800.; Astronomy, Ancient--Early works to 1800.; Mythology, Greek--Early works to 1800.; Mythology, Roman--Early works to 1800.; Catasterismi (Eratosthenes); Poetica astronomica (Hyginus, C. Julius); Astronomy, Ancient; Constellations; Mythology, Greek; Mythology, Roman; Early works; Astrologie.; Klassieke oudheid.; Mitologia grega.; Mitologia romana.; Astronomia (história); Eratosthenes.--Catasterismi.; Hyginus.--Poetica astronomica.; Constellations.; Astronomy, Greek--Sources.; Astronomy, Roman--Sources.; Mythology, Classical--Sources.; Eratosthène, 0284? av. J.-C. - 0192? av. J.-C.?.--Catasterismi.; Hygin.--Poeticon astronomicon.; Constellations--Histoire.; Roman Empire.; Greece (ancient); Constellation.; Histoire.; Nomenclature.; Grèce.; Rome, Italie.; Constellations--Ouvrages avant 1800.; Astronomie ancienne--Ouvrages avant 1800.; Mythologie grecque--Ouvrages avant 1800.; Mythologie romaine--Ouvrages avant 1800.; Astrologie--Klassieke oudheid--Mitologia grega--Mitologia romana--Astronomia (história)--Eratosthène, 0284? av. J.-C. - 0192? av. J.-C.?--Catasterismi--Hygin--Poeticon astronomicon--Constellations--Histoire--Constellation--Nomenclature--Grèce--Rome, Italie.",http://vocab.getty.edu/tgn/7030347; http://vocab.getty.edu/tgn/7594735,,0,,Champlin,,,2025-07-18,2025-07-21,European and Classical Antiquity,0.9411764705882353,0.058823529411764705,0.0,0.0,0.0,0.0,0.9411764705882353,0.0
31154068993995,Book,In Process,DG276.5 .G457 2015,NYU Inst Study Ancient World,Small Collection,9998742607307876,"Zwischen Princeps und Res publica : Tacitus, Plinius und die senatorische Selbstdarstellung in der Hohen Kaiserheit /",3515108432; 9783515108430; 9783515109871; 3515109870,,"Geisthardt, Johannes M., author.",Franz Steiner Verlag,Stuttgart :,[2015],"Tacitus, Cornelius.; Pliny,--the Younger.; Rome--Politics and government--30 B.C.-284 A.D.; Rome--History--Empire, 30 B.C.-284 A.D.; Republicanism--Rome--History.; Monarchy--Rome--History.; Statesmen--Rome.; Pliny,--the Younger; Tacitus, Cornelius; Monarchy; Politics and government; Republicanism; Statesmen; Rome (Empire); 30 B.C.-284 A.D; History; Roma.; Monarquia--Roma.; Roma--Història--30 aC-284 dC, Imperi.; Roman Empire.; Rome--Politique et gouvernement--30 av. J.-C.-284.; Rome--Histoire--30 av. J.-C.-284 (Empire); Républicanisme--Rome--Histoire.; Hommes d'État--Rome.",http://vocab.getty.edu/tgn/7030347;,,0,,Champlin,,,2025-07-18,2025-07-21,European and Classical Antiquity,0.9511677282377918,0.0,0.014861995753715497,0.0,0.0,0.03397027600849256,0.9511677282377918,0.0
31154068994001,Book,In Process,BS2850.A3 A66 2014,NYU Inst Study Ancient World,Small Collection,9998742607207876,The other Gospels : accounts of Jesus from outside the New Testament /,0199335214; 9780199335213; 0199335222; 9780199335220; 9780199335237; 0199335230; 9780199335244; 0199335249,,,Oxford University Press,New York :,[2014],"Apocryphal Gospels.; Apocryphal books (New Testament); Jesus Christus; Apokryphe Evangelien; Apokryphen; Bibel Evangelien; Geschichtlichkeit; Außerbiblische Quelle; Apocryphal Gospels; Apocryphal books (New Testament)--Translations into English; Apocryphal books--Criticism, interpretation, etc.; Roman Empire.; Évangiles apocryphes.; Apocryphes (Nouveau Testament)",http://vocab.getty.edu/tgn/7030347,,0,,Champlin,,,2025-07-18,2025-07-21,Ancient Western Asia,0.9564666772201995,0.9564666772201995,0.0,0.0,0.0,0.0,0.03356023428842805,0.009973088491372486
31154068994019,Book,In Process,DG83.5.C7 L48 1989,NYU Inst Study Ancient World,Small Collection,9998742607107876,Konsuln und Konsulare in der Zeit von Commodus bis Severus Alexander (180-235 n. Chr.) : prosopographische Untersuchungen zur senatorischen Elite im römischen Kaiserreich /,9789050630283; 9050630286; 9060530286,,"Leunissen, Paul M. M., author.",JC Gieben,Amsterdam :,1989.,"Rome--History--Commodus, 180-192--Biography.; Rome--History--Severans, 193-235--Biography.; Consuls, Roman--Biography.; Rome--History--Biography.--Commodus, 180-192; Rome--History--Biography.--Severans, 193-235; Consuls, Roman--Biography; Rome--History--Commodus, 180-192--Biography; Rome--History--Severans, 193-235--Biography; Rome--Senate; Rome.--Senate; Consuls, Roman; Rome (Empire); 180-235; Biographies; History; Políticos--Biografías--Roma; Römisches Reich--Konsul; Biografie; Prosopografie; Politieke elites.; Romeinse rijk.; Consuls, Roman.; Nobility--Rome.; Rome--Officials and employees.; Roman Empire.; Rome.--Senate.; Rome.--Senatus.; Rome--Histoire--Biographies.--180-192 (Commode); Rome--Histoire--Biographies.--193-235 (Sévères); Consuls romains--Biographies.; Rome--Histoire--180-192 (Commode)--Biographies.; Rome--Histoire--193-235 (Sévères)--Biographies.",http://vocab.getty.edu/tgn/7030347;,,0,,Champlin,,,2025-07-18,2025-07-21,European and Classical Antiquity,1.0,0.0,0.0,0.0,0.0,0.0,1.0,0.0
31154068994027,Book,,CN750 .M32 1974,NYU Inst Study Ancient World,Small Collection,9998742607007876,"Christian epigraphy : an elementary treatise, with a collection of ancient Christian inscriptions, mainly of Roman origin /",9780890050705; 0890050708,,"Marucchi, Orazio, 1852-1931.",Ares Publishers,Chicago :,1974.,"Christian inscriptions.; Inscriptions, Greek.; Inscriptions, Latin.; epitaphs.; Epitaphs.; Christian inscriptions; Epitaphs; Inscriptions, Greek; Inscriptions, Latin; Roman Empire.; Épitaphes.; Inscriptions grecques.; Inscriptions latines.; Inscriptions chrétiennes.",http://vocab.getty.edu/tgn/7030347,,0,,Champlin,,,2025-07-18,2025-07-18,European and Classical Antiquity,0.7259324849489343,0.13198772453616986,0.022685390154654195,0.05279508981446794,0.0,0.06659931054577378,0.7259324849489343,0.0
31154068994035,Book,,HQ13 .K55 1993,NYU Inst Study Ancient World,Small Collection,9998742606907876,Sexual life in ancient Rome /,9781566192378; 1566192374,,"Kiefer, Otto.",Dorset Press,New York :,1993.,"Rome--Civilization.; Rome--Moral conditions.; Love poetry, Latin--History and criticism.; Sex customs--Rome.; Civilization; Love poetry, Latin; Moral conditions; Sex customs; Rome (Empire); Criticism, interpretation, etc.; Sexualverhalten; Römisches Reich; Roman Empire.; Rome--Civilisation.; Poésie d'amour latine--Histoire et critique.; Vie sexuelle--Rome.",http://vocab.getty.edu/tgn/7030347;,,0,,Champlin,,,2025-07-18,2025-07-18,European and Classical Antiquity,0.93354943273906,0.05186385737439222,0.014586709886547812,0.0,0.0,0.0,0.93354943273906,0.0
31154068994043,Book,,U35 .P65 2012,NYU Inst Study Ancient World,Small Collection,9998742606807876,The complete Roman legions /,0500251835; 9780500251836; 0500291837; 9780500291832,,"Pollard, Nigel, 1962-",Thames & Hudson,London ; New York :,2012.,"Armed Forces; Soldiers; Rome (Empire); 265 B.C.-476 A.D; Soldiers--Rome.; Rome--Army.; Rome--History, Military--30 B.C.-476 A.D.; Rome--History, Military--265-30 B.C.; Rome--History.; Legion; Roman Empire.; Warfare and Defence.; Rome--Armée.; Rome--Histoire militaire--30 av. J.-C.-476.; Rome--Histoire militaire--265-30 av. J.-C.; Rome--Histoire.; Militaires--Rome.; History; Military history",http://vocab.getty.edu/tgn/7030347;,,0,,Champlin,,,2025-07-18,2025-07-18,European and Classical Antiquity,0.8649294304989658,0.06812244648912405,0.017030611622281012,0.03963487795730854,0.0,0.0,0.8649294304989658,0.010282633432320611
31154068994050,Book,,PJ3087.A5 A45 2009,NYU Inst Study Ancient World,Small Collection,9998742606707876,"The story of Aḥiḳar : from the Aramaic, Syriac, Arabic, Armenian, Ethiopic, Old Turkish, Greek and Slavonic versions /",0521117437; 9780521117432; 052104717X; 9780521047173,,,Cambridge University Press,Cambridge ; New York :,1913,Wisdom literature.; Hebrew language--Texts.; Hebrew language; Texts; Middle East.; Littérature sapientiale.,http://vocab.getty.edu/tgn/7001526,,0,,Champlin,,,2025-07-18,2025-07-18,Ancient Western Asia,0.9339386927736028,0.9339386927736028,0.016128875450859916,0.0,0.0,0.03686600103053695,0.013066430745000438,0.0
31154068994068,Book,,K435.M6 1961,NYU Inst Study Ancient World,Small Collection,9998742606407876,Römisches Strafrecht /,,,"Mommsen, Theodor, 1817-1903.",Wissenschaftliche Buchgesellschaft,Darmstadt :,1961.,Criminal law (Roman law); Strafrecht; Römisches Recht; Roman Empire.; Droit pénal (Droit romain),http://vocab.getty.edu/tgn/7030347,,0,,Champlin,,,2025-07-18,2025-07-18,Egypt & North Africa,0.3610035077538489,0.0,0.12296681982865476,0.0,0.19194820656180256,0.3610035077538489,0.24983734822329856,0.07424411763239533
31154068994076,Book,,PA3939 .A2 1968,NYU Inst Study Ancient World,Small Collection,9998742606307876,Markou Antoninou autokratoros ta eis heauton = The meditations of the Emperor Marcus Antoninus /,,,"Marcus Aurelius, Emperor of Rome, 121-180.",Clarendon Press,Oxford [Oxfordshire] :,1968.,Ethics.; Life.; Stoics.; ethics (philosophy); stoicism.; Ethics; Life; Stoics; Roman Empire.; Morale.; Stoïcisme.,http://vocab.getty.edu/tgn/7030347,,0,v.1,Champlin,,,2025-07-18,2025-07-18,European and Classical Antiquity,0.9561403508771931,0.0,0.0,0.0,0.0,0.04385964912280702,0.9561403508771931,0.0
31154068994084,Book,,PA3939 .A2 1968,NYU Inst Study Ancient World,Small Collection,9998742606307876,Markou Antoninou autokratoros ta eis heauton = The meditations of the Emperor Marcus Antoninus /,,,"Marcus Aurelius, Emperor of Rome, 121-180.",Clarendon Press,Oxford [Oxfordshire] :,1968.,Ethics.; Life.; Stoics.; ethics (philosophy); stoicism.; Ethics; Life; Stoics; Roman Empire.; Morale.; Stoïcisme.,http://vocab.getty.edu/tgn/7030347,,0,v.2,Champlin,,,2025-07-18,2025-07-18,European and Classical Antiquity,0.9561403508771931,0.0,0.0,0.0,0.0,0.04385964912280702,0.9561403508771931,0.0
31154068994092,Book,,PA6297 .A3 1977,NYU Inst Study Ancient World,Small Collection,9998742606207876,Epistulae ad familiares /,9780521211529; 0521211522; 9780521211512; 0521211514,,"Cicero, Marcus Tullius, author.",Cambridge University Press,Cambridge ; New York :,1977.,"Cicero, Marcus Tullius--Correspondence.; Authors, Latin--Correspondence.; Statesmen--Rome--Correspondence.; Cicero, Marcus Tullius; Statesmen; Authors, Latin; Rome (Empire); personal correspondence.; Personal correspondence; Personal correspondence.; Cicero, Marcus Tullius--Epistolea ad familiares--Criticism, Textual.; Cicero, Marcus Tullius.--Correspondence.; Correspondance privée.; Roman Empire.; Cicéron.--Correspondance.; Écrivains latins--Correspondance.; Hommes d'État--Rome--Correspondance.; Correspondence.",http://vocab.getty.edu/tgn/7030347,,0,v.1,Champlin,,,2025-07-18,2025-07-18,European and Classical Antiquity,0.810304328747322,0.09003381430525799,0.02532201027335381,0.0,0.0,0.07433984667406625,0.810304328747322,0.0
31154068994100,Book,,PA6297 .A3 1977,NYU Inst Study Ancient World,Small Collection,9998742606207876,Epistulae ad familiares /,9780521211529; 0521211522; 9780521211512; 0521211514,,"Cicero, Marcus Tullius, author.",Cambridge University Press,Cambridge ; New York :,1977.,"Cicero, Marcus Tullius--Correspondence.; Authors, Latin--Correspondence.; Statesmen--Rome--Correspondence.; Cicero, Marcus Tullius; Statesmen; Authors, Latin; Rome (Empire); personal correspondence.; Personal correspondence; Personal correspondence.; Cicero, Marcus Tullius--Epistolea ad familiares--Criticism, Textual.; Cicero, Marcus Tullius.--Correspondence.; Correspondance privée.; Roman Empire.; Cicéron.--Correspondance.; Écrivains latins--Correspondance.; Hommes d'État--Rome--Correspondance.; Correspondence.",http://vocab.getty.edu/tgn/7030347,,0,v.2,Champlin,,,2025-07-18,2025-07-18,European and Classical Antiquity,0.810304328747322,0.09003381430525799,0.02532201027335381,0.0,0.0,0.07433984667406625,0.810304328747322,0.0
31154068994118,Book,,PA3632 .A53 1994,NYU Inst Study Ancient World,Small Collection,990022706310107876,"Ancient Greek novels : the fragments : introduction, text, translation, and commentary /",9780691069418; 0691069417,,,Princeton University Press,"Princeton, N.J. :",©1994.,"Greek fiction--Translations into English.; Lost literature--Greece--Translations into English.; Lost literature--Greece.; Greek fiction--History and criticism.; Greek fiction.; Greek fiction; Lost literature; Greece; Criticism, interpretation, etc.; Translations; Greece (ancient); Œuvres perdues (Littérature)--Grèce.; Roman grec--Histoire et critique.; Roman grec.",http://vocab.getty.edu/tgn/7594735,https://id.oclc.org/worldcat/entity/E39PBJxd6hw8HtWYq9JY6hjjYP;,0,,Champlin,,,2025-07-21,2025-07-21,European and Classical Antiquity,0.9420661715057395,0.0,0.014719783929777179,0.0,0.0,0.04321404456448346,0.9420661715057395,0.0
31154068994126,Book,,DS247.A143 Y85 2025,NYU Inst Study Ancient World,Large Collection,9998742499607876,At the dawn of history : the late pre-Islamic age in south-eastern Arabia /,9781803279930; 1803279931,,"Yule, Paul, author.",in association with the Ministry of Heritage of Tourism; Archaeopress Archaeology,Bicester : Sultanate of Oman :,[2025],"Excavations (Archaeology)--Arabia, Southern.; Excavations (Archaeology)--Arabian Peninsula.; Excavations (Archaeology)--Oman.; Arabia, Southern--Antiquities.; Arabian Peninsula--Antiquities.; Oman--Antiquities.; Arabia.; Oman.; South Arabia.; Fouilles (Archéologie)--Arabie méridionale.; Fouilles (Archéologie)--Arabie (Péninsule); Fouilles (Archéologie)--Oman.",https://pleiades.stoa.org/places/29475; http://vocab.getty.edu/tgn/1000131;,https://www.wikidata.org/entity/Q1429935,0,,,,,2025-07-24,2025-07-24,Ancient Western Asia,0.8631933839862135,0.8631933839862135,0.022187345243219685,0.034692939834852596,0.023269654767279182,0.043764029608185616,0.012892646560249276,0.0
31154068994134,Book,In Process,GN799.W3 M6713 2024,NYU Inst Study Ancient World,Large Collection,9998742499507876,Late Bronze Age weapon depositions of North-Western Europe /,3832558845; 9783832558840; 9783832556600; 3832556605; 9783832581640; 3832581642,,"Mörtz, Tobias, author.",Logos Verlag,Berlin :,[2024],"Bronze age--Europe, Northern.; Weapons, Prehistoric--Europe, Northern.; Europe, Northern--Antiquities.; Northern Europe.; Armes préhistoriques--Europe septentrionale.; Europe septentrionale--Antiquités.",http://vocab.getty.edu/tgn/4003757;,,0,,,,,2025-07-24,2025-07-30,European and Classical Antiquity,0.680892653526633,0.0,0.047781940598360204,0.03301297714068523,0.1815713742737688,0.0,0.680892653526633,0.05674105446055274
31154068994142,Book,,BL2450.H3 C43 2025,NYU Inst Study Ancient World,Large Collection,9998742499407876,"Hathor la Menit dans les temples de Dendara et d'Edfou : une étude philologique, iconographique et sémiologique /",2503610420; 9782503610429; 9782503610436; 2503610439,,"Châtelet, Catherine, author.",Brepols,Turnhout :,[2025],"Hathor--(Egyptian deity); Temple of Horus (Idfū, Egypt); Necklaces--Egypt--History--To 1500.; Temple of Hathor (Dandara, Egypt); Necklaces--History.; Egypt; Temple of Horus at Edfu.; Tentyra.; Temple d'Hathor (Dandarah, Égypte); Temple d'Horus (Edfou, Égypte)",https://pleiades.stoa.org/places/903328167; https://pleiades.stoa.org/places/786127,https://id.oclc.org/worldcat/entity/E39QbtfRDwpX7XgppvP7ww3J9c;,0,,,,,2025-07-24,2025-07-24,Egypt & North Africa,0.8165211807431683,0.05776290915240984,0.01444072728810246,0.033607510779583905,0.03960885199022389,0.8165211807431683,0.029339890363128805,0.008718929683382618
31154068994159,Book,,PA3339 .C66 2025,NYU Inst Study Ancient World,Small Collection,9998742499307876,Cinquant'anni di papirologia : atti della Conferenza Internazionale in Onore di Rosario Pintaudi /,8881475464; 9788881475469; 8881475472; 9788881475476; 9788881475483; 8881475480,,"Conferenza Internazionale in Onore di Rosario Pintaudi Pisa, Italy), (2022 : author.",Istituti editoriali e poligrafici internazionali,Pisa :,MMXXV [2025],Manuscripts (Papyri)--Congresses.; primary sources.; proceedings (reports); Primary sources.; Conference papers and proceedings.; Ancient Egypt (region); Sources.; Actes de congrès.,https://pleiades.stoa.org/places/981503,,0,,,,,2025-07-24,2025-07-24,Egypt & North Africa,0.5534964170990857,0.0,0.012492106635916865,0.0,0.034264063915657686,0.5534964170990857,0.3997474123493397,0.0
31154068994167,Book,,GN780.22.A76 D38 2024,NYU Inst Study Ancient World,Large Collection,9998742502607876,Between Near East and Eurasian nomads : representation of local elites in the Lori Berd necropolis during the first half of the first millennium BC /,9782503608037; 2503608035; 9782503608044; 2503608043,,"Davtyan, Ruben. author.",Brepols,"Turnhout, Belgium :",[2024],Excavations (Archaeology)--Armenia (Republic)--Lori Berd.; Lori Berd (Armenia)--Antiquities.; Grave goods--Armenia (Republic)--Lori Berd.; Iron age--Armenia (Republic); Tombs--Armenia (Republic)--Lori Berd.; Archaeology.; Tombs.; archaeology.; tombs.; Lori Berd necropolis.; Archéologie.; Tombeaux.,https://pleiades.stoa.org/places/349496773,,0,,,,,2025-07-22,2025-07-22,The Caucasus & The Western Steppe,0.804161506844045,0.0,0.10469328933433476,0.03574051141529088,0.04212274559659283,0.0,0.013281946809736479,0.804161506844045
31154068994175,Book,,PJ3721.K57 R45 2025,NYU Inst Study Ancient World,Large Collection,9998742499207876,Letters from Old Babylonian Kish /,0198817584; 9780198817581,,"Reid, J. Nicholas, 1979- author.",Oxford University Press,"Oxford, UK :",[2025],"Assyro-Babylonian letters--Iraq--Kish (Extinct city); Akkadian language--Texts.; Cuneiform inscriptions, Akkadian--Iraq--Kish (Extinct city); Cuneiform tablets--Iraq--Kish (Extinct city); Kish.; Akkadien (Langue)--Textes.",https://pleiades.stoa.org/places/894028,,1,,,,,2025-07-24,2025-07-24,Ancient Western Asia,0.924248112154248,0.924248112154248,0.015961521673716454,0.0,0.0,0.04685951317054372,0.012930853001491811,0.0
31154068994183,Book,,NB130.H58 K66 2025,NYU Inst Study Ancient World,Large Collection,9998727564107876,"Königsbilder, Libationskuhlen und Steinbau : der hethitischen Kultkomplex und die Felsreliefs in Sirkeli Höyük /",3447396059; 9783447396059; 3447122846; 9783447122849,,,Harrassowitz Verlag,Wiesbaden :,2025.,"Relief (Sculpture), Hittite--Turkey--Cilicia.; Hittites--Kings and rulers--In art.; Cilicia--Antiquities.; Excavations (Archaeology)--Turkey--Cilicia.; Architecture, Hittite--Turkey--Cilicia.; Hittite cults.; Building, Stone--Turkey--Cilicia--History--To 1500.; Stone buildings--Turkey--Cilicia--History--To 1500.; Turkey.; Building, Stone--Turkey--Cilicia--To 1500.; Stone buildings--Turkey--Cilicia--To 1500.; Cilicia.; Hittite Empire.; Cultes hittites.; Asie Mineure.; Relief (Sculpture) hittite--Turquie--Cilicie.; Relief (Sculpture) antique--Turquie--Cilicie.; Fouilles (Archéologie)--Turquie--Cilicie.; Construction en pierre--Turquie--Cilicie--Jusqu'à 1500.; Constructions en pierre--Turquie--Cilicie--Jusqu'à 1500.",https://pleiades.stoa.org/places/658440; http://vocab.getty.edu/tgn/6002562;,,0,,,,,2025-07-24,2025-07-24,Ancient Western Asia,0.7993611821587787,0.7993611821587787,0.02123303140109256,0.0611102106308373,0.0,0.06233550503073045,0.04314012729110869,0.012819943487452112
31154068994191,Book,,DF261.P2 A78 2025,NYU Inst Study Ancient World,Small Collection,9998742592607876,Otto Rubensohn's Excavations on Paros I : the Sanctuaries on Kounados Hil /,9781805830160; 1805830163; 9781805830177; 1805830171,,"Alušik, Tomáš, author.",Archaeopress Publishing Ltd,"Bicester, Oxfordshire, United Kingdom :",[2025],"Rubensohn, Otto,--1867-1964.; Excavations (Archaeology)--Greece--Paros (Municipality); Paros (Greece : Municipality)--Antiquities.; Eileithyaia, Zeus Hypatos, Aphrodite?, T.; Paros (island); Paros.",https://pleiades.stoa.org/places/599604; https://pleiades.stoa.org/places/599868; https://pleiades.stoa.org/places/599867,,0,,,,,2025-07-29,2025-07-29,European and Classical Antiquity,0.9299522476226597,0.0328354863710981,0.014530503869104058,0.0,0.02268176213713804,0.0,0.9299522476226597,0.0
31154068994209,Book,,HE557.G8 G56 2025,NYU Inst Study Ancient World,Large Collection,9998742592507876,"Harbours of the Aegean in late antiquity and the medieval period : Thessaly, maritime connectivity, and the eastern Mediterranean seascape /",1803279192; 9781803279190,,"Ginalis, Alkiviadis, 1981- author.",Archaeopress Publishing Ltd,Bicester :,[2025].,"Harbors--Aegean Islands (Greece and Turkey)--History.; Harbors--Greece--History.; Harbors--Turkey--History.; Aegean Islands (Greece and Turkey)--Antiquities.; Underwater archaeology--Aegean Sea.; Aegaeum Mare.; Ports--Égée, Îles de la mer (Grèce et Turquie)--Histoire.; Ports--Grèce--Histoire.; Archéologie sous-marine--Égée, Mer.",https://pleiades.stoa.org/places/560221,,0,,,,,2025-07-29,2025-07-29,European and Classical Antiquity,0.5839103702101454,0.036494398138134085,0.009123599534533521,0.010446033234246968,0.33366306869151163,0.020853941793219477,0.5839103702101454,0.005508588398208918
31154068994217,Book,,HF377 .P35 2025,NYU Inst Study Ancient World,Large Collection,9998742592407876,From the Adriatic to the Alps : transport and trade networks in Roman and late antique northern Italy /,1803279737; 9781803279732,,"Page, James, author.",Archaeopress Publishing Ltd,Bicester :,[2025],"Trade routes--Rome--History.; Trade routes--Italy, Northern--History--To 1500.; Transportation--Rome--History.; Transportation--Italy, Northern--History.; Rome--Commerce--History.; Italy, Northern--Commerce--History.; Rome--Antiquities.; Italy, Northern--Antiquities.; North Italy.; Roman Empire.; Routes commerciales--Rome--Histoire.; Italie (Nord)--Commerce--Histoire.; Rome--Antiquités.",http://vocab.getty.edu/tgn/4005363; http://vocab.getty.edu/tgn/7030347;,,0,,,,,2025-07-29,2025-07-29,European and Classical Antiquity,0.5154164749194661,0.1932811780947998,0.04832029452369995,0.0,0.13253566497929128,0.11044638748274274,0.5154164749194661,0.0
31154068994225,Book,,DT73.N54 D453 2025,NYU Inst Study Ancient World,Small Collection,9998742591807876,Delta Reports 1 : Research in the cultural history of the Ancient Egyptian Nile Delta /,9781803279770; 180327977X,,,Archaeopress Publishing Ltd,Bicester :,[2025].,Excavations (Archaeology)--Egypt--Nile River Delta.; Nile River Delta (Egypt)--Antiquities.; Antiquities; Excavations (Archaeology); Egypt--Nile River Delta; Nile Delta.,https://pleiades.stoa.org/places/619096567,,0,,,,,2025-07-29,2025-07-29,Egypt & North Africa,0.9499621932497765,0.0,0.014843159269527758,0.0,0.023169809591457965,0.9499621932497765,0.012024837889237677,0.0
31154068994233,Book,In Process,PJ1361 .C436 2024,NYU Inst Study Ancient World,Large Collection,9998742494807876,"Language, semantics, and cognition in ancient Egypt and beyond : proceedings of the international conference, Yale University, April 16-18, 2021 /",1950343146; 9781950343140; 9781950343157; 1950343154,,"Language, semantics and cognition: saying and conceptualizing the world from Ancient Egypt to modern times (Conference) Online), (2021 : creator.",Yale Egyptology,"New Haven, CT :",[2024],Egyptian language--Semantics--Congresses.; Egyptian language--Classifiers--Congresses.; Egyptian language--Lexicology--Congresses.; Categorization (Linguistics)--Congresses.; Hieroglyphics--Congresses.; Cognitive grammar--Congresses.; Categorization (Linguistics); Cognitive grammar; Hieroglyphics; proceedings (reports); Conference papers and proceedings; Conference papers and proceedings.; Ancient Egypt (region); Actes de congrès.; Égyptien (Langue)--Sémantique--Congrès.; Égyptien (Langue)--Classificateurs--Congrès.; Égyptien (Langue)--Lexicologie--Congrès.; Catégorisation (Linguistique)--Congrès.; Hiéroglyphes--Congrès.; Grammaire cognitive--Congrès.,https://pleiades.stoa.org/places/981503,,0,,Kraft,,,2025-07-30,2025-08-05,Egypt & North Africa,0.7084360613873435,0.25013307966545034,0.011069313459177242,0.0,0.030361545488029006,0.7084360613873435,0.0,0.0
31154068994241,Book,,DT73.T247 T43 v. 1 2000,NYU Inst Study Ancient World,Oversize Collection,9998744007607876,Tebtynis I : la reprise des fouilles et le quartier de la Chapelle d'Isis-Thermouthis /,9782724702750; 2724702751,,"Gallazzi, Claudio. author.",Institut français d'archéologie orientale,Le Caire :,©2000.,Egypt--Antiquities.; Antiquities; Excavations (Archaeology); Egypt; Egypt--Tebtunis (Extinct city); Excavations (Archaeology)--Egypt--Tebtunis (Extinct city); Tebtunis (Extinct city); Egypt--Antiquities; Tebtynis/Theodosioupolis?; Ancient Egypt (region); Egypt.; Tebtynis (Ville ancienne); Égypte--Antiquités.,https://pleiades.stoa.org/places/737072; https://pleiades.stoa.org/places/981503; http://vocab.getty.edu/tgn/7016833;,https://id.oclc.org/worldcat/entity/E39QbtfRDwpX7XgppvP7ww3J9c;,0,,,,,2025-07-30,2025-08-05,Egypt & North Africa,1.0,0.0,0.0,0.0,0.0,1.0,0.0,0.0
31154068994258,Book,,HT1371 .K37 2025,NYU Inst Study Ancient World,Large Collection,9998738395007876,"Slavery and servitude in Late Period Egypt, c. 900-330 BC /",396327302X; 9783963273025; 9783963273032; 3963273038,,"Karev, Ella, author.",Zaphon,Münster :,2025.,Slavery--Egypt--History.; Egypt--Economic conditions--To 332 B.C.; Egypt--Social conditions.; Ancient Egypt (region); Egypt.; Égypte--Conditions économiques--Jusqu'à 332 av. J.-C.; Égypte--Conditions sociales.; Esclavage--Égypte--Histoire.,https://pleiades.stoa.org/places/981503; http://vocab.getty.edu/tgn/7016833;,,0,,,,,2025-07-30,2025-07-30,Egypt & North Africa,0.7832518288898425,0.06285354182449353,0.017677558638138805,0.041140500103304854,0.04848701797889501,0.7832518288898425,0.0359163096139963,0.01067324295132909
31154068994266,Book,,DT89 .J36 2024,NYU Inst Study Ancient World,Large Collection,9998742591507876,Ägyptische Geschichte der 21.-30. Dynastie : ein Handbuch /,3963272546; 9783963272547; 9783963272554; 3963272554,,"Jansen-Winkeln, Karl, author.",Zaphon,Münster :,2024.,"Egypt--History--Third Intermediate Period, ca. 1071-ca. 650 B.C.; Egypt--History--Genealogy.; Egypt--History--Handbooks, manuals, etc.; Egypt; Genealogy; Handbooks and manuals; History; Ancient Egypt (region); Egypt.; Égypte--Histoire--ca 1071-ca 650 av. J.-C. (3e période intermédiaire); Égypte--Histoire--Généalogies.",https://pleiades.stoa.org/places/981503; http://vocab.getty.edu/tgn/7016833;,https://id.oclc.org/worldcat/entity/E39QbtfRDwpX7XgppvP7ww3J9c;,0,,,,,2025-07-30,2025-07-31,Egypt & North Africa,0.9874999999999999,0.0,0.0,0.0,0.0,0.9874999999999999,0.012499999999999999,0.0
31154068994373,Book,,DS111.1 .C66 2024,NYU Inst Study Ancient World,Small Collection,9998742492207876,Community archaeology in Israel/Palestine /,1800504810; 9781800504813; 1800504829; 9781800504820; 9781800505421; 1800505426; 9781800504837; 1800504837,,,Equinox Publishing Ltd,"Sheffield, South Yorkshire ; Bristol, CT :",2024.,Community archaeology--Israel.; Community archaeology--Palestine.; Israel--Antiquities.; Palestine--Antiquities.; Community archaeology--Israel; Community archaeology--West Bank; Eretz Israel--Antiquities; Palaestina.; Israel.; Israël--Antiquités.; Palestine--Antiquités.; Archéologie communautaire--Israël.; Archéologie communautaire--Palestine.,https://pleiades.stoa.org/places/991396; http://vocab.getty.edu/tgn/1000119;,,0,,,,,2025-07-31,2025-07-31,Ancient Western Asia,0.8764141957314578,0.8764141957314578,0.022527170269719236,0.035224302603560985,0.0,0.044434326678803995,0.012261624324024393,0.009138380392433273
31154069037016,Book,,"DT57 .F8 t.136, etc.",NYU Inst Study Ancient World,Oversize Collection,990058944290107876,Les papyrus de la mer Rouge /,2724707060; 9782724707069; 2724708059; 9782724708059; 2724710576; 9782724710571,,"Tallet, Pierre, 1966- author.",Institut français d'archéologie orientale,Le Caire :,2017-,"Egyptian language--Papyri, Hieroglyphic.; Egyptian language--Papyri, Hieratic.; Red Sea Coast (Egypt)--Antiquities.; Excavations (Archaeology)--Egypt.; Wadi al-Jarf Site (Egypt); Antiquities; Egyptian language; Excavations (Archaeology); Egypt; Egypt--Red Sea Coast; Egypt--Wadi al-Jarf Site; Papyri, Hieratic; Papyri, Hieroglyphic; Wadi al-Jarf.; Red Sea Coast.",https://pleiades.stoa.org/places/420811320;,https://id.oclc.org/worldcat/entity/E39QbtfRDwpX7XgppvP7ww3J9c; https://www.wikidata.org/entity/Q14287866,0,t.156:2024,,,,2025-07-15,2025-07-15,Egypt & North Africa,1.0,0.0,0.0,0.0,0.0,1.0,0.0,0.0
31154069037024,Book,,DS328 .S45 2025,NYU Inst Study Ancient World,Large Collection,9998727052807876,Kings of cities and rulers of the Steppes : representations of kingship in pre-Islamic Central Asia /,3447123443; 9783447123440,,"Shenkar, Michael, author.",Harrassowitz Verlag,Wiesbaden :,2025.,"Asia, Central--Antiquities.; Eurasians--Material culture--Asia, Central.; Iconology--Asia, Central.; Kings and rulers in art.; Asia, Central--History.; Art and religion--Asia, Central--History--To 1500.; Central Asia.; Rois et souverains dans l'art.; Asie centrale--Histoire.",http://vocab.getty.edu/tgn/8697475;,,0,,,,,2025-07-15,2025-07-15,Central Asia & Siberia,0.852935951428004,0.07753963194800037,0.852935951428004,0.031015852779200145,0.0,0.030461998265285856,0.0,0.008046565579509472
31154069037032,Book,,DR431 .S74 2022,NYU Inst Study Ancient World,Large Collection,990094121210107876,Repertorium der griechischen und lateinischen Inschriften aus Mysien /,3700187203; 9783700187202; 3700185243; 9783700185246; 9783700192701; 3700192703,,"Stauber, Josef, author.",Verlag der Österreichischen Akademie der Wissenschaften,Wien :,[2022-2025],"Inscriptions, Greek--Turkey--Mysia--Catalogs.; Inscriptions, Latin--Turkey--Mysia--Catalogs.; Inscriptions, Greek; Inscriptions, Latin; Turkey--Mysia; primary sources.; Catalogs; Primary sources.; Mysia (region); Sources.",https://pleiades.stoa.org/places/550759,,0,T.3,,,,2025-07-15,2025-07-15,European and Classical Antiquity,0.9846153846153847,0.0,0.015384615384615385,0.0,0.0,0.0,0.9846153846153847,0.0
31154069037040,Issue,,NK3810 .C2,NYU Inst Study Ancient World,Oak Collection,990029557440107876,Cahiers de la céramique égyptienne.,,0259-7381,,Institut français d'archéologie orientale,Le Caire [Egypt] :,1987-,"Pottery, Egyptian--Periodicals.; Egypt--Antiquities--Periodicals.; Antiquities; Pottery, Egyptian; Egypt; Periodicals; Ancient Egypt (region); Egypt.",https://pleiades.stoa.org/places/981503; http://vocab.getty.edu/tgn/7016833,https://id.oclc.org/worldcat/entity/E39QbtfRDwpX7XgppvP7ww3J9c;,0,t.12(2025),,,,2025-07-15,2025-07-15,Egypt & North Africa,0.6668161932807344,0.0,0.010419003020011475,0.024247861573844884,0.028577836854888617,0.6668161932807344,0.009011029638928844,0.2609280756315917
31154069037057,Book,,DT73.I3 B37 2022,NYU Inst Study Ancient World,Large Collection,990090558540107876,"Das Mammisi von Edfu : Inschriften, Dekorationsprogramm, Architektur und Theologie eines ägyptischen Geburtstempels der Ptolemäerzeit /",3447118695; 9783447118699; 3447122196; 9783447122191; 9783447393249; 3447393246,,"Bartels, Uwe, author.",Harrassowitz Verlag,Wiesbaden :,2022-,"Idfū (Egypt)--Antiquities.; Temples--Egypt.; Inscriptions, Egyptian.; Inscriptions, Hieroglyphic.; Excavations (Archaeology)--Egypt.; Egypt--Religion.; Egypt--Antiquities.; Egypt--History--332-30 B.C.; Religion; Inscriptions, Egyptian; Antiquities; Excavations (Archaeology); Temples; Egypt--Idfū; Egypt; 332-30 B.C.; History; Apollonopolis Magna.; Ancient Egypt (region); Egypt.; Inscriptions égyptiennes.; Égypte--Religion.; Égypte--Antiquités.; Égypte--Histoire--332-30 av. J.-C.; Inscriptions hiéroglyphiques.",https://pleiades.stoa.org/places/785974; https://pleiades.stoa.org/places/981503; http://vocab.getty.edu/tgn/7016833;,https://id.oclc.org/worldcat/entity/E39PBJdGMVDYd7frwcg7jrdRKd; https://id.oclc.org/worldcat/entity/E39QbtfRDwpX7XgppvP7ww3J9c;,0,Bd.2:pt.1,,,,2025-07-16,2025-07-16,Egypt & North Africa,1.0,0.0,0.0,0.0,0.0,1.0,0.0,0.0
31154069037065,Book,,P950 .C67 1999,NYU Inst Study Ancient World,Oversize Collection,990016261720107876,Corpus of hieroglyphic Luwian inscriptions.,9783110108644; 311010864X; 9783110148701; 3110148706; 3110770393; 9783110770391,,,Walter de Gruyter,Berlin :,1999-<2024>,"Inscriptions, Luwian--Turkey--Karatepe Site.; Inscriptions, Phoenician--Turkey--Karatepe Site.; Luwian language--Texts.; Inscriptions, Hieroglyphic; Inscriptions, Luwian; Inscriptions, Phoenician; Turkey--Karatepe Site; 18.68 Indo-European languages: other.; Inschrift; Luwisch.; Inscriptions (form); Sources (form); Inscriptions, Luwian--Turkey.; Inscriptions, Phoenician--Turkey.; Inscriptions, Hieroglyphic.; Turkey--Antiquities.; Turkey--Antiquities, Phoenician.; Karatepe.; Asia Minor.; Hieroglyphenluwisch.; Inscriptions louvites--Turquie--Karatepe (Site archéologique); Inscriptions phéniciennes--Turquie--Karatepe (Site archéologique); Inscriptions hiéroglyphiques.; Louvite (Langue)--Textes.",https://pleiades.stoa.org/places/869993028; https://pleiades.stoa.org/places/837;,,0,v.3:pt.1,Bobst transfer,,,2025-07-16,2025-07-16,Ancient Western Asia,0.8936168522409937,0.8936168522409937,0.015432527875872426,0.0,0.04232921931667866,0.035274349430565545,0.013347051135889666,0.0
31154069037073,Issue,,DK511.O75 A75,NYU Inst Study Ancient World,Oak Collection,990042608250107876,Arkheologicheskie pami͡atniki Orenburzhʹi͡a /,,,,Orenburgskiĭ gosudarstvennyĭ pedagogicheskiĭ institut,Orenburg :,1996-,Orenburgskai͡a oblastʹ (Russia)--Antiquities--Periodicals.; Excavations (Archaeology)--Russia (Federation)--Orenburgskai͡a oblastʹ--Periodicals.; Antiquities; Excavations (Archaeology); Russia (Federation)--Orenburgskai͡a oblastʹ; Periodicals; Orenburg Oblast.,http://vocab.getty.edu/tgn/1003398,https://id.oclc.org/worldcat/entity/E39QbtfRD9CRx6yk9RgBy99MmM;,0,vyp.15(2021),,,,2025-07-21,2025-07-21,The Caucasus & The Western Steppe,0.6872366917610325,0.0,0.2905320228514798,0.0,0.0,0.0,0.02223128538748769,0.6872366917610325
31154069037081,Issue,,DK511.O75 A75,NYU Inst Study Ancient World,Oak Collection,990042608250107876,Arkheologicheskie pami͡atniki Orenburzhʹi͡a /,,,,Orenburgskiĭ gosudarstvennyĭ pedagogicheskiĭ institut,Orenburg :,1996-,Orenburgskai͡a oblastʹ (Russia)--Antiquities--Periodicals.; Excavations (Archaeology)--Russia (Federation)--Orenburgskai͡a oblastʹ--Periodicals.; Antiquities; Excavations (Archaeology); Russia (Federation)--Orenburgskai͡a oblastʹ; Periodicals; Orenburg Oblast.,http://vocab.getty.edu/tgn/1003398,https://id.oclc.org/worldcat/entity/E39QbtfRD9CRx6yk9RgBy99MmM;,0,vyp.16(2022),,,,2025-07-21,2025-07-21,The Caucasus & The Western Steppe,0.6872366917610325,0.0,0.2905320228514798,0.0,0.0,0.0,0.02223128538748769,0.6872366917610325
31154069037099,Issue,,DK511.C2 H97,NYU Inst Study Ancient World,Large Collection,990081862270107876,Hypanis : trudy otdela klassicheskoĭ arkheologii IA RAN.,,,,IA RAN,Moskva :,2019-,"Kuban River Delta (Russia)--Antiquities--Periodicals.; Caucasus, Northern (Russia)--Antiquities--Periodicals.; Asia, Central--Antiquities--Periodicals.; Excavations (Archaeology)--Russia (Federation)--Kuban River Delta--Periodicals.; Excavations (Archaeology)--Russia (Federation)--Caucasus, Northern--Periodicals.; Excavations (Archaeology)--Asia, Central--Periodicals.; Classical antiquities--Periodicals.; Periodical; Antiquities; Classical antiquities; Excavations (Archaeology); Central Asia; Russia (Federation)--Kuban River Delta; Russia (Federation)--Northern Caucasus; periodicals.; Periodicals; Periodicals.; Antikeites (river); Périodiques.; Ciscaucasia.; Central Asia.; Fouilles (Archéologie)--Russie--Kouban, Delta du--Périodiques.; Fouilles (Archéologie)--Russie--Ciscaucasie--Périodiques.; Fouilles (Archéologie)--Asie centrale--Périodiques.; Antiquités gréco-romaines--Périodiques.",https://pleiades.stoa.org/places/854665; http://vocab.getty.edu/tgn/7025826; http://vocab.getty.edu/tgn/8697475,,0,t.3(2021),,,,2025-07-21,2025-07-21,Central Asia & Siberia,0.71875,0.0,0.71875,0.0,0.0,0.0,0.0,0.28125
31154069037107,Issue,,DK511.C2 H97,NYU Inst Study Ancient World,Large Collection,990081862270107876,Hypanis : trudy otdela klassicheskoĭ arkheologii IA RAN.,,,,IA RAN,Moskva :,2019-,"Kuban River Delta (Russia)--Antiquities--Periodicals.; Caucasus, Northern (Russia)--Antiquities--Periodicals.; Asia, Central--Antiquities--Periodicals.; Excavations (Archaeology)--Russia (Federation)--Kuban River Delta--Periodicals.; Excavations (Archaeology)--Russia (Federation)--Caucasus, Northern--Periodicals.; Excavations (Archaeology)--Asia, Central--Periodicals.; Classical antiquities--Periodicals.; Periodical; Antiquities; Classical antiquities; Excavations (Archaeology); Central Asia; Russia (Federation)--Kuban River Delta; Russia (Federation)--Northern Caucasus; periodicals.; Periodicals; Periodicals.; Antikeites (river); Périodiques.; Ciscaucasia.; Central Asia.; Fouilles (Archéologie)--Russie--Kouban, Delta du--Périodiques.; Fouilles (Archéologie)--Russie--Ciscaucasie--Périodiques.; Fouilles (Archéologie)--Asie centrale--Périodiques.; Antiquités gréco-romaines--Périodiques.",https://pleiades.stoa.org/places/854665; http://vocab.getty.edu/tgn/7025826; http://vocab.getty.edu/tgn/8697475,,0,t.4(2022),,,,2025-07-21,2025-07-21,Central Asia & Siberia,0.71875,0.0,0.71875,0.0,0.0,0.0,0.0,0.28125
31154069037115,Issue,,DK511.C2 H97,NYU Inst Study Ancient World,Large Collection,990081862270107876,Hypanis : trudy otdela klassicheskoĭ arkheologii IA RAN.,,,,IA RAN,Moskva :,2019-,"Kuban River Delta (Russia)--Antiquities--Periodicals.; Caucasus, Northern (Russia)--Antiquities--Periodicals.; Asia, Central--Antiquities--Periodicals.; Excavations (Archaeology)--Russia (Federation)--Kuban River Delta--Periodicals.; Excavations (Archaeology)--Russia (Federation)--Caucasus, Northern--Periodicals.; Excavations (Archaeology)--Asia, Central--Periodicals.; Classical antiquities--Periodicals.; Periodical; Antiquities; Classical antiquities; Excavations (Archaeology); Central Asia; Russia (Federation)--Kuban River Delta; Russia (Federation)--Northern Caucasus; periodicals.; Periodicals; Periodicals.; Antikeites (river); Périodiques.; Ciscaucasia.; Central Asia.; Fouilles (Archéologie)--Russie--Kouban, Delta du--Périodiques.; Fouilles (Archéologie)--Russie--Ciscaucasie--Périodiques.; Fouilles (Archéologie)--Asie centrale--Périodiques.; Antiquités gréco-romaines--Périodiques.",https://pleiades.stoa.org/places/854665; http://vocab.getty.edu/tgn/7025826; http://vocab.getty.edu/tgn/8697475,,0,t.5(2023),,,,2025-07-21,2025-07-21,Central Asia & Siberia,0.71875,0.0,0.71875,0.0,0.0,0.0,0.0,0.28125
31154069037123,Book,,"DS99.U35 R37 v.25, etc.",NYU Inst Study Ancient World,Oversize Collection,990059356190107876,"Archéologie, patrimoine et archives : les fouilles anciennes à Ras Shamra et à Minet el-Beida /",9042935251; 9789042935259; 904293994X; 9789042939943; 9042954469; 9789042954465; 9789042939950; 9042939958,,,Peeters,"Leuven ; Paris ; Bristol, CT :",2017-,Mission archéologique de Ras Shamra--History.; Mission archéologique syro-française de Ras Shamra-Ougarit--Archives.; Collège de France--Archives.; Musée du Louvre--Archives.; Archives nationales (France)--Archives.; Ugarit (Extinct city); Ugarit (Extinct city)--Archival resources.; Excavations (Archaeology)--Syria--Latakia (Province); Excavations (Archaeology)--Syria--Latakia (Province)--Archival resources.; Syria--Antiquities.; Archives nationales (France); Collège de France; Musée du Louvre; Antiquities; Archival resources; Excavations (Archaeology); Excavations (Archaeology)--Archival resources; Syria; Syria--Latakia (Province); Syria--Ugarit (Extinct city); Archives; History; Leukos Limen.; Syria.; Ougarit (Ville ancienne); Ougarit (Ville ancienne)--Fonds d'archives.; Fouilles (Archéologie)--Syrie--Lattaquié (Muḥāfaẓah); Fouilles (Archéologie)--Fonds d'archives--Syrie--Lattaquié (Muḥāfaẓah); Syrie--Antiquités.,https://pleiades.stoa.org/places/668295; https://pleiades.stoa.org/places/1306;,https://id.oclc.org/worldcat/entity/E39QbtfRrbPWVQ3tvhM9q9jX7B; https://id.oclc.org/worldcat/entity/E39PBJx4q6WxRRgF77GyDbth73;,0,v.29:2024,,,,2025-07-22,2025-07-22,Ancient Western Asia,0.7982163568069117,0.7982163568069117,0.08822391312076393,0.03208142295300506,0.021518027590430224,0.04046968491778162,0.011167583939337205,0.008323010671770182
31154069037131,Issue,,Q124.95 .A58,NYU Inst Study Ancient World,Oak Collection,990041131320107876,Antike Naturwissenschaft und ihre Rezeption.,,0942-0398,,Wissenschaftlicher Verlag; Collibri,Bamberg :,1992-,"Science, Ancient--Periodicals.; Science, Ancient.; Periodicals.; Natuurwetenschappen.; Klassieke oudheid.; Receptie.; Rezeption.; Naturwissenschaften.",,,0,Bd.35(2025),,,,2025-07-23,2025-07-23,Cross-Cultural Studies & Other,0.6890063247030024,0.17863126936744506,0.010765723823484412,0.025054775443745538,0.6890063247030024,0.0316057947111469,0.021873216657238168,0.04306289529393765
31154069037149,Book,,DT73.D33 O27 2024,NYU Inst Study Ancient World,Large Collection,9998742598307876,The Oasis papers 7 : studies on late Roman to modern Egypt in honour of Fred Leemhuis /,9781803279435; 1803279435; 9781803279442; 1803279443,,,Archaeopress Publishing Ltd,"Bicester, Oxfordshire :",[2024],Excavations (Archaeology)--Egypt--Dakhla Oasis.; Egypt--Antiquities.; Tombs--Egypt.; Kharga (Egypt : Oasis); Dakhla Oasis (Egypt); Esotero (Oasis); Oasis Magna/Thebaidos.; Ancient Egypt (region); Egypt.; Égypte--Antiquités.; Tombeaux--Égypte.; Kharghèh (Égypte : Oasis); Dakhla (Égypte); Fouilles (Archéologie)--Égypte--Dakhla.,https://pleiades.stoa.org/places/776172; https://pleiades.stoa.org/places/776210; https://pleiades.stoa.org/places/981503; http://vocab.getty.edu/tgn/7016833;,,1,,,,,2025-07-24,2025-07-24,Egypt & North Africa,0.9874999999999999,0.0,0.0,0.0,0.0,0.9874999999999999,0.012499999999999999,0.0
31154069037156,Book,,DT62.S8 W55 2023,NYU Inst Study Ancient World,Large Collection,9998742597907876,Catalogue des antiquités égyptiennes des musées et collections de Suisse : stèles et bas-reliefs /,2877547027; 9782877547024,,"Wild, Henri, creator.",Académie des inscriptions et belles-lettres,Paris :,2023.,Stele (Archaeology)--Egypt--Catalogs.; Bas-relief--Egypt--Catalogs.; Egypt--Antiquities--Catalogs.; Archaeological museums and collections--Switzerland--Catalogs.; catalogs (documents); Catalogs.; Ancient Egypt (region); Catalogues.; Egypt.; Stèles (Archéologie)--Égypte--Catalogues.; Bas-reliefs--Égypte--Catalogues.; Égypte--Antiquités--Catalogues.; Archéologie--Musées et collections--Suisse--Catalogues.,https://pleiades.stoa.org/places/981503; http://vocab.getty.edu/tgn/7016833;,,1,,,,,2025-07-24,2025-07-24,Egypt & North Africa,0.9866666666666666,0.0,0.0,0.0,0.0,0.9866666666666666,0.013333333333333332,0.0
31154069037164,Book,,DS99.E34 A97,NYU Inst Study Ancient World,Oversize Collection,990034249820107876,Die Ausgrabungen in Tall Munbāqa--Ekalte /,9783930843350; 3930843358; 9783930843671; 3930843676; 9783930843831; 3930843838; 3447056754; 9783447056755; 3447122072; 9783447122078,,,Harrassowitz Verlag; Saarbrücker Druckerei und Verlag,Saarbrücken :,1998-<2025>,Ekalte (Extinct city); Excavations (Archaeology)--Syria--Ekalte (Extinct city); Bronze age--Syria.; Excavations (Archaeology); Syria--Ekalte (Extinct city); Archeologische vondsten.; Opgravingen.; Bronstijd.; Ekalte.; Ekalte (Ville ancienne); Fouilles (Archéologie)--Syrie--Ekalte (Ville ancienne),https://pleiades.stoa.org/places/703315102;,,0,Bd.5:2025,,,,2025-07-31,2025-07-31,Ancient Western Asia,0.5414006375574357,0.5414006375574357,0.009349846536764926,0.021759642849198374,0.0,0.4142701234751229,0.007574559219657662,0.005645190361820333
31154069077319,Book,,DS793.N6 L594 2023,NYU Inst Study Ancient World,Small Collection,9998742510107876,"Hu Han zhi jian : ""Si chou zhi lu"" yu xi bei li shi kao gu = Between Han and non-Han : the Silk Road and historical archaeology of China's Northwestern regions /",7501078106; 9787501078103,,"Luo, Feng, 1962- author.",Wen wu chu ban she,Beijing Shi :,2023.,"China, Northwest--Antiquities.; Silk Road--Antiquities.; Excavations (Archaeology)--China.; Tombs--China.; China--History--Northern and Southern dynasties, 386-589.; China--History--Tang dynasty, 618-907.; China--History--Five dynasties and the Ten kingdom, 907-979.; China--Civilization--Western influences.; Silk Road.; Ancient China.; Imperial China.; China.; Northwest China.; Tombeaux--Chine.; Chine--Histoire--386-589 (Dynasties du Nord et du Sud); Chine--Histoire--618-907 (Dynastie des Tang); Chine--Civilisation--Influence occidentale.",http://vocab.getty.edu/tgn/7031416; http://vocab.getty.edu/tgn/8697463; http://vocab.getty.edu/tgn/8697462; http://vocab.getty.edu/tgn/1000111;,https://www.wikidata.org/entity/Q1153001;,0,,,,,2025-07-16,2025-07-16,"China, South Asia, & East Asia",0.801042949228652,0.0,0.16020858984573041,0.801042949228652,0.0,0.028608676758166144,0.010139784167451291,0.0
31154069077400,Book,,PN6297.C5 Z436 2022,NYU Inst Study Ancient World,Small Collection,9998738398707876,Sui Tang Cui shi jia zu mu zhi shu zheng = SuiTang Cuishi jiazu muzhi shuzheng /,7313262620; 9787313262622,,"Zhang, Yingqiao, author.",Shanghai jiao tong da xue chu ban she,Shanghai :,2022.,"Cui family.; China--Genealogy.; Epitaphs--China.; China--History--Sui dynasty, 581-618.; China--History--Tang dynasty, 618-907.; Ancient China.; Imperial China.; China.; Épitaphes--Chine.; Chine--Histoire--581-618 (Dynastie des Sui); Chine--Histoire--618-907 (Dynastie des Tang)",https://vocab.getty.edu/tgn/8697462; http://vocab.getty.edu/tgn/8697463; http://vocab.getty.edu/tgn/8697462; http://vocab.getty.edu/tgn/1000111;,,0,v.1,,,,2025-07-01,2025-07-01,"China, South Asia, & East Asia",0.9172391828563627,0.0,0.014331862232130668,0.9172391828563627,0.03931025069384412,0.0,0.029118704217662307,0.0
31154069077418,Book,,PN6297.C5 Z436 2022,NYU Inst Study Ancient World,Small Collection,9998738398707876,Sui Tang Cui shi jia zu mu zhi shu zheng = SuiTang Cuishi jiazu muzhi shuzheng /,7313262620; 9787313262622,,"Zhang, Yingqiao, author.",Shanghai jiao tong da xue chu ban she,Shanghai :,2022.,"Cui family.; China--Genealogy.; Epitaphs--China.; China--History--Sui dynasty, 581-618.; China--History--Tang dynasty, 618-907.; Ancient China.; Imperial China.; China.; Épitaphes--Chine.; Chine--Histoire--581-618 (Dynastie des Sui); Chine--Histoire--618-907 (Dynastie des Tang)",https://vocab.getty.edu/tgn/8697462; http://vocab.getty.edu/tgn/8697463; http://vocab.getty.edu/tgn/8697462; http://vocab.getty.edu/tgn/1000111;,,0,v.2,,,,2025-07-01,2025-07-01,"China, South Asia, & East Asia",0.9172391828563627,0.0,0.014331862232130668,0.9172391828563627,0.03931025069384412,0.0,0.029118704217662307,0.0
31154069077426,Book,,Q127.C5 Z4664 2023,NYU Inst Study Ancient World,Small Collection,9998738399007876,Zhongguo gu dai ke ji wen xian cui bian /,7522724384; 9787522724386,,,Zhongguo she hui ke xue chu ban she,Beijing :,2023.,"Song, Yingxing,--1587-approximately 1666.--Tian gong kai wu.; Science--China--History--Sources.; Technology--China--History--Sources.; Imperial China.; Sciences--Chine--Histoire--Sources.; Technologie--Chine--Histoire--Sources.",http://vocab.getty.edu/tgn/8697462,,0,,,,,2025-07-01,2025-07-01,"China, South Asia, & East Asia",0.7226970934548508,0.0,0.011292142085232043,0.7226970934548508,0.030972732576636464,0.0,0.22822013477521602,0.00681789710806463
31154069077434,Book,,PL2456 .Z42 2023,NYU Inst Study Ancient World,Small Collection,9998738397207876,Jia gu bu ci jing hua.,7501073570; 9787501073573,,"Zhang, Juntao, 1978- author.",Wen wu chu ban she,Beijing Shi :,2023.,"Oracle bones.; China--Antiquities.; China--History--Shang dynasty, 1766-1122 B.C.--Sources.; divination.; Yin Ruins.; Ancient China.; Imperial China.; China.; Os divinatoires.; Divination.; Chine--Antiquités.; Chine--Histoire--1766-1122 av. J.-C. (Dynastie des Shang)--Sources.",http://vocab.getty.edu/tgn/7032002; http://vocab.getty.edu/tgn/8697463; http://vocab.getty.edu/tgn/8697462; http://vocab.getty.edu/tgn/1000111;,,0,,,,,2025-07-02,2025-07-02,"China, South Asia, & East Asia",0.972494710521254,0.0,0.015195229851894594,0.972494710521254,0.0,0.0,0.012310059626851317,0.0
31154069077442,Book,,PL2456 .L53 2023,NYU Inst Study Ancient World,Small Collection,9998738395707876,Jia gu bu ci jing hua.,7501073554; 9787501073559,,"Li, Shuangfen, author.",Wen wu chu ban she,Beijing Shi :,2023.,"Oracle bones.; China--Antiquities.; China--History--Shang dynasty, 1766-1122 B.C.--Sources.; divination.; Yin Ruins.; Imperial China.; China.; Ancient China.; Os divinatoires.; Divination.; Chine--Antiquités.; Chine--Histoire--1766-1122 av. J.-C. (Dynastie des Shang)--Sources.",http://vocab.getty.edu/tgn/7032002; http://vocab.getty.edu/tgn/8697462; http://vocab.getty.edu/tgn/1000111; http://vocab.getty.edu/tgn/8697463;,,0,,,,,2025-07-02,2025-07-02,"China, South Asia, & East Asia",0.972494710521254,0.0,0.015195229851894594,0.972494710521254,0.0,0.0,0.012310059626851317,0.0
31154069077459,Book,,PL2456 .Z426 2023,NYU Inst Study Ancient World,Small Collection,9998738395607876,Jia gu bu ci jing hua.,7501073562; 9787501073566,,"Zhang, Qiufang, 1983- author.",Wen wu chu ban she,Beijing :,2023.,"Oracle bones.; China--Antiquities.; China--History--Shang dynasty, 1766-1122 B.C.--Sources.; divination.; Yin Ruins.; Imperial China.; China.; Ancient China.; Os divinatoires.; Divination.; Chine--Antiquités.; Chine--Histoire--1766-1122 av. J.-C. (Dynastie des Shang)--Sources.",http://vocab.getty.edu/tgn/7032002; http://vocab.getty.edu/tgn/8697462; http://vocab.getty.edu/tgn/1000111; http://vocab.getty.edu/tgn/8697463;,,0,,,,,2025-07-02,2025-07-02,"China, South Asia, & East Asia",0.972494710521254,0.0,0.015195229851894594,0.972494710521254,0.0,0.0,0.012310059626851317,0.0
31154069077517,Book,In Process,TD404.7 .Z466 2023,NYU Inst Study Ancient World,Small Collection,9998738397607876,Zhongguo Kan'erjing /,7308175464; 9787308175463,,,Zhejiang da xue chu ban she,Hangzhou :,2023.,Qanats--China--Turpan Shi.; Historic preservation--China--Turpan Shi.; Turpan Shi (China)--Antiquities.; Turpan.; Qanat--Chine--Turfan.; Préservation historique--Chine--Turfan.,http://vocab.getty.edu/tgn/8677502,,0,,,,,2025-07-02,2025-07-21,"China, South Asia, & East Asia",0.8675072077111751,0.0,0.01355480012048711,0.8675072077111751,0.03717888033047893,0.0,0.02753991135591032,0.05421920048194844
31154069077525,Book,In Process,TD404.7 .T85 2023,NYU Inst Study Ancient World,Small Collection,9998738398007876,Tulufan Kan'erjing bao hu yu yan jiu /,7308183297; 9787308183291,,,Zhejiang da xue chu ban she,Hangzhou :,2023.,Qanats--Conservation and restoration--China--Turpan Shi.; Historic preservation--China--Turpan Shi.; Turpan Shi (China)--Antiquities--Collection and preservation.; Turpan.; Qanat--Conservation et restauration--Chine--Turfan.; Préservation historique--Chine--Turfan.,http://vocab.getty.edu/tgn/8677502,,0,,,,,2025-07-01,2025-07-21,"China, South Asia, & East Asia",0.8466021844773973,0.0,0.019688422894823192,0.8466021844773973,0.03628295076331703,0.0,0.026876259824679276,0.0705501820397831
31154069077533,Book,,DS793.Y8 Z473 2020,NYU Inst Study Ancient World,Small Collection,9998738398507876,Yun Gui Gaoyuan Han mu yan jiu = Yun-Gui Gaoyuan Hanmu Yanjiu /,7569278313; 9787569278316,,"Zhang, Yong (Writer on archaeology) 1973- author.",Jilin da xue chu ban she,Changchun Shi :,2020.,Tombs--China--Yunnan Sheng.; Tombs--China--Guizhou Sheng.; Yunnan Sheng (China)--Antiquities.; Guizhou Sheng (China)--Antiquities.; Han Dynasty (China); Tombs; China; China--Guizhou Sheng; China--Yunnan Sheng; 202 B.C.-220 A.D.; History; Yun gui gao yuan--Han mu--Yan jiu.; Yunnan.; Guizhou.; Tombeaux--Chine--Yunnan (Sheng); Tombeaux--Chine--Guizhou (Sheng),http://vocab.getty.edu/tgn/7018118; http://vocab.getty.edu/tgn/7002080,https://id.oclc.org/worldcat/entity/E39PBJdCqh8h6hJY7PT6MQW4bd; https://id.oclc.org/worldcat/entity/E39QbtfRxgBqG9hY4K7RJDvm7B; https://id.oclc.org/worldcat/entity/E39QbtfRyQJVkcwMckrWQdxtyM;,0,,,,,2025-07-01,2025-07-16,"China, South Asia, & East Asia",0.925016078586442,0.0,0.021512001827591675,0.925016078586442,0.0,0.033036288520944354,0.011709064285904328,0.008726566779117376
31154069077541,Book,,DS797.68.J563 W895 2022,NYU Inst Study Ancient World,Small Collection,9998738397907876,Wu zhi shi shi ji Tongwan cheng Xiazhou cheng kao gu fa xian yu yan jiu /,7551824693; 9787551824699,,,San Qin chu ban she,Xi'an :,2022.,"Excavations (Archaeology)--China--Jingbian Xian.; Jingbian Xian (China)--Antiquities.; China--History--Five Hu and the Sixteen kingdoms, 304-439.; Antiquities; Excavations (Archaeology); China; China--Jingbian Xian; 304-439; History; Imperial China.; China.; Ancient China.; Tongwan.",http://vocab.getty.edu/tgn/8697462; http://vocab.getty.edu/tgn/1000111; http://vocab.getty.edu/tgn/8697463;,https://id.oclc.org/worldcat/entity/E39PBJdCqh8h6hJY7PT6MQW4bd; http://www.wikidata.org/entity/Q897898,0,v.1,,,,2025-07-01,2025-07-01,"China, South Asia, & East Asia",0.9309645235999736,0.0,0.014546320681249588,0.9309645235999736,0.0,0.04270479466054925,0.011784361058227515,0.0
31154069077558,Book,,DS797.68.J563 W895 2022,NYU Inst Study Ancient World,Small Collection,9998738397907876,Wu zhi shi shi ji Tongwan cheng Xiazhou cheng kao gu fa xian yu yan jiu /,7551824693; 9787551824699,,,San Qin chu ban she,Xi'an :,2022.,"Excavations (Archaeology)--China--Jingbian Xian.; Jingbian Xian (China)--Antiquities.; China--History--Five Hu and the Sixteen kingdoms, 304-439.; Antiquities; Excavations (Archaeology); China; China--Jingbian Xian; 304-439; History; Imperial China.; China.; Ancient China.; Tongwan.",http://vocab.getty.edu/tgn/8697462; http://vocab.getty.edu/tgn/1000111; http://vocab.getty.edu/tgn/8697463;,https://id.oclc.org/worldcat/entity/E39PBJdCqh8h6hJY7PT6MQW4bd; http://www.wikidata.org/entity/Q897898,0,v.2,,,,2025-07-01,2025-07-01,"China, South Asia, & East Asia",0.9309645235999736,0.0,0.014546320681249588,0.9309645235999736,0.0,0.04270479466054925,0.011784361058227515,0.0
31154069077566,Book,,DS797.68.J563 W895 2022,NYU Inst Study Ancient World,Small Collection,9998738397907876,Wu zhi shi shi ji Tongwan cheng Xiazhou cheng kao gu fa xian yu yan jiu /,7551824693; 9787551824699,,,San Qin chu ban she,Xi'an :,2022.,"Excavations (Archaeology)--China--Jingbian Xian.; Jingbian Xian (China)--Antiquities.; China--History--Five Hu and the Sixteen kingdoms, 304-439.; Antiquities; Excavations (Archaeology); China; China--Jingbian Xian; 304-439; History; Imperial China.; China.; Ancient China.; Tongwan.",http://vocab.getty.edu/tgn/8697462; http://vocab.getty.edu/tgn/1000111; http://vocab.getty.edu/tgn/8697463;,https://id.oclc.org/worldcat/entity/E39PBJdCqh8h6hJY7PT6MQW4bd; http://www.wikidata.org/entity/Q897898,0,v.3,,,,2025-07-01,2025-07-01,"China, South Asia, & East Asia",0.9309645235999736,0.0,0.014546320681249588,0.9309645235999736,0.0,0.04270479466054925,0.011784361058227515,0.0
31154069077574,Book,,DS797.68.J563 W895 2022,NYU Inst Study Ancient World,Small Collection,9998738397907876,Wu zhi shi shi ji Tongwan cheng Xiazhou cheng kao gu fa xian yu yan jiu /,7551824693; 9787551824699,,,San Qin chu ban she,Xi'an :,2022.,"Excavations (Archaeology)--China--Jingbian Xian.; Jingbian Xian (China)--Antiquities.; China--History--Five Hu and the Sixteen kingdoms, 304-439.; Antiquities; Excavations (Archaeology); China; China--Jingbian Xian; 304-439; History; Imperial China.; China.; Ancient China.; Tongwan.",http://vocab.getty.edu/tgn/8697462; http://vocab.getty.edu/tgn/1000111; http://vocab.getty.edu/tgn/8697463;,https://id.oclc.org/worldcat/entity/E39PBJdCqh8h6hJY7PT6MQW4bd; http://www.wikidata.org/entity/Q897898,0,v.4,,,,2025-07-01,2025-07-01,"China, South Asia, & East Asia",0.9309645235999736,0.0,0.014546320681249588,0.9309645235999736,0.0,0.04270479466054925,0.011784361058227515,0.0
31154069077582,Book,,NK5439.A77 S438 2022,NYU Inst Study Ancient World,Large Collection,9998738397707876,Sha yu huo zhi ge : si lu bo li wen hua = Culture of ancient glass along the Silk Road /,7549427372; 9787549427376,,"Sha yu huo zhi ge : si lu bo li wen hua zhan Changsha, China), (2022 : author.",Guangxi mei shu chu ban she,Nanning Shi :,2023.,"Art glass--Catalogs.; Art glass--Collectors and collecting--Catalogs.; Art, Chinese--Catalogs.; Silk Road--History.; Asia--Antiquities.; Silk Road.; Asia.; Verrerie d'art--Catalogues.; Verrerie d'art--Collectionneurs et collections--Catalogues.; Art chinois--Catalogues.; Route de la soie--Histoire.",http://vocab.getty.edu/tgn/7031416; http://vocab.getty.edu/tgn/1000004;,,0,,,,,2025-07-01,2025-07-01,"China, South Asia, & East Asia",0.6244072407040557,0.0,0.31220362035202787,0.6244072407040557,0.026760310315888103,0.02230025859657342,0.008437935685189944,0.005890634346264676
31154069077632,Book,,TD280.R6 P39 2004,NYU Inst Study Ancient World,Small Collection,990000573920107876,Frontinus and the curae of the curator aquarum /,9783515086363; 3515086366,,"Peachin, Michael, 1954-",Steiner,Stuttgart :,2004.,"Water-supply--Italy--Rome--Management.; Public administration--Italy--Rome.; De aquis urbis Romae (Frontinus, Sextus Julius); Public administration; Water-supply--Management; Italy--Rome; Frontinus, Sextus Iulius--30-103--De aquaeductu urbis Romae; Verwaltungspolitik; Römisches Reich; De aquis urbis Romae (Frontinus); Watervoorziening.; Frontinus, Sextus Julius.--De aquis urbis Romae.; Curator aquarum (Roman magistrate); Aqueducts--Italy--Rome--To 476.; Rome (Italy)--Water supply--To 476.; Roma.; Frontinus, Sextus Iulius.; De aquaeductu urbis Romae.; Frontinus, Sextus Julius.; Eau--Approvisionnement--Gestion.--Italie--Rome; Administration publique (Science)--Italie--Rome.",https://pleiades.stoa.org/places/423025,https://id.oclc.org/worldcat/entity/E39PBJqfPdVkJT8KqM83krFMyd;,0,,,,,2025-07-02,2025-07-02,European and Classical Antiquity,0.8073865349434515,0.08970961499371682,0.01541884007704508,0.03588384599748673,0.042291675639895075,0.0,0.8073865349434515,0.009309488348404575
31154069077640,Book,In Process,BR1604 .K596 1929,NYU Inst Study Ancient World,Small Collection,9998738394307876,Ausgewählte Märtyrerakten /,,,"Knopf, Rudolf, 1874-1920, editor.",Mohr,Tübingen :,1929.,"Persecution--History--Early church, ca. 30-600.; martyrs.; Martyrs; Märtyrerakten; Quelle; Martelaren.; Roman Empire.; Martyrs.; Persécutions--Histoire--ca 30-600 (Église primitive)",http://vocab.getty.edu/tgn/7030347,,0,,,,,2025-07-03,2025-07-16,European and Classical Antiquity,0.4902284325938732,0.4683296245197663,0.0,0.0,0.0,0.03437281647851496,0.4902284325938732,0.007069126407845528
31154069077657,Book,,R138 .L649 1998,NYU Inst Study Ancient World,Small Collection,990014571970107876,Greek medicine : from the heroic to the Hellenistic age : a source book /,9780415920872; 0415920876,,"Longrigg, James, 1934-",Routledge,New York :,1998.,"Medicine, Greek and Roman.; Medicine, Ancient.; Medicine--Greece--History--Philosophy.; Medicine--Greece--History--Sources.; History, Ancient; Rome; Medicine; Medicine, Ancient; Medicine, Greek and Roman; Medicine--Philosophy; Greece; handbooks.; Handbooks and manuals; History; Sources; Handbooks and manuals.; Guides et manuels.; Greece (ancient); Médecine grecque et romaine.; Médecine ancienne.; Médecine--Grèce--Histoire--Philosophie.; Médecine--Grèce--Histoire--Sources.",http://vocab.getty.edu/tgn/7594735,https://id.oclc.org/worldcat/entity/E39PBJxd6hw8HtWYq9JY6hjjYP;,0,,Champlin,,,2025-07-07,2025-07-07,European and Classical Antiquity,0.8516208452554502,0.09462453836171668,0.0,0.0,0.006008289686554008,0.04774632669627906,0.8516208452554502,0.0
31154069077673,Book,,T16 .G74 1998,NYU Inst Study Ancient World,Small Collection,990013635450107876,Greek and Roman technology : a sourcebook : annotated translations of Greek and Latin texts and documents /,9780415061360; 0415061369; 9780415061377; 0415061377,,"Humphrey, John William, 1946-",Routledge,London ; New York :,1998.,"Technology--Greece--History--Sources.; Technology--Rome--History--Sources.; Technology--history; Technology; Greece; Rome (Empire); History; Sources; Geschichte; Quelle; Technologie; Griechenland--Altertum; Römisches Reich; Techniek.; Klassieke oudheid.; TECNOLOGIA (FONTES)--GRÉCIA;ROMA.; Technology--Greece--Sources.; Technology--Rome--Sources.; Civilization, Classical--Sources.; Classical prose literature--Translations into English.; Technique antique--Sources.; Technologie--Grèce--Sources.; Technique--Histoire--Antiquité.; Greece (ancient); Roman Empire.; Technologie--Grèce--Histoire--Sources.; Technologie--Rome--Histoire--Sources.",http://vocab.getty.edu/tgn/7594735; http://vocab.getty.edu/tgn/7030347,https://id.oclc.org/worldcat/entity/E39PBJxd6hw8HtWYq9JY6hjjYP;,0,,Champlin,,,2025-07-08,2025-07-08,Cross-Cultural Studies & Other,0.5333333333333333,0.0,0.0,0.0,0.5333333333333333,0.0,0.4666666666666667,0.0
31154069077681,Book,,DG279 .A413 2009,NYU Inst Study Ancient World,Small Collection,990032286960107876,"Res gestae divi Augusti : text, translation, and commentary /",0521841526; 9780521841528; 0521601282; 9780521601283,,"Augustus, Emperor of Rome, 63 B.C.-14 A.D.",Cambridge University Press,"Cambridge, UK ; New York :",2009.,"Augustus,--Emperor of Rome, 63 B.C.-14 A.D; Rome--History--Augustus, 30 B.C.-14 A.D; Latin prose literature--Translations into Greek.; Latin prose literature--Translations into English.; Augustus,--Emperor of Rome,--63 B.C.-14 A.D.; Rome (Empire); 30 B.C.-14 A.D.; History; Sources; Latin prose literature.; Augustus (Römisches Reich, Kaiser); Monumentum Ancyranum.; Augustus,--Emperor of Rome,--63 B.C.-14 A.D.--Res gestae divi Augusti.; Emperors--Rome.; Rome--History--Augustus, 30 B.C.-14 A.D.--Sources.; Roman Empire.; Rome--Histoire--30 av. J.-C.-14 (Auguste)--Sources.; Sources.",http://vocab.getty.edu/tgn/7030347;,,0,,Champlin,,,2025-07-08,2025-07-08,European and Classical Antiquity,0.9846153846153847,0.0,0.015384615384615385,0.0,0.0,0.0,0.9846153846153847,0.0
31154069077699,Book,,R135 .N88 2004,NYU Inst Study Ancient World,Small Collection,990010990340107876,Ancient medicine /,9780415086110; 0415086116; 0203490916; 9780203490914; 9780415368483; 0415368480,,"Nutton, Vivian.",Routledge,London ; New York :,2004.,"Medicine--History.; History, Ancient; Physicians--history; History of Medicine; history of medicine.; Medicine, Ancient; Physicians; History; Altertum; Medizin; Antike; Griechenland--Altertum; Römisches Reich; Geneeskunde.; Klassieke oudheid.; Geschiedenis (vorm); Medicine, Greek and Roman.; Physicians--Greece.; Physicians--Rome.; Civilization, Classical.; Medicine, Ancient.; Physicians--History.; Roman Empire.; Greece (ancient); Médecine ancienne.; Médecins--Histoire.; Médecine--Histoire.; Geschichte.; Medical Humanities.; Student Collection.",http://vocab.getty.edu/tgn/7030347; http://vocab.getty.edu/tgn/7594735,,0,,Champlin,,,2025-07-08,2025-07-08,European and Classical Antiquity,0.8337688973148418,0.09376332170894507,0.0,0.0,0.025156013141424283,0.04731176783478879,0.8337688973148418,0.0
31154069077707,Book,,DG63 .L49 1993,NYU Inst Study Ancient World,Large Collection,990021709170107876,Lexicon topographicum urbis Romae /,9788870970197; 8870970191; 9788871400730; 8871400739; 9788871400969; 8871400968; 9788871401355; 8871401352; 9788871401621; 887140162X; 9788871401720; 8871401727; 9788870970494; 8870970493; 9788870970500; 8870970507,,,Edizioni Quasar,Roma :,©1993-©2000.,"Italy--Antiquities, Roman--Dictionaries.; Architecture--Italy--Rome--Dictionaries.; Architecture; Classical antiquities; Antiquities; Buildings; Italy; Italy--Rome; k--v--Topographical--dictionaries.; dictionaries.; Dictionaries; Dictionaries.; Römerzeit; Topografie; Wörterbuch; Topografie.; Romeinse oudheid.; Rome (Italy)--Historical geography--Dictionaries.; Rome (Italy)--Antiquities--Dictionaries.; Rome (Italy)--Buildings, structures, etc.--Dictionaries.; Roma.; Italia.; Antiquités romaines--Italie--Dictionnaires.; Rome (Italie)--Antiquités--Dictionnaires.; Rome (Italie)--Descriptions et voyages.; Dictionnaires.; Rom.; Geschichte Anfänge-500; Rome (Italie)--Antiquités--Dictionnaires polyglottes.; Rome (Italie)--Constructions--Dictionnaires polyglottes.; Rome (Italy) -- Antiquities -- Dictionaries; Rome (Italy) -- Buildings, structures, etc. -- Dictionaries; Italy -- Antiquities, Roman -- Dictionaries",https://pleiades.stoa.org/places/423025; https://pleiades.stoa.org/places/1052;,https://id.oclc.org/worldcat/entity/E39PBJvd8mVMcRhwVmbtcqCPcP; https://id.oclc.org/worldcat/entity/E39PBJqfPdVkJT8KqM83krFMyd;,0,v.1,Champlin,,,2025-07-09,2025-07-10,European and Classical Antiquity,0.9846153846153847,0.0,0.015384615384615385,0.0,0.0,0.0,0.9846153846153847,0.0
31154069077715,Book,,DG63 .L49 1993,NYU Inst Study Ancient World,Large Collection,990021709170107876,Lexicon topographicum urbis Romae /,9788870970197; 8870970191; 9788871400730; 8871400739; 9788871400969; 8871400968; 9788871401355; 8871401352; 9788871401621; 887140162X; 9788871401720; 8871401727; 9788870970494; 8870970493; 9788870970500; 8870970507,,,Edizioni Quasar,Roma :,©1993-©2000.,"Italy--Antiquities, Roman--Dictionaries.; Architecture--Italy--Rome--Dictionaries.; Architecture; Classical antiquities; Antiquities; Buildings; Italy; Italy--Rome; k--v--Topographical--dictionaries.; dictionaries.; Dictionaries; Dictionaries.; Römerzeit; Topografie; Wörterbuch; Topografie.; Romeinse oudheid.; Rome (Italy)--Historical geography--Dictionaries.; Rome (Italy)--Antiquities--Dictionaries.; Rome (Italy)--Buildings, structures, etc.--Dictionaries.; Roma.; Italia.; Antiquités romaines--Italie--Dictionnaires.; Rome (Italie)--Antiquités--Dictionnaires.; Rome (Italie)--Descriptions et voyages.; Dictionnaires.; Rom.; Geschichte Anfänge-500; Rome (Italie)--Antiquités--Dictionnaires polyglottes.; Rome (Italie)--Constructions--Dictionnaires polyglottes.; Rome (Italy) -- Antiquities -- Dictionaries; Rome (Italy) -- Buildings, structures, etc. -- Dictionaries; Italy -- Antiquities, Roman -- Dictionaries",https://pleiades.stoa.org/places/423025; https://pleiades.stoa.org/places/1052;,https://id.oclc.org/worldcat/entity/E39PBJvd8mVMcRhwVmbtcqCPcP; https://id.oclc.org/worldcat/entity/E39PBJqfPdVkJT8KqM83krFMyd;,0,v.2,Champlin,,,2025-07-09,2025-07-10,European and Classical Antiquity,0.9846153846153847,0.0,0.015384615384615385,0.0,0.0,0.0,0.9846153846153847,0.0
31154069077723,Book,,DG63 .L49 1993,NYU Inst Study Ancient World,Large Collection,990021709170107876,Lexicon topographicum urbis Romae /,9788870970197; 8870970191; 9788871400730; 8871400739; 9788871400969; 8871400968; 9788871401355; 8871401352; 9788871401621; 887140162X; 9788871401720; 8871401727; 9788870970494; 8870970493; 9788870970500; 8870970507,,,Edizioni Quasar,Roma :,©1993-©2000.,"Italy--Antiquities, Roman--Dictionaries.; Architecture--Italy--Rome--Dictionaries.; Architecture; Classical antiquities; Antiquities; Buildings; Italy; Italy--Rome; k--v--Topographical--dictionaries.; dictionaries.; Dictionaries; Dictionaries.; Römerzeit; Topografie; Wörterbuch; Topografie.; Romeinse oudheid.; Rome (Italy)--Historical geography--Dictionaries.; Rome (Italy)--Antiquities--Dictionaries.; Rome (Italy)--Buildings, structures, etc.--Dictionaries.; Roma.; Italia.; Antiquités romaines--Italie--Dictionnaires.; Rome (Italie)--Antiquités--Dictionnaires.; Rome (Italie)--Descriptions et voyages.; Dictionnaires.; Rom.; Geschichte Anfänge-500; Rome (Italie)--Antiquités--Dictionnaires polyglottes.; Rome (Italie)--Constructions--Dictionnaires polyglottes.; Rome (Italy) -- Antiquities -- Dictionaries; Rome (Italy) -- Buildings, structures, etc. -- Dictionaries; Italy -- Antiquities, Roman -- Dictionaries",https://pleiades.stoa.org/places/423025; https://pleiades.stoa.org/places/1052;,https://id.oclc.org/worldcat/entity/E39PBJvd8mVMcRhwVmbtcqCPcP; https://id.oclc.org/worldcat/entity/E39PBJqfPdVkJT8KqM83krFMyd;,0,v.3,Champlin,,,2025-07-09,2025-07-10,European and Classical Antiquity,0.9846153846153847,0.0,0.015384615384615385,0.0,0.0,0.0,0.9846153846153847,0.0
31154069077731,Book,,DG63 .L49 1993,NYU Inst Study Ancient World,Large Collection,990021709170107876,Lexicon topographicum urbis Romae /,9788870970197; 8870970191; 9788871400730; 8871400739; 9788871400969; 8871400968; 9788871401355; 8871401352; 9788871401621; 887140162X; 9788871401720; 8871401727; 9788870970494; 8870970493; 9788870970500; 8870970507,,,Edizioni Quasar,Roma :,©1993-©2000.,"Italy--Antiquities, Roman--Dictionaries.; Architecture--Italy--Rome--Dictionaries.; Architecture; Classical antiquities; Antiquities; Buildings; Italy; Italy--Rome; k--v--Topographical--dictionaries.; dictionaries.; Dictionaries; Dictionaries.; Römerzeit; Topografie; Wörterbuch; Topografie.; Romeinse oudheid.; Rome (Italy)--Historical geography--Dictionaries.; Rome (Italy)--Antiquities--Dictionaries.; Rome (Italy)--Buildings, structures, etc.--Dictionaries.; Roma.; Italia.; Antiquités romaines--Italie--Dictionnaires.; Rome (Italie)--Antiquités--Dictionnaires.; Rome (Italie)--Descriptions et voyages.; Dictionnaires.; Rom.; Geschichte Anfänge-500; Rome (Italie)--Antiquités--Dictionnaires polyglottes.; Rome (Italie)--Constructions--Dictionnaires polyglottes.; Rome (Italy) -- Antiquities -- Dictionaries; Rome (Italy) -- Buildings, structures, etc. -- Dictionaries; Italy -- Antiquities, Roman -- Dictionaries",https://pleiades.stoa.org/places/423025; https://pleiades.stoa.org/places/1052;,https://id.oclc.org/worldcat/entity/E39PBJvd8mVMcRhwVmbtcqCPcP; https://id.oclc.org/worldcat/entity/E39PBJqfPdVkJT8KqM83krFMyd;,0,v.4,Champlin,,,2025-07-09,2025-07-10,European and Classical Antiquity,0.9846153846153847,0.0,0.015384615384615385,0.0,0.0,0.0,0.9846153846153847,0.0
31154069077749,Book,,DG63 .L49 1993,NYU Inst Study Ancient World,Large Collection,990021709170107876,Lexicon topographicum urbis Romae /,9788870970197; 8870970191; 9788871400730; 8871400739; 9788871400969; 8871400968; 9788871401355; 8871401352; 9788871401621; 887140162X; 9788871401720; 8871401727; 9788870970494; 8870970493; 9788870970500; 8870970507,,,Edizioni Quasar,Roma :,©1993-©2000.,"Italy--Antiquities, Roman--Dictionaries.; Architecture--Italy--Rome--Dictionaries.; Architecture; Classical antiquities; Antiquities; Buildings; Italy; Italy--Rome; k--v--Topographical--dictionaries.; dictionaries.; Dictionaries; Dictionaries.; Römerzeit; Topografie; Wörterbuch; Topografie.; Romeinse oudheid.; Rome (Italy)--Historical geography--Dictionaries.; Rome (Italy)--Antiquities--Dictionaries.; Rome (Italy)--Buildings, structures, etc.--Dictionaries.; Roma.; Italia.; Antiquités romaines--Italie--Dictionnaires.; Rome (Italie)--Antiquités--Dictionnaires.; Rome (Italie)--Descriptions et voyages.; Dictionnaires.; Rom.; Geschichte Anfänge-500; Rome (Italie)--Antiquités--Dictionnaires polyglottes.; Rome (Italie)--Constructions--Dictionnaires polyglottes.; Rome (Italy) -- Antiquities -- Dictionaries; Rome (Italy) -- Buildings, structures, etc. -- Dictionaries; Italy -- Antiquities, Roman -- Dictionaries",https://pleiades.stoa.org/places/423025; https://pleiades.stoa.org/places/1052;,https://id.oclc.org/worldcat/entity/E39PBJvd8mVMcRhwVmbtcqCPcP; https://id.oclc.org/worldcat/entity/E39PBJqfPdVkJT8KqM83krFMyd;,0,v.5,Champlin,,,2025-07-09,2025-07-10,European and Classical Antiquity,0.9846153846153847,0.0,0.015384615384615385,0.0,0.0,0.0,0.9846153846153847,0.0
31154069077756,Book,,DG63 .L49 1993,NYU Inst Study Ancient World,Large Collection,990021709170107876,Lexicon topographicum urbis Romae /,9788870970197; 8870970191; 9788871400730; 8871400739; 9788871400969; 8871400968; 9788871401355; 8871401352; 9788871401621; 887140162X; 9788871401720; 8871401727; 9788870970494; 8870970493; 9788870970500; 8870970507,,,Edizioni Quasar,Roma :,©1993-©2000.,"Italy--Antiquities, Roman--Dictionaries.; Architecture--Italy--Rome--Dictionaries.; Architecture; Classical antiquities; Antiquities; Buildings; Italy; Italy--Rome; k--v--Topographical--dictionaries.; dictionaries.; Dictionaries; Dictionaries.; Römerzeit; Topografie; Wörterbuch; Topografie.; Romeinse oudheid.; Rome (Italy)--Historical geography--Dictionaries.; Rome (Italy)--Antiquities--Dictionaries.; Rome (Italy)--Buildings, structures, etc.--Dictionaries.; Roma.; Italia.; Antiquités romaines--Italie--Dictionnaires.; Rome (Italie)--Antiquités--Dictionnaires.; Rome (Italie)--Descriptions et voyages.; Dictionnaires.; Rom.; Geschichte Anfänge-500; Rome (Italie)--Antiquités--Dictionnaires polyglottes.; Rome (Italie)--Constructions--Dictionnaires polyglottes.; Rome (Italy) -- Antiquities -- Dictionaries; Rome (Italy) -- Buildings, structures, etc. -- Dictionaries; Italy -- Antiquities, Roman -- Dictionaries",https://pleiades.stoa.org/places/423025; https://pleiades.stoa.org/places/1052;,https://id.oclc.org/worldcat/entity/E39PBJvd8mVMcRhwVmbtcqCPcP; https://id.oclc.org/worldcat/entity/E39PBJqfPdVkJT8KqM83krFMyd;,0,v.6,Champlin,,,2025-07-09,2025-07-10,European and Classical Antiquity,0.9846153846153847,0.0,0.015384615384615385,0.0,0.0,0.0,0.9846153846153847,0.0
31154069077764,Book,,BF1600 .H475 1992,NYU Inst Study Ancient World,Small Collection,990023216770107876,"Hermetica : the Greek Corpus Hermeticum and the Latin Asclepius in a new English translation, with notes and introduction /",9780521361446; 0521361443; 9780521425438; 0521425433,,,Cambridge University Press,"Cambridge [England] ; New York, NY, USA :",1992.,"Hermes,--Trismegistus.; Hermetism.; Philosophy.; Theology.; hermetism.; philosophy.; theology.; Neo-Platonism.; Theology; Philosophy; Occultism; Neoplatonism; Hermetism; Apuleius--Madaurensis--123-170--Asclepius; Corpus Hermeticum; Kommentar; Hermetica.; Corpus Hermeticum Criticism, Textual.; Hermes,--Trismegistus.--Asclepius--Criticism, Textual.; Alexandrian school.; Neoplatonism.; Apuleius (Madaurensis).--Asclepius.; Eastern Mediterranean.; Philosophie.; Théologie.; Néo-platonisme.; Hermétisme.; Occultisme.; Occultism.",http://vocab.getty.edu/tgn/7593196,,0,,Champlin,,,2025-07-09,2025-07-10,Ancient Western Asia,0.4978366848602576,0.4978366848602576,0.0300035502036316,0.0698264441102699,0.08229545198710382,0.0,0.320037868838737,0.0
31154069077772,Book,,NK7302.5.G8 M68 1970,NYU Inst Study Ancient World,Small Collection,9998742310507876,Benaki Museum : jewelry /,,,"Mouseio Benakē, author.","Published by ""The Friends of the Benaki Museum""",Athens ;,1970.,"Mouseio Benakē--Catalogs.; Jewelry, Ancient--Greece--Athens--Catalogs.; Gold.; gold (metal); Athenae.; Or.; Bijoux antiques--Grèce--Athènes--Catalogues.",https://pleiades.stoa.org/places/579885,,0,,Bunker,,,2025-07-15,2025-07-21,European and Classical Antiquity,0.3839277079202098,0.11052464318915131,0.018996423048135383,0.2773631795687945,0.052104474646314194,0.05576931537067269,0.3839277079202098,0.10131425625672204
31154069077798,Bound Issue,In Process,DS715 .W439,NYU ISAW Offsite,Offsite Collection,990018258730107876,Wen wu.,,0511-4772,,Wen wu chu ban she,Beijing :,1959-,"Electronic journals.; Antiquities; China; Periodicals; Periodicals.; Art, Chinese--History--Periodicals.; China--Antiquities--Periodicals.; Imperial China.; China.; Ancient China.; Chine--Antiquités--Périodiques.",http://vocab.getty.edu/tgn/8697462; http://vocab.getty.edu/tgn/1000111; http://vocab.getty.edu/tgn/8697463;,https://id.oclc.org/worldcat/entity/E39PBJdCqh8h6hJY7PT6MQW4bd;,0,2025:no.1-6,,,,2025-07-17,2026-02-09,"China, South Asia, & East Asia",0.925016078586442,0.0,0.021512001827591675,0.925016078586442,0.0,0.033036288520944354,0.011709064285904328,0.008726566779117376
31154069077806,Book,,KJA2190 .K3713 1980,NYU Inst Study Ancient World,Small Collection,9998742606607876,Roman private law : a translation /,9780869811733; 0869811738,,"Kaser, Max, 1906-1997.",University of South Africa,Pretoria :,©1980.,Roman law.; Roman law; Romeins privaatrecht.; Roman Empire.; Droit romain.,http://vocab.getty.edu/tgn/7030347,,0,,Champlin,,,2025-07-18,2025-07-18,European and Classical Antiquity,1.0,0.0,0.0,0.0,0.0,0.0,1.0,0.0
31154069077814,Issue,,DE1 .A282,NYU Inst Study Ancient World,Oak Collection,990064631140107876,Acta Classica Mediterranea.,,2602-2451,,Homer Kitabevi,"Beyoğlu, İstanbul [Turkey] :",2018-,"Civilization, Classical--Periodicals.; Mediterranean Region--Civilization--Periodicals.; Civilization, Classical; Civilization; Mediterranean Region; Periodicals; Periodicals.; Internum Mare.",https://pleiades.stoa.org/places/1043,,0,v.7(2024),,,,2025-07-23,2025-07-23,European and Classical Antiquity,0.9133706490714312,0.0,0.014271416391741112,0.03321347814805204,0.039144456388775624,0.0,0.9133706490714312,0.0
31154069077822,Book,,QB23 .M52 1994,NYU Inst Study Ancient World,Large Collection,9998742599407876,An almanac for Trebizond for the year 1336 /,9782872093007; 2872093001,,"Mercier, Raymond.",Academia,Louvain-la-Neuve :,1994.,"Astronomy, Medieval.; Trebizond Empire.; Astrology.; Astronomy--history; Astronomy; astrology.; Astrology; Astronomy, Medieval; Asia--Trebizond Empire; Almanacs.; Trebizond, Empire of.; Astronomie médiévale.; Astrologie.",http://vocab.getty.edu/tgn/7002632,,0,,,,,2025-07-23,2025-07-23,European and Classical Antiquity,0.5085829493087558,0.41754032258064516,0.0,0.0,0.0,0.07387672811059909,0.5085829493087558,0.0
31154069078010,Book,In Process,DK949.K49 E74 1988,NYU Inst Study Ancient World,Small Collection,9998742495607876,Kutatóúton az ősi Khorezmben /,9789634715009; 9634715001,,"Érdy, Miklós. author.",Kossuth Lajos Tudományegyetem Néprajzi Tanszék,Debrecen :,1988.,Khorazm oblasti (Uzbekistan)--Description and travel.; Khorazm oblasti (Uzbekistan)--History.; Xorazm.; Khārezm (Ouzbékistan : Oblast)--Descriptions et voyages.; Khārezm (Ouzbékistan : Oblast)--Histoire.,http://vocab.getty.edu/tgn/7011682;,,0,,Bunker,,,2025-07-29,2025-07-29,Central Asia & Siberia,0.9775672981056828,0.0,0.9775672981056828,0.0,0.0,0.0,0.013210368893320038,0.009222333000997007
